file1,file2,sketch_type,mode,precision,num_hashes,kmer_size,window_size,reg_eq_similarity,jaccard_similarity_ie,containment_AB,containment_BA,cosketch_geom,cosketch_arith,cosketch_max,ref1,ref2
fBrain-DS14718.hotspot.twopass.fdr0.05.merge.fa,fBrain-DS14718.hotspot.twopass.fdr0.05.merge.fa,minimizer,D,12,NA,10,30,1.0,1.0,1.0,1.0,1.0,1.0,1.0,NA,NA
fBrain-DS14718.hotspot.twopass.fdr0.05.merge.fa,fBrain-DS16302.hotspot.twopass.fdr0.05.merge.fa,minimizer,D,12,NA,10,30,0.902099609375,0.8654220932971305,0.9299133795302159,0.9258088833157,0.9278588618336292,0.9278611314229579,0.9299133795302159,NA,NA
fBrain-DS14718.hotspot.twopass.fdr0.05.merge.fa,fHeart-DS15643.hotspot.twopass.fdr0.05.merge.fa,minimizer,D,12,NA,10,30,0.885986328125,0.8477020123245077,0.9055569628674088,0.9299150429483775,0.917655186885057,0.9177360029078931,0.9299150429483775,NA,NA
fBrain-DS14718.hotspot.twopass.fdr0.05.merge.fa,fHeart-DS15839.hotspot.twopass.fdr0.05.merge.fa,minimizer,D,12,NA,10,30,0.868896484375,0.8186958430307006,0.9072266612926235,0.8934997726831534,0.9003370566832486,0.9003632169878885,0.9072266612926235,NA,NA
fBrain-DS14718.hotspot.twopass.fdr0.05.merge.fa,fHeart-DS16621.hotspot.twopass.fdr0.05.merge.fa,minimizer,D,12,NA,10,30,0.885498046875,0.8462998483355096,0.9166571580342565,0.9168475312981856,0.9167523397245948,0.9167523446662211,0.9168475312981856,NA,NA
fBrain-DS14718.hotspot.twopass.fdr0.05.merge.fa,fIntestine_Sm-DS16559.hotspot.twopass.fdr0.05.merge.fa,minimizer,D,12,NA,10,30,0.882080078125,0.8400930704186685,0.9017474166114067,0.9247389075466095,0.9131708059942617,0.913243162079008,0.9247389075466095,NA,NA
fBrain-DS14718.hotspot.twopass.fdr0.05.merge.fa,fIntestine_Sm-DS16712.hg19.hotspot.twopass.fdr0.05.merge.fa,minimizer,D,12,NA,10,30,0.87353515625,0.8272655142482267,0.8628130099707367,0.952560513458658,0.9065768603910731,0.9076867617146973,0.952560513458658,NA,NA
fBrain-DS14718.hotspot.twopass.fdr0.05.merge.fa,fIntestine_Sm-DS16822.hotspot.twopass.fdr0.05.merge.fa,minimizer,D,12,NA,10,30,0.885009765625,0.8440714064971084,0.9020444959578712,0.9292461515756146,0.9155443060927291,0.9156453237667429,0.9292461515756146,NA,NA
fBrain-DS14718.hotspot.twopass.fdr0.05.merge.fa,fIntestine_Sm-DS17808.hg19.hotspot.twopass.fdr0.05.merge.fa,minimizer,D,12,NA,10,30,0.880126953125,0.8294673774243051,0.88932471256293,0.9249459611593516,0.9069604738048309,0.9071353368611408,0.9249459611593516,NA,NA
fBrain-DS14718.hotspot.twopass.fdr0.05.merge.fa,fIntestine_Sm-DS18495.hg19.hotspot.twopass.fdr0.05.merge.fa,minimizer,D,12,NA,10,30,0.87451171875,0.8268944771635163,0.8850622917252837,0.9263718061821111,0.9054815038250255,0.9057170489536974,0.9263718061821111,NA,NA
fBrain-DS14718.hotspot.twopass.fdr0.05.merge.fa,fKidney_renal_cortex_L-DS17550.hg19.hotspot.twopass.fdr0.05.merge.fa,minimizer,D,12,NA,10,30,0.87939453125,0.8297976893992526,0.9148589158275575,0.8992415121060721,0.907016601189027,0.9070502139668148,0.9148589158275575,NA,NA
fBrain-DS14718.hotspot.twopass.fdr0.05.merge.fa,fLung_L-DS17154.hg19.hotspot.twopass.fdr0.05.merge.fa,minimizer,D,12,NA,10,30,0.8828125,0.8376243673836508,0.9243179283029976,0.8993018172491393,0.9117240770314479,0.9118098727760684,0.9243179283029976,NA,NA
fBrain-DS14718.hotspot.twopass.fdr0.05.merge.fa,fLung_L-DS18421.hg19.hotspot.twopass.fdr0.05.merge.fa,minimizer,D,12,NA,10,30,0.88134765625,0.8324640882570419,0.9135271221030727,0.9036731659822659,0.908586785420937,0.9086001440426693,0.9135271221030727,NA,NA
fBrain-DS14718.hotspot.twopass.fdr0.05.merge.fa,fLung_R-DS15632.hotspot.twopass.fdr0.05.merge.fa,minimizer,D,12,NA,10,30,0.883544921875,0.8365437280078123,0.9064935645715343,0.9155471969441609,0.9110091339231395,0.9110203807578476,0.9155471969441609,NA,NA
fBrain-DS14718.hotspot.twopass.fdr0.05.merge.fa,fMuscle_arm-DS19053.hg19.hotspot.twopass.fdr0.05.merge.fa,minimizer,D,12,NA,10,30,0.871337890625,0.8264005256080792,0.9116871219622956,0.8983116059733455,0.9049746530567401,0.9049993639678205,0.9116871219622956,NA,NA
fBrain-DS14718.hotspot.twopass.fdr0.05.merge.fa,fMuscle_back-DS18454.hg19.hotspot.twopass.fdr0.05.merge.fa,minimizer,D,12,NA,10,30,0.878173828125,0.8313607884919252,0.9099340138608685,0.9059067164933435,0.907918132169585,0.907920365177106,0.9099340138608685,NA,NA
fBrain-DS14718.hotspot.twopass.fdr0.05.merge.fa,fMuscle_leg-DS19115.hg19.hotspot.twopass.fdr0.05.merge.fa,minimizer,D,12,NA,10,30,0.897705078125,0.8586828409245982,0.9117604013195908,0.9365093792083047,0.92405203718542,0.9241348902639477,0.9365093792083047,NA,NA
fBrain-DS14718.hotspot.twopass.fdr0.05.merge.fa,fMuscle_leg-DS19158.hg19.hotspot.twopass.fdr0.05.merge.fa,minimizer,D,12,NA,10,30,0.876220703125,0.8353238363004166,0.9170214397534296,0.9036252406658791,0.9102986977871406,0.9103233402096544,0.9170214397534296,NA,NA
fBrain-DS14718.hotspot.twopass.fdr0.05.merge.fa,fSkin_fibro_bicep_R-DS19745.hg19.hotspot.twopass.fdr0.05.merge.fa,minimizer,D,12,NA,10,30,0.861083984375,0.8073727373825929,0.8424908963016444,0.9509058267146693,0.8950583792397554,0.8966983615081568,0.9509058267146693,NA,NA
fBrain-DS14718.hotspot.twopass.fdr0.05.merge.fa,fStomach-DS17659.hg19.hotspot.twopass.fdr0.05.merge.fa,minimizer,D,12,NA,10,30,0.884765625,0.8444651926370313,0.8795333635365495,0.9549138417306623,0.9164488982507305,0.9172236026336059,0.9549138417306623,NA,NA
fBrain-DS16302.hotspot.twopass.fdr0.05.merge.fa,fBrain-DS14718.hotspot.twopass.fdr0.05.merge.fa,minimizer,D,12,NA,10,30,0.902099609375,0.8654220932971305,0.9258088833157,0.9299133795302159,0.9278588618336292,0.9278611314229579,0.9299133795302159,NA,NA
fBrain-DS16302.hotspot.twopass.fdr0.05.merge.fa,fBrain-DS16302.hotspot.twopass.fdr0.05.merge.fa,minimizer,D,12,NA,10,30,1.0,1.0,1.0,1.0,1.0,1.0,1.0,NA,NA
fBrain-DS16302.hotspot.twopass.fdr0.05.merge.fa,fHeart-DS15643.hotspot.twopass.fdr0.05.merge.fa,minimizer,D,12,NA,10,30,0.906005859375,0.871829516222272,0.9173245196713218,0.9461754031218509,0.9316382866722316,0.9317499613965863,0.9461754031218509,NA,NA
fBrain-DS16302.hotspot.twopass.fdr0.05.merge.fa,fHeart-DS15839.hotspot.twopass.fdr0.05.merge.fa,minimizer,D,12,NA,10,30,0.889404296875,0.8479078397965782,0.9226878456539187,0.9127557851677709,0.917708379075075,0.9177218154108449,0.9226878456539187,NA,NA
fBrain-DS16302.hotspot.twopass.fdr0.05.merge.fa,fHeart-DS16621.hotspot.twopass.fdr0.05.merge.fa,minimizer,D,12,NA,10,30,0.909912109375,0.8683095276434344,0.9273661266398914,0.9316709779512903,0.9295160601762015,0.9295185522955909,0.9316709779512903,NA,NA
fBrain-DS16302.hotspot.twopass.fdr0.05.merge.fa,fIntestine_Sm-DS16559.hotspot.twopass.fdr0.05.merge.fa,minimizer,D,12,NA,10,30,0.8994140625,0.8579660525502473,0.9100855130496327,0.9374272584066958,0.92365522107211,0.9237563857281643,0.9374272584066958,NA,NA
fBrain-DS16302.hotspot.twopass.fdr0.05.merge.fa,fIntestine_Sm-DS16712.hg19.hotspot.twopass.fdr0.05.merge.fa,minimizer,D,12,NA,10,30,0.8837890625,0.8414376779218833,0.869013101492814,0.9636589660320638,0.9151132535663998,0.9163360337624389,0.9636589660320638,NA,NA
fBrain-DS16302.hotspot.twopass.fdr0.05.merge.fa,fIntestine_Sm-DS16822.hotspot.twopass.fdr0.05.merge.fa,minimizer,D,12,NA,10,30,0.8955078125,0.852739308377817,0.9050722040981091,0.9364987248731732,0.9206513808472953,0.9207854644856411,0.9364987248731732,NA,NA
fBrain-DS16302.hotspot.twopass.fdr0.05.merge.fa,fIntestine_Sm-DS17808.hg19.hotspot.twopass.fdr0.05.merge.fa,minimizer,D,12,NA,10,30,0.893798828125,0.8559560931988786,0.9026696812054747,0.9429876568114491,0.9226084584235549,0.9228286690084619,0.9429876568114491,NA,NA
fBrain-DS16302.hotspot.twopass.fdr0.05.merge.fa,fIntestine_Sm-DS18495.hg19.hotspot.twopass.fdr0.05.merge.fa,minimizer,D,12,NA,10,30,0.88623046875,0.8382813082559606,0.8897692894289797,0.9354273328850825,0.9123127277932745,0.912598311157031,0.9354273328850825,NA,NA
fBrain-DS16302.hotspot.twopass.fdr0.05.merge.fa,fKidney_renal_cortex_L-DS17550.hg19.hotspot.twopass.fdr0.05.merge.fa,minimizer,D,12,NA,10,30,0.88818359375,0.8453720250263304,0.9221066082251371,0.910383775871969,0.916226443491179,0.916245192048553,0.9221066082251371,NA,NA
fBrain-DS16302.hotspot.twopass.fdr0.05.merge.fa,fLung_L-DS17154.hg19.hotspot.twopass.fdr0.05.merge.fa,minimizer,D,12,NA,10,30,0.908447265625,0.8725874559763953,0.942807392778482,0.9213576077833532,0.9320207959111441,0.9320825002809177,0.942807392778482,NA,NA
fBrain-DS16302.hotspot.twopass.fdr0.05.merge.fa,fLung_L-DS18421.hg19.hotspot.twopass.fdr0.05.merge.fa,minimizer,D,12,NA,10,30,0.904296875,0.8644228134775611,0.9302688939096205,0.9243141310619961,0.9272867325310307,0.9272915124858083,0.9302688939096205,NA,NA
fBrain-DS16302.hotspot.twopass.fdr0.05.merge.fa,fLung_R-DS15632.hotspot.twopass.fdr0.05.merge.fa,minimizer,D,12,NA,10,30,0.904052734375,0.8689279913196511,0.9232383351699416,0.9365931863198901,0.9298917862146575,0.9299157607449158,0.9365931863198901,NA,NA
fBrain-DS16302.hotspot.twopass.fdr0.05.merge.fa,fMuscle_arm-DS19053.hg19.hotspot.twopass.fdr0.05.merge.fa,minimizer,D,12,NA,10,30,0.8916015625,0.8501421240953263,0.9237853930113012,0.9142678203372021,0.919014285921491,0.9190266066742516,0.9237853930113012,NA,NA
fBrain-DS16302.hotspot.twopass.fdr0.05.merge.fa,fMuscle_back-DS18454.hg19.hotspot.twopass.fdr0.05.merge.fa,minimizer,D,12,NA,10,30,0.8935546875,0.852977781686496,0.9206618262420767,0.9206506603901613,0.9206562432991914,0.920656243316119,0.9206618262420767,NA,NA
fBrain-DS16302.hotspot.twopass.fdr0.05.merge.fa,fMuscle_leg-DS19115.hg19.hotspot.twopass.fdr0.05.merge.fa,minimizer,D,12,NA,10,30,0.90869140625,0.8756931715442567,0.9193835852783401,0.9485261382567749,0.9338411865626468,0.9339548617675575,0.9485261382567749,NA,NA
fBrain-DS16302.hotspot.twopass.fdr0.05.merge.fa,fMuscle_leg-DS19158.hg19.hotspot.twopass.fdr0.05.merge.fa,minimizer,D,12,NA,10,30,0.8974609375,0.8578362283141263,0.9282558486052789,0.9187507590924301,0.9234910749639587,0.9235033038488545,0.9282558486052789,NA,NA
fBrain-DS16302.hotspot.twopass.fdr0.05.merge.fa,fSkin_fibro_bicep_R-DS19745.hg19.hotspot.twopass.fdr0.05.merge.fa,minimizer,D,12,NA,10,30,0.872802734375,0.8236335163375393,0.8500292298542369,0.9636677043482837,0.905066691776121,0.9068484671012603,0.9636677043482837,NA,NA
fBrain-DS16302.hotspot.twopass.fdr0.05.merge.fa,fStomach-DS17659.hg19.hotspot.twopass.fdr0.05.merge.fa,minimizer,D,12,NA,10,30,0.892578125,0.8552351765724752,0.8837055241357188,0.9636971905096267,0.9228350507254421,0.9237013573226727,0.9636971905096267,NA,NA
fHeart-DS15643.hotspot.twopass.fdr0.05.merge.fa,fBrain-DS14718.hotspot.twopass.fdr0.05.merge.fa,minimizer,D,12,NA,10,30,0.885986328125,0.8477020123245077,0.9299150429483775,0.9055569628674088,0.917655186885057,0.9177360029078931,0.9299150429483775,NA,NA
fHeart-DS15643.hotspot.twopass.fdr0.05.merge.fa,fBrain-DS16302.hotspot.twopass.fdr0.05.merge.fa,minimizer,D,12,NA,10,30,0.906005859375,0.871829516222272,0.9461754031218509,0.9173245196713218,0.9316382866722316,0.9317499613965863,0.9461754031218509,NA,NA
fHeart-DS15643.hotspot.twopass.fdr0.05.merge.fa,fHeart-DS15643.hotspot.twopass.fdr0.05.merge.fa,minimizer,D,12,NA,10,30,1.0,1.0,1.0,1.0,1.0,1.0,1.0,NA,NA
fHeart-DS15643.hotspot.twopass.fdr0.05.merge.fa,fHeart-DS15839.hotspot.twopass.fdr0.05.merge.fa,minimizer,D,12,NA,10,30,0.9248046875,0.8983775984833554,0.9666639763504048,0.9271002052395778,0.946675430584404,0.9468820907949913,0.9666639763504048,NA,NA
fHeart-DS15643.hotspot.twopass.fdr0.05.merge.fa,fHeart-DS16621.hotspot.twopass.fdr0.05.merge.fa,minimizer,D,12,NA,10,30,0.953857421875,0.9326771055021722,0.9780438265084829,0.9526228686174208,0.965249664927199,0.9653333475629519,0.9780438265084829,NA,NA
fHeart-DS15643.hotspot.twopass.fdr0.05.merge.fa,fIntestine_Sm-DS16559.hotspot.twopass.fdr0.05.merge.fa,minimizer,D,12,NA,10,30,0.91796875,0.8852665921925497,0.9397839813800078,0.938501050278041,0.9391422967578535,0.9391425158290244,0.9397839813800078,NA,NA
fHeart-DS15643.hotspot.twopass.fdr0.05.merge.fa,fIntestine_Sm-DS16712.hg19.hotspot.twopass.fdr0.05.merge.fa,minimizer,D,12,NA,10,30,0.90234375,0.8695600117935889,0.8977399356025247,0.9651591577239252,0.9308393632100351,0.931449546663225,0.9651591577239252,NA,NA
fHeart-DS15643.hotspot.twopass.fdr0.05.merge.fa,fIntestine_Sm-DS16822.hotspot.twopass.fdr0.05.merge.fa,minimizer,D,12,NA,10,30,0.913330078125,0.8764185517285866,0.9326629576867741,0.9356211694356837,0.9341408925639875,0.934142063561229,0.9356211694356837,NA,NA
fHeart-DS15643.hotspot.twopass.fdr0.05.merge.fa,fIntestine_Sm-DS17808.hg19.hotspot.twopass.fdr0.05.merge.fa,minimizer,D,12,NA,10,30,0.91162109375,0.8774392755493222,0.9288075000013617,0.9407066504200283,0.9347381409845654,0.9347570752106951,0.9407066504200283,NA,NA
fHeart-DS15643.hotspot.twopass.fdr0.05.merge.fa,fIntestine_Sm-DS18495.hg19.hotspot.twopass.fdr0.05.merge.fa,minimizer,D,12,NA,10,30,0.90185546875,0.8663325195135582,0.919609278478292,0.9373188187418224,0.9284218236379906,0.9284640486100573,0.9373188187418224,NA,NA
fHeart-DS15643.hotspot.twopass.fdr0.05.merge.fa,fKidney_renal_cortex_L-DS17550.hg19.hotspot.twopass.fdr0.05.merge.fa,minimizer,D,12,NA,10,30,0.8984375,0.8591611602961323,0.9449181379051786,0.9044590502923372,0.924467285312856,0.9246885940987579,0.9449181379051786,NA,NA
fHeart-DS15643.hotspot.twopass.fdr0.05.merge.fa,fLung_L-DS17154.hg19.hotspot.twopass.fdr0.05.merge.fa,minimizer,D,12,NA,10,30,0.912841796875,0.8826084908953727,0.9636469530343184,0.9130079260320185,0.9379857706900127,0.9383274395331684,0.9636469530343184,NA,NA
fHeart-DS15643.hotspot.twopass.fdr0.05.merge.fa,fLung_L-DS18421.hg19.hotspot.twopass.fdr0.05.merge.fa,minimizer,D,12,NA,10,30,0.915771484375,0.8867187147145473,0.9578629490701465,0.9227112511745215,0.9401228218643731,0.940287100122334,0.9578629490701465,NA,NA
fHeart-DS15643.hotspot.twopass.fdr0.05.merge.fa,fLung_R-DS15632.hotspot.twopass.fdr0.05.merge.fa,minimizer,D,12,NA,10,30,0.914794921875,0.8877488862012538,0.9484110836790178,0.9327926896069169,0.9405694687783362,0.9406018866429673,0.9484110836790178,NA,NA
fHeart-DS15643.hotspot.twopass.fdr0.05.merge.fa,fMuscle_arm-DS19053.hg19.hotspot.twopass.fdr0.05.merge.fa,minimizer,D,12,NA,10,30,0.900634765625,0.8615238887158909,0.9451365381515766,0.9068767011228732,0.9258090007283329,0.926006619637225,0.9451365381515766,NA,NA
fHeart-DS15643.hotspot.twopass.fdr0.05.merge.fa,fMuscle_back-DS18454.hg19.hotspot.twopass.fdr0.05.merge.fa,minimizer,D,12,NA,10,30,0.9091796875,0.8750370537551361,0.9480377711255281,0.9191189528719469,0.9334663804765279,0.9335783619987374,0.9480377711255281,NA,NA
fHeart-DS15643.hotspot.twopass.fdr0.05.merge.fa,fMuscle_leg-DS19115.hg19.hotspot.twopass.fdr0.05.merge.fa,minimizer,D,12,NA,10,30,0.92529296875,0.8968706686128423,0.9455187506924678,0.945744994986662,0.9456318660733906,0.945631872839565,0.945744994986662,NA,NA
fHeart-DS15643.hotspot.twopass.fdr0.05.merge.fa,fMuscle_leg-DS19158.hg19.hotspot.twopass.fdr0.05.merge.fa,minimizer,D,12,NA,10,30,0.90966796875,0.8733780141586488,0.9520473667729664,0.913565985199111,0.9326082192336526,0.9328066759860387,0.9520473667729664,NA,NA
fHeart-DS15643.hotspot.twopass.fdr0.05.merge.fa,fSkin_fibro_bicep_R-DS19745.hg19.hotspot.twopass.fdr0.05.merge.fa,minimizer,D,12,NA,10,30,0.882568359375,0.836863875581844,0.8701019769333281,0.9563457853757295,0.9122052173098324,0.9132238811545288,0.9563457853757295,NA,NA
fHeart-DS15643.hotspot.twopass.fdr0.05.merge.fa,fStomach-DS17659.hg19.hotspot.twopass.fdr0.05.merge.fa,minimizer,D,12,NA,10,30,0.9091796875,0.8815895077944624,0.9116909872216549,0.9639001165857056,0.9374321569442187,0.9377955519036802,0.9639001165857056,NA,NA
fHeart-DS15839.hotspot.twopass.fdr0.05.merge.fa,fBrain-DS14718.hotspot.twopass.fdr0.05.merge.fa,minimizer,D,12,NA,10,30,0.868896484375,0.8186958430307006,0.8934997726831534,0.9072266612926235,0.9003370566832486,0.9003632169878885,0.9072266612926235,NA,NA
fHeart-DS15839.hotspot.twopass.fdr0.05.merge.fa,fBrain-DS16302.hotspot.twopass.fdr0.05.merge.fa,minimizer,D,12,NA,10,30,0.889404296875,0.8479078397965782,0.9127557851677709,0.9226878456539187,0.917708379075075,0.9177218154108449,0.9226878456539187,NA,NA
fHeart-DS15839.hotspot.twopass.fdr0.05.merge.fa,fHeart-DS15643.hotspot.twopass.fdr0.05.merge.fa,minimizer,D,12,NA,10,30,0.9248046875,0.8983775984833554,0.9271002052395778,0.9666639763504048,0.946675430584404,0.9468820907949913,0.9666639763504048,NA,NA
fHeart-DS15839.hotspot.twopass.fdr0.05.merge.fa,fHeart-DS15839.hotspot.twopass.fdr0.05.merge.fa,minimizer,D,12,NA,10,30,1.0,1.0,1.0,1.0,1.0,1.0,1.0,NA,NA
fHeart-DS15839.hotspot.twopass.fdr0.05.merge.fa,fHeart-DS16621.hotspot.twopass.fdr0.05.merge.fa,minimizer,D,12,NA,10,30,0.9248046875,0.8957579336058711,0.9377670512908395,0.9523717701378838,0.945041198369066,0.9450694107143616,0.9523717701378838,NA,NA
fHeart-DS15839.hotspot.twopass.fdr0.05.merge.fa,fIntestine_Sm-DS16559.hotspot.twopass.fdr0.05.merge.fa,minimizer,D,12,NA,10,30,0.89892578125,0.8609767221689787,0.9069667674787777,0.9443803809831008,0.9254845333178829,0.9256735742309392,0.9443803809831008,NA,NA
fHeart-DS15839.hotspot.twopass.fdr0.05.merge.fa,fIntestine_Sm-DS16712.hg19.hotspot.twopass.fdr0.05.merge.fa,minimizer,D,12,NA,10,30,0.8798828125,0.8383722571713943,0.8628641802972473,0.9672521164707877,0.9135683907728769,0.9150581483840174,0.9672521164707877,NA,NA
fHeart-DS15839.hotspot.twopass.fdr0.05.merge.fa,fIntestine_Sm-DS16822.hotspot.twopass.fdr0.05.merge.fa,minimizer,D,12,NA,10,30,0.891845703125,0.8527971498107481,0.9003170703201826,0.9417153579214647,0.9207835859306872,0.9210162141208236,0.9417153579214647,NA,NA
fHeart-DS15839.hotspot.twopass.fdr0.05.merge.fa,fIntestine_Sm-DS17808.hg19.hotspot.twopass.fdr0.05.merge.fa,minimizer,D,12,NA,10,30,0.892333984375,0.8527570379404668,0.8961062286893268,0.9463174620262212,0.9208696824411,0.921211845357774,0.9463174620262212,NA,NA
fHeart-DS15839.hotspot.twopass.fdr0.05.merge.fa,fIntestine_Sm-DS18495.hg19.hotspot.twopass.fdr0.05.merge.fa,minimizer,D,12,NA,10,30,0.8818359375,0.8374357062213951,0.8846143157593517,0.9401276213801385,0.9119486567311003,0.9123709685697451,0.9401276213801385,NA,NA
fHeart-DS15839.hotspot.twopass.fdr0.05.merge.fa,fKidney_renal_cortex_L-DS17550.hg19.hotspot.twopass.fdr0.05.merge.fa,minimizer,D,12,NA,10,30,0.8837890625,0.8334065497445893,0.9100317553594922,0.9082389605987677,0.9091349160600847,0.9091353579791299,0.9100317553594922,NA,NA
fHeart-DS15839.hotspot.twopass.fdr0.05.merge.fa,fLung_L-DS17154.hg19.hotspot.twopass.fdr0.05.merge.fa,minimizer,D,12,NA,10,30,0.899658203125,0.867952351112503,0.9350082176083965,0.9236785966289905,0.9293261420390031,0.9293434071186935,0.9350082176083965,NA,NA
fHeart-DS15839.hotspot.twopass.fdr0.05.merge.fa,fLung_L-DS18421.hg19.hotspot.twopass.fdr0.05.merge.fa,minimizer,D,12,NA,10,30,0.89453125,0.8573122181156104,0.9211481732394925,0.9252110137669164,0.9231773584704371,0.9231795935032044,0.9252110137669164,NA,NA
fHeart-DS15839.hotspot.twopass.fdr0.05.merge.fa,fLung_R-DS15632.hotspot.twopass.fdr0.05.merge.fa,minimizer,D,12,NA,10,30,0.89501953125,0.8635529140528404,0.9152568039320834,0.9385995386643712,0.9268546886810685,0.9269281712982274,0.9385995386643712,NA,NA
fHeart-DS15839.hotspot.twopass.fdr0.05.merge.fa,fMuscle_arm-DS19053.hg19.hotspot.twopass.fdr0.05.merge.fa,minimizer,D,12,NA,10,30,0.88037109375,0.8392796350969961,0.9124049988561447,0.9128306308350705,0.912617790032019,0.9126178148456077,0.9128306308350705,NA,NA
fHeart-DS15839.hotspot.twopass.fdr0.05.merge.fa,fMuscle_back-DS18454.hg19.hotspot.twopass.fdr0.05.merge.fa,minimizer,D,12,NA,10,30,0.883056640625,0.838914839737931,0.9074968580095226,0.9173605680585448,0.91241538411787,0.9124287130340337,0.9173605680585448,NA,NA
fHeart-DS15839.hotspot.twopass.fdr0.05.merge.fa,fMuscle_leg-DS19115.hg19.hotspot.twopass.fdr0.05.merge.fa,minimizer,D,12,NA,10,30,0.900390625,0.8646932927059543,0.9083520083541571,0.9473423312313761,0.9276423390364035,0.9278471697927666,0.9473423312313761,NA,NA
fHeart-DS15839.hotspot.twopass.fdr0.05.merge.fa,fMuscle_leg-DS19158.hg19.hotspot.twopass.fdr0.05.merge.fa,minimizer,D,12,NA,10,30,0.88818359375,0.8477076539529844,0.9173345405790708,0.9178209542710855,0.9175777151937108,0.9175777474250781,0.9178209542710855,NA,NA
fHeart-DS15839.hotspot.twopass.fdr0.05.merge.fa,fSkin_fibro_bicep_R-DS19745.hg19.hotspot.twopass.fdr0.05.merge.fa,minimizer,D,12,NA,10,30,0.85791015625,0.805581762928433,0.8354748045771312,0.9574740395034284,0.894396688299886,0.8964744220402798,0.9574740395034284,NA,NA
fHeart-DS15839.hotspot.twopass.fdr0.05.merge.fa,fStomach-DS17659.hg19.hotspot.twopass.fdr0.05.merge.fa,minimizer,D,12,NA,10,30,0.888916015625,0.8534030832502277,0.8781390943956278,0.9680472170785792,0.9219978885754518,0.9230931557371035,0.9680472170785792,NA,NA
fHeart-DS16621.hotspot.twopass.fdr0.05.merge.fa,fBrain-DS14718.hotspot.twopass.fdr0.05.merge.fa,minimizer,D,12,NA,10,30,0.885498046875,0.8462998483355096,0.9168475312981856,0.9166571580342565,0.9167523397245948,0.9167523446662211,0.9168475312981856,NA,NA
fHeart-DS16621.hotspot.twopass.fdr0.05.merge.fa,fBrain-DS16302.hotspot.twopass.fdr0.05.merge.fa,minimizer,D,12,NA,10,30,0.909912109375,0.8683095276434344,0.9316709779512903,0.9273661266398914,0.9295160601762015,0.9295185522955909,0.9316709779512903,NA,NA
fHeart-DS16621.hotspot.twopass.fdr0.05.merge.fa,fHeart-DS15643.hotspot.twopass.fdr0.05.merge.fa,minimizer,D,12,NA,10,30,0.953857421875,0.9326771055021722,0.9526228686174208,0.9780438265084829,0.965249664927199,0.9653333475629519,0.9780438265084829,NA,NA
fHeart-DS16621.hotspot.twopass.fdr0.05.merge.fa,fHeart-DS15839.hotspot.twopass.fdr0.05.merge.fa,minimizer,D,12,NA,10,30,0.9248046875,0.8957579336058711,0.9523717701378838,0.9377670512908395,0.945041198369066,0.9450694107143616,0.9523717701378838,NA,NA
fHeart-DS16621.hotspot.twopass.fdr0.05.merge.fa,fHeart-DS16621.hotspot.twopass.fdr0.05.merge.fa,minimizer,D,12,NA,10,30,1.0,1.0,1.0,1.0,1.0,1.0,1.0,NA,NA
fHeart-DS16621.hotspot.twopass.fdr0.05.merge.fa,fIntestine_Sm-DS16559.hotspot.twopass.fdr0.05.merge.fa,minimizer,D,12,NA,10,30,0.9169921875,0.8889969117564871,0.9296314895723133,0.9531359802311363,0.9413103744606443,0.9413837349017249,0.9531359802311363,NA,NA
fHeart-DS16621.hotspot.twopass.fdr0.05.merge.fa,fIntestine_Sm-DS16712.hg19.hotspot.twopass.fdr0.05.merge.fa,minimizer,D,12,NA,10,30,0.892578125,0.8558667244845413,0.8789732231629589,0.9702001756509404,0.923460868421167,0.9245866994069496,0.9702001756509404,NA,NA
fHeart-DS16621.hotspot.twopass.fdr0.05.merge.fa,fIntestine_Sm-DS16822.hotspot.twopass.fdr0.05.merge.fa,minimizer,D,12,NA,10,30,0.90966796875,0.87601923251425,0.9203378565168816,0.9478942979820612,0.9340144572807128,0.9341160772494714,0.9478942979820612,NA,NA
fHeart-DS16621.hotspot.twopass.fdr0.05.merge.fa,fIntestine_Sm-DS17808.hg19.hotspot.twopass.fdr0.05.merge.fa,minimizer,D,12,NA,10,30,0.908935546875,0.8732101133478212,0.9144546934362168,0.9508850231929744,0.9324919690683783,0.9326698583145956,0.9508850231929744,NA,NA
fHeart-DS16621.hotspot.twopass.fdr0.05.merge.fa,fIntestine_Sm-DS18495.hg19.hotspot.twopass.fdr0.05.merge.fa,minimizer,D,12,NA,10,30,0.89892578125,0.8626910852063733,0.9057237386910298,0.9478007670227128,0.9265234234718716,0.9267622528568713,0.9478007670227128,NA,NA
fHeart-DS16621.hotspot.twopass.fdr0.05.merge.fa,fKidney_renal_cortex_L-DS17550.hg19.hotspot.twopass.fdr0.05.merge.fa,minimizer,D,12,NA,10,30,0.897705078125,0.847043577106861,0.9252499575489095,0.9092663317682935,0.9172233287859975,0.9172581446586014,0.9252499575489095,NA,NA
fHeart-DS16621.hotspot.twopass.fdr0.05.merge.fa,fLung_L-DS17154.hg19.hotspot.twopass.fdr0.05.merge.fa,minimizer,D,12,NA,10,30,0.919921875,0.8850521248511213,0.9521821026897376,0.9262195052549445,0.9391110882456354,0.939200803972341,0.9521821026897376,NA,NA
fHeart-DS16621.hotspot.twopass.fdr0.05.merge.fa,fLung_L-DS18421.hg19.hotspot.twopass.fdr0.05.merge.fa,minimizer,D,12,NA,10,30,0.91796875,0.8840773478499402,0.9436876801222238,0.9333145579699339,0.9384867873523557,0.9385011190460788,0.9436876801222238,NA,NA
fHeart-DS16621.hotspot.twopass.fdr0.05.merge.fa,fLung_R-DS15632.hotspot.twopass.fdr0.05.merge.fa,minimizer,D,12,NA,10,30,0.91455078125,0.8845938624138251,0.934218303183505,0.9433529197410111,0.9387745011362699,0.938785611462258,0.9433529197410111,NA,NA
fHeart-DS16621.hotspot.twopass.fdr0.05.merge.fa,fMuscle_arm-DS19053.hg19.hotspot.twopass.fdr0.05.merge.fa,minimizer,D,12,NA,10,30,0.90185546875,0.8619525946321722,0.9328492121798698,0.9189723694936629,0.9258847935338562,0.9259107908367663,0.9328492121798698,NA,NA
fHeart-DS16621.hotspot.twopass.fdr0.05.merge.fa,fMuscle_back-DS18454.hg19.hotspot.twopass.fdr0.05.merge.fa,minimizer,D,12,NA,10,30,0.906494140625,0.8657024164275424,0.9301772742153138,0.9258680955370263,0.9280201837188429,0.9280226848761701,0.9301772742153138,NA,NA
fHeart-DS16621.hotspot.twopass.fdr0.05.merge.fa,fMuscle_leg-DS19115.hg19.hotspot.twopass.fdr0.05.merge.fa,minimizer,D,12,NA,10,30,0.920654296875,0.8844616253913218,0.926380531865823,0.9513287871004306,0.9387717868435146,0.9388546594831269,0.9513287871004306,NA,NA
fHeart-DS16621.hotspot.twopass.fdr0.05.merge.fa,fMuscle_leg-DS19158.hg19.hotspot.twopass.fdr0.05.merge.fa,minimizer,D,12,NA,10,30,0.913818359375,0.8743086038567918,0.939953567739562,0.9260300475313819,0.9329658337855458,0.932991807635472,0.939953567739562,NA,NA
fHeart-DS16621.hotspot.twopass.fdr0.05.merge.fa,fSkin_fibro_bicep_R-DS19745.hg19.hotspot.twopass.fdr0.05.merge.fa,minimizer,D,12,NA,10,30,0.880126953125,0.8309956503055921,0.8560372644785744,0.9659947732290176,0.9093555537717736,0.911016018853796,0.9659947732290176,NA,NA
fHeart-DS16621.hotspot.twopass.fdr0.05.merge.fa,fStomach-DS17659.hg19.hotspot.twopass.fdr0.05.merge.fa,minimizer,D,12,NA,10,30,0.905517578125,0.8757740839930617,0.8970069938753037,0.9736828344986099,0.934558886513623,0.9353449141869568,0.9736828344986099,NA,NA
fIntestine_Sm-DS16559.hotspot.twopass.fdr0.05.merge.fa,fBrain-DS14718.hotspot.twopass.fdr0.05.merge.fa,minimizer,D,12,NA,10,30,0.882080078125,0.8400930704186685,0.9247389075466095,0.9017474166114067,0.9131708059942617,0.913243162079008,0.9247389075466095,NA,NA
fIntestine_Sm-DS16559.hotspot.twopass.fdr0.05.merge.fa,fBrain-DS16302.hotspot.twopass.fdr0.05.merge.fa,minimizer,D,12,NA,10,30,0.8994140625,0.8579660525502473,0.9374272584066958,0.9100855130496327,0.92365522107211,0.9237563857281643,0.9374272584066958,NA,NA
fIntestine_Sm-DS16559.hotspot.twopass.fdr0.05.merge.fa,fHeart-DS15643.hotspot.twopass.fdr0.05.merge.fa,minimizer,D,12,NA,10,30,0.91796875,0.8852665921925497,0.938501050278041,0.9397839813800078,0.9391422967578535,0.9391425158290244,0.9397839813800078,NA,NA
fIntestine_Sm-DS16559.hotspot.twopass.fdr0.05.merge.fa,fHeart-DS15839.hotspot.twopass.fdr0.05.merge.fa,minimizer,D,12,NA,10,30,0.89892578125,0.8609767221689787,0.9443803809831008,0.9069667674787777,0.9254845333178829,0.9256735742309392,0.9443803809831008,NA,NA
fIntestine_Sm-DS16559.hotspot.twopass.fdr0.05.merge.fa,fHeart-DS16621.hotspot.twopass.fdr0.05.merge.fa,minimizer,D,12,NA,10,30,0.9169921875,0.8889969117564871,0.9531359802311363,0.9296314895723133,0.9413103744606443,0.9413837349017249,0.9531359802311363,NA,NA
fIntestine_Sm-DS16559.hotspot.twopass.fdr0.05.merge.fa,fIntestine_Sm-DS16559.hotspot.twopass.fdr0.05.merge.fa,minimizer,D,12,NA,10,30,1.0,1.0,1.0,1.0,1.0,1.0,1.0,NA,NA
fIntestine_Sm-DS16559.hotspot.twopass.fdr0.05.merge.fa,fIntestine_Sm-DS16712.hg19.hotspot.twopass.fdr0.05.merge.fa,minimizer,D,12,NA,10,30,0.92626953125,0.8962548340250558,0.9116736545160992,0.9814791332499161,0.9459326975219984,0.9465763938830076,0.9814791332499161,NA,NA
fIntestine_Sm-DS16559.hotspot.twopass.fdr0.05.merge.fa,fIntestine_Sm-DS16822.hotspot.twopass.fdr0.05.merge.fa,minimizer,D,12,NA,10,30,0.95068359375,0.9330418718520126,0.9631783016169922,0.9675541427462441,0.9653637428103524,0.9653662221816182,0.9675541427462441,NA,NA
fIntestine_Sm-DS16559.hotspot.twopass.fdr0.05.merge.fa,fIntestine_Sm-DS17808.hg19.hotspot.twopass.fdr0.05.merge.fa,minimizer,D,12,NA,10,30,0.94189453125,0.9219089747724112,0.9526538394974016,0.966177452170265,0.959391817479084,0.9594156458338332,0.966177452170265,NA,NA
fIntestine_Sm-DS16559.hotspot.twopass.fdr0.05.merge.fa,fIntestine_Sm-DS18495.hg19.hotspot.twopass.fdr0.05.merge.fa,minimizer,D,12,NA,10,30,0.936767578125,0.9143181199782031,0.9455777845395148,0.9651049155271861,0.9552914570288966,0.9553413500333505,0.9651049155271861,NA,NA
fIntestine_Sm-DS16559.hotspot.twopass.fdr0.05.merge.fa,fKidney_renal_cortex_L-DS17550.hg19.hotspot.twopass.fdr0.05.merge.fa,minimizer,D,12,NA,10,30,0.900390625,0.8591265866548389,0.9442386191763992,0.9050441334495134,0.9244336768325077,0.9246413763129563,0.9442386191763992,NA,NA
fIntestine_Sm-DS16559.hotspot.twopass.fdr0.05.merge.fa,fLung_L-DS17154.hg19.hotspot.twopass.fdr0.05.merge.fa,minimizer,D,12,NA,10,30,0.91943359375,0.8903831605448371,0.967458671346025,0.9178723598018734,0.9423394153271745,0.9426655155739492,0.967458671346025,NA,NA
fIntestine_Sm-DS16559.hotspot.twopass.fdr0.05.merge.fa,fLung_L-DS18421.hg19.hotspot.twopass.fdr0.05.merge.fa,minimizer,D,12,NA,10,30,0.923095703125,0.8932431144791335,0.9609169794925037,0.9269185727448109,0.9437646926842762,0.9439177761186572,0.9609169794925037,NA,NA
fIntestine_Sm-DS16559.hotspot.twopass.fdr0.05.merge.fa,fLung_R-DS15632.hotspot.twopass.fdr0.05.merge.fa,minimizer,D,12,NA,10,30,0.916748046875,0.8883474145951966,0.9480967394078152,0.9337582270836978,0.9409001703120667,0.9409274832457566,0.9480967394078152,NA,NA
fIntestine_Sm-DS16559.hotspot.twopass.fdr0.05.merge.fa,fMuscle_arm-DS19053.hg19.hotspot.twopass.fdr0.05.merge.fa,minimizer,D,12,NA,10,30,0.89697265625,0.8677919452381578,0.9481570849958091,0.911018636512442,0.9294023750628645,0.9295878607541255,0.9481570849958091,NA,NA
fIntestine_Sm-DS16559.hotspot.twopass.fdr0.05.merge.fa,fMuscle_back-DS18454.hg19.hotspot.twopass.fdr0.05.merge.fa,minimizer,D,12,NA,10,30,0.90087890625,0.8641419543617748,0.9410528853093986,0.9135943117775629,0.9272219599969199,0.9273235985434807,0.9410528853093986,NA,NA
fIntestine_Sm-DS16559.hotspot.twopass.fdr0.05.merge.fa,fMuscle_leg-DS19115.hg19.hotspot.twopass.fdr0.05.merge.fa,minimizer,D,12,NA,10,30,0.922119140625,0.8957343555617684,0.9442419610923677,0.9457589876620037,0.9450001699633195,0.9450004743771857,0.9457589876620037,NA,NA
fIntestine_Sm-DS16559.hotspot.twopass.fdr0.05.merge.fa,fMuscle_leg-DS19158.hg19.hotspot.twopass.fdr0.05.merge.fa,minimizer,D,12,NA,10,30,0.90771484375,0.8772270675134267,0.9536176514394215,0.9163237042536562,0.9347847125454303,0.9349706778465388,0.9536176514394215,NA,NA
fIntestine_Sm-DS16559.hotspot.twopass.fdr0.05.merge.fa,fSkin_fibro_bicep_R-DS19745.hg19.hotspot.twopass.fdr0.05.merge.fa,minimizer,D,12,NA,10,30,0.8837890625,0.8437944657601463,0.8734417425416872,0.9613289287091392,0.9163322621448204,0.9173853356254131,0.9613289287091392,NA,NA
fIntestine_Sm-DS16559.hotspot.twopass.fdr0.05.merge.fa,fStomach-DS17659.hg19.hotspot.twopass.fdr0.05.merge.fa,minimizer,D,12,NA,10,30,0.920166015625,0.8949064383504491,0.9183489069184504,0.9722665846248533,0.944923253615641,0.9453077457716519,0.9722665846248533,NA,NA
fIntestine_Sm-DS16712.hg19.hotspot.twopass.fdr0.05.merge.fa,fBrain-DS14718.hotspot.twopass.fdr0.05.merge.fa,minimizer,D,12,NA,10,30,0.87353515625,0.8272655142482267,0.952560513458658,0.8628130099707367,0.9065768603910731,0.9076867617146973,0.952560513458658,NA,NA
fIntestine_Sm-DS16712.hg19.hotspot.twopass.fdr0.05.merge.fa,fBrain-DS16302.hotspot.twopass.fdr0.05.merge.fa,minimizer,D,12,NA,10,30,0.8837890625,0.8414376779218833,0.9636589660320638,0.869013101492814,0.9151132535663998,0.9163360337624389,0.9636589660320638,NA,NA
fIntestine_Sm-DS16712.hg19.hotspot.twopass.fdr0.05.merge.fa,fHeart-DS15643.hotspot.twopass.fdr0.05.merge.fa,minimizer,D,12,NA,10,30,0.90234375,0.8695600117935889,0.9651591577239252,0.8977399356025247,0.9308393632100351,0.931449546663225,0.9651591577239252,NA,NA
fIntestine_Sm-DS16712.hg19.hotspot.twopass.fdr0.05.merge.fa,fHeart-DS15839.hotspot.twopass.fdr0.05.merge.fa,minimizer,D,12,NA,10,30,0.8798828125,0.8383722571713943,0.9672521164707877,0.8628641802972473,0.9135683907728769,0.9150581483840174,0.9672521164707877,NA,NA
fIntestine_Sm-DS16712.hg19.hotspot.twopass.fdr0.05.merge.fa,fHeart-DS16621.hotspot.twopass.fdr0.05.merge.fa,minimizer,D,12,NA,10,30,0.892578125,0.8558667244845413,0.9702001756509404,0.8789732231629589,0.923460868421167,0.9245866994069496,0.9702001756509404,NA,NA
fIntestine_Sm-DS16712.hg19.hotspot.twopass.fdr0.05.merge.fa,fIntestine_Sm-DS16559.hotspot.twopass.fdr0.05.merge.fa,minimizer,D,12,NA,10,30,0.92626953125,0.8962548340250558,0.9814791332499161,0.9116736545160992,0.9459326975219984,0.9465763938830076,0.9814791332499161,NA,NA
fIntestine_Sm-DS16712.hg19.hotspot.twopass.fdr0.05.merge.fa,fIntestine_Sm-DS16712.hg19.hotspot.twopass.fdr0.05.merge.fa,minimizer,D,12,NA,10,30,1.0,1.0,1.0,1.0,1.0,1.0,1.0,NA,NA
fIntestine_Sm-DS16712.hg19.hotspot.twopass.fdr0.05.merge.fa,fIntestine_Sm-DS16822.hotspot.twopass.fdr0.05.merge.fa,minimizer,D,12,NA,10,30,0.931640625,0.9035784381400065,0.9833811286684242,0.9175902502439185,0.9499162783845776,0.9504856894561713,0.9833811286684242,NA,NA
fIntestine_Sm-DS16712.hg19.hotspot.twopass.fdr0.05.merge.fa,fIntestine_Sm-DS17808.hg19.hotspot.twopass.fdr0.05.merge.fa,minimizer,D,12,NA,10,30,0.938232421875,0.9152511277120354,0.9851397186416001,0.9280640270704674,0.956176100156028,0.9566018728560337,0.9851397186416001,NA,NA
fIntestine_Sm-DS16712.hg19.hotspot.twopass.fdr0.05.merge.fa,fIntestine_Sm-DS18495.hg19.hotspot.twopass.fdr0.05.merge.fa,minimizer,D,12,NA,10,30,0.921875,0.890627482872961,0.967958516448396,0.9176822817566086,0.9424852147488075,0.9428203991025024,0.967958516448396,NA,NA
fIntestine_Sm-DS16712.hg19.hotspot.twopass.fdr0.05.merge.fa,fKidney_renal_cortex_L-DS17550.hg19.hotspot.twopass.fdr0.05.merge.fa,minimizer,D,12,NA,10,30,0.88232421875,0.8451297310357051,0.9724909437889215,0.8658285422490478,0.9176112554950286,0.9191597430189846,0.9724909437889215,NA,NA
fIntestine_Sm-DS16712.hg19.hotspot.twopass.fdr0.05.merge.fa,fLung_L-DS17154.hg19.hotspot.twopass.fdr0.05.merge.fa,minimizer,D,12,NA,10,30,0.890380859375,0.8520842497217255,0.9821195553544809,0.865510942652762,0.9219735474256125,0.9238152490036214,0.9821195553544809,NA,NA
fIntestine_Sm-DS16712.hg19.hotspot.twopass.fdr0.05.merge.fa,fLung_L-DS18421.hg19.hotspot.twopass.fdr0.05.merge.fa,minimizer,D,12,NA,10,30,0.89697265625,0.8608812144184689,0.9789301768058284,0.8771336395139635,0.9266350893484144,0.928031908159896,0.9789301768058284,NA,NA
fIntestine_Sm-DS16712.hg19.hotspot.twopass.fdr0.05.merge.fa,fLung_R-DS15632.hotspot.twopass.fdr0.05.merge.fa,minimizer,D,12,NA,10,30,0.90185546875,0.8678572254161536,0.9725111199268606,0.8896817831918205,0.9301749444864679,0.9310964515593405,0.9725111199268606,NA,NA
fIntestine_Sm-DS16712.hg19.hotspot.twopass.fdr0.05.merge.fa,fMuscle_arm-DS19053.hg19.hotspot.twopass.fdr0.05.merge.fa,minimizer,D,12,NA,10,30,0.8798828125,0.840619834553266,0.9684222160379016,0.8643110085857969,0.9148868685693391,0.9163666123118492,0.9684222160379016,NA,NA
fIntestine_Sm-DS16712.hg19.hotspot.twopass.fdr0.05.merge.fa,fMuscle_back-DS18454.hg19.hotspot.twopass.fdr0.05.merge.fa,minimizer,D,12,NA,10,30,0.884033203125,0.8415855055508609,0.9637570438098936,0.869091006026412,0.9152008406736639,0.9164240249181528,0.9637570438098936,NA,NA
fIntestine_Sm-DS16712.hg19.hotspot.twopass.fdr0.05.merge.fa,fMuscle_leg-DS19115.hg19.hotspot.twopass.fdr0.05.merge.fa,minimizer,D,12,NA,10,30,0.9072265625,0.8712174364893843,0.9660225390025378,0.898758011055014,0.9317835026379441,0.9323902750287758,0.9660225390025378,NA,NA
fIntestine_Sm-DS16712.hg19.hotspot.twopass.fdr0.05.merge.fa,fMuscle_leg-DS19158.hg19.hotspot.twopass.fdr0.05.merge.fa,minimizer,D,12,NA,10,30,0.88818359375,0.8470511900988479,0.9724008079814395,0.8679171803067257,0.9186747886990438,0.9201589941440826,0.9724008079814395,NA,NA
fIntestine_Sm-DS16712.hg19.hotspot.twopass.fdr0.05.merge.fa,fSkin_fibro_bicep_R-DS19745.hg19.hotspot.twopass.fdr0.05.merge.fa,minimizer,D,12,NA,10,30,0.89013671875,0.8495355458183634,0.9086092896012726,0.9289098644905697,0.9187035060771189,0.9187595770459211,0.9289098644905697,NA,NA
fIntestine_Sm-DS16712.hg19.hotspot.twopass.fdr0.05.merge.fa,fStomach-DS17659.hg19.hotspot.twopass.fdr0.05.merge.fa,minimizer,D,12,NA,10,30,0.917236328125,0.8881300832254131,0.948684623732953,0.9329488682527202,0.9407838466089945,0.9408167459928366,0.948684623732953,NA,NA
fIntestine_Sm-DS16822.hotspot.twopass.fdr0.05.merge.fa,fBrain-DS14718.hotspot.twopass.fdr0.05.merge.fa,minimizer,D,12,NA,10,30,0.885009765625,0.8440714064971084,0.9292461515756146,0.9020444959578712,0.9155443060927291,0.9156453237667429,0.9292461515756146,NA,NA
fIntestine_Sm-DS16822.hotspot.twopass.fdr0.05.merge.fa,fBrain-DS16302.hotspot.twopass.fdr0.05.merge.fa,minimizer,D,12,NA,10,30,0.8955078125,0.852739308377817,0.9364987248731732,0.9050722040981091,0.9206513808472953,0.9207854644856411,0.9364987248731732,NA,NA
fIntestine_Sm-DS16822.hotspot.twopass.fdr0.05.merge.fa,fHeart-DS15643.hotspot.twopass.fdr0.05.merge.fa,minimizer,D,12,NA,10,30,0.913330078125,0.8764185517285866,0.9356211694356837,0.9326629576867741,0.9341408925639875,0.934142063561229,0.9356211694356837,NA,NA
fIntestine_Sm-DS16822.hotspot.twopass.fdr0.05.merge.fa,fHeart-DS15839.hotspot.twopass.fdr0.05.merge.fa,minimizer,D,12,NA,10,30,0.891845703125,0.8527971498107481,0.9417153579214647,0.9003170703201826,0.9207835859306872,0.9210162141208236,0.9417153579214647,NA,NA
fIntestine_Sm-DS16822.hotspot.twopass.fdr0.05.merge.fa,fHeart-DS16621.hotspot.twopass.fdr0.05.merge.fa,minimizer,D,12,NA,10,30,0.90966796875,0.87601923251425,0.9478942979820612,0.9203378565168816,0.9340144572807128,0.9341160772494714,0.9478942979820612,NA,NA
fIntestine_Sm-DS16822.hotspot.twopass.fdr0.05.merge.fa,fIntestine_Sm-DS16559.hotspot.twopass.fdr0.05.merge.fa,minimizer,D,12,NA,10,30,0.95068359375,0.9330418718520126,0.9675541427462441,0.9631783016169922,0.9653637428103524,0.9653662221816182,0.9675541427462441,NA,NA
fIntestine_Sm-DS16822.hotspot.twopass.fdr0.05.merge.fa,fIntestine_Sm-DS16712.hg19.hotspot.twopass.fdr0.05.merge.fa,minimizer,D,12,NA,10,30,0.931640625,0.9035784381400065,0.9175902502439185,0.9833811286684242,0.9499162783845776,0.9504856894561713,0.9833811286684242,NA,NA
fIntestine_Sm-DS16822.hotspot.twopass.fdr0.05.merge.fa,fIntestine_Sm-DS16822.hotspot.twopass.fdr0.05.merge.fa,minimizer,D,12,NA,10,30,1.0,1.0,1.0,1.0,1.0,1.0,1.0,NA,NA
fIntestine_Sm-DS16822.hotspot.twopass.fdr0.05.merge.fa,fIntestine_Sm-DS17808.hg19.hotspot.twopass.fdr0.05.merge.fa,minimizer,D,12,NA,10,30,0.9482421875,0.9195341177576754,0.9535212532061501,0.962683585873253,0.9580914670546099,0.9581024195397015,0.962683585873253,NA,NA
fIntestine_Sm-DS16822.hotspot.twopass.fdr0.05.merge.fa,fIntestine_Sm-DS18495.hg19.hotspot.twopass.fdr0.05.merge.fa,minimizer,D,12,NA,10,30,0.9384765625,0.9126766073617377,0.9468142069588383,0.9619963997122641,0.9543751140357889,0.9544053033355513,0.9619963997122641,NA,NA
fIntestine_Sm-DS16822.hotspot.twopass.fdr0.05.merge.fa,fKidney_renal_cortex_L-DS17550.hg19.hotspot.twopass.fdr0.05.merge.fa,minimizer,D,12,NA,10,30,0.894287109375,0.853154852156264,0.942879048074005,0.8996537558416319,0.9210128538213574,0.9212664019578185,0.942879048074005,NA,NA
fIntestine_Sm-DS16822.hotspot.twopass.fdr0.05.merge.fa,fLung_L-DS17154.hg19.hotspot.twopass.fdr0.05.merge.fa,minimizer,D,12,NA,10,30,0.90869140625,0.8735228881731254,0.9599130709860848,0.9065947283017236,0.932873051268983,0.9332538996439042,0.9599130709860848,NA,NA
fIntestine_Sm-DS16822.hotspot.twopass.fdr0.05.merge.fa,fLung_L-DS18421.hg19.hotspot.twopass.fdr0.05.merge.fa,minimizer,D,12,NA,10,30,0.915771484375,0.8807936997044374,0.9560018861098759,0.9180067602297942,0.9368117176046101,0.9370043231698351,0.9560018861098759,NA,NA
fIntestine_Sm-DS16822.hotspot.twopass.fdr0.05.merge.fa,fLung_R-DS15632.hotspot.twopass.fdr0.05.merge.fa,minimizer,D,12,NA,10,30,0.90673828125,0.8721249457964518,0.9409975556252276,0.9225750322628609,0.9317407634316627,0.9317862939440442,0.9409975556252276,NA,NA
fIntestine_Sm-DS16822.hotspot.twopass.fdr0.05.merge.fa,fMuscle_arm-DS19053.hg19.hotspot.twopass.fdr0.05.merge.fa,minimizer,D,12,NA,10,30,0.890380859375,0.855419540659444,0.9430512366566131,0.9020148119553063,0.922304821573125,0.9225330243059597,0.9430512366566131,NA,NA
fIntestine_Sm-DS16822.hotspot.twopass.fdr0.05.merge.fa,fMuscle_back-DS18454.hg19.hotspot.twopass.fdr0.05.merge.fa,minimizer,D,12,NA,10,30,0.894287109375,0.8518182276266643,0.9359582489450775,0.9045388947257554,0.9201144711448863,0.9202485718354165,0.9359582489450775,NA,NA
fIntestine_Sm-DS16822.hotspot.twopass.fdr0.05.merge.fa,fMuscle_leg-DS19115.hg19.hotspot.twopass.fdr0.05.merge.fa,minimizer,D,12,NA,10,30,0.916748046875,0.8860773744257662,0.9409754775765757,0.938224782061596,0.9395991232300023,0.9396001298190859,0.9409754775765757,NA,NA
fIntestine_Sm-DS16822.hotspot.twopass.fdr0.05.merge.fa,fMuscle_leg-DS19158.hg19.hotspot.twopass.fdr0.05.merge.fa,minimizer,D,12,NA,10,30,0.900634765625,0.8657065629666496,0.9490989101724029,0.9078571710749963,0.9282490245938747,0.9284780406236997,0.9490989101724029,NA,NA
fIntestine_Sm-DS16822.hotspot.twopass.fdr0.05.merge.fa,fSkin_fibro_bicep_R-DS19745.hg19.hotspot.twopass.fdr0.05.merge.fa,minimizer,D,12,NA,10,30,0.8828125,0.8387494636352173,0.8724845232838409,0.9559324700319825,0.9132558707215622,0.9142084966579116,0.9559324700319825,NA,NA
fIntestine_Sm-DS16822.hotspot.twopass.fdr0.05.merge.fa,fStomach-DS17659.hg19.hotspot.twopass.fdr0.05.merge.fa,minimizer,D,12,NA,10,30,0.920654296875,0.8897740567918596,0.9175823381750551,0.9670615263392953,0.9419971212788011,0.9423219322571752,0.9670615263392953,NA,NA
fIntestine_Sm-DS17808.hg19.hotspot.twopass.fdr0.05.merge.fa,fBrain-DS14718.hotspot.twopass.fdr0.05.merge.fa,minimizer,D,12,NA,10,30,0.880126953125,0.8294673774243051,0.9249459611593516,0.88932471256293,0.9069604738048309,0.9071353368611408,0.9249459611593516,NA,NA
fIntestine_Sm-DS17808.hg19.hotspot.twopass.fdr0.05.merge.fa,fBrain-DS16302.hotspot.twopass.fdr0.05.merge.fa,minimizer,D,12,NA,10,30,0.893798828125,0.8559560931988786,0.9429876568114491,0.9026696812054747,0.9226084584235549,0.9228286690084619,0.9429876568114491,NA,NA
fIntestine_Sm-DS17808.hg19.hotspot.twopass.fdr0.05.merge.fa,fHeart-DS15643.hotspot.twopass.fdr0.05.merge.fa,minimizer,D,12,NA,10,30,0.91162109375,0.8774392755493222,0.9407066504200283,0.9288075000013617,0.9347381409845654,0.9347570752106951,0.9407066504200283,NA,NA
fIntestine_Sm-DS17808.hg19.hotspot.twopass.fdr0.05.merge.fa,fHeart-DS15839.hotspot.twopass.fdr0.05.merge.fa,minimizer,D,12,NA,10,30,0.892333984375,0.8527570379404668,0.9463174620262212,0.8961062286893268,0.9208696824411,0.921211845357774,0.9463174620262212,NA,NA
fIntestine_Sm-DS17808.hg19.hotspot.twopass.fdr0.05.merge.fa,fHeart-DS16621.hotspot.twopass.fdr0.05.merge.fa,minimizer,D,12,NA,10,30,0.908935546875,0.8732101133478212,0.9508850231929744,0.9144546934362168,0.9324919690683783,0.9326698583145956,0.9508850231929744,NA,NA
fIntestine_Sm-DS17808.hg19.hotspot.twopass.fdr0.05.merge.fa,fIntestine_Sm-DS16559.hotspot.twopass.fdr0.05.merge.fa,minimizer,D,12,NA,10,30,0.94189453125,0.9219089747724112,0.966177452170265,0.9526538394974016,0.959391817479084,0.9594156458338332,0.966177452170265,NA,NA
fIntestine_Sm-DS17808.hg19.hotspot.twopass.fdr0.05.merge.fa,fIntestine_Sm-DS16712.hg19.hotspot.twopass.fdr0.05.merge.fa,minimizer,D,12,NA,10,30,0.938232421875,0.9152511277120354,0.9280640270704674,0.9851397186416001,0.956176100156028,0.9566018728560337,0.9851397186416001,NA,NA
fIntestine_Sm-DS17808.hg19.hotspot.twopass.fdr0.05.merge.fa,fIntestine_Sm-DS16822.hotspot.twopass.fdr0.05.merge.fa,minimizer,D,12,NA,10,30,0.9482421875,0.9195341177576754,0.962683585873253,0.9535212532061501,0.9580914670546099,0.9581024195397015,0.962683585873253,NA,NA
fIntestine_Sm-DS17808.hg19.hotspot.twopass.fdr0.05.merge.fa,fIntestine_Sm-DS17808.hg19.hotspot.twopass.fdr0.05.merge.fa,minimizer,D,12,NA,10,30,1.0,1.0,1.0,1.0,1.0,1.0,1.0,NA,NA
fIntestine_Sm-DS17808.hg19.hotspot.twopass.fdr0.05.merge.fa,fIntestine_Sm-DS18495.hg19.hotspot.twopass.fdr0.05.merge.fa,minimizer,D,12,NA,10,30,0.932861328125,0.9087841041584526,0.9492013511350811,0.9552429455007425,0.9522173567686946,0.9522221483179119,0.9552429455007425,NA,NA
fIntestine_Sm-DS17808.hg19.hotspot.twopass.fdr0.05.merge.fa,fKidney_renal_cortex_L-DS17550.hg19.hotspot.twopass.fdr0.05.merge.fa,minimizer,D,12,NA,10,30,0.894775390625,0.8569152376658256,0.9497644053675481,0.8975984872948684,0.9233131069926503,0.9236814463312082,0.9497644053675481,NA,NA
fIntestine_Sm-DS17808.hg19.hotspot.twopass.fdr0.05.merge.fa,fLung_L-DS17154.hg19.hotspot.twopass.fdr0.05.merge.fa,minimizer,D,12,NA,10,30,0.909423828125,0.8770592810849753,0.9667372523660196,0.9043500117877094,0.9350234465364105,0.9355436320768644,0.9667372523660196,NA,NA
fIntestine_Sm-DS17808.hg19.hotspot.twopass.fdr0.05.merge.fa,fLung_L-DS18421.hg19.hotspot.twopass.fdr0.05.merge.fa,minimizer,D,12,NA,10,30,0.912841796875,0.8819275262521269,0.9613452253544192,0.9143517796155664,0.9375541145063259,0.9378485024849927,0.9613452253544192,NA,NA
fIntestine_Sm-DS17808.hg19.hotspot.twopass.fdr0.05.merge.fa,fLung_R-DS15632.hotspot.twopass.fdr0.05.merge.fa,minimizer,D,12,NA,10,30,0.908447265625,0.8798982871963907,0.9500464155180103,0.9225817004924864,0.9362133504577882,0.9363140580052484,0.9500464155180103,NA,NA
fIntestine_Sm-DS17808.hg19.hotspot.twopass.fdr0.05.merge.fa,fMuscle_arm-DS19053.hg19.hotspot.twopass.fdr0.05.merge.fa,minimizer,D,12,NA,10,30,0.8916015625,0.8533299172038668,0.9464337661624849,0.896634441841349,0.9211976507041827,0.9215341040019169,0.9464337661624849,NA,NA
fIntestine_Sm-DS17808.hg19.hotspot.twopass.fdr0.05.merge.fa,fMuscle_back-DS18454.hg19.hotspot.twopass.fdr0.05.merge.fa,minimizer,D,12,NA,10,30,0.8935546875,0.8544317615887689,0.9420879222190703,0.9017974780828292,0.9217225788649479,0.9219427001509497,0.9420879222190703,NA,NA
fIntestine_Sm-DS17808.hg19.hotspot.twopass.fdr0.05.merge.fa,fMuscle_leg-DS19115.hg19.hotspot.twopass.fdr0.05.merge.fa,minimizer,D,12,NA,10,30,0.91748046875,0.887288260190633,0.9461876159932203,0.9344426764710125,0.9402968086367365,0.9403151462321164,0.9461876159932203,NA,NA
fIntestine_Sm-DS17808.hg19.hotspot.twopass.fdr0.05.merge.fa,fMuscle_leg-DS19158.hg19.hotspot.twopass.fdr0.05.merge.fa,minimizer,D,12,NA,10,30,0.894287109375,0.8541617550690765,0.9469003641375977,0.8971336523733817,0.9216811716165456,0.9220170082554897,0.9469003641375977,NA,NA
fIntestine_Sm-DS17808.hg19.hotspot.twopass.fdr0.05.merge.fa,fSkin_fibro_bicep_R-DS19745.hg19.hotspot.twopass.fdr0.05.merge.fa,minimizer,D,12,NA,10,30,0.8837890625,0.8363368124678413,0.8751120890675099,0.9496858681632723,0.911636761021764,0.9123989786153911,0.9496858681632723,NA,NA
fIntestine_Sm-DS17808.hg19.hotspot.twopass.fdr0.05.merge.fa,fStomach-DS17659.hg19.hotspot.twopass.fdr0.05.merge.fa,minimizer,D,12,NA,10,30,0.9208984375,0.8914649315469501,0.9228012983755195,0.9633055612429089,0.9428359468366249,0.9430534298092141,0.9633055612429089,NA,NA
fIntestine_Sm-DS18495.hg19.hotspot.twopass.fdr0.05.merge.fa,fBrain-DS14718.hotspot.twopass.fdr0.05.merge.fa,minimizer,D,12,NA,10,30,0.87451171875,0.8268944771635163,0.9263718061821111,0.8850622917252837,0.9054815038250255,0.9057170489536974,0.9263718061821111,NA,NA
fIntestine_Sm-DS18495.hg19.hotspot.twopass.fdr0.05.merge.fa,fBrain-DS16302.hotspot.twopass.fdr0.05.merge.fa,minimizer,D,12,NA,10,30,0.88623046875,0.8382813082559606,0.9354273328850825,0.8897692894289797,0.9123127277932745,0.912598311157031,0.9354273328850825,NA,NA
fIntestine_Sm-DS18495.hg19.hotspot.twopass.fdr0.05.merge.fa,fHeart-DS15643.hotspot.twopass.fdr0.05.merge.fa,minimizer,D,12,NA,10,30,0.90185546875,0.8663325195135582,0.9373188187418224,0.919609278478292,0.9284218236379906,0.9284640486100573,0.9373188187418224,NA,NA
fIntestine_Sm-DS18495.hg19.hotspot.twopass.fdr0.05.merge.fa,fHeart-DS15839.hotspot.twopass.fdr0.05.merge.fa,minimizer,D,12,NA,10,30,0.8818359375,0.8374357062213951,0.9401276213801385,0.8846143157593517,0.9119486567311003,0.9123709685697451,0.9401276213801385,NA,NA
fIntestine_Sm-DS18495.hg19.hotspot.twopass.fdr0.05.merge.fa,fHeart-DS16621.hotspot.twopass.fdr0.05.merge.fa,minimizer,D,12,NA,10,30,0.89892578125,0.8626910852063733,0.9478007670227128,0.9057237386910298,0.9265234234718716,0.9267622528568713,0.9478007670227128,NA,NA
fIntestine_Sm-DS18495.hg19.hotspot.twopass.fdr0.05.merge.fa,fIntestine_Sm-DS16559.hotspot.twopass.fdr0.05.merge.fa,minimizer,D,12,NA,10,30,0.936767578125,0.9143181199782031,0.9651049155271861,0.9455777845395148,0.9552914570288966,0.9553413500333505,0.9651049155271861,NA,NA
fIntestine_Sm-DS18495.hg19.hotspot.twopass.fdr0.05.merge.fa,fIntestine_Sm-DS16712.hg19.hotspot.twopass.fdr0.05.merge.fa,minimizer,D,12,NA,10,30,0.921875,0.890627482872961,0.9176822817566086,0.967958516448396,0.9424852147488075,0.9428203991025024,0.967958516448396,NA,NA
fIntestine_Sm-DS18495.hg19.hotspot.twopass.fdr0.05.merge.fa,fIntestine_Sm-DS16822.hotspot.twopass.fdr0.05.merge.fa,minimizer,D,12,NA,10,30,0.9384765625,0.9126766073617377,0.9619963997122641,0.9468142069588383,0.9543751140357889,0.9544053033355513,0.9619963997122641,NA,NA
fIntestine_Sm-DS18495.hg19.hotspot.twopass.fdr0.05.merge.fa,fIntestine_Sm-DS17808.hg19.hotspot.twopass.fdr0.05.merge.fa,minimizer,D,12,NA,10,30,0.932861328125,0.9087841041584526,0.9552429455007425,0.9492013511350811,0.9522173567686946,0.9522221483179119,0.9552429455007425,NA,NA
fIntestine_Sm-DS18495.hg19.hotspot.twopass.fdr0.05.merge.fa,fIntestine_Sm-DS18495.hg19.hotspot.twopass.fdr0.05.merge.fa,minimizer,D,12,NA,10,30,1.0,1.0,1.0,1.0,1.0,1.0,1.0,NA,NA
fIntestine_Sm-DS18495.hg19.hotspot.twopass.fdr0.05.merge.fa,fKidney_renal_cortex_L-DS17550.hg19.hotspot.twopass.fdr0.05.merge.fa,minimizer,D,12,NA,10,30,0.88330078125,0.8421488029676321,0.9439588561053717,0.8864694975949606,0.9147626648054907,0.9152141768501662,0.9439588561053717,NA,NA
fIntestine_Sm-DS18495.hg19.hotspot.twopass.fdr0.05.merge.fa,fLung_L-DS17154.hg19.hotspot.twopass.fdr0.05.merge.fa,minimizer,D,12,NA,10,30,0.900146484375,0.85756882425349,0.9583131138840734,0.8907996431403574,0.9239399222160807,0.9245563785122154,0.9583131138840734,NA,NA
fIntestine_Sm-DS18495.hg19.hotspot.twopass.fdr0.05.merge.fa,fLung_L-DS18421.hg19.hotspot.twopass.fdr0.05.merge.fa,minimizer,D,12,NA,10,30,0.904296875,0.8646744312971931,0.954362616185699,0.9019695339387697,0.9277963160789117,0.9281660750622343,0.954362616185699,NA,NA
fIntestine_Sm-DS18495.hg19.hotspot.twopass.fdr0.05.merge.fa,fLung_R-DS15632.hotspot.twopass.fdr0.05.merge.fa,minimizer,D,12,NA,10,30,0.90185546875,0.8604650237874668,0.9417997106008771,0.9087890250476199,0.9251471454785458,0.9252943678242485,0.9417997106008771,NA,NA
fIntestine_Sm-DS18495.hg19.hotspot.twopass.fdr0.05.merge.fa,fMuscle_arm-DS19053.hg19.hotspot.twopass.fdr0.05.merge.fa,minimizer,D,12,NA,10,30,0.881591796875,0.843052528984075,0.9433222293451984,0.8880343563501848,0.9152609184092724,0.9156782928476916,0.9433222293451984,NA,NA
fIntestine_Sm-DS18495.hg19.hotspot.twopass.fdr0.05.merge.fa,fMuscle_back-DS18454.hg19.hotspot.twopass.fdr0.05.merge.fa,minimizer,D,12,NA,10,30,0.884033203125,0.8393173997065945,0.9360617328552187,0.8903619259447052,0.9129259155419517,0.9132118293999619,0.9360617328552187,NA,NA
fIntestine_Sm-DS18495.hg19.hotspot.twopass.fdr0.05.merge.fa,fMuscle_leg-DS19115.hg19.hotspot.twopass.fdr0.05.merge.fa,minimizer,D,12,NA,10,30,0.906982421875,0.8718473577274292,0.9403928594709198,0.9228460051324335,0.9315781199758849,0.9316194323016767,0.9403928594709198,NA,NA
fIntestine_Sm-DS18495.hg19.hotspot.twopass.fdr0.05.merge.fa,fMuscle_leg-DS19158.hg19.hotspot.twopass.fdr0.05.merge.fa,minimizer,D,12,NA,10,30,0.89453125,0.8578415350120191,0.9521980643633157,0.8964471011633641,0.9239021563628157,0.9243225827633399,0.9521980643633157,NA,NA
fIntestine_Sm-DS18495.hg19.hotspot.twopass.fdr0.05.merge.fa,fSkin_fibro_bicep_R-DS19745.hg19.hotspot.twopass.fdr0.05.merge.fa,minimizer,D,12,NA,10,30,0.8828125,0.8432959362367144,0.8817457516781882,0.9508328479712355,0.9156379329487773,0.9162892998247119,0.9508328479712355,NA,NA
fIntestine_Sm-DS18495.hg19.hotspot.twopass.fdr0.05.merge.fa,fStomach-DS17659.hg19.hotspot.twopass.fdr0.05.merge.fa,minimizer,D,12,NA,10,30,0.912109375,0.8835073182277048,0.9212879890232459,0.9556432321723929,0.9383083883200548,0.9384656105978194,0.9556432321723929,NA,NA
fKidney_renal_cortex_L-DS17550.hg19.hotspot.twopass.fdr0.05.merge.fa,fBrain-DS14718.hotspot.twopass.fdr0.05.merge.fa,minimizer,D,12,NA,10,30,0.87939453125,0.8297976893992526,0.8992415121060721,0.9148589158275575,0.907016601189027,0.9070502139668148,0.9148589158275575,NA,NA
fKidney_renal_cortex_L-DS17550.hg19.hotspot.twopass.fdr0.05.merge.fa,fBrain-DS16302.hotspot.twopass.fdr0.05.merge.fa,minimizer,D,12,NA,10,30,0.88818359375,0.8453720250263304,0.910383775871969,0.9221066082251371,0.916226443491179,0.916245192048553,0.9221066082251371,NA,NA
fKidney_renal_cortex_L-DS17550.hg19.hotspot.twopass.fdr0.05.merge.fa,fHeart-DS15643.hotspot.twopass.fdr0.05.merge.fa,minimizer,D,12,NA,10,30,0.8984375,0.8591611602961323,0.9044590502923372,0.9449181379051786,0.924467285312856,0.9246885940987579,0.9449181379051786,NA,NA
fKidney_renal_cortex_L-DS17550.hg19.hotspot.twopass.fdr0.05.merge.fa,fHeart-DS15839.hotspot.twopass.fdr0.05.merge.fa,minimizer,D,12,NA,10,30,0.8837890625,0.8334065497445893,0.9082389605987677,0.9100317553594922,0.9091349160600847,0.9091353579791299,0.9100317553594922,NA,NA
fKidney_renal_cortex_L-DS17550.hg19.hotspot.twopass.fdr0.05.merge.fa,fHeart-DS16621.hotspot.twopass.fdr0.05.merge.fa,minimizer,D,12,NA,10,30,0.897705078125,0.847043577106861,0.9092663317682935,0.9252499575489095,0.9172233287859975,0.9172581446586014,0.9252499575489095,NA,NA
fKidney_renal_cortex_L-DS17550.hg19.hotspot.twopass.fdr0.05.merge.fa,fIntestine_Sm-DS16559.hotspot.twopass.fdr0.05.merge.fa,minimizer,D,12,NA,10,30,0.900390625,0.8591265866548389,0.9050441334495134,0.9442386191763992,0.9244336768325077,0.9246413763129563,0.9442386191763992,NA,NA
fKidney_renal_cortex_L-DS17550.hg19.hotspot.twopass.fdr0.05.merge.fa,fIntestine_Sm-DS16712.hg19.hotspot.twopass.fdr0.05.merge.fa,minimizer,D,12,NA,10,30,0.88232421875,0.8451297310357051,0.8658285422490478,0.9724909437889215,0.9176112554950286,0.9191597430189846,0.9724909437889215,NA,NA
fKidney_renal_cortex_L-DS17550.hg19.hotspot.twopass.fdr0.05.merge.fa,fIntestine_Sm-DS16822.hotspot.twopass.fdr0.05.merge.fa,minimizer,D,12,NA,10,30,0.894287109375,0.853154852156264,0.8996537558416319,0.942879048074005,0.9210128538213574,0.9212664019578185,0.942879048074005,NA,NA
fKidney_renal_cortex_L-DS17550.hg19.hotspot.twopass.fdr0.05.merge.fa,fIntestine_Sm-DS17808.hg19.hotspot.twopass.fdr0.05.merge.fa,minimizer,D,12,NA,10,30,0.894775390625,0.8569152376658256,0.8975984872948684,0.9497644053675481,0.9233131069926503,0.9236814463312082,0.9497644053675481,NA,NA
fKidney_renal_cortex_L-DS17550.hg19.hotspot.twopass.fdr0.05.merge.fa,fIntestine_Sm-DS18495.hg19.hotspot.twopass.fdr0.05.merge.fa,minimizer,D,12,NA,10,30,0.88330078125,0.8421488029676321,0.8864694975949606,0.9439588561053717,0.9147626648054907,0.9152141768501662,0.9439588561053717,NA,NA
fKidney_renal_cortex_L-DS17550.hg19.hotspot.twopass.fdr0.05.merge.fa,fKidney_renal_cortex_L-DS17550.hg19.hotspot.twopass.fdr0.05.merge.fa,minimizer,D,12,NA,10,30,1.0,1.0,1.0,1.0,1.0,1.0,1.0,NA,NA
fKidney_renal_cortex_L-DS17550.hg19.hotspot.twopass.fdr0.05.merge.fa,fLung_L-DS17154.hg19.hotspot.twopass.fdr0.05.merge.fa,minimizer,D,12,NA,10,30,0.906494140625,0.8690466498318123,0.934711697063456,0.9252083622769767,0.9299478901751504,0.9299600296702164,0.934711697063456,NA,NA
fKidney_renal_cortex_L-DS17550.hg19.hotspot.twopass.fdr0.05.merge.fa,fLung_L-DS18421.hg19.hotspot.twopass.fdr0.05.merge.fa,minimizer,D,12,NA,10,30,0.90234375,0.8638861068177934,0.9240286987147983,0.9299362514866093,0.9269777690694039,0.9269824751007039,0.9299362514866093,NA,NA
fKidney_renal_cortex_L-DS17550.hg19.hotspot.twopass.fdr0.05.merge.fa,fLung_R-DS15632.hotspot.twopass.fdr0.05.merge.fa,minimizer,D,12,NA,10,30,0.903564453125,0.8683170855795834,0.9170666391658209,0.9423119198127232,0.9296035850557735,0.929689279489272,0.9423119198127232,NA,NA
fKidney_renal_cortex_L-DS17550.hg19.hotspot.twopass.fdr0.05.merge.fa,fMuscle_arm-DS19053.hg19.hotspot.twopass.fdr0.05.merge.fa,minimizer,D,12,NA,10,30,0.8818359375,0.8373731638058353,0.9103795718260471,0.9126021174191963,0.9114901672007394,0.9114908446226218,0.9126021174191963,NA,NA
fKidney_renal_cortex_L-DS17550.hg19.hotspot.twopass.fdr0.05.merge.fa,fMuscle_back-DS18454.hg19.hotspot.twopass.fdr0.05.merge.fa,minimizer,D,12,NA,10,30,0.8896484375,0.8495234971394605,0.9128065109824146,0.9245493272820365,0.9186591564162708,0.9186779191322256,0.9245493272820365,NA,NA
fKidney_renal_cortex_L-DS17550.hg19.hotspot.twopass.fdr0.05.merge.fa,fMuscle_leg-DS19115.hg19.hotspot.twopass.fdr0.05.merge.fa,minimizer,D,12,NA,10,30,0.90673828125,0.87157770659738,0.91133646418425,0.9523310183762026,0.9316082776682238,0.9318337412802262,0.9523310183762026,NA,NA
fKidney_renal_cortex_L-DS17550.hg19.hotspot.twopass.fdr0.05.merge.fa,fMuscle_leg-DS19158.hg19.hotspot.twopass.fdr0.05.merge.fa,minimizer,D,12,NA,10,30,0.896484375,0.8524594191729347,0.919204254191344,0.9215070608115262,0.9203549372743738,0.9203556575014351,0.9215070608115262,NA,NA
fKidney_renal_cortex_L-DS17550.hg19.hotspot.twopass.fdr0.05.merge.fa,fSkin_fibro_bicep_R-DS19745.hg19.hotspot.twopass.fdr0.05.merge.fa,minimizer,D,12,NA,10,30,0.863037109375,0.8137364887296131,0.8393664938975143,0.9638327929311722,0.8994492493220987,0.9015996434143432,0.9638327929311722,NA,NA
fKidney_renal_cortex_L-DS17550.hg19.hotspot.twopass.fdr0.05.merge.fa,fStomach-DS17659.hg19.hotspot.twopass.fdr0.05.merge.fa,minimizer,D,12,NA,10,30,0.8896484375,0.8492268730382881,0.8749946000435508,0.9664847834276943,0.9196026133735664,0.9207396917356225,0.9664847834276943,NA,NA
fLung_L-DS17154.hg19.hotspot.twopass.fdr0.05.merge.fa,fBrain-DS14718.hotspot.twopass.fdr0.05.merge.fa,minimizer,D,12,NA,10,30,0.8828125,0.8376243673836508,0.8993018172491393,0.9243179283029976,0.9117240770314479,0.9118098727760684,0.9243179283029976,NA,NA
fLung_L-DS17154.hg19.hotspot.twopass.fdr0.05.merge.fa,fBrain-DS16302.hotspot.twopass.fdr0.05.merge.fa,minimizer,D,12,NA,10,30,0.908447265625,0.8725874559763953,0.9213576077833532,0.942807392778482,0.9320207959111441,0.9320825002809177,0.942807392778482,NA,NA
fLung_L-DS17154.hg19.hotspot.twopass.fdr0.05.merge.fa,fHeart-DS15643.hotspot.twopass.fdr0.05.merge.fa,minimizer,D,12,NA,10,30,0.912841796875,0.8826084908953727,0.9130079260320185,0.9636469530343184,0.9379857706900127,0.9383274395331684,0.9636469530343184,NA,NA
fLung_L-DS17154.hg19.hotspot.twopass.fdr0.05.merge.fa,fHeart-DS15839.hotspot.twopass.fdr0.05.merge.fa,minimizer,D,12,NA,10,30,0.899658203125,0.867952351112503,0.9236785966289905,0.9350082176083965,0.9293261420390031,0.9293434071186935,0.9350082176083965,NA,NA
fLung_L-DS17154.hg19.hotspot.twopass.fdr0.05.merge.fa,fHeart-DS16621.hotspot.twopass.fdr0.05.merge.fa,minimizer,D,12,NA,10,30,0.919921875,0.8850521248511213,0.9262195052549445,0.9521821026897376,0.9391110882456354,0.939200803972341,0.9521821026897376,NA,NA
fLung_L-DS17154.hg19.hotspot.twopass.fdr0.05.merge.fa,fIntestine_Sm-DS16559.hotspot.twopass.fdr0.05.merge.fa,minimizer,D,12,NA,10,30,0.91943359375,0.8903831605448371,0.9178723598018734,0.967458671346025,0.9423394153271745,0.9426655155739492,0.967458671346025,NA,NA
fLung_L-DS17154.hg19.hotspot.twopass.fdr0.05.merge.fa,fIntestine_Sm-DS16712.hg19.hotspot.twopass.fdr0.05.merge.fa,minimizer,D,12,NA,10,30,0.890380859375,0.8520842497217255,0.865510942652762,0.9821195553544809,0.9219735474256125,0.9238152490036214,0.9821195553544809,NA,NA
fLung_L-DS17154.hg19.hotspot.twopass.fdr0.05.merge.fa,fIntestine_Sm-DS16822.hotspot.twopass.fdr0.05.merge.fa,minimizer,D,12,NA,10,30,0.90869140625,0.8735228881731254,0.9065947283017236,0.9599130709860848,0.932873051268983,0.9332538996439042,0.9599130709860848,NA,NA
fLung_L-DS17154.hg19.hotspot.twopass.fdr0.05.merge.fa,fIntestine_Sm-DS17808.hg19.hotspot.twopass.fdr0.05.merge.fa,minimizer,D,12,NA,10,30,0.909423828125,0.8770592810849753,0.9043500117877094,0.9667372523660196,0.9350234465364105,0.9355436320768644,0.9667372523660196,NA,NA
fLung_L-DS17154.hg19.hotspot.twopass.fdr0.05.merge.fa,fIntestine_Sm-DS18495.hg19.hotspot.twopass.fdr0.05.merge.fa,minimizer,D,12,NA,10,30,0.900146484375,0.85756882425349,0.8907996431403574,0.9583131138840734,0.9239399222160807,0.9245563785122154,0.9583131138840734,NA,NA
fLung_L-DS17154.hg19.hotspot.twopass.fdr0.05.merge.fa,fKidney_renal_cortex_L-DS17550.hg19.hotspot.twopass.fdr0.05.merge.fa,minimizer,D,12,NA,10,30,0.906494140625,0.8690466498318123,0.9252083622769767,0.934711697063456,0.9299478901751504,0.9299600296702164,0.934711697063456,NA,NA
fLung_L-DS17154.hg19.hotspot.twopass.fdr0.05.merge.fa,fLung_L-DS17154.hg19.hotspot.twopass.fdr0.05.merge.fa,minimizer,D,12,NA,10,30,1.0,1.0,1.0,1.0,1.0,1.0,1.0,NA,NA
fLung_L-DS17154.hg19.hotspot.twopass.fdr0.05.merge.fa,fLung_L-DS18421.hg19.hotspot.twopass.fdr0.05.merge.fa,minimizer,D,12,NA,10,30,0.94970703125,0.930431987343456,0.9560313739259638,0.9720262446396634,0.9639956359626077,0.9640288092828135,0.9720262446396634,NA,NA
fLung_L-DS17154.hg19.hotspot.twopass.fdr0.05.merge.fa,fLung_R-DS15632.hotspot.twopass.fdr0.05.merge.fa,minimizer,D,12,NA,10,30,0.940185546875,0.9242321124029176,0.9430038427539948,0.9789158949705258,0.9607920954557088,0.9609598688622603,0.9789158949705258,NA,NA
fLung_L-DS17154.hg19.hotspot.twopass.fdr0.05.merge.fa,fMuscle_arm-DS19053.hg19.hotspot.twopass.fdr0.05.merge.fa,minimizer,D,12,NA,10,30,0.904296875,0.8707357967063653,0.9250476141936226,0.936830849945818,0.9309205887965754,0.9309392320697203,0.936830849945818,NA,NA
fLung_L-DS17154.hg19.hotspot.twopass.fdr0.05.merge.fa,fMuscle_back-DS18454.hg19.hotspot.twopass.fdr0.05.merge.fa,minimizer,D,12,NA,10,30,0.9111328125,0.8754083549450883,0.9229513612729848,0.9444267956383651,0.9336273328566983,0.933689078455675,0.9444267956383651,NA,NA
fLung_L-DS17154.hg19.hotspot.twopass.fdr0.05.merge.fa,fMuscle_leg-DS19115.hg19.hotspot.twopass.fdr0.05.merge.fa,minimizer,D,12,NA,10,30,0.925048828125,0.9021183995080942,0.9235106453478646,0.9749654291657653,0.9488893258334893,0.949238037256815,0.9749654291657653,NA,NA
fLung_L-DS17154.hg19.hotspot.twopass.fdr0.05.merge.fa,fMuscle_leg-DS19158.hg19.hotspot.twopass.fdr0.05.merge.fa,minimizer,D,12,NA,10,30,0.921142578125,0.8882422488383921,0.9348676068204236,0.9468362603366791,0.9408329016099249,0.9408519335785513,0.9468362603366791,NA,NA
fLung_L-DS17154.hg19.hotspot.twopass.fdr0.05.merge.fa,fSkin_fibro_bicep_R-DS19745.hg19.hotspot.twopass.fdr0.05.merge.fa,minimizer,D,12,NA,10,30,0.869873046875,0.8158478365255672,0.836587728982011,0.970509269421585,0.901063896547517,0.9035484992017979,0.970509269421585,NA,NA
fLung_L-DS17154.hg19.hotspot.twopass.fdr0.05.merge.fa,fStomach-DS17659.hg19.hotspot.twopass.fdr0.05.merge.fa,minimizer,D,12,NA,10,30,0.904296875,0.8678284413957144,0.8809790385865147,0.9830901649104159,0.930635174666548,0.9320346017484653,0.9830901649104159,NA,NA
fLung_L-DS18421.hg19.hotspot.twopass.fdr0.05.merge.fa,fBrain-DS14718.hotspot.twopass.fdr0.05.merge.fa,minimizer,D,12,NA,10,30,0.88134765625,0.8324640882570419,0.9036731659822659,0.9135271221030727,0.908586785420937,0.9086001440426693,0.9135271221030727,NA,NA
fLung_L-DS18421.hg19.hotspot.twopass.fdr0.05.merge.fa,fBrain-DS16302.hotspot.twopass.fdr0.05.merge.fa,minimizer,D,12,NA,10,30,0.904296875,0.8644228134775611,0.9243141310619961,0.9302688939096205,0.9272867325310307,0.9272915124858083,0.9302688939096205,NA,NA
fLung_L-DS18421.hg19.hotspot.twopass.fdr0.05.merge.fa,fHeart-DS15643.hotspot.twopass.fdr0.05.merge.fa,minimizer,D,12,NA,10,30,0.915771484375,0.8867187147145473,0.9227112511745215,0.9578629490701465,0.9401228218643731,0.940287100122334,0.9578629490701465,NA,NA
fLung_L-DS18421.hg19.hotspot.twopass.fdr0.05.merge.fa,fHeart-DS15839.hotspot.twopass.fdr0.05.merge.fa,minimizer,D,12,NA,10,30,0.89453125,0.8573122181156104,0.9252110137669164,0.9211481732394925,0.9231773584704371,0.9231795935032044,0.9252110137669164,NA,NA
fLung_L-DS18421.hg19.hotspot.twopass.fdr0.05.merge.fa,fHeart-DS16621.hotspot.twopass.fdr0.05.merge.fa,minimizer,D,12,NA,10,30,0.91796875,0.8840773478499402,0.9333145579699339,0.9436876801222238,0.9384867873523557,0.9385011190460788,0.9436876801222238,NA,NA
fLung_L-DS18421.hg19.hotspot.twopass.fdr0.05.merge.fa,fIntestine_Sm-DS16559.hotspot.twopass.fdr0.05.merge.fa,minimizer,D,12,NA,10,30,0.923095703125,0.8932431144791335,0.9269185727448109,0.9609169794925037,0.9437646926842762,0.9439177761186572,0.9609169794925037,NA,NA
fLung_L-DS18421.hg19.hotspot.twopass.fdr0.05.merge.fa,fIntestine_Sm-DS16712.hg19.hotspot.twopass.fdr0.05.merge.fa,minimizer,D,12,NA,10,30,0.89697265625,0.8608812144184689,0.8771336395139635,0.9789301768058284,0.9266350893484144,0.928031908159896,0.9789301768058284,NA,NA
fLung_L-DS18421.hg19.hotspot.twopass.fdr0.05.merge.fa,fIntestine_Sm-DS16822.hotspot.twopass.fdr0.05.merge.fa,minimizer,D,12,NA,10,30,0.915771484375,0.8807936997044374,0.9180067602297942,0.9560018861098759,0.9368117176046101,0.9370043231698351,0.9560018861098759,NA,NA
fLung_L-DS18421.hg19.hotspot.twopass.fdr0.05.merge.fa,fIntestine_Sm-DS17808.hg19.hotspot.twopass.fdr0.05.merge.fa,minimizer,D,12,NA,10,30,0.912841796875,0.8819275262521269,0.9143517796155664,0.9613452253544192,0.9375541145063259,0.9378485024849927,0.9613452253544192,NA,NA
fLung_L-DS18421.hg19.hotspot.twopass.fdr0.05.merge.fa,fIntestine_Sm-DS18495.hg19.hotspot.twopass.fdr0.05.merge.fa,minimizer,D,12,NA,10,30,0.904296875,0.8646744312971931,0.9019695339387697,0.954362616185699,0.9277963160789117,0.9281660750622343,0.954362616185699,NA,NA
fLung_L-DS18421.hg19.hotspot.twopass.fdr0.05.merge.fa,fKidney_renal_cortex_L-DS17550.hg19.hotspot.twopass.fdr0.05.merge.fa,minimizer,D,12,NA,10,30,0.90234375,0.8638861068177934,0.9299362514866093,0.9240286987147983,0.9269777690694039,0.9269824751007039,0.9299362514866093,NA,NA
fLung_L-DS18421.hg19.hotspot.twopass.fdr0.05.merge.fa,fLung_L-DS17154.hg19.hotspot.twopass.fdr0.05.merge.fa,minimizer,D,12,NA,10,30,0.94970703125,0.930431987343456,0.9720262446396634,0.9560313739259638,0.9639956359626077,0.9640288092828135,0.9720262446396634,NA,NA
fLung_L-DS18421.hg19.hotspot.twopass.fdr0.05.merge.fa,fLung_L-DS18421.hg19.hotspot.twopass.fdr0.05.merge.fa,minimizer,D,12,NA,10,30,1.0,1.0,1.0,1.0,1.0,1.0,1.0,NA,NA
fLung_L-DS18421.hg19.hotspot.twopass.fdr0.05.merge.fa,fLung_R-DS15632.hotspot.twopass.fdr0.05.merge.fa,minimizer,D,12,NA,10,30,0.93994140625,0.9235170101599528,0.9503624670566411,0.9703208149050345,0.960289791411717,0.9603416409808379,0.9703208149050345,NA,NA
fLung_L-DS18421.hg19.hotspot.twopass.fdr0.05.merge.fa,fMuscle_arm-DS19053.hg19.hotspot.twopass.fdr0.05.merge.fa,minimizer,D,12,NA,10,30,0.9013671875,0.8653367051890177,0.9296363580164998,0.9259858506155588,0.9278093089320988,0.9278111043160293,0.9296363580164998,NA,NA
fLung_L-DS18421.hg19.hotspot.twopass.fdr0.05.merge.fa,fMuscle_back-DS18454.hg19.hotspot.twopass.fdr0.05.merge.fa,minimizer,D,12,NA,10,30,0.90966796875,0.8732066424766236,0.9293338319440873,0.9353095898649275,0.932316923156083,0.9323217109045074,0.9353095898649275,NA,NA
fLung_L-DS18421.hg19.hotspot.twopass.fdr0.05.merge.fa,fMuscle_leg-DS19115.hg19.hotspot.twopass.fdr0.05.merge.fa,minimizer,D,12,NA,10,30,0.92578125,0.898593101288392,0.929110358274533,0.964736624714537,0.9467559300205556,0.946923491494535,0.964736624714537,NA,NA
fLung_L-DS18421.hg19.hotspot.twopass.fdr0.05.merge.fa,fMuscle_leg-DS19158.hg19.hotspot.twopass.fdr0.05.merge.fa,minimizer,D,12,NA,10,30,0.91796875,0.8826582571792926,0.9394906067710455,0.9358610351800176,0.9376740647979198,0.9376758209755316,0.9394906067710455,NA,NA
fLung_L-DS18421.hg19.hotspot.twopass.fdr0.05.merge.fa,fSkin_fibro_bicep_R-DS19745.hg19.hotspot.twopass.fdr0.05.merge.fa,minimizer,D,12,NA,10,30,0.8720703125,0.822322193564745,0.8467386973114841,0.966121527854442,0.904462538715701,0.906430112582963,0.966121527854442,NA,NA
fLung_L-DS18421.hg19.hotspot.twopass.fdr0.05.merge.fa,fStomach-DS17659.hg19.hotspot.twopass.fdr0.05.merge.fa,minimizer,D,12,NA,10,30,0.911865234375,0.881648488151622,0.895459845670606,0.9828065579120955,0.9381171614846541,0.9391332017913507,0.9828065579120955,NA,NA
fLung_R-DS15632.hotspot.twopass.fdr0.05.merge.fa,fBrain-DS14718.hotspot.twopass.fdr0.05.merge.fa,minimizer,D,12,NA,10,30,0.883544921875,0.8365437280078123,0.9155471969441609,0.9064935645715343,0.9110091339231395,0.9110203807578476,0.9155471969441609,NA,NA
fLung_R-DS15632.hotspot.twopass.fdr0.05.merge.fa,fBrain-DS16302.hotspot.twopass.fdr0.05.merge.fa,minimizer,D,12,NA,10,30,0.904052734375,0.8689279913196511,0.9365931863198901,0.9232383351699416,0.9298917862146575,0.9299157607449158,0.9365931863198901,NA,NA
fLung_R-DS15632.hotspot.twopass.fdr0.05.merge.fa,fHeart-DS15643.hotspot.twopass.fdr0.05.merge.fa,minimizer,D,12,NA,10,30,0.914794921875,0.8877488862012538,0.9327926896069169,0.9484110836790178,0.9405694687783362,0.9406018866429673,0.9484110836790178,NA,NA
fLung_R-DS15632.hotspot.twopass.fdr0.05.merge.fa,fHeart-DS15839.hotspot.twopass.fdr0.05.merge.fa,minimizer,D,12,NA,10,30,0.89501953125,0.8635529140528404,0.9385995386643712,0.9152568039320834,0.9268546886810685,0.9269281712982274,0.9385995386643712,NA,NA
fLung_R-DS15632.hotspot.twopass.fdr0.05.merge.fa,fHeart-DS16621.hotspot.twopass.fdr0.05.merge.fa,minimizer,D,12,NA,10,30,0.91455078125,0.8845938624138251,0.9433529197410111,0.934218303183505,0.9387745011362699,0.938785611462258,0.9433529197410111,NA,NA
fLung_R-DS15632.hotspot.twopass.fdr0.05.merge.fa,fIntestine_Sm-DS16559.hotspot.twopass.fdr0.05.merge.fa,minimizer,D,12,NA,10,30,0.916748046875,0.8883474145951966,0.9337582270836978,0.9480967394078152,0.9409001703120667,0.9409274832457566,0.9480967394078152,NA,NA
fLung_R-DS15632.hotspot.twopass.fdr0.05.merge.fa,fIntestine_Sm-DS16712.hg19.hotspot.twopass.fdr0.05.merge.fa,minimizer,D,12,NA,10,30,0.90185546875,0.8678572254161536,0.8896817831918205,0.9725111199268606,0.9301749444864679,0.9310964515593405,0.9725111199268606,NA,NA
fLung_R-DS15632.hotspot.twopass.fdr0.05.merge.fa,fIntestine_Sm-DS16822.hotspot.twopass.fdr0.05.merge.fa,minimizer,D,12,NA,10,30,0.90673828125,0.8721249457964518,0.9225750322628609,0.9409975556252276,0.9317407634316627,0.9317862939440442,0.9409975556252276,NA,NA
fLung_R-DS15632.hotspot.twopass.fdr0.05.merge.fa,fIntestine_Sm-DS17808.hg19.hotspot.twopass.fdr0.05.merge.fa,minimizer,D,12,NA,10,30,0.908447265625,0.8798982871963907,0.9225817004924864,0.9500464155180103,0.9362133504577882,0.9363140580052484,0.9500464155180103,NA,NA
fLung_R-DS15632.hotspot.twopass.fdr0.05.merge.fa,fIntestine_Sm-DS18495.hg19.hotspot.twopass.fdr0.05.merge.fa,minimizer,D,12,NA,10,30,0.90185546875,0.8604650237874668,0.9087890250476199,0.9417997106008771,0.9251471454785458,0.9252943678242485,0.9417997106008771,NA,NA
fLung_R-DS15632.hotspot.twopass.fdr0.05.merge.fa,fKidney_renal_cortex_L-DS17550.hg19.hotspot.twopass.fdr0.05.merge.fa,minimizer,D,12,NA,10,30,0.903564453125,0.8683170855795834,0.9423119198127232,0.9170666391658209,0.9296035850557735,0.929689279489272,0.9423119198127232,NA,NA
fLung_R-DS15632.hotspot.twopass.fdr0.05.merge.fa,fLung_L-DS17154.hg19.hotspot.twopass.fdr0.05.merge.fa,minimizer,D,12,NA,10,30,0.940185546875,0.9242321124029176,0.9789158949705258,0.9430038427539948,0.9607920954557088,0.9609598688622603,0.9789158949705258,NA,NA
fLung_R-DS15632.hotspot.twopass.fdr0.05.merge.fa,fLung_L-DS18421.hg19.hotspot.twopass.fdr0.05.merge.fa,minimizer,D,12,NA,10,30,0.93994140625,0.9235170101599528,0.9703208149050345,0.9503624670566411,0.960289791411717,0.9603416409808379,0.9703208149050345,NA,NA
fLung_R-DS15632.hotspot.twopass.fdr0.05.merge.fa,fLung_R-DS15632.hotspot.twopass.fdr0.05.merge.fa,minimizer,D,12,NA,10,30,1.0,1.0,1.0,1.0,1.0,1.0,1.0,NA,NA
fLung_R-DS15632.hotspot.twopass.fdr0.05.merge.fa,fMuscle_arm-DS19053.hg19.hotspot.twopass.fdr0.05.merge.fa,minimizer,D,12,NA,10,30,0.90234375,0.8764184977612269,0.945828514793836,0.9227362479821911,0.9342110334262985,0.9342823813880136,0.945828514793836,NA,NA
fLung_R-DS15632.hotspot.twopass.fdr0.05.merge.fa,fMuscle_back-DS18454.hg19.hotspot.twopass.fdr0.05.merge.fa,minimizer,D,12,NA,10,30,0.906982421875,0.8735923103004217,0.9392822918229836,0.9258778675583181,0.9325559958460157,0.9325800796906509,0.9392822918229836,NA,NA
fLung_R-DS15632.hotspot.twopass.fdr0.05.merge.fa,fMuscle_leg-DS19115.hg19.hotspot.twopass.fdr0.05.merge.fa,minimizer,D,12,NA,10,30,0.923828125,0.9002694033347608,0.9396043454692632,0.9555653853743169,0.9475512590238689,0.94758486542179,0.9555653853743169,NA,NA
fLung_R-DS15632.hotspot.twopass.fdr0.05.merge.fa,fMuscle_leg-DS19158.hg19.hotspot.twopass.fdr0.05.merge.fa,minimizer,D,12,NA,10,30,0.914794921875,0.8812142391673518,0.948549096268469,0.9254493750320122,0.9369280486402543,0.9369992356502406,0.948549096268469,NA,NA
fLung_R-DS15632.hotspot.twopass.fdr0.05.merge.fa,fSkin_fibro_bicep_R-DS19745.hg19.hotspot.twopass.fdr0.05.merge.fa,minimizer,D,12,NA,10,30,0.876953125,0.8293262609904714,0.8590253986095082,0.9599802196326445,0.9081009805231881,0.9095028091210764,0.9599802196326445,NA,NA
fLung_R-DS15632.hotspot.twopass.fdr0.05.merge.fa,fStomach-DS17659.hg19.hotspot.twopass.fdr0.05.merge.fa,minimizer,D,12,NA,10,30,0.911376953125,0.8790412286106607,0.903001865612982,0.9706988292498483,0.9362386735020887,0.9368503474314152,0.9706988292498483,NA,NA
fMuscle_arm-DS19053.hg19.hotspot.twopass.fdr0.05.merge.fa,fBrain-DS14718.hotspot.twopass.fdr0.05.merge.fa,minimizer,D,12,NA,10,30,0.871337890625,0.8264005256080792,0.8983116059733455,0.9116871219622956,0.9049746530567401,0.9049993639678205,0.9116871219622956,NA,NA
fMuscle_arm-DS19053.hg19.hotspot.twopass.fdr0.05.merge.fa,fBrain-DS16302.hotspot.twopass.fdr0.05.merge.fa,minimizer,D,12,NA,10,30,0.8916015625,0.8501421240953263,0.9142678203372021,0.9237853930113012,0.919014285921491,0.9190266066742516,0.9237853930113012,NA,NA
fMuscle_arm-DS19053.hg19.hotspot.twopass.fdr0.05.merge.fa,fHeart-DS15643.hotspot.twopass.fdr0.05.merge.fa,minimizer,D,12,NA,10,30,0.900634765625,0.8615238887158909,0.9068767011228732,0.9451365381515766,0.9258090007283329,0.926006619637225,0.9451365381515766,NA,NA
fMuscle_arm-DS19053.hg19.hotspot.twopass.fdr0.05.merge.fa,fHeart-DS15839.hotspot.twopass.fdr0.05.merge.fa,minimizer,D,12,NA,10,30,0.88037109375,0.8392796350969961,0.9128306308350705,0.9124049988561447,0.912617790032019,0.9126178148456077,0.9128306308350705,NA,NA
fMuscle_arm-DS19053.hg19.hotspot.twopass.fdr0.05.merge.fa,fHeart-DS16621.hotspot.twopass.fdr0.05.merge.fa,minimizer,D,12,NA,10,30,0.90185546875,0.8619525946321722,0.9189723694936629,0.9328492121798698,0.9258847935338562,0.9259107908367663,0.9328492121798698,NA,NA
fMuscle_arm-DS19053.hg19.hotspot.twopass.fdr0.05.merge.fa,fIntestine_Sm-DS16559.hotspot.twopass.fdr0.05.merge.fa,minimizer,D,12,NA,10,30,0.89697265625,0.8677919452381578,0.911018636512442,0.9481570849958091,0.9294023750628645,0.9295878607541255,0.9481570849958091,NA,NA
fMuscle_arm-DS19053.hg19.hotspot.twopass.fdr0.05.merge.fa,fIntestine_Sm-DS16712.hg19.hotspot.twopass.fdr0.05.merge.fa,minimizer,D,12,NA,10,30,0.8798828125,0.840619834553266,0.8643110085857969,0.9684222160379016,0.9148868685693391,0.9163666123118492,0.9684222160379016,NA,NA
fMuscle_arm-DS19053.hg19.hotspot.twopass.fdr0.05.merge.fa,fIntestine_Sm-DS16822.hotspot.twopass.fdr0.05.merge.fa,minimizer,D,12,NA,10,30,0.890380859375,0.855419540659444,0.9020148119553063,0.9430512366566131,0.922304821573125,0.9225330243059597,0.9430512366566131,NA,NA
fMuscle_arm-DS19053.hg19.hotspot.twopass.fdr0.05.merge.fa,fIntestine_Sm-DS17808.hg19.hotspot.twopass.fdr0.05.merge.fa,minimizer,D,12,NA,10,30,0.8916015625,0.8533299172038668,0.896634441841349,0.9464337661624849,0.9211976507041827,0.9215341040019169,0.9464337661624849,NA,NA
fMuscle_arm-DS19053.hg19.hotspot.twopass.fdr0.05.merge.fa,fIntestine_Sm-DS18495.hg19.hotspot.twopass.fdr0.05.merge.fa,minimizer,D,12,NA,10,30,0.881591796875,0.843052528984075,0.8880343563501848,0.9433222293451984,0.9152609184092724,0.9156782928476916,0.9433222293451984,NA,NA
fMuscle_arm-DS19053.hg19.hotspot.twopass.fdr0.05.merge.fa,fKidney_renal_cortex_L-DS17550.hg19.hotspot.twopass.fdr0.05.merge.fa,minimizer,D,12,NA,10,30,0.8818359375,0.8373731638058353,0.9126021174191963,0.9103795718260471,0.9114901672007394,0.9114908446226218,0.9126021174191963,NA,NA
fMuscle_arm-DS19053.hg19.hotspot.twopass.fdr0.05.merge.fa,fLung_L-DS17154.hg19.hotspot.twopass.fdr0.05.merge.fa,minimizer,D,12,NA,10,30,0.904296875,0.8707357967063653,0.936830849945818,0.9250476141936226,0.9309205887965754,0.9309392320697203,0.936830849945818,NA,NA
fMuscle_arm-DS19053.hg19.hotspot.twopass.fdr0.05.merge.fa,fLung_L-DS18421.hg19.hotspot.twopass.fdr0.05.merge.fa,minimizer,D,12,NA,10,30,0.9013671875,0.8653367051890177,0.9259858506155588,0.9296363580164998,0.9278093089320988,0.9278111043160293,0.9296363580164998,NA,NA
fMuscle_arm-DS19053.hg19.hotspot.twopass.fdr0.05.merge.fa,fLung_R-DS15632.hotspot.twopass.fdr0.05.merge.fa,minimizer,D,12,NA,10,30,0.90234375,0.8764184977612269,0.9227362479821911,0.945828514793836,0.9342110334262985,0.9342823813880136,0.945828514793836,NA,NA
fMuscle_arm-DS19053.hg19.hotspot.twopass.fdr0.05.merge.fa,fMuscle_arm-DS19053.hg19.hotspot.twopass.fdr0.05.merge.fa,minimizer,D,12,NA,10,30,1.0,1.0,1.0,1.0,1.0,1.0,1.0,NA,NA
fMuscle_arm-DS19053.hg19.hotspot.twopass.fdr0.05.merge.fa,fMuscle_back-DS18454.hg19.hotspot.twopass.fdr0.05.merge.fa,minimizer,D,12,NA,10,30,0.910400390625,0.8762035941144936,0.9292117144989647,0.9388734669792499,0.9340300979890187,0.9340425907391072,0.9388734669792499,NA,NA
fMuscle_arm-DS19053.hg19.hotspot.twopass.fdr0.05.merge.fa,fMuscle_leg-DS19115.hg19.hotspot.twopass.fdr0.05.merge.fa,minimizer,D,12,NA,10,30,0.923828125,0.8936421899109105,0.9246223789859296,0.9638614590772541,0.944038068779464,0.9442419190315918,0.9638614590772541,NA,NA
fMuscle_arm-DS19053.hg19.hotspot.twopass.fdr0.05.merge.fa,fMuscle_leg-DS19158.hg19.hotspot.twopass.fdr0.05.merge.fa,minimizer,D,12,NA,10,30,0.91259765625,0.88104370931884,0.9367306411797057,0.9367903319872742,0.9367604861080493,0.93676048658349,0.9367903319872742,NA,NA
fMuscle_arm-DS19053.hg19.hotspot.twopass.fdr0.05.merge.fa,fSkin_fibro_bicep_R-DS19745.hg19.hotspot.twopass.fdr0.05.merge.fa,minimizer,D,12,NA,10,30,0.865234375,0.8123678560234278,0.8395405275479811,0.961684834179535,0.8985395890120699,0.900612680863758,0.961684834179535,NA,NA
fMuscle_arm-DS19053.hg19.hotspot.twopass.fdr0.05.merge.fa,fStomach-DS17659.hg19.hotspot.twopass.fdr0.05.merge.fa,minimizer,D,12,NA,10,30,0.890869140625,0.8581779171005922,0.8809786432558017,0.9707246548867506,0.9247635857001971,0.9258516490712762,0.9707246548867506,NA,NA
fMuscle_back-DS18454.hg19.hotspot.twopass.fdr0.05.merge.fa,fBrain-DS14718.hotspot.twopass.fdr0.05.merge.fa,minimizer,D,12,NA,10,30,0.878173828125,0.8313607884919252,0.9059067164933435,0.9099340138608685,0.907918132169585,0.907920365177106,0.9099340138608685,NA,NA
fMuscle_back-DS18454.hg19.hotspot.twopass.fdr0.05.merge.fa,fBrain-DS16302.hotspot.twopass.fdr0.05.merge.fa,minimizer,D,12,NA,10,30,0.8935546875,0.852977781686496,0.9206506603901613,0.9206618262420767,0.9206562432991914,0.920656243316119,0.9206618262420767,NA,NA
fMuscle_back-DS18454.hg19.hotspot.twopass.fdr0.05.merge.fa,fHeart-DS15643.hotspot.twopass.fdr0.05.merge.fa,minimizer,D,12,NA,10,30,0.9091796875,0.8750370537551361,0.9191189528719469,0.9480377711255281,0.9334663804765279,0.9335783619987374,0.9480377711255281,NA,NA
fMuscle_back-DS18454.hg19.hotspot.twopass.fdr0.05.merge.fa,fHeart-DS15839.hotspot.twopass.fdr0.05.merge.fa,minimizer,D,12,NA,10,30,0.883056640625,0.838914839737931,0.9173605680585448,0.9074968580095226,0.91241538411787,0.9124287130340337,0.9173605680585448,NA,NA
fMuscle_back-DS18454.hg19.hotspot.twopass.fdr0.05.merge.fa,fHeart-DS16621.hotspot.twopass.fdr0.05.merge.fa,minimizer,D,12,NA,10,30,0.906494140625,0.8657024164275424,0.9258680955370263,0.9301772742153138,0.9280201837188429,0.9280226848761701,0.9301772742153138,NA,NA
fMuscle_back-DS18454.hg19.hotspot.twopass.fdr0.05.merge.fa,fIntestine_Sm-DS16559.hotspot.twopass.fdr0.05.merge.fa,minimizer,D,12,NA,10,30,0.90087890625,0.8641419543617748,0.9135943117775629,0.9410528853093986,0.9272219599969199,0.9273235985434807,0.9410528853093986,NA,NA
fMuscle_back-DS18454.hg19.hotspot.twopass.fdr0.05.merge.fa,fIntestine_Sm-DS16712.hg19.hotspot.twopass.fdr0.05.merge.fa,minimizer,D,12,NA,10,30,0.884033203125,0.8415855055508609,0.869091006026412,0.9637570438098936,0.9152008406736639,0.9164240249181528,0.9637570438098936,NA,NA
fMuscle_back-DS18454.hg19.hotspot.twopass.fdr0.05.merge.fa,fIntestine_Sm-DS16822.hotspot.twopass.fdr0.05.merge.fa,minimizer,D,12,NA,10,30,0.894287109375,0.8518182276266643,0.9045388947257554,0.9359582489450775,0.9201144711448863,0.9202485718354165,0.9359582489450775,NA,NA
fMuscle_back-DS18454.hg19.hotspot.twopass.fdr0.05.merge.fa,fIntestine_Sm-DS17808.hg19.hotspot.twopass.fdr0.05.merge.fa,minimizer,D,12,NA,10,30,0.8935546875,0.8544317615887689,0.9017974780828292,0.9420879222190703,0.9217225788649479,0.9219427001509497,0.9420879222190703,NA,NA
fMuscle_back-DS18454.hg19.hotspot.twopass.fdr0.05.merge.fa,fIntestine_Sm-DS18495.hg19.hotspot.twopass.fdr0.05.merge.fa,minimizer,D,12,NA,10,30,0.884033203125,0.8393173997065945,0.8903619259447052,0.9360617328552187,0.9129259155419517,0.9132118293999619,0.9360617328552187,NA,NA
fMuscle_back-DS18454.hg19.hotspot.twopass.fdr0.05.merge.fa,fKidney_renal_cortex_L-DS17550.hg19.hotspot.twopass.fdr0.05.merge.fa,minimizer,D,12,NA,10,30,0.8896484375,0.8495234971394605,0.9245493272820365,0.9128065109824146,0.9186591564162708,0.9186779191322256,0.9245493272820365,NA,NA
fMuscle_back-DS18454.hg19.hotspot.twopass.fdr0.05.merge.fa,fLung_L-DS17154.hg19.hotspot.twopass.fdr0.05.merge.fa,minimizer,D,12,NA,10,30,0.9111328125,0.8754083549450883,0.9444267956383651,0.9229513612729848,0.9336273328566983,0.933689078455675,0.9444267956383651,NA,NA
fMuscle_back-DS18454.hg19.hotspot.twopass.fdr0.05.merge.fa,fLung_L-DS18421.hg19.hotspot.twopass.fdr0.05.merge.fa,minimizer,D,12,NA,10,30,0.90966796875,0.8732066424766236,0.9353095898649275,0.9293338319440873,0.932316923156083,0.9323217109045074,0.9353095898649275,NA,NA
fMuscle_back-DS18454.hg19.hotspot.twopass.fdr0.05.merge.fa,fLung_R-DS15632.hotspot.twopass.fdr0.05.merge.fa,minimizer,D,12,NA,10,30,0.906982421875,0.8735923103004217,0.9258778675583181,0.9392822918229836,0.9325559958460157,0.9325800796906509,0.9392822918229836,NA,NA
fMuscle_back-DS18454.hg19.hotspot.twopass.fdr0.05.merge.fa,fMuscle_arm-DS19053.hg19.hotspot.twopass.fdr0.05.merge.fa,minimizer,D,12,NA,10,30,0.910400390625,0.8762035941144936,0.9388734669792499,0.9292117144989647,0.9340300979890187,0.9340425907391072,0.9388734669792499,NA,NA
fMuscle_back-DS18454.hg19.hotspot.twopass.fdr0.05.merge.fa,fMuscle_back-DS18454.hg19.hotspot.twopass.fdr0.05.merge.fa,minimizer,D,12,NA,10,30,1.0,1.0,1.0,1.0,1.0,1.0,1.0,NA,NA
fMuscle_back-DS18454.hg19.hotspot.twopass.fdr0.05.merge.fa,fMuscle_leg-DS19115.hg19.hotspot.twopass.fdr0.05.merge.fa,minimizer,D,12,NA,10,30,0.9384765625,0.9145085149249683,0.940663815868242,0.9704926782281322,0.9554618495650492,0.9555782470481871,0.9704926782281322,NA,NA
fMuscle_back-DS18454.hg19.hotspot.twopass.fdr0.05.merge.fa,fMuscle_leg-DS19158.hg19.hotspot.twopass.fdr0.05.merge.fa,minimizer,D,12,NA,10,30,0.92431640625,0.8875297933970712,0.9452729199005309,0.9356049272505085,0.940426499762428,0.9404389235755197,0.9452729199005309,NA,NA
fMuscle_back-DS18454.hg19.hotspot.twopass.fdr0.05.merge.fa,fSkin_fibro_bicep_R-DS19745.hg19.hotspot.twopass.fdr0.05.merge.fa,minimizer,D,12,NA,10,30,0.8759765625,0.8252042913790152,0.850912575966,0.9646808427103784,0.906012726652192,0.9077967093381891,0.9646808427103784,NA,NA
fMuscle_back-DS18454.hg19.hotspot.twopass.fdr0.05.merge.fa,fStomach-DS17659.hg19.hotspot.twopass.fdr0.05.merge.fa,minimizer,D,12,NA,10,30,0.901123046875,0.8618939743037884,0.8873957881315827,0.9677332282701185,0.9266943351515011,0.9275645082008506,0.9677332282701185,NA,NA
fMuscle_leg-DS19115.hg19.hotspot.twopass.fdr0.05.merge.fa,fBrain-DS14718.hotspot.twopass.fdr0.05.merge.fa,minimizer,D,12,NA,10,30,0.897705078125,0.8586828409245982,0.9365093792083047,0.9117604013195908,0.92405203718542,0.9241348902639477,0.9365093792083047,NA,NA
fMuscle_leg-DS19115.hg19.hotspot.twopass.fdr0.05.merge.fa,fBrain-DS16302.hotspot.twopass.fdr0.05.merge.fa,minimizer,D,12,NA,10,30,0.90869140625,0.8756931715442567,0.9485261382567749,0.9193835852783401,0.9338411865626468,0.9339548617675575,0.9485261382567749,NA,NA
fMuscle_leg-DS19115.hg19.hotspot.twopass.fdr0.05.merge.fa,fHeart-DS15643.hotspot.twopass.fdr0.05.merge.fa,minimizer,D,12,NA,10,30,0.92529296875,0.8968706686128423,0.945744994986662,0.9455187506924678,0.9456318660733906,0.945631872839565,0.945744994986662,NA,NA
fMuscle_leg-DS19115.hg19.hotspot.twopass.fdr0.05.merge.fa,fHeart-DS15839.hotspot.twopass.fdr0.05.merge.fa,minimizer,D,12,NA,10,30,0.900390625,0.8646932927059543,0.9473423312313761,0.9083520083541571,0.9276423390364035,0.9278471697927666,0.9473423312313761,NA,NA
fMuscle_leg-DS19115.hg19.hotspot.twopass.fdr0.05.merge.fa,fHeart-DS16621.hotspot.twopass.fdr0.05.merge.fa,minimizer,D,12,NA,10,30,0.920654296875,0.8844616253913218,0.9513287871004306,0.926380531865823,0.9387717868435146,0.9388546594831269,0.9513287871004306,NA,NA
fMuscle_leg-DS19115.hg19.hotspot.twopass.fdr0.05.merge.fa,fIntestine_Sm-DS16559.hotspot.twopass.fdr0.05.merge.fa,minimizer,D,12,NA,10,30,0.922119140625,0.8957343555617684,0.9457589876620037,0.9442419610923677,0.9450001699633195,0.9450004743771857,0.9457589876620037,NA,NA
fMuscle_leg-DS19115.hg19.hotspot.twopass.fdr0.05.merge.fa,fIntestine_Sm-DS16712.hg19.hotspot.twopass.fdr0.05.merge.fa,minimizer,D,12,NA,10,30,0.9072265625,0.8712174364893843,0.898758011055014,0.9660225390025378,0.9317835026379441,0.9323902750287758,0.9660225390025378,NA,NA
fMuscle_leg-DS19115.hg19.hotspot.twopass.fdr0.05.merge.fa,fIntestine_Sm-DS16822.hotspot.twopass.fdr0.05.merge.fa,minimizer,D,12,NA,10,30,0.916748046875,0.8860773744257662,0.938224782061596,0.9409754775765757,0.9395991232300023,0.9396001298190859,0.9409754775765757,NA,NA
fMuscle_leg-DS19115.hg19.hotspot.twopass.fdr0.05.merge.fa,fIntestine_Sm-DS17808.hg19.hotspot.twopass.fdr0.05.merge.fa,minimizer,D,12,NA,10,30,0.91748046875,0.887288260190633,0.9344426764710125,0.9461876159932203,0.9402968086367365,0.9403151462321164,0.9461876159932203,NA,NA
fMuscle_leg-DS19115.hg19.hotspot.twopass.fdr0.05.merge.fa,fIntestine_Sm-DS18495.hg19.hotspot.twopass.fdr0.05.merge.fa,minimizer,D,12,NA,10,30,0.906982421875,0.8718473577274292,0.9228460051324335,0.9403928594709198,0.9315781199758849,0.9316194323016767,0.9403928594709198,NA,NA
fMuscle_leg-DS19115.hg19.hotspot.twopass.fdr0.05.merge.fa,fKidney_renal_cortex_L-DS17550.hg19.hotspot.twopass.fdr0.05.merge.fa,minimizer,D,12,NA,10,30,0.90673828125,0.87157770659738,0.9523310183762026,0.91133646418425,0.9316082776682238,0.9318337412802262,0.9523310183762026,NA,NA
fMuscle_leg-DS19115.hg19.hotspot.twopass.fdr0.05.merge.fa,fLung_L-DS17154.hg19.hotspot.twopass.fdr0.05.merge.fa,minimizer,D,12,NA,10,30,0.925048828125,0.9021183995080942,0.9749654291657653,0.9235106453478646,0.9488893258334893,0.949238037256815,0.9749654291657653,NA,NA
fMuscle_leg-DS19115.hg19.hotspot.twopass.fdr0.05.merge.fa,fLung_L-DS18421.hg19.hotspot.twopass.fdr0.05.merge.fa,minimizer,D,12,NA,10,30,0.92578125,0.898593101288392,0.964736624714537,0.929110358274533,0.9467559300205556,0.946923491494535,0.964736624714537,NA,NA
fMuscle_leg-DS19115.hg19.hotspot.twopass.fdr0.05.merge.fa,fLung_R-DS15632.hotspot.twopass.fdr0.05.merge.fa,minimizer,D,12,NA,10,30,0.923828125,0.9002694033347608,0.9555653853743169,0.9396043454692632,0.9475512590238689,0.94758486542179,0.9555653853743169,NA,NA
fMuscle_leg-DS19115.hg19.hotspot.twopass.fdr0.05.merge.fa,fMuscle_arm-DS19053.hg19.hotspot.twopass.fdr0.05.merge.fa,minimizer,D,12,NA,10,30,0.923828125,0.8936421899109105,0.9638614590772541,0.9246223789859296,0.944038068779464,0.9442419190315918,0.9638614590772541,NA,NA
fMuscle_leg-DS19115.hg19.hotspot.twopass.fdr0.05.merge.fa,fMuscle_back-DS18454.hg19.hotspot.twopass.fdr0.05.merge.fa,minimizer,D,12,NA,10,30,0.9384765625,0.9145085149249683,0.9704926782281322,0.940663815868242,0.9554618495650492,0.9555782470481871,0.9704926782281322,NA,NA
fMuscle_leg-DS19115.hg19.hotspot.twopass.fdr0.05.merge.fa,fMuscle_leg-DS19115.hg19.hotspot.twopass.fdr0.05.merge.fa,minimizer,D,12,NA,10,30,1.0,1.0,1.0,1.0,1.0,1.0,1.0,NA,NA
fMuscle_leg-DS19115.hg19.hotspot.twopass.fdr0.05.merge.fa,fMuscle_leg-DS19158.hg19.hotspot.twopass.fdr0.05.merge.fa,minimizer,D,12,NA,10,30,0.938232421875,0.9118226381598,0.9740864863232992,0.9344906866792414,0.9540831984105104,0.9542885865012702,0.9740864863232992,NA,NA
fMuscle_leg-DS19115.hg19.hotspot.twopass.fdr0.05.merge.fa,fSkin_fibro_bicep_R-DS19745.hg19.hotspot.twopass.fdr0.05.merge.fa,minimizer,D,12,NA,10,30,0.891845703125,0.8495680379379978,0.8773435013474108,0.9640743995669783,0.9196871257528265,0.9207089504571946,0.9640743995669783,NA,NA
fMuscle_leg-DS19115.hg19.hotspot.twopass.fdr0.05.merge.fa,fStomach-DS17659.hg19.hotspot.twopass.fdr0.05.merge.fa,minimizer,D,12,NA,10,30,0.919921875,0.8904185507397563,0.9166274740518304,0.9688874615605233,0.9423952814667063,0.9427574678061769,0.9688874615605233,NA,NA
fMuscle_leg-DS19158.hg19.hotspot.twopass.fdr0.05.merge.fa,fBrain-DS14718.hotspot.twopass.fdr0.05.merge.fa,minimizer,D,12,NA,10,30,0.876220703125,0.8353238363004166,0.9036252406658791,0.9170214397534296,0.9102986977871406,0.9103233402096544,0.9170214397534296,NA,NA
fMuscle_leg-DS19158.hg19.hotspot.twopass.fdr0.05.merge.fa,fBrain-DS16302.hotspot.twopass.fdr0.05.merge.fa,minimizer,D,12,NA,10,30,0.8974609375,0.8578362283141263,0.9187507590924301,0.9282558486052789,0.9234910749639587,0.9235033038488545,0.9282558486052789,NA,NA
fMuscle_leg-DS19158.hg19.hotspot.twopass.fdr0.05.merge.fa,fHeart-DS15643.hotspot.twopass.fdr0.05.merge.fa,minimizer,D,12,NA,10,30,0.90966796875,0.8733780141586488,0.913565985199111,0.9520473667729664,0.9326082192336526,0.9328066759860387,0.9520473667729664,NA,NA
fMuscle_leg-DS19158.hg19.hotspot.twopass.fdr0.05.merge.fa,fHeart-DS15839.hotspot.twopass.fdr0.05.merge.fa,minimizer,D,12,NA,10,30,0.88818359375,0.8477076539529844,0.9178209542710855,0.9173345405790708,0.9175777151937108,0.9175777474250781,0.9178209542710855,NA,NA
fMuscle_leg-DS19158.hg19.hotspot.twopass.fdr0.05.merge.fa,fHeart-DS16621.hotspot.twopass.fdr0.05.merge.fa,minimizer,D,12,NA,10,30,0.913818359375,0.8743086038567918,0.9260300475313819,0.939953567739562,0.9329658337855458,0.932991807635472,0.939953567739562,NA,NA
fMuscle_leg-DS19158.hg19.hotspot.twopass.fdr0.05.merge.fa,fIntestine_Sm-DS16559.hotspot.twopass.fdr0.05.merge.fa,minimizer,D,12,NA,10,30,0.90771484375,0.8772270675134267,0.9163237042536562,0.9536176514394215,0.9347847125454303,0.9349706778465388,0.9536176514394215,NA,NA
fMuscle_leg-DS19158.hg19.hotspot.twopass.fdr0.05.merge.fa,fIntestine_Sm-DS16712.hg19.hotspot.twopass.fdr0.05.merge.fa,minimizer,D,12,NA,10,30,0.88818359375,0.8470511900988479,0.8679171803067257,0.9724008079814395,0.9186747886990438,0.9201589941440826,0.9724008079814395,NA,NA
fMuscle_leg-DS19158.hg19.hotspot.twopass.fdr0.05.merge.fa,fIntestine_Sm-DS16822.hotspot.twopass.fdr0.05.merge.fa,minimizer,D,12,NA,10,30,0.900634765625,0.8657065629666496,0.9078571710749963,0.9490989101724029,0.9282490245938747,0.9284780406236997,0.9490989101724029,NA,NA
fMuscle_leg-DS19158.hg19.hotspot.twopass.fdr0.05.merge.fa,fIntestine_Sm-DS17808.hg19.hotspot.twopass.fdr0.05.merge.fa,minimizer,D,12,NA,10,30,0.894287109375,0.8541617550690765,0.8971336523733817,0.9469003641375977,0.9216811716165456,0.9220170082554897,0.9469003641375977,NA,NA
fMuscle_leg-DS19158.hg19.hotspot.twopass.fdr0.05.merge.fa,fIntestine_Sm-DS18495.hg19.hotspot.twopass.fdr0.05.merge.fa,minimizer,D,12,NA,10,30,0.89453125,0.8578415350120191,0.8964471011633641,0.9521980643633157,0.9239021563628157,0.9243225827633399,0.9521980643633157,NA,NA
fMuscle_leg-DS19158.hg19.hotspot.twopass.fdr0.05.merge.fa,fKidney_renal_cortex_L-DS17550.hg19.hotspot.twopass.fdr0.05.merge.fa,minimizer,D,12,NA,10,30,0.896484375,0.8524594191729347,0.9215070608115262,0.919204254191344,0.9203549372743738,0.9203556575014351,0.9215070608115262,NA,NA
fMuscle_leg-DS19158.hg19.hotspot.twopass.fdr0.05.merge.fa,fLung_L-DS17154.hg19.hotspot.twopass.fdr0.05.merge.fa,minimizer,D,12,NA,10,30,0.921142578125,0.8882422488383921,0.9468362603366791,0.9348676068204236,0.9408329016099249,0.9408519335785513,0.9468362603366791,NA,NA
fMuscle_leg-DS19158.hg19.hotspot.twopass.fdr0.05.merge.fa,fLung_L-DS18421.hg19.hotspot.twopass.fdr0.05.merge.fa,minimizer,D,12,NA,10,30,0.91796875,0.8826582571792926,0.9358610351800176,0.9394906067710455,0.9376740647979198,0.9376758209755316,0.9394906067710455,NA,NA
fMuscle_leg-DS19158.hg19.hotspot.twopass.fdr0.05.merge.fa,fLung_R-DS15632.hotspot.twopass.fdr0.05.merge.fa,minimizer,D,12,NA,10,30,0.914794921875,0.8812142391673518,0.9254493750320122,0.948549096268469,0.9369280486402543,0.9369992356502406,0.948549096268469,NA,NA
fMuscle_leg-DS19158.hg19.hotspot.twopass.fdr0.05.merge.fa,fMuscle_arm-DS19053.hg19.hotspot.twopass.fdr0.05.merge.fa,minimizer,D,12,NA,10,30,0.91259765625,0.88104370931884,0.9367903319872742,0.9367306411797057,0.9367604861080493,0.93676048658349,0.9367903319872742,NA,NA
fMuscle_leg-DS19158.hg19.hotspot.twopass.fdr0.05.merge.fa,fMuscle_back-DS18454.hg19.hotspot.twopass.fdr0.05.merge.fa,minimizer,D,12,NA,10,30,0.92431640625,0.8875297933970712,0.9356049272505085,0.9452729199005309,0.940426499762428,0.9404389235755197,0.9452729199005309,NA,NA
fMuscle_leg-DS19158.hg19.hotspot.twopass.fdr0.05.merge.fa,fMuscle_leg-DS19115.hg19.hotspot.twopass.fdr0.05.merge.fa,minimizer,D,12,NA,10,30,0.938232421875,0.9118226381598,0.9344906866792414,0.9740864863232992,0.9540831984105104,0.9542885865012702,0.9740864863232992,NA,NA
fMuscle_leg-DS19158.hg19.hotspot.twopass.fdr0.05.merge.fa,fMuscle_leg-DS19158.hg19.hotspot.twopass.fdr0.05.merge.fa,minimizer,D,12,NA,10,30,1.0,1.0,1.0,1.0,1.0,1.0,1.0,NA,NA
fMuscle_leg-DS19158.hg19.hotspot.twopass.fdr0.05.merge.fa,fSkin_fibro_bicep_R-DS19745.hg19.hotspot.twopass.fdr0.05.merge.fa,minimizer,D,12,NA,10,30,0.875,0.8332929945610648,0.8513615584290127,0.9751635607327662,0.9111623174762185,0.9132625595808894,0.9751635607327662,NA,NA
fMuscle_leg-DS19158.hg19.hotspot.twopass.fdr0.05.merge.fa,fStomach-DS17659.hg19.hotspot.twopass.fdr0.05.merge.fa,minimizer,D,12,NA,10,30,0.8974609375,0.8646421267040613,0.884564295879415,0.9746134760662837,0.9284978638700044,0.9295888859728494,0.9746134760662837,NA,NA
fSkin_fibro_bicep_R-DS19745.hg19.hotspot.twopass.fdr0.05.merge.fa,fBrain-DS14718.hotspot.twopass.fdr0.05.merge.fa,minimizer,D,12,NA,10,30,0.861083984375,0.8073727373825929,0.9509058267146693,0.8424908963016444,0.8950583792397554,0.8966983615081568,0.9509058267146693,NA,NA
fSkin_fibro_bicep_R-DS19745.hg19.hotspot.twopass.fdr0.05.merge.fa,fBrain-DS16302.hotspot.twopass.fdr0.05.merge.fa,minimizer,D,12,NA,10,30,0.872802734375,0.8236335163375393,0.9636677043482837,0.8500292298542369,0.905066691776121,0.9068484671012603,0.9636677043482837,NA,NA
fSkin_fibro_bicep_R-DS19745.hg19.hotspot.twopass.fdr0.05.merge.fa,fHeart-DS15643.hotspot.twopass.fdr0.05.merge.fa,minimizer,D,12,NA,10,30,0.882568359375,0.836863875581844,0.9563457853757295,0.8701019769333281,0.9122052173098324,0.9132238811545288,0.9563457853757295,NA,NA
fSkin_fibro_bicep_R-DS19745.hg19.hotspot.twopass.fdr0.05.merge.fa,fHeart-DS15839.hotspot.twopass.fdr0.05.merge.fa,minimizer,D,12,NA,10,30,0.85791015625,0.805581762928433,0.9574740395034284,0.8354748045771312,0.894396688299886,0.8964744220402798,0.9574740395034284,NA,NA
fSkin_fibro_bicep_R-DS19745.hg19.hotspot.twopass.fdr0.05.merge.fa,fHeart-DS16621.hotspot.twopass.fdr0.05.merge.fa,minimizer,D,12,NA,10,30,0.880126953125,0.8309956503055921,0.9659947732290176,0.8560372644785744,0.9093555537717736,0.911016018853796,0.9659947732290176,NA,NA
fSkin_fibro_bicep_R-DS19745.hg19.hotspot.twopass.fdr0.05.merge.fa,fIntestine_Sm-DS16559.hotspot.twopass.fdr0.05.merge.fa,minimizer,D,12,NA,10,30,0.8837890625,0.8437944657601463,0.9613289287091392,0.8734417425416872,0.9163322621448204,0.9173853356254131,0.9613289287091392,NA,NA
fSkin_fibro_bicep_R-DS19745.hg19.hotspot.twopass.fdr0.05.merge.fa,fIntestine_Sm-DS16712.hg19.hotspot.twopass.fdr0.05.merge.fa,minimizer,D,12,NA,10,30,0.89013671875,0.8495355458183634,0.9289098644905697,0.9086092896012726,0.9187035060771189,0.9187595770459211,0.9289098644905697,NA,NA
fSkin_fibro_bicep_R-DS19745.hg19.hotspot.twopass.fdr0.05.merge.fa,fIntestine_Sm-DS16822.hotspot.twopass.fdr0.05.merge.fa,minimizer,D,12,NA,10,30,0.8828125,0.8387494636352173,0.9559324700319825,0.8724845232838409,0.9132558707215622,0.9142084966579116,0.9559324700319825,NA,NA
fSkin_fibro_bicep_R-DS19745.hg19.hotspot.twopass.fdr0.05.merge.fa,fIntestine_Sm-DS17808.hg19.hotspot.twopass.fdr0.05.merge.fa,minimizer,D,12,NA,10,30,0.8837890625,0.8363368124678413,0.9496858681632723,0.8751120890675099,0.911636761021764,0.9123989786153911,0.9496858681632723,NA,NA
fSkin_fibro_bicep_R-DS19745.hg19.hotspot.twopass.fdr0.05.merge.fa,fIntestine_Sm-DS18495.hg19.hotspot.twopass.fdr0.05.merge.fa,minimizer,D,12,NA,10,30,0.8828125,0.8432959362367144,0.9508328479712355,0.8817457516781882,0.9156379329487773,0.9162892998247119,0.9508328479712355,NA,NA
fSkin_fibro_bicep_R-DS19745.hg19.hotspot.twopass.fdr0.05.merge.fa,fKidney_renal_cortex_L-DS17550.hg19.hotspot.twopass.fdr0.05.merge.fa,minimizer,D,12,NA,10,30,0.863037109375,0.8137364887296131,0.9638327929311722,0.8393664938975143,0.8994492493220987,0.9015996434143432,0.9638327929311722,NA,NA
fSkin_fibro_bicep_R-DS19745.hg19.hotspot.twopass.fdr0.05.merge.fa,fLung_L-DS17154.hg19.hotspot.twopass.fdr0.05.merge.fa,minimizer,D,12,NA,10,30,0.869873046875,0.8158478365255672,0.970509269421585,0.836587728982011,0.901063896547517,0.9035484992017979,0.970509269421585,NA,NA
fSkin_fibro_bicep_R-DS19745.hg19.hotspot.twopass.fdr0.05.merge.fa,fLung_L-DS18421.hg19.hotspot.twopass.fdr0.05.merge.fa,minimizer,D,12,NA,10,30,0.8720703125,0.822322193564745,0.966121527854442,0.8467386973114841,0.904462538715701,0.906430112582963,0.966121527854442,NA,NA
fSkin_fibro_bicep_R-DS19745.hg19.hotspot.twopass.fdr0.05.merge.fa,fLung_R-DS15632.hotspot.twopass.fdr0.05.merge.fa,minimizer,D,12,NA,10,30,0.876953125,0.8293262609904714,0.9599802196326445,0.8590253986095082,0.9081009805231881,0.9095028091210764,0.9599802196326445,NA,NA
fSkin_fibro_bicep_R-DS19745.hg19.hotspot.twopass.fdr0.05.merge.fa,fMuscle_arm-DS19053.hg19.hotspot.twopass.fdr0.05.merge.fa,minimizer,D,12,NA,10,30,0.865234375,0.8123678560234278,0.961684834179535,0.8395405275479811,0.8985395890120699,0.900612680863758,0.961684834179535,NA,NA
fSkin_fibro_bicep_R-DS19745.hg19.hotspot.twopass.fdr0.05.merge.fa,fMuscle_back-DS18454.hg19.hotspot.twopass.fdr0.05.merge.fa,minimizer,D,12,NA,10,30,0.8759765625,0.8252042913790152,0.9646808427103784,0.850912575966,0.906012726652192,0.9077967093381891,0.9646808427103784,NA,NA
fSkin_fibro_bicep_R-DS19745.hg19.hotspot.twopass.fdr0.05.merge.fa,fMuscle_leg-DS19115.hg19.hotspot.twopass.fdr0.05.merge.fa,minimizer,D,12,NA,10,30,0.891845703125,0.8495680379379978,0.9640743995669783,0.8773435013474108,0.9196871257528265,0.9207089504571946,0.9640743995669783,NA,NA
fSkin_fibro_bicep_R-DS19745.hg19.hotspot.twopass.fdr0.05.merge.fa,fMuscle_leg-DS19158.hg19.hotspot.twopass.fdr0.05.merge.fa,minimizer,D,12,NA,10,30,0.875,0.8332929945610648,0.9751635607327662,0.8513615584290127,0.9111623174762185,0.9132625595808894,0.9751635607327662,NA,NA
fSkin_fibro_bicep_R-DS19745.hg19.hotspot.twopass.fdr0.05.merge.fa,fSkin_fibro_bicep_R-DS19745.hg19.hotspot.twopass.fdr0.05.merge.fa,minimizer,D,12,NA,10,30,1.0,1.0,1.0,1.0,1.0,1.0,1.0,NA,NA
fSkin_fibro_bicep_R-DS19745.hg19.hotspot.twopass.fdr0.05.merge.fa,fStomach-DS17659.hg19.hotspot.twopass.fdr0.05.merge.fa,minimizer,D,12,NA,10,30,0.893798828125,0.8578696258803226,0.9417769971094968,0.9059154304512331,0.9236721895377816,0.9238462137803649,0.9417769971094968,NA,NA
fStomach-DS17659.hg19.hotspot.twopass.fdr0.05.merge.fa,fBrain-DS14718.hotspot.twopass.fdr0.05.merge.fa,minimizer,D,12,NA,10,30,0.884765625,0.8444651926370313,0.9549138417306623,0.8795333635365495,0.9164488982507305,0.9172236026336059,0.9549138417306623,NA,NA
fStomach-DS17659.hg19.hotspot.twopass.fdr0.05.merge.fa,fBrain-DS16302.hotspot.twopass.fdr0.05.merge.fa,minimizer,D,12,NA,10,30,0.892578125,0.8552351765724752,0.9636971905096267,0.8837055241357188,0.9228350507254421,0.9237013573226727,0.9636971905096267,NA,NA
fStomach-DS17659.hg19.hotspot.twopass.fdr0.05.merge.fa,fHeart-DS15643.hotspot.twopass.fdr0.05.merge.fa,minimizer,D,12,NA,10,30,0.9091796875,0.8815895077944624,0.9639001165857056,0.9116909872216549,0.9374321569442187,0.9377955519036802,0.9639001165857056,NA,NA
fStomach-DS17659.hg19.hotspot.twopass.fdr0.05.merge.fa,fHeart-DS15839.hotspot.twopass.fdr0.05.merge.fa,minimizer,D,12,NA,10,30,0.888916015625,0.8534030832502277,0.9680472170785792,0.8781390943956278,0.9219978885754518,0.9230931557371035,0.9680472170785792,NA,NA
fStomach-DS17659.hg19.hotspot.twopass.fdr0.05.merge.fa,fHeart-DS16621.hotspot.twopass.fdr0.05.merge.fa,minimizer,D,12,NA,10,30,0.905517578125,0.8757740839930617,0.9736828344986099,0.8970069938753037,0.934558886513623,0.9353449141869568,0.9736828344986099,NA,NA
fStomach-DS17659.hg19.hotspot.twopass.fdr0.05.merge.fa,fIntestine_Sm-DS16559.hotspot.twopass.fdr0.05.merge.fa,minimizer,D,12,NA,10,30,0.920166015625,0.8949064383504491,0.9722665846248533,0.9183489069184504,0.944923253615641,0.9453077457716519,0.9722665846248533,NA,NA
fStomach-DS17659.hg19.hotspot.twopass.fdr0.05.merge.fa,fIntestine_Sm-DS16712.hg19.hotspot.twopass.fdr0.05.merge.fa,minimizer,D,12,NA,10,30,0.917236328125,0.8881300832254131,0.9329488682527202,0.948684623732953,0.9407838466089945,0.9408167459928366,0.948684623732953,NA,NA
fStomach-DS17659.hg19.hotspot.twopass.fdr0.05.merge.fa,fIntestine_Sm-DS16822.hotspot.twopass.fdr0.05.merge.fa,minimizer,D,12,NA,10,30,0.920654296875,0.8897740567918596,0.9670615263392953,0.9175823381750551,0.9419971212788011,0.9423219322571752,0.9670615263392953,NA,NA
fStomach-DS17659.hg19.hotspot.twopass.fdr0.05.merge.fa,fIntestine_Sm-DS17808.hg19.hotspot.twopass.fdr0.05.merge.fa,minimizer,D,12,NA,10,30,0.9208984375,0.8914649315469501,0.9633055612429089,0.9228012983755195,0.9428359468366249,0.9430534298092141,0.9633055612429089,NA,NA
fStomach-DS17659.hg19.hotspot.twopass.fdr0.05.merge.fa,fIntestine_Sm-DS18495.hg19.hotspot.twopass.fdr0.05.merge.fa,minimizer,D,12,NA,10,30,0.912109375,0.8835073182277048,0.9556432321723929,0.9212879890232459,0.9383083883200548,0.9384656105978194,0.9556432321723929,NA,NA
fStomach-DS17659.hg19.hotspot.twopass.fdr0.05.merge.fa,fKidney_renal_cortex_L-DS17550.hg19.hotspot.twopass.fdr0.05.merge.fa,minimizer,D,12,NA,10,30,0.8896484375,0.8492268730382881,0.9664847834276943,0.8749946000435508,0.9196026133735664,0.9207396917356225,0.9664847834276943,NA,NA
fStomach-DS17659.hg19.hotspot.twopass.fdr0.05.merge.fa,fLung_L-DS17154.hg19.hotspot.twopass.fdr0.05.merge.fa,minimizer,D,12,NA,10,30,0.904296875,0.8678284413957144,0.9830901649104159,0.8809790385865147,0.930635174666548,0.9320346017484653,0.9830901649104159,NA,NA
fStomach-DS17659.hg19.hotspot.twopass.fdr0.05.merge.fa,fLung_L-DS18421.hg19.hotspot.twopass.fdr0.05.merge.fa,minimizer,D,12,NA,10,30,0.911865234375,0.881648488151622,0.9828065579120955,0.895459845670606,0.9381171614846541,0.9391332017913507,0.9828065579120955,NA,NA
fStomach-DS17659.hg19.hotspot.twopass.fdr0.05.merge.fa,fLung_R-DS15632.hotspot.twopass.fdr0.05.merge.fa,minimizer,D,12,NA,10,30,0.911376953125,0.8790412286106607,0.9706988292498483,0.903001865612982,0.9362386735020887,0.9368503474314152,0.9706988292498483,NA,NA
fStomach-DS17659.hg19.hotspot.twopass.fdr0.05.merge.fa,fMuscle_arm-DS19053.hg19.hotspot.twopass.fdr0.05.merge.fa,minimizer,D,12,NA,10,30,0.890869140625,0.8581779171005922,0.9707246548867506,0.8809786432558017,0.9247635857001971,0.9258516490712762,0.9707246548867506,NA,NA
fStomach-DS17659.hg19.hotspot.twopass.fdr0.05.merge.fa,fMuscle_back-DS18454.hg19.hotspot.twopass.fdr0.05.merge.fa,minimizer,D,12,NA,10,30,0.901123046875,0.8618939743037884,0.9677332282701185,0.8873957881315827,0.9266943351515011,0.9275645082008506,0.9677332282701185,NA,NA
fStomach-DS17659.hg19.hotspot.twopass.fdr0.05.merge.fa,fMuscle_leg-DS19115.hg19.hotspot.twopass.fdr0.05.merge.fa,minimizer,D,12,NA,10,30,0.919921875,0.8904185507397563,0.9688874615605233,0.9166274740518304,0.9423952814667063,0.9427574678061769,0.9688874615605233,NA,NA
fStomach-DS17659.hg19.hotspot.twopass.fdr0.05.merge.fa,fMuscle_leg-DS19158.hg19.hotspot.twopass.fdr0.05.merge.fa,minimizer,D,12,NA,10,30,0.8974609375,0.8646421267040613,0.9746134760662837,0.884564295879415,0.9284978638700044,0.9295888859728494,0.9746134760662837,NA,NA
fStomach-DS17659.hg19.hotspot.twopass.fdr0.05.merge.fa,fSkin_fibro_bicep_R-DS19745.hg19.hotspot.twopass.fdr0.05.merge.fa,minimizer,D,12,NA,10,30,0.893798828125,0.8578696258803226,0.9059154304512331,0.9417769971094968,0.9236721895377816,0.9238462137803649,0.9417769971094968,NA,NA
fStomach-DS17659.hg19.hotspot.twopass.fdr0.05.merge.fa,fStomach-DS17659.hg19.hotspot.twopass.fdr0.05.merge.fa,minimizer,D,12,NA,10,30,1.0,1.0,1.0,1.0,1.0,1.0,1.0,NA,NA
