file1,file2,sketch_type,mode,precision,num_hashes,kmer_size,window_size,reg_eq_similarity,jaccard_similarity_ie,containment_AB,containment_BA,cosketch_geom,cosketch_arith,cosketch_max,ref1,ref2
fBrain-DS14718.hotspot.twopass.fdr0.05.merge.fa,fBrain-DS14718.hotspot.twopass.fdr0.05.merge.fa,minimizer,D,18,NA,20,20,1.0,1.0,1.0,1.0,1.0,1.0,1.0,NA,NA
fBrain-DS14718.hotspot.twopass.fdr0.05.merge.fa,fBrain-DS16302.hotspot.twopass.fdr0.05.merge.fa,minimizer,D,18,NA,20,20,0.4932746887207031,0.36086017757561906,0.6044833921251858,0.472399747753289,0.5343760866290614,0.5384415699392374,0.6044833921251858,NA,NA
fBrain-DS14718.hotspot.twopass.fdr0.05.merge.fa,fHeart-DS15643.hotspot.twopass.fdr0.05.merge.fa,minimizer,D,18,NA,20,20,0.39508056640625,0.24392122159920326,0.4174916101466012,0.36976415236959237,0.39290384491281616,0.3936278812580968,0.4174916101466012,NA,NA
fBrain-DS14718.hotspot.twopass.fdr0.05.merge.fa,fHeart-DS15839.hotspot.twopass.fdr0.05.merge.fa,minimizer,D,18,NA,20,20,0.3766326904296875,0.22652677360133117,0.4140686352806623,0.33339660483880174,0.3715495622024185,0.373732620059732,0.4140686352806623,NA,NA
fBrain-DS14718.hotspot.twopass.fdr0.05.merge.fa,fHeart-DS16621.hotspot.twopass.fdr0.05.merge.fa,minimizer,D,18,NA,20,20,0.3775520324707031,0.2299440899560926,0.45241699620137027,0.3186201920383352,0.37966984369460705,0.38551859411985273,0.45241699620137027,NA,NA
fBrain-DS14718.hotspot.twopass.fdr0.05.merge.fa,fIntestine_Sm-DS16559.hotspot.twopass.fdr0.05.merge.fa,minimizer,D,18,NA,20,20,0.3662147521972656,0.2142354233561299,0.3945013022096702,0.31919142225890257,0.3548540992228972,0.3568463622342864,0.3945013022096702,NA,NA
fBrain-DS14718.hotspot.twopass.fdr0.05.merge.fa,fIntestine_Sm-DS16712.hg19.hotspot.twopass.fdr0.05.merge.fa,minimizer,D,18,NA,20,20,0.3586540222167969,0.21152760660608175,0.29530631729229684,0.42713119707524255,0.3551542493184337,0.3612187571837697,0.42713119707524255,NA,NA
fBrain-DS14718.hotspot.twopass.fdr0.05.merge.fa,fIntestine_Sm-DS16822.hotspot.twopass.fdr0.05.merge.fa,minimizer,D,18,NA,20,20,0.3633232116699219,0.20909848680095103,0.36186137765435966,0.3312414113960173,0.34621304635142985,0.34655139452518846,0.36186137765435966,NA,NA
fBrain-DS14718.hotspot.twopass.fdr0.05.merge.fa,fIntestine_Sm-DS17808.hg19.hotspot.twopass.fdr0.05.merge.fa,minimizer,D,18,NA,20,20,0.3758697509765625,0.22102287135890722,0.3744709935756484,0.3503872851731624,0.3622290364052393,0.3624291393744054,0.3744709935756484,NA,NA
fBrain-DS14718.hotspot.twopass.fdr0.05.merge.fa,fIntestine_Sm-DS18495.hg19.hotspot.twopass.fdr0.05.merge.fa,minimizer,D,18,NA,20,20,0.3522300720214844,0.19756753810293923,0.32119262618364586,0.3391941840792201,0.33007070571412983,0.33019340513143297,0.3391941840792201,NA,NA
fBrain-DS14718.hotspot.twopass.fdr0.05.merge.fa,fKidney_renal_cortex_L-DS17550.hg19.hotspot.twopass.fdr0.05.merge.fa,minimizer,D,18,NA,20,20,0.40900421142578125,0.2648370686231057,0.49007775551506527,0.365575384110643,0.4232733912219167,0.42782656981285416,0.49007775551506527,NA,NA
fBrain-DS14718.hotspot.twopass.fdr0.05.merge.fa,fLung_L-DS17154.hg19.hotspot.twopass.fdr0.05.merge.fa,minimizer,D,18,NA,20,20,0.39942169189453125,0.26048557212971557,0.5248431314751897,0.34087194314920993,0.42297080049864455,0.4328575373121998,0.5248431314751897,NA,NA
fBrain-DS14718.hotspot.twopass.fdr0.05.merge.fa,fLung_L-DS18421.hg19.hotspot.twopass.fdr0.05.merge.fa,minimizer,D,18,NA,20,20,0.40460968017578125,0.2612424667877891,0.4900594486354584,0.3587710606105,0.41930793952552375,0.42441525462297924,0.4900594486354584,NA,NA
fBrain-DS14718.hotspot.twopass.fdr0.05.merge.fa,fLung_R-DS15632.hotspot.twopass.fdr0.05.merge.fa,minimizer,D,18,NA,20,20,0.4135475158691406,0.26718948170869167,0.45211848274011124,0.3951237461645204,0.42266150594830826,0.4236211144523158,0.45211848274011124,NA,NA
fBrain-DS14718.hotspot.twopass.fdr0.05.merge.fa,fMuscle_arm-DS19053.hg19.hotspot.twopass.fdr0.05.merge.fa,minimizer,D,18,NA,20,20,0.4149208068847656,0.2693229061333708,0.46380128374769325,0.3910956537083834,0.4258998312491935,0.4274484687280383,0.46380128374769325,NA,NA
fBrain-DS14718.hotspot.twopass.fdr0.05.merge.fa,fMuscle_back-DS18454.hg19.hotspot.twopass.fdr0.05.merge.fa,minimizer,D,18,NA,20,20,0.41583251953125,0.2705734148916248,0.46662331119055067,0.39172698352925006,0.4275382347078504,0.42917514735990037,0.46662331119055067,NA,NA
fBrain-DS14718.hotspot.twopass.fdr0.05.merge.fa,fMuscle_leg-DS19115.hg19.hotspot.twopass.fdr0.05.merge.fa,minimizer,D,18,NA,20,20,0.41812896728515625,0.2705642271293967,0.45920568466250083,0.3970922187095348,0.42702108164195296,0.42814895168601785,0.45920568466250083,NA,NA
fBrain-DS14718.hotspot.twopass.fdr0.05.merge.fa,fMuscle_leg-DS19158.hg19.hotspot.twopass.fdr0.05.merge.fa,minimizer,D,18,NA,20,20,0.3923835754394531,0.24910767184203936,0.48985895117344863,0.33636912764611804,0.4059229336658071,0.4131140394097833,0.48985895117344863,NA,NA
fBrain-DS14718.hotspot.twopass.fdr0.05.merge.fa,fSkin_fibro_bicep_R-DS19745.hg19.hotspot.twopass.fdr0.05.merge.fa,minimizer,D,18,NA,20,20,0.31121063232421875,0.15878687312563336,0.23154809856175232,0.33568393924341094,0.2787955843436739,0.28361601890258165,0.33568393924341094,NA,NA
fBrain-DS14718.hotspot.twopass.fdr0.05.merge.fa,fStomach-DS17659.hg19.hotspot.twopass.fdr0.05.merge.fa,minimizer,D,18,NA,20,20,0.39910888671875,0.24996659361413162,0.3546166806320983,0.4585918472886413,0.40326705624243603,0.40660426396036975,0.4585918472886413,NA,NA
fBrain-DS16302.hotspot.twopass.fdr0.05.merge.fa,fBrain-DS14718.hotspot.twopass.fdr0.05.merge.fa,minimizer,D,18,NA,20,20,0.4932746887207031,0.36086017757561906,0.472399747753289,0.6044833921251858,0.5343760866290614,0.5384415699392374,0.6044833921251858,NA,NA
fBrain-DS16302.hotspot.twopass.fdr0.05.merge.fa,fBrain-DS16302.hotspot.twopass.fdr0.05.merge.fa,minimizer,D,18,NA,20,20,1.0,1.0,1.0,1.0,1.0,1.0,1.0,NA,NA
fBrain-DS16302.hotspot.twopass.fdr0.05.merge.fa,fHeart-DS15643.hotspot.twopass.fdr0.05.merge.fa,minimizer,D,18,NA,20,20,0.3905601501464844,0.24060763248289255,0.3650722062958221,0.41374288609120996,0.3886464051866671,0.38940754619351603,0.41374288609120996,NA,NA
fBrain-DS16302.hotspot.twopass.fdr0.05.merge.fa,fHeart-DS15839.hotspot.twopass.fdr0.05.merge.fa,minimizer,D,18,NA,20,20,0.37326812744140625,0.21836180052513507,0.3531807131467072,0.36388196672616646,0.35849141204438056,0.3585313399364368,0.36388196672616646,NA,NA
fBrain-DS16302.hotspot.twopass.fdr0.05.merge.fa,fHeart-DS16621.hotspot.twopass.fdr0.05.merge.fa,minimizer,D,18,NA,20,20,0.3863105773925781,0.2347765085122514,0.40112456546514164,0.36148340047592126,0.3807884871405196,0.3813039829705315,0.40112456546514164,NA,NA
fBrain-DS16302.hotspot.twopass.fdr0.05.merge.fa,fIntestine_Sm-DS16559.hotspot.twopass.fdr0.05.merge.fa,minimizer,D,18,NA,20,20,0.3578300476074219,0.20234881987249906,0.33084675111365774,0.34253453254806115,0.3366399222281301,0.33669064183085945,0.34253453254806115,NA,NA
fBrain-DS16302.hotspot.twopass.fdr0.05.merge.fa,fIntestine_Sm-DS16712.hg19.hotspot.twopass.fdr0.05.merge.fa,minimizer,D,18,NA,20,20,0.3240470886230469,0.18359472317711603,0.23892583228551129,0.44220777995415633,0.3250459380897953,0.3405668061198338,0.44220777995415633,NA,NA
fBrain-DS16302.hotspot.twopass.fdr0.05.merge.fa,fIntestine_Sm-DS16822.hotspot.twopass.fdr0.05.merge.fa,minimizer,D,18,NA,20,20,0.34705352783203125,0.19098774798692933,0.29726636545202345,0.3481952832334028,0.321724643622977,0.32273082434271316,0.3481952832334028,NA,NA
fBrain-DS16302.hotspot.twopass.fdr0.05.merge.fa,fIntestine_Sm-DS17808.hg19.hotspot.twopass.fdr0.05.merge.fa,minimizer,D,18,NA,20,20,0.3537139892578125,0.19906041116026352,0.30466975688168435,0.36478268650427487,0.3333740427986335,0.3347262216929796,0.36478268650427487,NA,NA
fBrain-DS16302.hotspot.twopass.fdr0.05.merge.fa,fIntestine_Sm-DS18495.hg19.hotspot.twopass.fdr0.05.merge.fa,minimizer,D,18,NA,20,20,0.3339195251464844,0.18144774964474453,0.2672334878278281,0.36111741008467274,0.310648780799602,0.3141754489562504,0.36111741008467274,NA,NA
fBrain-DS16302.hotspot.twopass.fdr0.05.merge.fa,fKidney_renal_cortex_L-DS17550.hg19.hotspot.twopass.fdr0.05.merge.fa,minimizer,D,18,NA,20,20,0.3967552185058594,0.2457151141621871,0.40389398497552376,0.38552634081915466,0.3946033072675396,0.3947101628973392,0.40389398497552376,NA,NA
fBrain-DS16302.hotspot.twopass.fdr0.05.merge.fa,fLung_L-DS17154.hg19.hotspot.twopass.fdr0.05.merge.fa,minimizer,D,18,NA,20,20,0.4141273498535156,0.2677276306383924,0.4653023102718658,0.3866977662905812,0.42418317273552647,0.4260000382812235,0.4653023102718658,NA,NA
fBrain-DS16302.hotspot.twopass.fdr0.05.merge.fa,fLung_L-DS18421.hg19.hotspot.twopass.fdr0.05.merge.fa,minimizer,D,18,NA,20,20,0.41033935546875,0.2615804948496822,0.42867692558134673,0.40158128129531745,0.4149079765884173,0.4151291034383321,0.42867692558134673,NA,NA
fBrain-DS16302.hotspot.twopass.fdr0.05.merge.fa,fLung_R-DS15632.hotspot.twopass.fdr0.05.merge.fa,minimizer,D,18,NA,20,20,0.4140625,0.26701106965409793,0.3991896676919033,0.4464109895721701,0.4221405625870704,0.4228003286320367,0.4464109895721701,NA,NA
fBrain-DS16302.hotspot.twopass.fdr0.05.merge.fa,fMuscle_arm-DS19053.hg19.hotspot.twopass.fdr0.05.merge.fa,minimizer,D,18,NA,20,20,0.4091377258300781,0.260085460977725,0.39769217324162026,0.42911411828696633,0.4131044980028726,0.41340314576429327,0.42911411828696633,NA,NA
fBrain-DS16302.hotspot.twopass.fdr0.05.merge.fa,fMuscle_back-DS18454.hg19.hotspot.twopass.fdr0.05.merge.fa,minimizer,D,18,NA,20,20,0.4019508361816406,0.2546536928776513,0.3919118516247195,0.42099813355431476,0.4061947292270327,0.4064549925895171,0.42099813355431476,NA,NA
fBrain-DS16302.hotspot.twopass.fdr0.05.merge.fa,fMuscle_leg-DS19115.hg19.hotspot.twopass.fdr0.05.merge.fa,minimizer,D,18,NA,20,20,0.4056816101074219,0.2563105099144452,0.3883970698465536,0.42976869959378455,0.4085595472314772,0.40908288472016907,0.42976869959378455,NA,NA
fBrain-DS16302.hotspot.twopass.fdr0.05.merge.fa,fMuscle_leg-DS19158.hg19.hotspot.twopass.fdr0.05.merge.fa,minimizer,D,18,NA,20,20,0.4009819030761719,0.2514063166037166,0.42954210259468123,0.3774205433779823,0.40263881303844223,0.40348132298633177,0.42954210259468123,NA,NA
fBrain-DS16302.hotspot.twopass.fdr0.05.merge.fa,fSkin_fibro_bicep_R-DS19745.hg19.hotspot.twopass.fdr0.05.merge.fa,minimizer,D,18,NA,20,20,0.2834892272949219,0.14088027735898653,0.19004885951878556,0.3525569886773756,0.25884948061279284,0.2713029240980806,0.3525569886773756,NA,NA
fBrain-DS16302.hotspot.twopass.fdr0.05.merge.fa,fStomach-DS17659.hg19.hotspot.twopass.fdr0.05.merge.fa,minimizer,D,18,NA,20,20,0.3604393005371094,0.2178837400165493,0.28701635975119494,0.47495070608138784,0.3692135191467664,0.3809835329162914,0.47495070608138784,NA,NA
fHeart-DS15643.hotspot.twopass.fdr0.05.merge.fa,fBrain-DS14718.hotspot.twopass.fdr0.05.merge.fa,minimizer,D,18,NA,20,20,0.39508056640625,0.24392122159920326,0.36976415236959237,0.4174916101466012,0.39290384491281616,0.3936278812580968,0.4174916101466012,NA,NA
fHeart-DS15643.hotspot.twopass.fdr0.05.merge.fa,fBrain-DS16302.hotspot.twopass.fdr0.05.merge.fa,minimizer,D,18,NA,20,20,0.3905601501464844,0.24060763248289255,0.41374288609120996,0.3650722062958221,0.3886464051866671,0.38940754619351603,0.41374288609120996,NA,NA
fHeart-DS15643.hotspot.twopass.fdr0.05.merge.fa,fHeart-DS15643.hotspot.twopass.fdr0.05.merge.fa,minimizer,D,18,NA,20,20,1.0,1.0,1.0,1.0,1.0,1.0,1.0,NA,NA
fHeart-DS15643.hotspot.twopass.fdr0.05.merge.fa,fHeart-DS15839.hotspot.twopass.fdr0.05.merge.fa,minimizer,D,18,NA,20,20,0.6234054565429688,0.5122311959928748,0.711319614866932,0.6466608514439656,0.6782201322569568,0.6789902331554487,0.711319614866932,NA,NA
fHeart-DS15643.hotspot.twopass.fdr0.05.merge.fa,fHeart-DS16621.hotspot.twopass.fdr0.05.merge.fa,minimizer,D,18,NA,20,20,0.7056617736816406,0.616077615267764,0.8606375477559421,0.6843489729010369,0.7674479929264563,0.7724932603284895,0.8606375477559421,NA,NA
fHeart-DS15643.hotspot.twopass.fdr0.05.merge.fa,fIntestine_Sm-DS16559.hotspot.twopass.fdr0.05.merge.fa,minimizer,D,18,NA,20,20,0.429901123046875,0.2851262256368811,0.46473172704883525,0.4245492134111697,0.44418632257848445,0.44464047023000247,0.46473172704883525,NA,NA
fHeart-DS15643.hotspot.twopass.fdr0.05.merge.fa,fIntestine_Sm-DS16712.hg19.hotspot.twopass.fdr0.05.merge.fa,minimizer,D,18,NA,20,20,0.3954811096191406,0.2599846370076513,0.332688274574209,0.5433116244049934,0.4251510400780033,0.4379999494896012,0.5433116244049934,NA,NA
fHeart-DS15643.hotspot.twopass.fdr0.05.merge.fa,fIntestine_Sm-DS16822.hotspot.twopass.fdr0.05.merge.fa,minimizer,D,18,NA,20,20,0.41745758056640625,0.2698706431288408,0.4181408028449348,0.4321633069904239,0.42509423913421585,0.4251520549176794,0.4321633069904239,NA,NA
fHeart-DS15643.hotspot.twopass.fdr0.05.merge.fa,fIntestine_Sm-DS17808.hg19.hotspot.twopass.fdr0.05.merge.fa,minimizer,D,18,NA,20,20,0.43353271484375,0.2856063716300114,0.4324411987420593,0.4568568751230344,0.4444814222571696,0.44464903693254687,0.4568568751230344,NA,NA
fHeart-DS15643.hotspot.twopass.fdr0.05.merge.fa,fIntestine_Sm-DS18495.hg19.hotspot.twopass.fdr0.05.merge.fa,minimizer,D,18,NA,20,20,0.4027519226074219,0.25448304901833246,0.37299179002406974,0.44473883136301584,0.40728851297735386,0.4088653106935428,0.44473883136301584,NA,NA
fHeart-DS15643.hotspot.twopass.fdr0.05.merge.fa,fKidney_renal_cortex_L-DS17550.hg19.hotspot.twopass.fdr0.05.merge.fa,minimizer,D,18,NA,20,20,0.4542388916015625,0.31367000402699247,0.5222729974078041,0.43987823542288584,0.47930838142970783,0.48107561641534496,0.5222729974078041,NA,NA
fHeart-DS15643.hotspot.twopass.fdr0.05.merge.fa,fLung_L-DS17154.hg19.hotspot.twopass.fdr0.05.merge.fa,minimizer,D,18,NA,20,20,0.4635429382324219,0.3281410742691629,0.5839917454671173,0.42824410561941445,0.5000910144430575,0.5061179255432658,0.5839917454671173,NA,NA
fHeart-DS15643.hotspot.twopass.fdr0.05.merge.fa,fLung_L-DS18421.hg19.hotspot.twopass.fdr0.05.merge.fa,minimizer,D,18,NA,20,20,0.4698982238769531,0.33187848783144586,0.5506360484702072,0.455151758030185,0.5006225778927763,0.5028939032501961,0.5506360484702072,NA,NA
fHeart-DS15643.hotspot.twopass.fdr0.05.merge.fa,fLung_R-DS15632.hotspot.twopass.fdr0.05.merge.fa,minimizer,D,18,NA,20,20,0.4729576110839844,0.33393461338517605,0.5040395933219731,0.49735726815671727,0.5006872828197649,0.5006984307393452,0.5040395933219731,NA,NA
fHeart-DS15643.hotspot.twopass.fdr0.05.merge.fa,fMuscle_arm-DS19053.hg19.hotspot.twopass.fdr0.05.merge.fa,minimizer,D,18,NA,20,20,0.4692039489746094,0.32819136646428787,0.5066293995033545,0.48235232758598034,0.49434185547445864,0.4944908635446674,0.5066293995033545,NA,NA
fHeart-DS15643.hotspot.twopass.fdr0.05.merge.fa,fMuscle_back-DS18454.hg19.hotspot.twopass.fdr0.05.merge.fa,minimizer,D,18,NA,20,20,0.4721565246582031,0.33213197050479226,0.5123646115990733,0.4856452331572427,0.4988260531102521,0.49900492237815797,0.5123646115990733,NA,NA
fHeart-DS15643.hotspot.twopass.fdr0.05.merge.fa,fMuscle_leg-DS19115.hg19.hotspot.twopass.fdr0.05.merge.fa,minimizer,D,18,NA,20,20,0.46744537353515625,0.32630562034677807,0.49801049329063873,0.4862342667759264,0.49208715391878616,0.49212238003328257,0.49801049329063873,NA,NA
fHeart-DS15643.hotspot.twopass.fdr0.05.merge.fa,fMuscle_leg-DS19158.hg19.hotspot.twopass.fdr0.05.merge.fa,minimizer,D,18,NA,20,20,0.4436988830566406,0.30364742854336213,0.5333501402529539,0.41350469162008896,0.46961983057663664,0.47342741593652143,0.5333501402529539,NA,NA
fHeart-DS15643.hotspot.twopass.fdr0.05.merge.fa,fSkin_fibro_bicep_R-DS19745.hg19.hotspot.twopass.fdr0.05.merge.fa,minimizer,D,18,NA,20,20,0.3332252502441406,0.18875627236207518,0.2557901522985619,0.41869339678716827,0.32725776954961966,0.3372417745428651,0.41869339678716827,NA,NA
fHeart-DS15643.hotspot.twopass.fdr0.05.merge.fa,fStomach-DS17659.hg19.hotspot.twopass.fdr0.05.merge.fa,minimizer,D,18,NA,20,20,0.4356651306152344,0.2979586222877687,0.38677840199844243,0.5647449177989411,0.4673661699813286,0.4757616598986918,0.5647449177989411,NA,NA
fHeart-DS15839.hotspot.twopass.fdr0.05.merge.fa,fBrain-DS14718.hotspot.twopass.fdr0.05.merge.fa,minimizer,D,18,NA,20,20,0.3766326904296875,0.22652677360133117,0.33339660483880174,0.4140686352806623,0.3715495622024185,0.373732620059732,0.4140686352806623,NA,NA
fHeart-DS15839.hotspot.twopass.fdr0.05.merge.fa,fBrain-DS16302.hotspot.twopass.fdr0.05.merge.fa,minimizer,D,18,NA,20,20,0.37326812744140625,0.21836180052513507,0.36388196672616646,0.3531807131467072,0.35849141204438056,0.3585313399364368,0.36388196672616646,NA,NA
fHeart-DS15839.hotspot.twopass.fdr0.05.merge.fa,fHeart-DS15643.hotspot.twopass.fdr0.05.merge.fa,minimizer,D,18,NA,20,20,0.6234054565429688,0.5122311959928748,0.6466608514439656,0.711319614866932,0.6782201322569568,0.6789902331554487,0.711319614866932,NA,NA
fHeart-DS15839.hotspot.twopass.fdr0.05.merge.fa,fHeart-DS15839.hotspot.twopass.fdr0.05.merge.fa,minimizer,D,18,NA,20,20,1.0,1.0,1.0,1.0,1.0,1.0,1.0,NA,NA
fHeart-DS15839.hotspot.twopass.fdr0.05.merge.fa,fHeart-DS16621.hotspot.twopass.fdr0.05.merge.fa,minimizer,D,18,NA,20,20,0.6272354125976562,0.5170503658592459,0.7304874308932414,0.6389373745659632,0.6831805919728422,0.6847124027296023,0.7304874308932414,NA,NA
fHeart-DS15839.hotspot.twopass.fdr0.05.merge.fa,fIntestine_Sm-DS16559.hotspot.twopass.fdr0.05.merge.fa,minimizer,D,18,NA,20,20,0.4134101867675781,0.2643861090874685,0.41718936896388115,0.4192249927337047,0.41820594229692853,0.41820718084879294,0.4192249927337047,NA,NA
fHeart-DS15839.hotspot.twopass.fdr0.05.merge.fa,fIntestine_Sm-DS16712.hg19.hotspot.twopass.fdr0.05.merge.fa,minimizer,D,18,NA,20,20,0.37697601318359375,0.24272610536828135,0.3040454464906106,0.5461830533267665,0.40751008615044326,0.42511424990868857,0.5461830533267665,NA,NA
fHeart-DS15839.hotspot.twopass.fdr0.05.merge.fa,fIntestine_Sm-DS16822.hotspot.twopass.fdr0.05.merge.fa,minimizer,D,18,NA,20,20,0.39679718017578125,0.24618494046106953,0.37131713670215083,0.422141986189128,0.39591483123710575,0.3967295614456394,0.422141986189128,NA,NA
fHeart-DS15839.hotspot.twopass.fdr0.05.merge.fa,fIntestine_Sm-DS17808.hg19.hotspot.twopass.fdr0.05.merge.fa,minimizer,D,18,NA,20,20,0.4196052551269531,0.27058163373680244,0.3962132792867449,0.46043713645235657,0.42711978148897134,0.42832520786955075,0.46043713645235657,NA,NA
fHeart-DS15839.hotspot.twopass.fdr0.05.merge.fa,fIntestine_Sm-DS18495.hg19.hotspot.twopass.fdr0.05.merge.fa,minimizer,D,18,NA,20,20,0.3783988952636719,0.2294021083315426,0.32886521323007745,0.43133224905840734,0.37663002012532404,0.3800987311442424,0.43133224905840734,NA,NA
fHeart-DS15839.hotspot.twopass.fdr0.05.merge.fa,fKidney_renal_cortex_L-DS17550.hg19.hotspot.twopass.fdr0.05.merge.fa,minimizer,D,18,NA,20,20,0.4336051940917969,0.2886529899666139,0.4657740015629053,0.4315174474965191,0.4483186459034072,0.4486457245297122,0.4657740015629053,NA,NA
fHeart-DS15839.hotspot.twopass.fdr0.05.merge.fa,fLung_L-DS17154.hg19.hotspot.twopass.fdr0.05.merge.fa,minimizer,D,18,NA,20,20,0.4425163269042969,0.3002325506127017,0.5171689023768281,0.4171625399438084,0.4644819618623194,0.4671657211603183,0.5171689023768281,NA,NA
fHeart-DS15839.hotspot.twopass.fdr0.05.merge.fa,fLung_L-DS18421.hg19.hotspot.twopass.fdr0.05.merge.fa,minimizer,D,18,NA,20,20,0.4412727355957031,0.2965543235025192,0.4802804074582071,0.4366914308987585,0.45796761715820394,0.4584859191784828,0.4802804074582071,NA,NA
fHeart-DS15839.hotspot.twopass.fdr0.05.merge.fa,fLung_R-DS15632.hotspot.twopass.fdr0.05.merge.fa,minimizer,D,18,NA,20,20,0.4351310729980469,0.289913097091331,0.43182310248904454,0.4687031849551731,0.4498853892646874,0.45026314372210885,0.4687031849551731,NA,NA
fHeart-DS15839.hotspot.twopass.fdr0.05.merge.fa,fMuscle_arm-DS19053.hg19.hotspot.twopass.fdr0.05.merge.fa,minimizer,D,18,NA,20,20,0.4305152893066406,0.2826013202260409,0.43072217674905183,0.45108609338826083,0.44078655157050534,0.44090413506865633,0.45108609338826083,NA,NA
fHeart-DS15839.hotspot.twopass.fdr0.05.merge.fa,fMuscle_back-DS18454.hg19.hotspot.twopass.fdr0.05.merge.fa,minimizer,D,18,NA,20,20,0.4295082092285156,0.28359589620260933,0.43284468518359276,0.45129477830482917,0.4419734678013524,0.44206973174421094,0.45129477830482917,NA,NA
fHeart-DS15839.hotspot.twopass.fdr0.05.merge.fa,fMuscle_leg-DS19115.hg19.hotspot.twopass.fdr0.05.merge.fa,minimizer,D,18,NA,20,20,0.4225006103515625,0.273412551073883,0.4146275259148231,0.4453007366021015,0.42969051968291977,0.42996413125846233,0.4453007366021015,NA,NA
fHeart-DS15839.hotspot.twopass.fdr0.05.merge.fa,fMuscle_leg-DS19158.hg19.hotspot.twopass.fdr0.05.merge.fa,minimizer,D,18,NA,20,20,0.4090385437011719,0.2600918064316538,0.44843649423547505,0.38243461242728993,0.41412273165234065,0.4154355533313825,0.44843649423547505,NA,NA
fHeart-DS15839.hotspot.twopass.fdr0.05.merge.fa,fSkin_fibro_bicep_R-DS19745.hg19.hotspot.twopass.fdr0.05.merge.fa,minimizer,D,18,NA,20,20,0.3044013977050781,0.16363529297774007,0.21872574749810178,0.3938224009334477,0.29349463202189147,0.30627407421577474,0.3938224009334477,NA,NA
fHeart-DS15839.hotspot.twopass.fdr0.05.merge.fa,fStomach-DS17659.hg19.hotspot.twopass.fdr0.05.merge.fa,minimizer,D,18,NA,20,20,0.39295196533203125,0.2540277695416653,0.32869290462856343,0.5279206629678039,0.41656185149905933,0.42830678379818365,0.5279206629678039,NA,NA
fHeart-DS16621.hotspot.twopass.fdr0.05.merge.fa,fBrain-DS14718.hotspot.twopass.fdr0.05.merge.fa,minimizer,D,18,NA,20,20,0.3775520324707031,0.2299440899560926,0.3186201920383352,0.45241699620137027,0.37966984369460705,0.38551859411985273,0.45241699620137027,NA,NA
fHeart-DS16621.hotspot.twopass.fdr0.05.merge.fa,fBrain-DS16302.hotspot.twopass.fdr0.05.merge.fa,minimizer,D,18,NA,20,20,0.3863105773925781,0.2347765085122514,0.36148340047592126,0.40112456546514164,0.3807884871405196,0.3813039829705315,0.40112456546514164,NA,NA
fHeart-DS16621.hotspot.twopass.fdr0.05.merge.fa,fHeart-DS15643.hotspot.twopass.fdr0.05.merge.fa,minimizer,D,18,NA,20,20,0.7056617736816406,0.616077615267764,0.6843489729010369,0.8606375477559421,0.7674479929264563,0.7724932603284895,0.8606375477559421,NA,NA
fHeart-DS16621.hotspot.twopass.fdr0.05.merge.fa,fHeart-DS15839.hotspot.twopass.fdr0.05.merge.fa,minimizer,D,18,NA,20,20,0.6272354125976562,0.5170503658592459,0.6389373745659632,0.7304874308932414,0.6831805919728422,0.6847124027296023,0.7304874308932414,NA,NA
fHeart-DS16621.hotspot.twopass.fdr0.05.merge.fa,fHeart-DS16621.hotspot.twopass.fdr0.05.merge.fa,minimizer,D,18,NA,20,20,1.0,1.0,1.0,1.0,1.0,1.0,1.0,NA,NA
fHeart-DS16621.hotspot.twopass.fdr0.05.merge.fa,fIntestine_Sm-DS16559.hotspot.twopass.fdr0.05.merge.fa,minimizer,D,18,NA,20,20,0.42575836181640625,0.2796635273420574,0.4087713571036905,0.46962244420835253,0.43814176227038715,0.4391969006560215,0.46962244420835253,NA,NA
fHeart-DS16621.hotspot.twopass.fdr0.05.merge.fa,fIntestine_Sm-DS16712.hg19.hotspot.twopass.fdr0.05.merge.fa,minimizer,D,18,NA,20,20,0.35919952392578125,0.23255536481775935,0.28054573456292925,0.5761795527861915,0.40205063844812156,0.42836264367456034,0.5761795527861915,NA,NA
fHeart-DS16621.hotspot.twopass.fdr0.05.merge.fa,fIntestine_Sm-DS16822.hotspot.twopass.fdr0.05.merge.fa,minimizer,D,18,NA,20,20,0.4044151306152344,0.25780867765987864,0.3626604424542464,0.47137679386099357,0.41346065910107094,0.41701861815762,0.47137679386099357,NA,NA
fHeart-DS16621.hotspot.twopass.fdr0.05.merge.fa,fIntestine_Sm-DS17808.hg19.hotspot.twopass.fdr0.05.merge.fa,minimizer,D,18,NA,20,20,0.414581298828125,0.2691599531298148,0.37170129536555674,0.49384407390309515,0.4284419236937303,0.43277268463432594,0.49384407390309515,NA,NA
fHeart-DS16621.hotspot.twopass.fdr0.05.merge.fa,fIntestine_Sm-DS18495.hg19.hotspot.twopass.fdr0.05.merge.fa,minimizer,D,18,NA,20,20,0.3844146728515625,0.24232399289358367,0.32513777056154103,0.48754630698927237,0.3981453494642436,0.4063420387754067,0.48754630698927237,NA,NA
fHeart-DS16621.hotspot.twopass.fdr0.05.merge.fa,fKidney_renal_cortex_L-DS17550.hg19.hotspot.twopass.fdr0.05.merge.fa,minimizer,D,18,NA,20,20,0.4491157531738281,0.3053776609969592,0.45480144941315126,0.48172525077873524,0.4680698049149107,0.4682633500959432,0.48172525077873524,NA,NA
fHeart-DS16621.hotspot.twopass.fdr0.05.merge.fa,fLung_L-DS17154.hg19.hotspot.twopass.fdr0.05.merge.fa,minimizer,D,18,NA,20,20,0.4686851501464844,0.32952471403503714,0.5166112605631318,0.47642135880034886,0.49610950276027604,0.4965163096817403,0.5166112605631318,NA,NA
fHeart-DS16621.hotspot.twopass.fdr0.05.merge.fa,fLung_L-DS18421.hg19.hotspot.twopass.fdr0.05.merge.fa,minimizer,D,18,NA,20,20,0.4671058654785156,0.32750601425543463,0.48403549761729486,0.5031662081653114,0.49350816199279207,0.4936008528913032,0.5031662081653114,NA,NA
fHeart-DS16621.hotspot.twopass.fdr0.05.merge.fa,fLung_R-DS15632.hotspot.twopass.fdr0.05.merge.fa,minimizer,D,18,NA,20,20,0.45708465576171875,0.3201420856865545,0.43792874875762644,0.5434379238795639,0.48783920509940537,0.4906833363185952,0.5434379238795639,NA,NA
fHeart-DS16621.hotspot.twopass.fdr0.05.merge.fa,fMuscle_arm-DS19053.hg19.hotspot.twopass.fdr0.05.merge.fa,minimizer,D,18,NA,20,20,0.4535713195800781,0.31390109476155137,0.43844013658746483,0.5249609083415882,0.4797540331840531,0.4817005224645265,0.5249609083415882,NA,NA
fHeart-DS16621.hotspot.twopass.fdr0.05.merge.fa,fMuscle_back-DS18454.hg19.hotspot.twopass.fdr0.05.merge.fa,minimizer,D,18,NA,20,20,0.4560737609863281,0.3168389165453041,0.44245309048772274,0.5274118787002328,0.4830683343905435,0.48493248459397775,0.5274118787002328,NA,NA
fHeart-DS16621.hotspot.twopass.fdr0.05.merge.fa,fMuscle_leg-DS19115.hg19.hotspot.twopass.fdr0.05.merge.fa,minimizer,D,18,NA,20,20,0.448455810546875,0.308583456250236,0.4278680522700612,0.5253631390110838,0.4741161282040064,0.4766155956405725,0.5253631390110838,NA,NA
fHeart-DS16621.hotspot.twopass.fdr0.05.merge.fa,fMuscle_leg-DS19158.hg19.hotspot.twopass.fdr0.05.merge.fa,minimizer,D,18,NA,20,20,0.44443511962890625,0.30083652608429684,0.4684543185628455,0.45674935679987355,0.4625648156677102,0.46260183768135954,0.4684543185628455,NA,NA
fHeart-DS16621.hotspot.twopass.fdr0.05.merge.fa,fSkin_fibro_bicep_R-DS19745.hg19.hotspot.twopass.fdr0.05.merge.fa,minimizer,D,18,NA,20,20,0.30748748779296875,0.17463951339076605,0.22089922038178347,0.45472532708270275,0.31693606648726574,0.3378122737322431,0.45472532708270275,NA,NA
fHeart-DS16621.hotspot.twopass.fdr0.05.merge.fa,fStomach-DS17659.hg19.hotspot.twopass.fdr0.05.merge.fa,minimizer,D,18,NA,20,20,0.40035247802734375,0.2714186500400493,0.32973379716508966,0.6054750478321798,0.4468171735849227,0.4676044224986347,0.6054750478321798,NA,NA
fIntestine_Sm-DS16559.hotspot.twopass.fdr0.05.merge.fa,fBrain-DS14718.hotspot.twopass.fdr0.05.merge.fa,minimizer,D,18,NA,20,20,0.3662147521972656,0.2142354233561299,0.31919142225890257,0.3945013022096702,0.3548540992228972,0.3568463622342864,0.3945013022096702,NA,NA
fIntestine_Sm-DS16559.hotspot.twopass.fdr0.05.merge.fa,fBrain-DS16302.hotspot.twopass.fdr0.05.merge.fa,minimizer,D,18,NA,20,20,0.3578300476074219,0.20234881987249906,0.34253453254806115,0.33084675111365774,0.3366399222281301,0.33669064183085945,0.34253453254806115,NA,NA
fIntestine_Sm-DS16559.hotspot.twopass.fdr0.05.merge.fa,fHeart-DS15643.hotspot.twopass.fdr0.05.merge.fa,minimizer,D,18,NA,20,20,0.429901123046875,0.2851262256368811,0.4245492134111697,0.46473172704883525,0.44418632257848445,0.44464047023000247,0.46473172704883525,NA,NA
fIntestine_Sm-DS16559.hotspot.twopass.fdr0.05.merge.fa,fHeart-DS15839.hotspot.twopass.fdr0.05.merge.fa,minimizer,D,18,NA,20,20,0.4134101867675781,0.2643861090874685,0.4192249927337047,0.41718936896388115,0.41820594229692853,0.41820718084879294,0.4192249927337047,NA,NA
fIntestine_Sm-DS16559.hotspot.twopass.fdr0.05.merge.fa,fHeart-DS16621.hotspot.twopass.fdr0.05.merge.fa,minimizer,D,18,NA,20,20,0.42575836181640625,0.2796635273420574,0.46962244420835253,0.4087713571036905,0.43814176227038715,0.4391969006560215,0.46962244420835253,NA,NA
fIntestine_Sm-DS16559.hotspot.twopass.fdr0.05.merge.fa,fIntestine_Sm-DS16559.hotspot.twopass.fdr0.05.merge.fa,minimizer,D,18,NA,20,20,1.0,1.0,1.0,1.0,1.0,1.0,1.0,NA,NA
fIntestine_Sm-DS16559.hotspot.twopass.fdr0.05.merge.fa,fIntestine_Sm-DS16712.hg19.hotspot.twopass.fdr0.05.merge.fa,minimizer,D,18,NA,20,20,0.5544166564941406,0.4538248906391126,0.48677782209882847,0.8701949682265433,0.6508391594201105,0.6784863951626858,0.8701949682265433,NA,NA
fIntestine_Sm-DS16559.hotspot.twopass.fdr0.05.merge.fa,fIntestine_Sm-DS16822.hotspot.twopass.fdr0.05.merge.fa,minimizer,D,18,NA,20,20,0.7045173645019531,0.6115941493704555,0.7149311048874105,0.8088422264607379,0.7604383384885118,0.7618866656740741,0.8088422264607379,NA,NA
fIntestine_Sm-DS16559.hotspot.twopass.fdr0.05.merge.fa,fIntestine_Sm-DS17808.hg19.hotspot.twopass.fdr0.05.merge.fa,minimizer,D,18,NA,20,20,0.67779541015625,0.577802024406431,0.6828712674713218,0.789707429904391,0.73434904070907,0.7362893486878563,0.789707429904391,NA,NA
fIntestine_Sm-DS16559.hotspot.twopass.fdr0.05.merge.fa,fIntestine_Sm-DS18495.hg19.hotspot.twopass.fdr0.05.merge.fa,minimizer,D,18,NA,20,20,0.6576652526855469,0.5584379983522312,0.6328717054636703,0.8260298461863718,0.7230289880218236,0.729450775825021,0.8260298461863718,NA,NA
fIntestine_Sm-DS16559.hotspot.twopass.fdr0.05.merge.fa,fKidney_renal_cortex_L-DS17550.hg19.hotspot.twopass.fdr0.05.merge.fa,minimizer,D,18,NA,20,20,0.4629020690917969,0.3224057350601073,0.5082434691099192,0.46857702470837753,0.48800738988563497,0.48841024690914836,0.5082434691099192,NA,NA
fIntestine_Sm-DS16559.hotspot.twopass.fdr0.05.merge.fa,fLung_L-DS17154.hg19.hotspot.twopass.fdr0.05.merge.fa,minimizer,D,18,NA,20,20,0.46051025390625,0.3223260545676363,0.5474240689330883,0.43942307198635144,0.4904597496735546,0.49342357045971985,0.5474240689330883,NA,NA
fIntestine_Sm-DS16559.hotspot.twopass.fdr0.05.merge.fa,fLung_L-DS18421.hg19.hotspot.twopass.fdr0.05.merge.fa,minimizer,D,18,NA,20,20,0.474822998046875,0.33587743431058686,0.5293026090107924,0.4789276393948808,0.5034855003464255,0.5041151242028366,0.5293026090107924,NA,NA
fIntestine_Sm-DS16559.hotspot.twopass.fdr0.05.merge.fa,fLung_R-DS15632.hotspot.twopass.fdr0.05.merge.fa,minimizer,D,18,NA,20,20,0.4606895446777344,0.31892873394413473,0.46567805560796344,0.5029952355575424,0.48397711027951096,0.4843366455827529,0.5029952355575424,NA,NA
fIntestine_Sm-DS16559.hotspot.twopass.fdr0.05.merge.fa,fMuscle_arm-DS19053.hg19.hotspot.twopass.fdr0.05.merge.fa,minimizer,D,18,NA,20,20,0.4335174560546875,0.28831430593547475,0.43852356413703214,0.4570263157898781,0.44767935948019105,0.44777493996345513,0.4570263157898781,NA,NA
fIntestine_Sm-DS16559.hotspot.twopass.fdr0.05.merge.fa,fMuscle_back-DS18454.hg19.hotspot.twopass.fdr0.05.merge.fa,minimizer,D,18,NA,20,20,0.4301795959472656,0.28410588869741105,0.4344862734991529,0.4508066843678486,0.4425712556860142,0.44264647893350073,0.4508066843678486,NA,NA
fIntestine_Sm-DS16559.hotspot.twopass.fdr0.05.merge.fa,fMuscle_leg-DS19115.hg19.hotspot.twopass.fdr0.05.merge.fa,minimizer,D,18,NA,20,20,0.42758941650390625,0.28042756562368815,0.42393087304862165,0.453081569099456,0.43826392179892215,0.4385062210740388,0.453081569099456,NA,NA
fIntestine_Sm-DS16559.hotspot.twopass.fdr0.05.merge.fa,fMuscle_leg-DS19158.hg19.hotspot.twopass.fdr0.05.merge.fa,minimizer,D,18,NA,20,20,0.4201202392578125,0.2741779328398343,0.4687282082074068,0.39779873716333963,0.43180955211498195,0.43326347268537324,0.4687282082074068,NA,NA
fIntestine_Sm-DS16559.hotspot.twopass.fdr0.05.merge.fa,fSkin_fibro_bicep_R-DS19745.hg19.hotspot.twopass.fdr0.05.merge.fa,minimizer,D,18,NA,20,20,0.3235359191894531,0.18289850976972732,0.2409120442498075,0.4316632597660821,0.32247926807437177,0.3362876520079448,0.4316632597660821,NA,NA
fIntestine_Sm-DS16559.hotspot.twopass.fdr0.05.merge.fa,fStomach-DS17659.hg19.hotspot.twopass.fdr0.05.merge.fa,minimizer,D,18,NA,20,20,0.4747886657714844,0.34693429515751534,0.41872555651667775,0.6692584558795474,0.5293728547929671,0.5439920061981125,0.6692584558795474,NA,NA
fIntestine_Sm-DS16712.hg19.hotspot.twopass.fdr0.05.merge.fa,fBrain-DS14718.hotspot.twopass.fdr0.05.merge.fa,minimizer,D,18,NA,20,20,0.3586540222167969,0.21152760660608175,0.42713119707524255,0.29530631729229684,0.3551542493184337,0.3612187571837697,0.42713119707524255,NA,NA
fIntestine_Sm-DS16712.hg19.hotspot.twopass.fdr0.05.merge.fa,fBrain-DS16302.hotspot.twopass.fdr0.05.merge.fa,minimizer,D,18,NA,20,20,0.3240470886230469,0.18359472317711603,0.44220777995415633,0.23892583228551129,0.3250459380897953,0.3405668061198338,0.44220777995415633,NA,NA
fIntestine_Sm-DS16712.hg19.hotspot.twopass.fdr0.05.merge.fa,fHeart-DS15643.hotspot.twopass.fdr0.05.merge.fa,minimizer,D,18,NA,20,20,0.3954811096191406,0.2599846370076513,0.5433116244049934,0.332688274574209,0.4251510400780033,0.4379999494896012,0.5433116244049934,NA,NA
fIntestine_Sm-DS16712.hg19.hotspot.twopass.fdr0.05.merge.fa,fHeart-DS15839.hotspot.twopass.fdr0.05.merge.fa,minimizer,D,18,NA,20,20,0.37697601318359375,0.24272610536828135,0.5461830533267665,0.3040454464906106,0.40751008615044326,0.42511424990868857,0.5461830533267665,NA,NA
fIntestine_Sm-DS16712.hg19.hotspot.twopass.fdr0.05.merge.fa,fHeart-DS16621.hotspot.twopass.fdr0.05.merge.fa,minimizer,D,18,NA,20,20,0.35919952392578125,0.23255536481775935,0.5761795527861915,0.28054573456292925,0.40205063844812156,0.42836264367456034,0.5761795527861915,NA,NA
fIntestine_Sm-DS16712.hg19.hotspot.twopass.fdr0.05.merge.fa,fIntestine_Sm-DS16559.hotspot.twopass.fdr0.05.merge.fa,minimizer,D,18,NA,20,20,0.5544166564941406,0.4538248906391126,0.8701949682265433,0.48677782209882847,0.6508391594201105,0.6784863951626858,0.8701949682265433,NA,NA
fIntestine_Sm-DS16712.hg19.hotspot.twopass.fdr0.05.merge.fa,fIntestine_Sm-DS16712.hg19.hotspot.twopass.fdr0.05.merge.fa,minimizer,D,18,NA,20,20,1.0,1.0,1.0,1.0,1.0,1.0,1.0,NA,NA
fIntestine_Sm-DS16712.hg19.hotspot.twopass.fdr0.05.merge.fa,fIntestine_Sm-DS16822.hotspot.twopass.fdr0.05.merge.fa,minimizer,D,18,NA,20,20,0.5883598327636719,0.4856199988702697,0.8433859033155825,0.5337528128503876,0.6709393401888558,0.688569358082985,0.8433859033155825,NA,NA
fIntestine_Sm-DS16712.hg19.hotspot.twopass.fdr0.05.merge.fa,fIntestine_Sm-DS17808.hg19.hotspot.twopass.fdr0.05.merge.fa,minimizer,D,18,NA,20,20,0.6232185363769531,0.5259708031486104,0.8774912405305227,0.5676548983473542,0.7057706432999657,0.7225730694389385,0.8774912405305227,NA,NA
fIntestine_Sm-DS16712.hg19.hotspot.twopass.fdr0.05.merge.fa,fIntestine_Sm-DS18495.hg19.hotspot.twopass.fdr0.05.merge.fa,minimizer,D,18,NA,20,20,0.5930976867675781,0.48295317908533,0.7717196411418346,0.5634479838428457,0.6594117650552582,0.6675838124923401,0.7717196411418346,NA,NA
fIntestine_Sm-DS16712.hg19.hotspot.twopass.fdr0.05.merge.fa,fKidney_renal_cortex_L-DS17550.hg19.hotspot.twopass.fdr0.05.merge.fa,minimizer,D,18,NA,20,20,0.4001960754394531,0.27596558041324776,0.6356451650687522,0.32782203903462553,0.4564849330649802,0.4817336020516889,0.6356451650687522,NA,NA
fIntestine_Sm-DS16712.hg19.hotspot.twopass.fdr0.05.merge.fa,fLung_L-DS17154.hg19.hotspot.twopass.fdr0.05.merge.fa,minimizer,D,18,NA,20,20,0.3736228942871094,0.2558233048883534,0.6573778808252583,0.2951809119165043,0.44050584824238015,0.4762793963708813,0.6573778808252583,NA,NA
fIntestine_Sm-DS16712.hg19.hotspot.twopass.fdr0.05.merge.fa,fLung_L-DS18421.hg19.hotspot.twopass.fdr0.05.merge.fa,minimizer,D,18,NA,20,20,0.3979835510253906,0.2742648157177777,0.640470059288894,0.3241745482748723,0.45565786743296544,0.4823223037818831,0.640470059288894,NA,NA
fIntestine_Sm-DS16712.hg19.hotspot.twopass.fdr0.05.merge.fa,fLung_R-DS15632.hotspot.twopass.fdr0.05.merge.fa,minimizer,D,18,NA,20,20,0.4131813049316406,0.28078315207316534,0.5820576525512219,0.3516886215346809,0.4524412154959487,0.4668731370429514,0.5820576525512219,NA,NA
fIntestine_Sm-DS16712.hg19.hotspot.twopass.fdr0.05.merge.fa,fMuscle_arm-DS19053.hg19.hotspot.twopass.fdr0.05.merge.fa,minimizer,D,18,NA,20,20,0.38430023193359375,0.24913992259873213,0.5415623063177949,0.3157264141089751,0.41350396006604795,0.42864436021338503,0.5415623063177949,NA,NA
fIntestine_Sm-DS16712.hg19.hotspot.twopass.fdr0.05.merge.fa,fMuscle_back-DS18454.hg19.hotspot.twopass.fdr0.05.merge.fa,minimizer,D,18,NA,20,20,0.38303375244140625,0.24804753811960534,0.5411812176052532,0.3141023729596209,0.412293954177098,0.42764179528243706,0.5411812176052532,NA,NA
fIntestine_Sm-DS16712.hg19.hotspot.twopass.fdr0.05.merge.fa,fMuscle_leg-DS19115.hg19.hotspot.twopass.fdr0.05.merge.fa,minimizer,D,18,NA,20,20,0.3828773498535156,0.24523685746502752,0.5263510134069079,0.31468136791426504,0.406980167701014,0.4205161906605865,0.5263510134069079,NA,NA
fIntestine_Sm-DS16712.hg19.hotspot.twopass.fdr0.05.merge.fa,fMuscle_leg-DS19158.hg19.hotspot.twopass.fdr0.05.merge.fa,minimizer,D,18,NA,20,20,0.343017578125,0.21656103158951048,0.5529750928733165,0.26251981867308016,0.38100777040873157,0.4077474557731983,0.5529750928733165,NA,NA
fIntestine_Sm-DS16712.hg19.hotspot.twopass.fdr0.05.merge.fa,fSkin_fibro_bicep_R-DS19745.hg19.hotspot.twopass.fdr0.05.merge.fa,minimizer,D,18,NA,20,20,0.35176849365234375,0.19596834645104055,0.3273377796913433,0.32809296709610963,0.32771515586189404,0.3277153733937265,0.32809296709610963,NA,NA
fIntestine_Sm-DS16712.hg19.hotspot.twopass.fdr0.05.merge.fa,fStomach-DS17659.hg19.hotspot.twopass.fdr0.05.merge.fa,minimizer,D,18,NA,20,20,0.4856719970703125,0.3486815520783976,0.5476969369684543,0.48968739643422,0.5178805722356068,0.5186921667013371,0.5476969369684543,NA,NA
fIntestine_Sm-DS16822.hotspot.twopass.fdr0.05.merge.fa,fBrain-DS14718.hotspot.twopass.fdr0.05.merge.fa,minimizer,D,18,NA,20,20,0.3633232116699219,0.20909848680095103,0.3312414113960173,0.36186137765435966,0.34621304635142985,0.34655139452518846,0.36186137765435966,NA,NA
fIntestine_Sm-DS16822.hotspot.twopass.fdr0.05.merge.fa,fBrain-DS16302.hotspot.twopass.fdr0.05.merge.fa,minimizer,D,18,NA,20,20,0.34705352783203125,0.19098774798692933,0.3481952832334028,0.29726636545202345,0.321724643622977,0.32273082434271316,0.3481952832334028,NA,NA
fIntestine_Sm-DS16822.hotspot.twopass.fdr0.05.merge.fa,fHeart-DS15643.hotspot.twopass.fdr0.05.merge.fa,minimizer,D,18,NA,20,20,0.41745758056640625,0.2698706431288408,0.4321633069904239,0.4181408028449348,0.42509423913421585,0.4251520549176794,0.4321633069904239,NA,NA
fIntestine_Sm-DS16822.hotspot.twopass.fdr0.05.merge.fa,fHeart-DS15839.hotspot.twopass.fdr0.05.merge.fa,minimizer,D,18,NA,20,20,0.39679718017578125,0.24618494046106953,0.422141986189128,0.37131713670215083,0.39591483123710575,0.3967295614456394,0.422141986189128,NA,NA
fIntestine_Sm-DS16822.hotspot.twopass.fdr0.05.merge.fa,fHeart-DS16621.hotspot.twopass.fdr0.05.merge.fa,minimizer,D,18,NA,20,20,0.4044151306152344,0.25780867765987864,0.47137679386099357,0.3626604424542464,0.41346065910107094,0.41701861815762,0.47137679386099357,NA,NA
fIntestine_Sm-DS16822.hotspot.twopass.fdr0.05.merge.fa,fIntestine_Sm-DS16559.hotspot.twopass.fdr0.05.merge.fa,minimizer,D,18,NA,20,20,0.7045173645019531,0.6115941493704555,0.8088422264607379,0.7149311048874105,0.7604383384885118,0.7618866656740741,0.8088422264607379,NA,NA
fIntestine_Sm-DS16822.hotspot.twopass.fdr0.05.merge.fa,fIntestine_Sm-DS16712.hg19.hotspot.twopass.fdr0.05.merge.fa,minimizer,D,18,NA,20,20,0.5883598327636719,0.4856199988702697,0.5337528128503876,0.8433859033155825,0.6709393401888558,0.688569358082985,0.8433859033155825,NA,NA
fIntestine_Sm-DS16822.hotspot.twopass.fdr0.05.merge.fa,fIntestine_Sm-DS16822.hotspot.twopass.fdr0.05.merge.fa,minimizer,D,18,NA,20,20,1.0,1.0,1.0,1.0,1.0,1.0,1.0,NA,NA
fIntestine_Sm-DS16822.hotspot.twopass.fdr0.05.merge.fa,fIntestine_Sm-DS17808.hg19.hotspot.twopass.fdr0.05.merge.fa,minimizer,D,18,NA,20,20,0.6976089477539062,0.6005458831717848,0.74228435695877,0.7587488907741688,0.7504714734628385,0.7505166238664694,0.7587488907741688,NA,NA
fIntestine_Sm-DS16822.hotspot.twopass.fdr0.05.merge.fa,fIntestine_Sm-DS18495.hg19.hotspot.twopass.fdr0.05.merge.fa,minimizer,D,18,NA,20,20,0.6739273071289062,0.5755055200799647,0.6819109487137218,0.7866980977876181,0.7324329636312357,0.73430452325067,0.7866980977876181,NA,NA
fIntestine_Sm-DS16822.hotspot.twopass.fdr0.05.merge.fa,fKidney_renal_cortex_L-DS17550.hg19.hotspot.twopass.fdr0.05.merge.fa,minimizer,D,18,NA,20,20,0.4405250549316406,0.2987661902670972,0.5123254957627055,0.41749908624159365,0.4624882985970575,0.4649122910021496,0.5123254957627055,NA,NA
fIntestine_Sm-DS16822.hotspot.twopass.fdr0.05.merge.fa,fLung_L-DS17154.hg19.hotspot.twopass.fdr0.05.merge.fa,minimizer,D,18,NA,20,20,0.4308280944824219,0.29272555102205516,0.5455906795166744,0.38710277677273075,0.4595646494479593,0.46634672814470257,0.5455906795166744,NA,NA
fIntestine_Sm-DS16822.hotspot.twopass.fdr0.05.merge.fa,fLung_L-DS18421.hg19.hotspot.twopass.fdr0.05.merge.fa,minimizer,D,18,NA,20,20,0.4497337341308594,0.30900400109525383,0.5312199759653424,0.4248549093756527,0.47506990511638597,0.4780374426704975,0.5312199759653424,NA,NA
fIntestine_Sm-DS16822.hotspot.twopass.fdr0.05.merge.fa,fLung_R-DS15632.hotspot.twopass.fdr0.05.merge.fa,minimizer,D,18,NA,20,20,0.44268798828125,0.29937212122679935,0.4717208695574899,0.4503638939280705,0.46091869962179505,0.4610423817427802,0.4717208695574899,NA,NA
fIntestine_Sm-DS16822.hotspot.twopass.fdr0.05.merge.fa,fMuscle_arm-DS19053.hg19.hotspot.twopass.fdr0.05.merge.fa,minimizer,D,18,NA,20,20,0.4136238098144531,0.2656754021535345,0.4377744427495191,0.4032729135429092,0.42016969786292546,0.42052367814621416,0.4377744427495191,NA,NA
fIntestine_Sm-DS16822.hotspot.twopass.fdr0.05.merge.fa,fMuscle_back-DS18454.hg19.hotspot.twopass.fdr0.05.merge.fa,minimizer,D,18,NA,20,20,0.4145317077636719,0.26745642095602146,0.44111225717071395,0.4045421596791354,0.4224316574036312,0.4228272084249247,0.44111225717071395,NA,NA
fIntestine_Sm-DS16822.hotspot.twopass.fdr0.05.merge.fa,fMuscle_leg-DS19115.hg19.hotspot.twopass.fdr0.05.merge.fa,minimizer,D,18,NA,20,20,0.4123268127441406,0.26389859926627934,0.4298231661304511,0.4060425493675481,0.41776368218508353,0.4179328577489996,0.4298231661304511,NA,NA
fIntestine_Sm-DS16822.hotspot.twopass.fdr0.05.merge.fa,fMuscle_leg-DS19158.hg19.hotspot.twopass.fdr0.05.merge.fa,minimizer,D,18,NA,20,20,0.39292144775390625,0.246303094716035,0.4610801809694682,0.34587497546381335,0.3993445833859092,0.40347757821664076,0.4610801809694682,NA,NA
fIntestine_Sm-DS16822.hotspot.twopass.fdr0.05.merge.fa,fSkin_fibro_bicep_R-DS19745.hg19.hotspot.twopass.fdr0.05.merge.fa,minimizer,D,18,NA,20,20,0.3357696533203125,0.19003801620481275,0.2605213920236612,0.41260106044480593,0.327858815067583,0.33656122623423357,0.41260106044480593,NA,NA
fIntestine_Sm-DS16822.hotspot.twopass.fdr0.05.merge.fa,fStomach-DS17659.hg19.hotspot.twopass.fdr0.05.merge.fa,minimizer,D,18,NA,20,20,0.4894676208496094,0.3596724454080114,0.4517728250203649,0.638241263835687,0.5369730522173495,0.5450070444280259,0.638241263835687,NA,NA
fIntestine_Sm-DS17808.hg19.hotspot.twopass.fdr0.05.merge.fa,fBrain-DS14718.hotspot.twopass.fdr0.05.merge.fa,minimizer,D,18,NA,20,20,0.3758697509765625,0.22102287135890722,0.3503872851731624,0.3744709935756484,0.3622290364052393,0.3624291393744054,0.3744709935756484,NA,NA
fIntestine_Sm-DS17808.hg19.hotspot.twopass.fdr0.05.merge.fa,fBrain-DS16302.hotspot.twopass.fdr0.05.merge.fa,minimizer,D,18,NA,20,20,0.3537139892578125,0.19906041116026352,0.36478268650427487,0.30466975688168435,0.3333740427986335,0.3347262216929796,0.36478268650427487,NA,NA
fIntestine_Sm-DS17808.hg19.hotspot.twopass.fdr0.05.merge.fa,fHeart-DS15643.hotspot.twopass.fdr0.05.merge.fa,minimizer,D,18,NA,20,20,0.43353271484375,0.2856063716300114,0.4568568751230344,0.4324411987420593,0.4444814222571696,0.44464903693254687,0.4568568751230344,NA,NA
fIntestine_Sm-DS17808.hg19.hotspot.twopass.fdr0.05.merge.fa,fHeart-DS15839.hotspot.twopass.fdr0.05.merge.fa,minimizer,D,18,NA,20,20,0.4196052551269531,0.27058163373680244,0.46043713645235657,0.3962132792867449,0.42711978148897134,0.42832520786955075,0.46043713645235657,NA,NA
fIntestine_Sm-DS17808.hg19.hotspot.twopass.fdr0.05.merge.fa,fHeart-DS16621.hotspot.twopass.fdr0.05.merge.fa,minimizer,D,18,NA,20,20,0.414581298828125,0.2691599531298148,0.49384407390309515,0.37170129536555674,0.4284419236937303,0.43277268463432594,0.49384407390309515,NA,NA
fIntestine_Sm-DS17808.hg19.hotspot.twopass.fdr0.05.merge.fa,fIntestine_Sm-DS16559.hotspot.twopass.fdr0.05.merge.fa,minimizer,D,18,NA,20,20,0.67779541015625,0.577802024406431,0.789707429904391,0.6828712674713218,0.73434904070907,0.7362893486878563,0.789707429904391,NA,NA
fIntestine_Sm-DS17808.hg19.hotspot.twopass.fdr0.05.merge.fa,fIntestine_Sm-DS16712.hg19.hotspot.twopass.fdr0.05.merge.fa,minimizer,D,18,NA,20,20,0.6232185363769531,0.5259708031486104,0.5676548983473542,0.8774912405305227,0.7057706432999657,0.7225730694389385,0.8774912405305227,NA,NA
fIntestine_Sm-DS17808.hg19.hotspot.twopass.fdr0.05.merge.fa,fIntestine_Sm-DS16822.hotspot.twopass.fdr0.05.merge.fa,minimizer,D,18,NA,20,20,0.6976089477539062,0.6005458831717848,0.7587488907741688,0.74228435695877,0.7504714734628385,0.7505166238664694,0.7587488907741688,NA,NA
fIntestine_Sm-DS17808.hg19.hotspot.twopass.fdr0.05.merge.fa,fIntestine_Sm-DS17808.hg19.hotspot.twopass.fdr0.05.merge.fa,minimizer,D,18,NA,20,20,1.0,1.0,1.0,1.0,1.0,1.0,1.0,NA,NA
fIntestine_Sm-DS17808.hg19.hotspot.twopass.fdr0.05.merge.fa,fIntestine_Sm-DS18495.hg19.hotspot.twopass.fdr0.05.merge.fa,minimizer,D,18,NA,20,20,0.6477203369140625,0.5408280202290741,0.6619925398186896,0.747146507835997,0.7032818882489553,0.7045695238273433,0.747146507835997,NA,NA
fIntestine_Sm-DS17808.hg19.hotspot.twopass.fdr0.05.merge.fa,fKidney_renal_cortex_L-DS17550.hg19.hotspot.twopass.fdr0.05.merge.fa,minimizer,D,18,NA,20,20,0.4588050842285156,0.3195223245374047,0.5458904685042963,0.4351984208044528,0.4874122175584776,0.4905444446543746,0.5458904685042963,NA,NA
fIntestine_Sm-DS17808.hg19.hotspot.twopass.fdr0.05.merge.fa,fLung_L-DS17154.hg19.hotspot.twopass.fdr0.05.merge.fa,minimizer,D,18,NA,20,20,0.4481925964355469,0.3115654768819881,0.5797899998358556,0.4024410779137713,0.48304379977137374,0.4911155388748134,0.5797899998358556,NA,NA
fIntestine_Sm-DS17808.hg19.hotspot.twopass.fdr0.05.merge.fa,fLung_L-DS18421.hg19.hotspot.twopass.fdr0.05.merge.fa,minimizer,D,18,NA,20,20,0.4623146057128906,0.3222639044395296,0.5552191603208597,0.43441311406454075,0.4911155509890561,0.49481613719270023,0.5552191603208597,NA,NA
fIntestine_Sm-DS17808.hg19.hotspot.twopass.fdr0.05.merge.fa,fLung_R-DS15632.hotspot.twopass.fdr0.05.merge.fa,minimizer,D,18,NA,20,20,0.45761871337890625,0.31375128001622854,0.4945155622000198,0.4618816167276,0.4779201265545354,0.4781985894638099,0.4945155622000198,NA,NA
fIntestine_Sm-DS17808.hg19.hotspot.twopass.fdr0.05.merge.fa,fMuscle_arm-DS19053.hg19.hotspot.twopass.fdr0.05.merge.fa,minimizer,D,18,NA,20,20,0.4289054870605469,0.2823441379305022,0.46449491307661006,0.41860253136885955,0.4409520908464176,0.4415487222227348,0.46449491307661006,NA,NA
fIntestine_Sm-DS17808.hg19.hotspot.twopass.fdr0.05.merge.fa,fMuscle_back-DS18454.hg19.hotspot.twopass.fdr0.05.merge.fa,minimizer,D,18,NA,20,20,0.42729949951171875,0.27992906776212434,0.4624738617364705,0.41492929123193606,0.43805701873570074,0.43870157648420327,0.4624738617364705,NA,NA
fIntestine_Sm-DS17808.hg19.hotspot.twopass.fdr0.05.merge.fa,fMuscle_leg-DS19115.hg19.hotspot.twopass.fdr0.05.merge.fa,minimizer,D,18,NA,20,20,0.4264335632324219,0.2772744551237849,0.45197677138361503,0.41770539209097307,0.4345033193277182,0.4348410817372941,0.45197677138361503,NA,NA
fIntestine_Sm-DS17808.hg19.hotspot.twopass.fdr0.05.merge.fa,fMuscle_leg-DS19158.hg19.hotspot.twopass.fdr0.05.merge.fa,minimizer,D,18,NA,20,20,0.4007720947265625,0.2550319055835644,0.4801086987369237,0.352333956049412,0.41128894607041855,0.41622132739316786,0.4801086987369237,NA,NA
fIntestine_Sm-DS17808.hg19.hotspot.twopass.fdr0.05.merge.fa,fSkin_fibro_bicep_R-DS19745.hg19.hotspot.twopass.fdr0.05.merge.fa,minimizer,D,18,NA,20,20,0.3385810852050781,0.19086404489022846,0.26371697257969806,0.408598972652643,0.328259781373122,0.33615797261617053,0.408598972652643,NA,NA
fIntestine_Sm-DS17808.hg19.hotspot.twopass.fdr0.05.merge.fa,fStomach-DS17659.hg19.hotspot.twopass.fdr0.05.merge.fa,minimizer,D,18,NA,20,20,0.494781494140625,0.36343522614591167,0.4594244040265244,0.6349668827796459,0.5401104347238801,0.5471956434030851,0.6349668827796459,NA,NA
fIntestine_Sm-DS18495.hg19.hotspot.twopass.fdr0.05.merge.fa,fBrain-DS14718.hotspot.twopass.fdr0.05.merge.fa,minimizer,D,18,NA,20,20,0.3522300720214844,0.19756753810293923,0.3391941840792201,0.32119262618364586,0.33007070571412983,0.33019340513143297,0.3391941840792201,NA,NA
fIntestine_Sm-DS18495.hg19.hotspot.twopass.fdr0.05.merge.fa,fBrain-DS16302.hotspot.twopass.fdr0.05.merge.fa,minimizer,D,18,NA,20,20,0.3339195251464844,0.18144774964474453,0.36111741008467274,0.2672334878278281,0.310648780799602,0.3141754489562504,0.36111741008467274,NA,NA
fIntestine_Sm-DS18495.hg19.hotspot.twopass.fdr0.05.merge.fa,fHeart-DS15643.hotspot.twopass.fdr0.05.merge.fa,minimizer,D,18,NA,20,20,0.4027519226074219,0.25448304901833246,0.44473883136301584,0.37299179002406974,0.40728851297735386,0.4088653106935428,0.44473883136301584,NA,NA
fIntestine_Sm-DS18495.hg19.hotspot.twopass.fdr0.05.merge.fa,fHeart-DS15839.hotspot.twopass.fdr0.05.merge.fa,minimizer,D,18,NA,20,20,0.3783988952636719,0.2294021083315426,0.43133224905840734,0.32886521323007745,0.37663002012532404,0.3800987311442424,0.43133224905840734,NA,NA
fIntestine_Sm-DS18495.hg19.hotspot.twopass.fdr0.05.merge.fa,fHeart-DS16621.hotspot.twopass.fdr0.05.merge.fa,minimizer,D,18,NA,20,20,0.3844146728515625,0.24232399289358367,0.48754630698927237,0.32513777056154103,0.3981453494642436,0.4063420387754067,0.48754630698927237,NA,NA
fIntestine_Sm-DS18495.hg19.hotspot.twopass.fdr0.05.merge.fa,fIntestine_Sm-DS16559.hotspot.twopass.fdr0.05.merge.fa,minimizer,D,18,NA,20,20,0.6576652526855469,0.5584379983522312,0.8260298461863718,0.6328717054636703,0.7230289880218236,0.729450775825021,0.8260298461863718,NA,NA
fIntestine_Sm-DS18495.hg19.hotspot.twopass.fdr0.05.merge.fa,fIntestine_Sm-DS16712.hg19.hotspot.twopass.fdr0.05.merge.fa,minimizer,D,18,NA,20,20,0.5930976867675781,0.48295317908533,0.5634479838428457,0.7717196411418346,0.6594117650552582,0.6675838124923401,0.7717196411418346,NA,NA
fIntestine_Sm-DS18495.hg19.hotspot.twopass.fdr0.05.merge.fa,fIntestine_Sm-DS16822.hotspot.twopass.fdr0.05.merge.fa,minimizer,D,18,NA,20,20,0.6739273071289062,0.5755055200799647,0.7866980977876181,0.6819109487137218,0.7324329636312357,0.73430452325067,0.7866980977876181,NA,NA
fIntestine_Sm-DS18495.hg19.hotspot.twopass.fdr0.05.merge.fa,fIntestine_Sm-DS17808.hg19.hotspot.twopass.fdr0.05.merge.fa,minimizer,D,18,NA,20,20,0.6477203369140625,0.5408280202290741,0.747146507835997,0.6619925398186896,0.7032818882489553,0.7045695238273433,0.747146507835997,NA,NA
fIntestine_Sm-DS18495.hg19.hotspot.twopass.fdr0.05.merge.fa,fIntestine_Sm-DS18495.hg19.hotspot.twopass.fdr0.05.merge.fa,minimizer,D,18,NA,20,20,1.0,1.0,1.0,1.0,1.0,1.0,1.0,NA,NA
fIntestine_Sm-DS18495.hg19.hotspot.twopass.fdr0.05.merge.fa,fKidney_renal_cortex_L-DS17550.hg19.hotspot.twopass.fdr0.05.merge.fa,minimizer,D,18,NA,20,20,0.4177818298339844,0.2780582180739506,0.5255667585235906,0.37124192211088053,0.4417153083512986,0.44840434031723553,0.5255667585235906,NA,NA
fIntestine_Sm-DS18495.hg19.hotspot.twopass.fdr0.05.merge.fa,fLung_L-DS17154.hg19.hotspot.twopass.fdr0.05.merge.fa,minimizer,D,18,NA,20,20,0.4029197692871094,0.2680085225449366,0.5550364376828795,0.3413503894353809,0.4352722184494175,0.44819341355913017,0.5550364376828795,NA,NA
fIntestine_Sm-DS18495.hg19.hotspot.twopass.fdr0.05.merge.fa,fLung_L-DS18421.hg19.hotspot.twopass.fdr0.05.merge.fa,minimizer,D,18,NA,20,20,0.42432403564453125,0.2864824343699234,0.5439108826320246,0.37706268433915224,0.45286697544257826,0.4604867834855884,0.5439108826320246,NA,NA
fIntestine_Sm-DS18495.hg19.hotspot.twopass.fdr0.05.merge.fa,fLung_R-DS15632.hotspot.twopass.fdr0.05.merge.fa,minimizer,D,18,NA,20,20,0.4260902404785156,0.2829378530812577,0.48703299291150154,0.4030476756510807,0.4430547548084435,0.4450403342812911,0.48703299291150154,NA,NA
fIntestine_Sm-DS18495.hg19.hotspot.twopass.fdr0.05.merge.fa,fMuscle_arm-DS19053.hg19.hotspot.twopass.fdr0.05.merge.fa,minimizer,D,18,NA,20,20,0.4018135070800781,0.2565389893137045,0.459850498866608,0.3671849518613939,0.41091383925316194,0.41351772536400094,0.459850498866608,NA,NA
fIntestine_Sm-DS18495.hg19.hotspot.twopass.fdr0.05.merge.fa,fMuscle_back-DS18454.hg19.hotspot.twopass.fdr0.05.merge.fa,minimizer,D,18,NA,20,20,0.4005241394042969,0.2551099988905619,0.45894574309087877,0.36483422479558436,0.4091932482382794,0.41188998394323156,0.45894574309087877,NA,NA
fIntestine_Sm-DS18495.hg19.hotspot.twopass.fdr0.05.merge.fa,fMuscle_leg-DS19115.hg19.hotspot.twopass.fdr0.05.merge.fa,minimizer,D,18,NA,20,20,0.400634765625,0.25423406672422394,0.4502454854566436,0.3686809155476075,0.4074271932497049,0.4094632005021256,0.4502454854566436,NA,NA
fIntestine_Sm-DS18495.hg19.hotspot.twopass.fdr0.05.merge.fa,fMuscle_leg-DS19158.hg19.hotspot.twopass.fdr0.05.merge.fa,minimizer,D,18,NA,20,20,0.37921142578125,0.2393370091530562,0.49011816197404884,0.318686044641854,0.39521363646342617,0.40440210330795145,0.49011816197404884,NA,NA
fIntestine_Sm-DS18495.hg19.hotspot.twopass.fdr0.05.merge.fa,fSkin_fibro_bicep_R-DS19745.hg19.hotspot.twopass.fdr0.05.merge.fa,minimizer,D,18,NA,20,20,0.3395118713378906,0.18758444709412161,0.2730149998782198,0.3747943383169327,0.3198819723428547,0.32390466909757626,0.3747943383169327,NA,NA
fIntestine_Sm-DS18495.hg19.hotspot.twopass.fdr0.05.merge.fa,fStomach-DS17659.hg19.hotspot.twopass.fdr0.05.merge.fa,minimizer,D,18,NA,20,20,0.47679901123046875,0.33998159882642276,0.4609127403421148,0.5644208539858997,0.5100478041486677,0.5126667971640073,0.5644208539858997,NA,NA
fKidney_renal_cortex_L-DS17550.hg19.hotspot.twopass.fdr0.05.merge.fa,fBrain-DS14718.hotspot.twopass.fdr0.05.merge.fa,minimizer,D,18,NA,20,20,0.40900421142578125,0.2648370686231057,0.365575384110643,0.49007775551506527,0.4232733912219167,0.42782656981285416,0.49007775551506527,NA,NA
fKidney_renal_cortex_L-DS17550.hg19.hotspot.twopass.fdr0.05.merge.fa,fBrain-DS16302.hotspot.twopass.fdr0.05.merge.fa,minimizer,D,18,NA,20,20,0.3967552185058594,0.2457151141621871,0.38552634081915466,0.40389398497552376,0.3946033072675396,0.3947101628973392,0.40389398497552376,NA,NA
fKidney_renal_cortex_L-DS17550.hg19.hotspot.twopass.fdr0.05.merge.fa,fHeart-DS15643.hotspot.twopass.fdr0.05.merge.fa,minimizer,D,18,NA,20,20,0.4542388916015625,0.31367000402699247,0.43987823542288584,0.5222729974078041,0.47930838142970783,0.48107561641534496,0.5222729974078041,NA,NA
fKidney_renal_cortex_L-DS17550.hg19.hotspot.twopass.fdr0.05.merge.fa,fHeart-DS15839.hotspot.twopass.fdr0.05.merge.fa,minimizer,D,18,NA,20,20,0.4336051940917969,0.2886529899666139,0.4315174474965191,0.4657740015629053,0.4483186459034072,0.4486457245297122,0.4657740015629053,NA,NA
fKidney_renal_cortex_L-DS17550.hg19.hotspot.twopass.fdr0.05.merge.fa,fHeart-DS16621.hotspot.twopass.fdr0.05.merge.fa,minimizer,D,18,NA,20,20,0.4491157531738281,0.3053776609969592,0.48172525077873524,0.45480144941315126,0.4680698049149107,0.4682633500959432,0.48172525077873524,NA,NA
fKidney_renal_cortex_L-DS17550.hg19.hotspot.twopass.fdr0.05.merge.fa,fIntestine_Sm-DS16559.hotspot.twopass.fdr0.05.merge.fa,minimizer,D,18,NA,20,20,0.4629020690917969,0.3224057350601073,0.46857702470837753,0.5082434691099192,0.48800738988563497,0.48841024690914836,0.5082434691099192,NA,NA
fKidney_renal_cortex_L-DS17550.hg19.hotspot.twopass.fdr0.05.merge.fa,fIntestine_Sm-DS16712.hg19.hotspot.twopass.fdr0.05.merge.fa,minimizer,D,18,NA,20,20,0.4001960754394531,0.27596558041324776,0.32782203903462553,0.6356451650687522,0.4564849330649802,0.4817336020516889,0.6356451650687522,NA,NA
fKidney_renal_cortex_L-DS17550.hg19.hotspot.twopass.fdr0.05.merge.fa,fIntestine_Sm-DS16822.hotspot.twopass.fdr0.05.merge.fa,minimizer,D,18,NA,20,20,0.4405250549316406,0.2987661902670972,0.41749908624159365,0.5123254957627055,0.4624882985970575,0.4649122910021496,0.5123254957627055,NA,NA
fKidney_renal_cortex_L-DS17550.hg19.hotspot.twopass.fdr0.05.merge.fa,fIntestine_Sm-DS17808.hg19.hotspot.twopass.fdr0.05.merge.fa,minimizer,D,18,NA,20,20,0.4588050842285156,0.3195223245374047,0.4351984208044528,0.5458904685042963,0.4874122175584776,0.4905444446543746,0.5458904685042963,NA,NA
fKidney_renal_cortex_L-DS17550.hg19.hotspot.twopass.fdr0.05.merge.fa,fIntestine_Sm-DS18495.hg19.hotspot.twopass.fdr0.05.merge.fa,minimizer,D,18,NA,20,20,0.4177818298339844,0.2780582180739506,0.37124192211088053,0.5255667585235906,0.4417153083512986,0.44840434031723553,0.5255667585235906,NA,NA
fKidney_renal_cortex_L-DS17550.hg19.hotspot.twopass.fdr0.05.merge.fa,fKidney_renal_cortex_L-DS17550.hg19.hotspot.twopass.fdr0.05.merge.fa,minimizer,D,18,NA,20,20,1.0,1.0,1.0,1.0,1.0,1.0,1.0,NA,NA
fKidney_renal_cortex_L-DS17550.hg19.hotspot.twopass.fdr0.05.merge.fa,fLung_L-DS17154.hg19.hotspot.twopass.fdr0.05.merge.fa,minimizer,D,18,NA,20,20,0.5245094299316406,0.39430961895310446,0.6076084132574454,0.5290217921941116,0.5669551055715736,0.5683151027257785,0.6076084132574454,NA,NA
fKidney_renal_cortex_L-DS17550.hg19.hotspot.twopass.fdr0.05.merge.fa,fLung_L-DS18421.hg19.hotspot.twopass.fdr0.05.merge.fa,minimizer,D,18,NA,20,20,0.5236968994140625,0.3928497544373743,0.569433423033249,0.558855639055252,0.5641197386447898,0.5641445310442506,0.569433423033249,NA,NA
fKidney_renal_cortex_L-DS17550.hg19.hotspot.twopass.fdr0.05.merge.fa,fLung_R-DS15632.hotspot.twopass.fdr0.05.merge.fa,minimizer,D,18,NA,20,20,0.5056915283203125,0.3737606698661947,0.504298646131057,0.5908220795785433,0.5458486739342645,0.5475603628548001,0.5908220795785433,NA,NA
fKidney_renal_cortex_L-DS17550.hg19.hotspot.twopass.fdr0.05.merge.fa,fMuscle_arm-DS19053.hg19.hotspot.twopass.fdr0.05.merge.fa,minimizer,D,18,NA,20,20,0.4814796447753906,0.3462998803382902,0.4847706091032286,0.5479934532040375,0.5154135427928751,0.516382031153633,0.5479934532040375,NA,NA
fKidney_renal_cortex_L-DS17550.hg19.hotspot.twopass.fdr0.05.merge.fa,fMuscle_back-DS18454.hg19.hotspot.twopass.fdr0.05.merge.fa,minimizer,D,18,NA,20,20,0.4757080078125,0.3390808394498601,0.47822367212530315,0.538190679874575,0.5073219128258041,0.5082071759999391,0.538190679874575,NA,NA
fKidney_renal_cortex_L-DS17550.hg19.hotspot.twopass.fdr0.05.merge.fa,fMuscle_leg-DS19115.hg19.hotspot.twopass.fdr0.05.merge.fa,minimizer,D,18,NA,20,20,0.47663116455078125,0.3389523431242657,0.4715216426379175,0.5466052492820351,0.5076772646238688,0.5090634459599763,0.5466052492820351,NA,NA
fKidney_renal_cortex_L-DS17550.hg19.hotspot.twopass.fdr0.05.merge.fa,fMuscle_leg-DS19158.hg19.hotspot.twopass.fdr0.05.merge.fa,minimizer,D,18,NA,20,20,0.4703712463378906,0.3302826665733154,0.5179973152664653,0.4768267758698381,0.4969859049789448,0.4974120455681517,0.5179973152664653,NA,NA
fKidney_renal_cortex_L-DS17550.hg19.hotspot.twopass.fdr0.05.merge.fa,fSkin_fibro_bicep_R-DS19745.hg19.hotspot.twopass.fdr0.05.merge.fa,minimizer,D,18,NA,20,20,0.32178497314453125,0.18519528485123593,0.23665840668722202,0.45993803533696415,0.32992150978330764,0.34829822101209307,0.45993803533696415,NA,NA
fKidney_renal_cortex_L-DS17550.hg19.hotspot.twopass.fdr0.05.merge.fa,fStomach-DS17659.hg19.hotspot.twopass.fdr0.05.merge.fa,minimizer,D,18,NA,20,20,0.4440574645996094,0.31862748411344105,0.38101745134052833,0.6605414607809261,0.5016750182055092,0.5207794560607273,0.6605414607809261,NA,NA
fLung_L-DS17154.hg19.hotspot.twopass.fdr0.05.merge.fa,fBrain-DS14718.hotspot.twopass.fdr0.05.merge.fa,minimizer,D,18,NA,20,20,0.39942169189453125,0.26048557212971557,0.34087194314920993,0.5248431314751897,0.42297080049864455,0.4328575373121998,0.5248431314751897,NA,NA
fLung_L-DS17154.hg19.hotspot.twopass.fdr0.05.merge.fa,fBrain-DS16302.hotspot.twopass.fdr0.05.merge.fa,minimizer,D,18,NA,20,20,0.4141273498535156,0.2677276306383924,0.3866977662905812,0.4653023102718658,0.42418317273552647,0.4260000382812235,0.4653023102718658,NA,NA
fLung_L-DS17154.hg19.hotspot.twopass.fdr0.05.merge.fa,fHeart-DS15643.hotspot.twopass.fdr0.05.merge.fa,minimizer,D,18,NA,20,20,0.4635429382324219,0.3281410742691629,0.42824410561941445,0.5839917454671173,0.5000910144430575,0.5061179255432658,0.5839917454671173,NA,NA
fLung_L-DS17154.hg19.hotspot.twopass.fdr0.05.merge.fa,fHeart-DS15839.hotspot.twopass.fdr0.05.merge.fa,minimizer,D,18,NA,20,20,0.4425163269042969,0.3002325506127017,0.4171625399438084,0.5171689023768281,0.4644819618623194,0.4671657211603183,0.5171689023768281,NA,NA
fLung_L-DS17154.hg19.hotspot.twopass.fdr0.05.merge.fa,fHeart-DS16621.hotspot.twopass.fdr0.05.merge.fa,minimizer,D,18,NA,20,20,0.4686851501464844,0.32952471403503714,0.47642135880034886,0.5166112605631318,0.49610950276027604,0.4965163096817403,0.5166112605631318,NA,NA
fLung_L-DS17154.hg19.hotspot.twopass.fdr0.05.merge.fa,fIntestine_Sm-DS16559.hotspot.twopass.fdr0.05.merge.fa,minimizer,D,18,NA,20,20,0.46051025390625,0.3223260545676363,0.43942307198635144,0.5474240689330883,0.4904597496735546,0.49342357045971985,0.5474240689330883,NA,NA
fLung_L-DS17154.hg19.hotspot.twopass.fdr0.05.merge.fa,fIntestine_Sm-DS16712.hg19.hotspot.twopass.fdr0.05.merge.fa,minimizer,D,18,NA,20,20,0.3736228942871094,0.2558233048883534,0.2951809119165043,0.6573778808252583,0.44050584824238015,0.4762793963708813,0.6573778808252583,NA,NA
fLung_L-DS17154.hg19.hotspot.twopass.fdr0.05.merge.fa,fIntestine_Sm-DS16822.hotspot.twopass.fdr0.05.merge.fa,minimizer,D,18,NA,20,20,0.4308280944824219,0.29272555102205516,0.38710277677273075,0.5455906795166744,0.4595646494479593,0.46634672814470257,0.5455906795166744,NA,NA
fLung_L-DS17154.hg19.hotspot.twopass.fdr0.05.merge.fa,fIntestine_Sm-DS17808.hg19.hotspot.twopass.fdr0.05.merge.fa,minimizer,D,18,NA,20,20,0.4481925964355469,0.3115654768819881,0.4024410779137713,0.5797899998358556,0.48304379977137374,0.4911155388748134,0.5797899998358556,NA,NA
fLung_L-DS17154.hg19.hotspot.twopass.fdr0.05.merge.fa,fIntestine_Sm-DS18495.hg19.hotspot.twopass.fdr0.05.merge.fa,minimizer,D,18,NA,20,20,0.4029197692871094,0.2680085225449366,0.3413503894353809,0.5550364376828795,0.4352722184494175,0.44819341355913017,0.5550364376828795,NA,NA
fLung_L-DS17154.hg19.hotspot.twopass.fdr0.05.merge.fa,fKidney_renal_cortex_L-DS17550.hg19.hotspot.twopass.fdr0.05.merge.fa,minimizer,D,18,NA,20,20,0.5245094299316406,0.39430961895310446,0.5290217921941116,0.6076084132574454,0.5669551055715736,0.5683151027257785,0.6076084132574454,NA,NA
fLung_L-DS17154.hg19.hotspot.twopass.fdr0.05.merge.fa,fLung_L-DS17154.hg19.hotspot.twopass.fdr0.05.merge.fa,minimizer,D,18,NA,20,20,1.0,1.0,1.0,1.0,1.0,1.0,1.0,NA,NA
fLung_L-DS17154.hg19.hotspot.twopass.fdr0.05.merge.fa,fLung_L-DS18421.hg19.hotspot.twopass.fdr0.05.merge.fa,minimizer,D,18,NA,20,20,0.7191505432128906,0.6327030841177954,0.731302907361486,0.8243358720390308,0.7764272147886813,0.7778193897002583,0.8243358720390308,NA,NA
fLung_L-DS17154.hg19.hotspot.twopass.fdr0.05.merge.fa,fLung_R-DS15632.hotspot.twopass.fdr0.05.merge.fa,minimizer,D,18,NA,20,20,0.6867408752441406,0.5988790312663411,0.6529202388680981,0.8785758508739643,0.7573902259841827,0.7657480448710312,0.8785758508739643,NA,NA
fLung_L-DS17154.hg19.hotspot.twopass.fdr0.05.merge.fa,fMuscle_arm-DS19053.hg19.hotspot.twopass.fdr0.05.merge.fa,minimizer,D,18,NA,20,20,0.5122528076171875,0.3847280635412996,0.49182979348876654,0.638563569834335,0.5604146578035505,0.5651966816615508,0.638563569834335,NA,NA
fLung_L-DS17154.hg19.hotspot.twopass.fdr0.05.merge.fa,fMuscle_back-DS18454.hg19.hotspot.twopass.fdr0.05.merge.fa,minimizer,D,18,NA,20,20,0.5002517700195312,0.36953849010674306,0.4785787674245472,0.6185983335707543,0.5441029571792185,0.5485885504976508,0.6185983335707543,NA,NA
fLung_L-DS17154.hg19.hotspot.twopass.fdr0.05.merge.fa,fMuscle_leg-DS19115.hg19.hotspot.twopass.fdr0.05.merge.fa,minimizer,D,18,NA,20,20,0.5034103393554688,0.3727518107416885,0.4754775803832439,0.6330710105595019,0.5486447596684096,0.5542742954713729,0.6330710105595019,NA,NA
fLung_L-DS17154.hg19.hotspot.twopass.fdr0.05.merge.fa,fMuscle_leg-DS19158.hg19.hotspot.twopass.fdr0.05.merge.fa,minimizer,D,18,NA,20,20,0.5127830505371094,0.3794893880971234,0.5352884880563797,0.5659411146548241,0.5504014567500009,0.5506148013556019,0.5659411146548241,NA,NA
fLung_L-DS17154.hg19.hotspot.twopass.fdr0.05.merge.fa,fSkin_fibro_bicep_R-DS19745.hg19.hotspot.twopass.fdr0.05.merge.fa,minimizer,D,18,NA,20,20,0.3146553039550781,0.18886523985078266,0.23003092636680816,0.5134685333809713,0.34367665383879537,0.37174972987388977,0.5134685333809713,NA,NA
fLung_L-DS17154.hg19.hotspot.twopass.fdr0.05.merge.fa,fStomach-DS17659.hg19.hotspot.twopass.fdr0.05.merge.fa,minimizer,D,18,NA,20,20,0.44663238525390625,0.3310118530080154,0.37359009316103553,0.7438764027496021,0.5271668185721857,0.5587332479553189,0.7438764027496021,NA,NA
fLung_L-DS18421.hg19.hotspot.twopass.fdr0.05.merge.fa,fBrain-DS14718.hotspot.twopass.fdr0.05.merge.fa,minimizer,D,18,NA,20,20,0.40460968017578125,0.2612424667877891,0.3587710606105,0.4900594486354584,0.41930793952552375,0.42441525462297924,0.4900594486354584,NA,NA
fLung_L-DS18421.hg19.hotspot.twopass.fdr0.05.merge.fa,fBrain-DS16302.hotspot.twopass.fdr0.05.merge.fa,minimizer,D,18,NA,20,20,0.41033935546875,0.2615804948496822,0.40158128129531745,0.42867692558134673,0.4149079765884173,0.4151291034383321,0.42867692558134673,NA,NA
fLung_L-DS18421.hg19.hotspot.twopass.fdr0.05.merge.fa,fHeart-DS15643.hotspot.twopass.fdr0.05.merge.fa,minimizer,D,18,NA,20,20,0.4698982238769531,0.33187848783144586,0.455151758030185,0.5506360484702072,0.5006225778927763,0.5028939032501961,0.5506360484702072,NA,NA
fLung_L-DS18421.hg19.hotspot.twopass.fdr0.05.merge.fa,fHeart-DS15839.hotspot.twopass.fdr0.05.merge.fa,minimizer,D,18,NA,20,20,0.4412727355957031,0.2965543235025192,0.4366914308987585,0.4802804074582071,0.45796761715820394,0.4584859191784828,0.4802804074582071,NA,NA
fLung_L-DS18421.hg19.hotspot.twopass.fdr0.05.merge.fa,fHeart-DS16621.hotspot.twopass.fdr0.05.merge.fa,minimizer,D,18,NA,20,20,0.4671058654785156,0.32750601425543463,0.5031662081653114,0.48403549761729486,0.49350816199279207,0.4936008528913032,0.5031662081653114,NA,NA
fLung_L-DS18421.hg19.hotspot.twopass.fdr0.05.merge.fa,fIntestine_Sm-DS16559.hotspot.twopass.fdr0.05.merge.fa,minimizer,D,18,NA,20,20,0.474822998046875,0.33587743431058686,0.4789276393948808,0.5293026090107924,0.5034855003464255,0.5041151242028366,0.5293026090107924,NA,NA
fLung_L-DS18421.hg19.hotspot.twopass.fdr0.05.merge.fa,fIntestine_Sm-DS16712.hg19.hotspot.twopass.fdr0.05.merge.fa,minimizer,D,18,NA,20,20,0.3979835510253906,0.2742648157177777,0.3241745482748723,0.640470059288894,0.45565786743296544,0.4823223037818831,0.640470059288894,NA,NA
fLung_L-DS18421.hg19.hotspot.twopass.fdr0.05.merge.fa,fIntestine_Sm-DS16822.hotspot.twopass.fdr0.05.merge.fa,minimizer,D,18,NA,20,20,0.4497337341308594,0.30900400109525383,0.4248549093756527,0.5312199759653424,0.47506990511638597,0.4780374426704975,0.5312199759653424,NA,NA
fLung_L-DS18421.hg19.hotspot.twopass.fdr0.05.merge.fa,fIntestine_Sm-DS17808.hg19.hotspot.twopass.fdr0.05.merge.fa,minimizer,D,18,NA,20,20,0.4623146057128906,0.3222639044395296,0.43441311406454075,0.5552191603208597,0.4911155509890561,0.49481613719270023,0.5552191603208597,NA,NA
fLung_L-DS18421.hg19.hotspot.twopass.fdr0.05.merge.fa,fIntestine_Sm-DS18495.hg19.hotspot.twopass.fdr0.05.merge.fa,minimizer,D,18,NA,20,20,0.42432403564453125,0.2864824343699234,0.37706268433915224,0.5439108826320246,0.45286697544257826,0.4604867834855884,0.5439108826320246,NA,NA
fLung_L-DS18421.hg19.hotspot.twopass.fdr0.05.merge.fa,fKidney_renal_cortex_L-DS17550.hg19.hotspot.twopass.fdr0.05.merge.fa,minimizer,D,18,NA,20,20,0.5236968994140625,0.3928497544373743,0.558855639055252,0.569433423033249,0.5641197386447898,0.5641445310442506,0.569433423033249,NA,NA
fLung_L-DS18421.hg19.hotspot.twopass.fdr0.05.merge.fa,fLung_L-DS17154.hg19.hotspot.twopass.fdr0.05.merge.fa,minimizer,D,18,NA,20,20,0.7191505432128906,0.6327030841177954,0.8243358720390308,0.731302907361486,0.7764272147886813,0.7778193897002583,0.8243358720390308,NA,NA
fLung_L-DS18421.hg19.hotspot.twopass.fdr0.05.merge.fa,fLung_L-DS18421.hg19.hotspot.twopass.fdr0.05.merge.fa,minimizer,D,18,NA,20,20,1.0,1.0,1.0,1.0,1.0,1.0,1.0,NA,NA
fLung_L-DS18421.hg19.hotspot.twopass.fdr0.05.merge.fa,fLung_R-DS15632.hotspot.twopass.fdr0.05.merge.fa,minimizer,D,18,NA,20,20,0.6895484924316406,0.5973650639167587,0.6872423478775284,0.8203933751426699,0.7508722057156053,0.7538178615100991,0.8203933751426699,NA,NA
fLung_L-DS18421.hg19.hotspot.twopass.fdr0.05.merge.fa,fMuscle_arm-DS19053.hg19.hotspot.twopass.fdr0.05.merge.fa,minimizer,D,18,NA,20,20,0.5062294006347656,0.37328877947363975,0.5078148718379207,0.5849083499744028,0.5450001456689539,0.5463616109061618,0.5849083499744028,NA,NA
fLung_L-DS18421.hg19.hotspot.twopass.fdr0.05.merge.fa,fMuscle_back-DS18454.hg19.hotspot.twopass.fdr0.05.merge.fa,minimizer,D,18,NA,20,20,0.4988250732421875,0.3642539294727843,0.4998402495999929,0.5731649761133327,0.5352484700795157,0.5365026128566628,0.5731649761133327,NA,NA
fLung_L-DS18421.hg19.hotspot.twopass.fdr0.05.merge.fa,fMuscle_leg-DS19115.hg19.hotspot.twopass.fdr0.05.merge.fa,minimizer,D,18,NA,20,20,0.5020332336425781,0.36781122000530037,0.49656317460582583,0.5865296788399533,0.5396749385744188,0.5415464267228896,0.5865296788399533,NA,NA
fLung_L-DS18421.hg19.hotspot.twopass.fdr0.05.merge.fa,fMuscle_leg-DS19158.hg19.hotspot.twopass.fdr0.05.merge.fa,minimizer,D,18,NA,20,20,0.499114990234375,0.36368986362725125,0.5510362107794858,0.5168405526342493,0.5336645572836481,0.5339383817068676,0.5510362107794858,NA,NA
fLung_L-DS18421.hg19.hotspot.twopass.fdr0.05.merge.fa,fSkin_fibro_bicep_R-DS19745.hg19.hotspot.twopass.fdr0.05.merge.fa,minimizer,D,18,NA,20,20,0.3302154541015625,0.1977285525848717,0.24845253335996254,0.4919989047663769,0.3496260492290775,0.3702257190631697,0.4919989047663769,NA,NA
fLung_L-DS18421.hg19.hotspot.twopass.fdr0.05.merge.fa,fStomach-DS17659.hg19.hotspot.twopass.fdr0.05.merge.fa,minimizer,D,18,NA,20,20,0.4767036437988281,0.3574627294075028,0.41240635336820913,0.728490477457194,0.5481186926857968,0.5704484154127015,0.728490477457194,NA,NA
fLung_R-DS15632.hotspot.twopass.fdr0.05.merge.fa,fBrain-DS14718.hotspot.twopass.fdr0.05.merge.fa,minimizer,D,18,NA,20,20,0.4135475158691406,0.26718948170869167,0.3951237461645204,0.45211848274011124,0.42266150594830826,0.4236211144523158,0.45211848274011124,NA,NA
fLung_R-DS15632.hotspot.twopass.fdr0.05.merge.fa,fBrain-DS16302.hotspot.twopass.fdr0.05.merge.fa,minimizer,D,18,NA,20,20,0.4140625,0.26701106965409793,0.4464109895721701,0.3991896676919033,0.4221405625870704,0.4228003286320367,0.4464109895721701,NA,NA
fLung_R-DS15632.hotspot.twopass.fdr0.05.merge.fa,fHeart-DS15643.hotspot.twopass.fdr0.05.merge.fa,minimizer,D,18,NA,20,20,0.4729576110839844,0.33393461338517605,0.49735726815671727,0.5040395933219731,0.5006872828197649,0.5006984307393452,0.5040395933219731,NA,NA
fLung_R-DS15632.hotspot.twopass.fdr0.05.merge.fa,fHeart-DS15839.hotspot.twopass.fdr0.05.merge.fa,minimizer,D,18,NA,20,20,0.4351310729980469,0.289913097091331,0.4687031849551731,0.43182310248904454,0.4498853892646874,0.45026314372210885,0.4687031849551731,NA,NA
fLung_R-DS15632.hotspot.twopass.fdr0.05.merge.fa,fHeart-DS16621.hotspot.twopass.fdr0.05.merge.fa,minimizer,D,18,NA,20,20,0.45708465576171875,0.3201420856865545,0.5434379238795639,0.43792874875762644,0.48783920509940537,0.4906833363185952,0.5434379238795639,NA,NA
fLung_R-DS15632.hotspot.twopass.fdr0.05.merge.fa,fIntestine_Sm-DS16559.hotspot.twopass.fdr0.05.merge.fa,minimizer,D,18,NA,20,20,0.4606895446777344,0.31892873394413473,0.5029952355575424,0.46567805560796344,0.48397711027951096,0.4843366455827529,0.5029952355575424,NA,NA
fLung_R-DS15632.hotspot.twopass.fdr0.05.merge.fa,fIntestine_Sm-DS16712.hg19.hotspot.twopass.fdr0.05.merge.fa,minimizer,D,18,NA,20,20,0.4131813049316406,0.28078315207316534,0.3516886215346809,0.5820576525512219,0.4524412154959487,0.4668731370429514,0.5820576525512219,NA,NA
fLung_R-DS15632.hotspot.twopass.fdr0.05.merge.fa,fIntestine_Sm-DS16822.hotspot.twopass.fdr0.05.merge.fa,minimizer,D,18,NA,20,20,0.44268798828125,0.29937212122679935,0.4503638939280705,0.4717208695574899,0.46091869962179505,0.4610423817427802,0.4717208695574899,NA,NA
fLung_R-DS15632.hotspot.twopass.fdr0.05.merge.fa,fIntestine_Sm-DS17808.hg19.hotspot.twopass.fdr0.05.merge.fa,minimizer,D,18,NA,20,20,0.45761871337890625,0.31375128001622854,0.4618816167276,0.4945155622000198,0.4779201265545354,0.4781985894638099,0.4945155622000198,NA,NA
fLung_R-DS15632.hotspot.twopass.fdr0.05.merge.fa,fIntestine_Sm-DS18495.hg19.hotspot.twopass.fdr0.05.merge.fa,minimizer,D,18,NA,20,20,0.4260902404785156,0.2829378530812577,0.4030476756510807,0.48703299291150154,0.4430547548084435,0.4450403342812911,0.48703299291150154,NA,NA
fLung_R-DS15632.hotspot.twopass.fdr0.05.merge.fa,fKidney_renal_cortex_L-DS17550.hg19.hotspot.twopass.fdr0.05.merge.fa,minimizer,D,18,NA,20,20,0.5056915283203125,0.3737606698661947,0.5908220795785433,0.504298646131057,0.5458486739342645,0.5475603628548001,0.5908220795785433,NA,NA
fLung_R-DS15632.hotspot.twopass.fdr0.05.merge.fa,fLung_L-DS17154.hg19.hotspot.twopass.fdr0.05.merge.fa,minimizer,D,18,NA,20,20,0.6867408752441406,0.5988790312663411,0.8785758508739643,0.6529202388680981,0.7573902259841827,0.7657480448710312,0.8785758508739643,NA,NA
fLung_R-DS15632.hotspot.twopass.fdr0.05.merge.fa,fLung_L-DS18421.hg19.hotspot.twopass.fdr0.05.merge.fa,minimizer,D,18,NA,20,20,0.6895484924316406,0.5973650639167587,0.8203933751426699,0.6872423478775284,0.7508722057156053,0.7538178615100991,0.8203933751426699,NA,NA
fLung_R-DS15632.hotspot.twopass.fdr0.05.merge.fa,fLung_R-DS15632.hotspot.twopass.fdr0.05.merge.fa,minimizer,D,18,NA,20,20,1.0,1.0,1.0,1.0,1.0,1.0,1.0,NA,NA
fLung_R-DS15632.hotspot.twopass.fdr0.05.merge.fa,fMuscle_arm-DS19053.hg19.hotspot.twopass.fdr0.05.merge.fa,minimizer,D,18,NA,20,20,0.5174217224121094,0.38530990631117856,0.5664056225879612,0.5465095177999532,0.5563686400937143,0.5564575701939571,0.5664056225879612,NA,NA
fLung_R-DS15632.hotspot.twopass.fdr0.05.merge.fa,fMuscle_back-DS18454.hg19.hotspot.twopass.fdr0.05.merge.fa,minimizer,D,18,NA,20,20,0.5073204040527344,0.37375638335104266,0.5553011497315209,0.5334144306189182,0.5442477805247072,0.5443577901752196,0.5553011497315209,NA,NA
fLung_R-DS15632.hotspot.twopass.fdr0.05.merge.fa,fMuscle_leg-DS19115.hg19.hotspot.twopass.fdr0.05.merge.fa,minimizer,D,18,NA,20,20,0.5134925842285156,0.37965137521506076,0.5532864960300886,0.5474611716276947,0.5503661266488102,0.5503738338288917,0.5532864960300886,NA,NA
fLung_R-DS15632.hotspot.twopass.fdr0.05.merge.fa,fMuscle_leg-DS19158.hg19.hotspot.twopass.fdr0.05.merge.fa,minimizer,D,18,NA,20,20,0.4995079040527344,0.3687791809610029,0.6123230009092999,0.48111044394323166,0.5427660553167682,0.5467167224262658,0.6123230009092999,NA,NA
fLung_R-DS15632.hotspot.twopass.fdr0.05.merge.fa,fSkin_fibro_bicep_R-DS19745.hg19.hotspot.twopass.fdr0.05.merge.fa,minimizer,D,18,NA,20,20,0.345611572265625,0.20444110374226854,0.2720626088103578,0.4513124694737121,0.3504072599614099,0.361687539142035,0.4513124694737121,NA,NA
fLung_R-DS15632.hotspot.twopass.fdr0.05.merge.fa,fStomach-DS17659.hg19.hotspot.twopass.fdr0.05.merge.fa,minimizer,D,18,NA,20,20,0.4878997802734375,0.35789558207435296,0.44168264861030204,0.6535768164979279,0.5372834813960822,0.547629732554115,0.6535768164979279,NA,NA
fMuscle_arm-DS19053.hg19.hotspot.twopass.fdr0.05.merge.fa,fBrain-DS14718.hotspot.twopass.fdr0.05.merge.fa,minimizer,D,18,NA,20,20,0.4149208068847656,0.2693229061333708,0.3910956537083834,0.46380128374769325,0.4258998312491935,0.4274484687280383,0.46380128374769325,NA,NA
fMuscle_arm-DS19053.hg19.hotspot.twopass.fdr0.05.merge.fa,fBrain-DS16302.hotspot.twopass.fdr0.05.merge.fa,minimizer,D,18,NA,20,20,0.4091377258300781,0.260085460977725,0.42911411828696633,0.39769217324162026,0.4131044980028726,0.41340314576429327,0.42911411828696633,NA,NA
fMuscle_arm-DS19053.hg19.hotspot.twopass.fdr0.05.merge.fa,fHeart-DS15643.hotspot.twopass.fdr0.05.merge.fa,minimizer,D,18,NA,20,20,0.4692039489746094,0.32819136646428787,0.48235232758598034,0.5066293995033545,0.49434185547445864,0.4944908635446674,0.5066293995033545,NA,NA
fMuscle_arm-DS19053.hg19.hotspot.twopass.fdr0.05.merge.fa,fHeart-DS15839.hotspot.twopass.fdr0.05.merge.fa,minimizer,D,18,NA,20,20,0.4305152893066406,0.2826013202260409,0.45108609338826083,0.43072217674905183,0.44078655157050534,0.44090413506865633,0.45108609338826083,NA,NA
fMuscle_arm-DS19053.hg19.hotspot.twopass.fdr0.05.merge.fa,fHeart-DS16621.hotspot.twopass.fdr0.05.merge.fa,minimizer,D,18,NA,20,20,0.4535713195800781,0.31390109476155137,0.5249609083415882,0.43844013658746483,0.4797540331840531,0.4817005224645265,0.5249609083415882,NA,NA
fMuscle_arm-DS19053.hg19.hotspot.twopass.fdr0.05.merge.fa,fIntestine_Sm-DS16559.hotspot.twopass.fdr0.05.merge.fa,minimizer,D,18,NA,20,20,0.4335174560546875,0.28831430593547475,0.4570263157898781,0.43852356413703214,0.44767935948019105,0.44777493996345513,0.4570263157898781,NA,NA
fMuscle_arm-DS19053.hg19.hotspot.twopass.fdr0.05.merge.fa,fIntestine_Sm-DS16712.hg19.hotspot.twopass.fdr0.05.merge.fa,minimizer,D,18,NA,20,20,0.38430023193359375,0.24913992259873213,0.3157264141089751,0.5415623063177949,0.41350396006604795,0.42864436021338503,0.5415623063177949,NA,NA
fMuscle_arm-DS19053.hg19.hotspot.twopass.fdr0.05.merge.fa,fIntestine_Sm-DS16822.hotspot.twopass.fdr0.05.merge.fa,minimizer,D,18,NA,20,20,0.4136238098144531,0.2656754021535345,0.4032729135429092,0.4377744427495191,0.42016969786292546,0.42052367814621416,0.4377744427495191,NA,NA
fMuscle_arm-DS19053.hg19.hotspot.twopass.fdr0.05.merge.fa,fIntestine_Sm-DS17808.hg19.hotspot.twopass.fdr0.05.merge.fa,minimizer,D,18,NA,20,20,0.4289054870605469,0.2823441379305022,0.41860253136885955,0.46449491307661006,0.4409520908464176,0.4415487222227348,0.46449491307661006,NA,NA
fMuscle_arm-DS19053.hg19.hotspot.twopass.fdr0.05.merge.fa,fIntestine_Sm-DS18495.hg19.hotspot.twopass.fdr0.05.merge.fa,minimizer,D,18,NA,20,20,0.4018135070800781,0.2565389893137045,0.3671849518613939,0.459850498866608,0.41091383925316194,0.41351772536400094,0.459850498866608,NA,NA
fMuscle_arm-DS19053.hg19.hotspot.twopass.fdr0.05.merge.fa,fKidney_renal_cortex_L-DS17550.hg19.hotspot.twopass.fdr0.05.merge.fa,minimizer,D,18,NA,20,20,0.4814796447753906,0.3462998803382902,0.5479934532040375,0.4847706091032286,0.5154135427928751,0.516382031153633,0.5479934532040375,NA,NA
fMuscle_arm-DS19053.hg19.hotspot.twopass.fdr0.05.merge.fa,fLung_L-DS17154.hg19.hotspot.twopass.fdr0.05.merge.fa,minimizer,D,18,NA,20,20,0.5122528076171875,0.3847280635412996,0.638563569834335,0.49182979348876654,0.5604146578035505,0.5651966816615508,0.638563569834335,NA,NA
fMuscle_arm-DS19053.hg19.hotspot.twopass.fdr0.05.merge.fa,fLung_L-DS18421.hg19.hotspot.twopass.fdr0.05.merge.fa,minimizer,D,18,NA,20,20,0.5062294006347656,0.37328877947363975,0.5849083499744028,0.5078148718379207,0.5450001456689539,0.5463616109061618,0.5849083499744028,NA,NA
fMuscle_arm-DS19053.hg19.hotspot.twopass.fdr0.05.merge.fa,fLung_R-DS15632.hotspot.twopass.fdr0.05.merge.fa,minimizer,D,18,NA,20,20,0.5174217224121094,0.38530990631117856,0.5465095177999532,0.5664056225879612,0.5563686400937143,0.5564575701939571,0.5664056225879612,NA,NA
fMuscle_arm-DS19053.hg19.hotspot.twopass.fdr0.05.merge.fa,fMuscle_arm-DS19053.hg19.hotspot.twopass.fdr0.05.merge.fa,minimizer,D,18,NA,20,20,1.0,1.0,1.0,1.0,1.0,1.0,1.0,NA,NA
fMuscle_arm-DS19053.hg19.hotspot.twopass.fdr0.05.merge.fa,fMuscle_back-DS18454.hg19.hotspot.twopass.fdr0.05.merge.fa,minimizer,D,18,NA,20,20,0.6911735534667969,0.5945416025100903,0.7473851421111234,0.7440643105043799,0.7457228777811038,0.7457247263077517,0.7473851421111234,NA,NA
fMuscle_arm-DS19053.hg19.hotspot.twopass.fdr0.05.merge.fa,fMuscle_leg-DS19115.hg19.hotspot.twopass.fdr0.05.merge.fa,minimizer,D,18,NA,20,20,0.6978302001953125,0.6025132250970944,0.7426134686356481,0.7615455760817378,0.7520199477262502,0.7520795223586929,0.7615455760817378,NA,NA
fMuscle_arm-DS19053.hg19.hotspot.twopass.fdr0.05.merge.fa,fMuscle_leg-DS19158.hg19.hotspot.twopass.fdr0.05.merge.fa,minimizer,D,18,NA,20,20,0.6739845275878906,0.5780388456305878,0.8161288087021918,0.6645883832962904,0.7364711301449075,0.7403585959992411,0.8161288087021918,NA,NA
fMuscle_arm-DS19053.hg19.hotspot.twopass.fdr0.05.merge.fa,fSkin_fibro_bicep_R-DS19745.hg19.hotspot.twopass.fdr0.05.merge.fa,minimizer,D,18,NA,20,20,0.3574104309082031,0.2190427541792158,0.2841975486279671,0.4886058116531063,0.37264000579271006,0.38640168014053666,0.4886058116531063,NA,NA
fMuscle_arm-DS19053.hg19.hotspot.twopass.fdr0.05.merge.fa,fStomach-DS17659.hg19.hotspot.twopass.fdr0.05.merge.fa,minimizer,D,18,NA,20,20,0.4570465087890625,0.3262665967115933,0.40641164420476816,0.6232786758762642,0.5032968422915479,0.5148451600405162,0.6232786758762642,NA,NA
fMuscle_back-DS18454.hg19.hotspot.twopass.fdr0.05.merge.fa,fBrain-DS14718.hotspot.twopass.fdr0.05.merge.fa,minimizer,D,18,NA,20,20,0.41583251953125,0.2705734148916248,0.39172698352925006,0.46662331119055067,0.4275382347078504,0.42917514735990037,0.46662331119055067,NA,NA
fMuscle_back-DS18454.hg19.hotspot.twopass.fdr0.05.merge.fa,fBrain-DS16302.hotspot.twopass.fdr0.05.merge.fa,minimizer,D,18,NA,20,20,0.4019508361816406,0.2546536928776513,0.42099813355431476,0.3919118516247195,0.4061947292270327,0.4064549925895171,0.42099813355431476,NA,NA
fMuscle_back-DS18454.hg19.hotspot.twopass.fdr0.05.merge.fa,fHeart-DS15643.hotspot.twopass.fdr0.05.merge.fa,minimizer,D,18,NA,20,20,0.4721565246582031,0.33213197050479226,0.4856452331572427,0.5123646115990733,0.4988260531102521,0.49900492237815797,0.5123646115990733,NA,NA
fMuscle_back-DS18454.hg19.hotspot.twopass.fdr0.05.merge.fa,fHeart-DS15839.hotspot.twopass.fdr0.05.merge.fa,minimizer,D,18,NA,20,20,0.4295082092285156,0.28359589620260933,0.45129477830482917,0.43284468518359276,0.4419734678013524,0.44206973174421094,0.45129477830482917,NA,NA
fMuscle_back-DS18454.hg19.hotspot.twopass.fdr0.05.merge.fa,fHeart-DS16621.hotspot.twopass.fdr0.05.merge.fa,minimizer,D,18,NA,20,20,0.4560737609863281,0.3168389165453041,0.5274118787002328,0.44245309048772274,0.4830683343905435,0.48493248459397775,0.5274118787002328,NA,NA
fMuscle_back-DS18454.hg19.hotspot.twopass.fdr0.05.merge.fa,fIntestine_Sm-DS16559.hotspot.twopass.fdr0.05.merge.fa,minimizer,D,18,NA,20,20,0.4301795959472656,0.28410588869741105,0.4508066843678486,0.4344862734991529,0.4425712556860142,0.44264647893350073,0.4508066843678486,NA,NA
fMuscle_back-DS18454.hg19.hotspot.twopass.fdr0.05.merge.fa,fIntestine_Sm-DS16712.hg19.hotspot.twopass.fdr0.05.merge.fa,minimizer,D,18,NA,20,20,0.38303375244140625,0.24804753811960534,0.3141023729596209,0.5411812176052532,0.412293954177098,0.42764179528243706,0.5411812176052532,NA,NA
fMuscle_back-DS18454.hg19.hotspot.twopass.fdr0.05.merge.fa,fIntestine_Sm-DS16822.hotspot.twopass.fdr0.05.merge.fa,minimizer,D,18,NA,20,20,0.4145317077636719,0.26745642095602146,0.4045421596791354,0.44111225717071395,0.4224316574036312,0.4228272084249247,0.44111225717071395,NA,NA
fMuscle_back-DS18454.hg19.hotspot.twopass.fdr0.05.merge.fa,fIntestine_Sm-DS17808.hg19.hotspot.twopass.fdr0.05.merge.fa,minimizer,D,18,NA,20,20,0.42729949951171875,0.27992906776212434,0.41492929123193606,0.4624738617364705,0.43805701873570074,0.43870157648420327,0.4624738617364705,NA,NA
fMuscle_back-DS18454.hg19.hotspot.twopass.fdr0.05.merge.fa,fIntestine_Sm-DS18495.hg19.hotspot.twopass.fdr0.05.merge.fa,minimizer,D,18,NA,20,20,0.4005241394042969,0.2551099988905619,0.36483422479558436,0.45894574309087877,0.4091932482382794,0.41188998394323156,0.45894574309087877,NA,NA
fMuscle_back-DS18454.hg19.hotspot.twopass.fdr0.05.merge.fa,fKidney_renal_cortex_L-DS17550.hg19.hotspot.twopass.fdr0.05.merge.fa,minimizer,D,18,NA,20,20,0.4757080078125,0.3390808394498601,0.538190679874575,0.47822367212530315,0.5073219128258041,0.5082071759999391,0.538190679874575,NA,NA
fMuscle_back-DS18454.hg19.hotspot.twopass.fdr0.05.merge.fa,fLung_L-DS17154.hg19.hotspot.twopass.fdr0.05.merge.fa,minimizer,D,18,NA,20,20,0.5002517700195312,0.36953849010674306,0.6185983335707543,0.4785787674245472,0.5441029571792185,0.5485885504976508,0.6185983335707543,NA,NA
fMuscle_back-DS18454.hg19.hotspot.twopass.fdr0.05.merge.fa,fLung_L-DS18421.hg19.hotspot.twopass.fdr0.05.merge.fa,minimizer,D,18,NA,20,20,0.4988250732421875,0.3642539294727843,0.5731649761133327,0.4998402495999929,0.5352484700795157,0.5365026128566628,0.5731649761133327,NA,NA
fMuscle_back-DS18454.hg19.hotspot.twopass.fdr0.05.merge.fa,fLung_R-DS15632.hotspot.twopass.fdr0.05.merge.fa,minimizer,D,18,NA,20,20,0.5073204040527344,0.37375638335104266,0.5334144306189182,0.5553011497315209,0.5442477805247072,0.5443577901752196,0.5553011497315209,NA,NA
fMuscle_back-DS18454.hg19.hotspot.twopass.fdr0.05.merge.fa,fMuscle_arm-DS19053.hg19.hotspot.twopass.fdr0.05.merge.fa,minimizer,D,18,NA,20,20,0.6911735534667969,0.5945416025100903,0.7440643105043799,0.7473851421111234,0.7457228777811038,0.7457247263077517,0.7473851421111234,NA,NA
fMuscle_back-DS18454.hg19.hotspot.twopass.fdr0.05.merge.fa,fMuscle_back-DS18454.hg19.hotspot.twopass.fdr0.05.merge.fa,minimizer,D,18,NA,20,20,1.0,1.0,1.0,1.0,1.0,1.0,1.0,NA,NA
fMuscle_back-DS18454.hg19.hotspot.twopass.fdr0.05.merge.fa,fMuscle_leg-DS19115.hg19.hotspot.twopass.fdr0.05.merge.fa,minimizer,D,18,NA,20,20,0.7035484313964844,0.6117576741947699,0.7480382295256973,0.7705323159153381,0.7592019687735568,0.7592852727205177,0.7705323159153381,NA,NA
fMuscle_back-DS18454.hg19.hotspot.twopass.fdr0.05.merge.fa,fMuscle_leg-DS19158.hg19.hotspot.twopass.fdr0.05.merge.fa,minimizer,D,18,NA,20,20,0.6599006652832031,0.5604986725643855,0.7982991479653003,0.652970692551135,0.7219874981673042,0.7256349202582177,0.7982991479653003,NA,NA
fMuscle_back-DS18454.hg19.hotspot.twopass.fdr0.05.merge.fa,fSkin_fibro_bicep_R-DS19745.hg19.hotspot.twopass.fdr0.05.merge.fa,minimizer,D,18,NA,20,20,0.3640632629394531,0.22599326026840377,0.2910767773166742,0.5026663865135809,0.38251079965380175,0.3968715819151275,0.5026663865135809,NA,NA
fMuscle_back-DS18454.hg19.hotspot.twopass.fdr0.05.merge.fa,fStomach-DS17659.hg19.hotspot.twopass.fdr0.05.merge.fa,minimizer,D,18,NA,20,20,0.4602203369140625,0.3301986260309452,0.40937453666152707,0.6306246434306805,0.5080961239881441,0.5199995900461037,0.6306246434306805,NA,NA
fMuscle_leg-DS19115.hg19.hotspot.twopass.fdr0.05.merge.fa,fBrain-DS14718.hotspot.twopass.fdr0.05.merge.fa,minimizer,D,18,NA,20,20,0.41812896728515625,0.2705642271293967,0.3970922187095348,0.45920568466250083,0.42702108164195296,0.42814895168601785,0.45920568466250083,NA,NA
fMuscle_leg-DS19115.hg19.hotspot.twopass.fdr0.05.merge.fa,fBrain-DS16302.hotspot.twopass.fdr0.05.merge.fa,minimizer,D,18,NA,20,20,0.4056816101074219,0.2563105099144452,0.42976869959378455,0.3883970698465536,0.4085595472314772,0.40908288472016907,0.42976869959378455,NA,NA
fMuscle_leg-DS19115.hg19.hotspot.twopass.fdr0.05.merge.fa,fHeart-DS15643.hotspot.twopass.fdr0.05.merge.fa,minimizer,D,18,NA,20,20,0.46744537353515625,0.32630562034677807,0.4862342667759264,0.49801049329063873,0.49208715391878616,0.49212238003328257,0.49801049329063873,NA,NA
fMuscle_leg-DS19115.hg19.hotspot.twopass.fdr0.05.merge.fa,fHeart-DS15839.hotspot.twopass.fdr0.05.merge.fa,minimizer,D,18,NA,20,20,0.4225006103515625,0.273412551073883,0.4453007366021015,0.4146275259148231,0.42969051968291977,0.42996413125846233,0.4453007366021015,NA,NA
fMuscle_leg-DS19115.hg19.hotspot.twopass.fdr0.05.merge.fa,fHeart-DS16621.hotspot.twopass.fdr0.05.merge.fa,minimizer,D,18,NA,20,20,0.448455810546875,0.308583456250236,0.5253631390110838,0.4278680522700612,0.4741161282040064,0.4766155956405725,0.5253631390110838,NA,NA
fMuscle_leg-DS19115.hg19.hotspot.twopass.fdr0.05.merge.fa,fIntestine_Sm-DS16559.hotspot.twopass.fdr0.05.merge.fa,minimizer,D,18,NA,20,20,0.42758941650390625,0.28042756562368815,0.453081569099456,0.42393087304862165,0.43826392179892215,0.4385062210740388,0.453081569099456,NA,NA
fMuscle_leg-DS19115.hg19.hotspot.twopass.fdr0.05.merge.fa,fIntestine_Sm-DS16712.hg19.hotspot.twopass.fdr0.05.merge.fa,minimizer,D,18,NA,20,20,0.3828773498535156,0.24523685746502752,0.31468136791426504,0.5263510134069079,0.406980167701014,0.4205161906605865,0.5263510134069079,NA,NA
fMuscle_leg-DS19115.hg19.hotspot.twopass.fdr0.05.merge.fa,fIntestine_Sm-DS16822.hotspot.twopass.fdr0.05.merge.fa,minimizer,D,18,NA,20,20,0.4123268127441406,0.26389859926627934,0.4060425493675481,0.4298231661304511,0.41776368218508353,0.4179328577489996,0.4298231661304511,NA,NA
fMuscle_leg-DS19115.hg19.hotspot.twopass.fdr0.05.merge.fa,fIntestine_Sm-DS17808.hg19.hotspot.twopass.fdr0.05.merge.fa,minimizer,D,18,NA,20,20,0.4264335632324219,0.2772744551237849,0.41770539209097307,0.45197677138361503,0.4345033193277182,0.4348410817372941,0.45197677138361503,NA,NA
fMuscle_leg-DS19115.hg19.hotspot.twopass.fdr0.05.merge.fa,fIntestine_Sm-DS18495.hg19.hotspot.twopass.fdr0.05.merge.fa,minimizer,D,18,NA,20,20,0.400634765625,0.25423406672422394,0.3686809155476075,0.4502454854566436,0.4074271932497049,0.4094632005021256,0.4502454854566436,NA,NA
fMuscle_leg-DS19115.hg19.hotspot.twopass.fdr0.05.merge.fa,fKidney_renal_cortex_L-DS17550.hg19.hotspot.twopass.fdr0.05.merge.fa,minimizer,D,18,NA,20,20,0.47663116455078125,0.3389523431242657,0.5466052492820351,0.4715216426379175,0.5076772646238688,0.5090634459599763,0.5466052492820351,NA,NA
fMuscle_leg-DS19115.hg19.hotspot.twopass.fdr0.05.merge.fa,fLung_L-DS17154.hg19.hotspot.twopass.fdr0.05.merge.fa,minimizer,D,18,NA,20,20,0.5034103393554688,0.3727518107416885,0.6330710105595019,0.4754775803832439,0.5486447596684096,0.5542742954713729,0.6330710105595019,NA,NA
fMuscle_leg-DS19115.hg19.hotspot.twopass.fdr0.05.merge.fa,fLung_L-DS18421.hg19.hotspot.twopass.fdr0.05.merge.fa,minimizer,D,18,NA,20,20,0.5020332336425781,0.36781122000530037,0.5865296788399533,0.49656317460582583,0.5396749385744188,0.5415464267228896,0.5865296788399533,NA,NA
fMuscle_leg-DS19115.hg19.hotspot.twopass.fdr0.05.merge.fa,fLung_R-DS15632.hotspot.twopass.fdr0.05.merge.fa,minimizer,D,18,NA,20,20,0.5134925842285156,0.37965137521506076,0.5474611716276947,0.5532864960300886,0.5503661266488102,0.5503738338288917,0.5532864960300886,NA,NA
fMuscle_leg-DS19115.hg19.hotspot.twopass.fdr0.05.merge.fa,fMuscle_arm-DS19053.hg19.hotspot.twopass.fdr0.05.merge.fa,minimizer,D,18,NA,20,20,0.6978302001953125,0.6025132250970944,0.7615455760817378,0.7426134686356481,0.7520199477262502,0.7520795223586929,0.7615455760817378,NA,NA
fMuscle_leg-DS19115.hg19.hotspot.twopass.fdr0.05.merge.fa,fMuscle_back-DS18454.hg19.hotspot.twopass.fdr0.05.merge.fa,minimizer,D,18,NA,20,20,0.7035484313964844,0.6117576741947699,0.7705323159153381,0.7480382295256973,0.7592019687735568,0.7592852727205177,0.7705323159153381,NA,NA
fMuscle_leg-DS19115.hg19.hotspot.twopass.fdr0.05.merge.fa,fMuscle_leg-DS19115.hg19.hotspot.twopass.fdr0.05.merge.fa,minimizer,D,18,NA,20,20,1.0,1.0,1.0,1.0,1.0,1.0,1.0,NA,NA
fMuscle_leg-DS19115.hg19.hotspot.twopass.fdr0.05.merge.fa,fMuscle_leg-DS19158.hg19.hotspot.twopass.fdr0.05.merge.fa,minimizer,D,18,NA,20,20,0.6810493469238281,0.5862301148051917,0.834990086281638,0.6630438919610318,0.7440665807285359,0.7490169891213349,0.834990086281638,NA,NA
fMuscle_leg-DS19115.hg19.hotspot.twopass.fdr0.05.merge.fa,fSkin_fibro_bicep_R-DS19745.hg19.hotspot.twopass.fdr0.05.merge.fa,minimizer,D,18,NA,20,20,0.36235809326171875,0.2223596603499389,0.2904156798754805,0.48688375401340767,0.37603015363416004,0.38864971694444406,0.48688375401340767,NA,NA
fMuscle_leg-DS19115.hg19.hotspot.twopass.fdr0.05.merge.fa,fStomach-DS17659.hg19.hotspot.twopass.fdr0.05.merge.fa,minimizer,D,18,NA,20,20,0.4638786315917969,0.3310842191564136,0.41505481197449845,0.6207096560228739,0.5075712064049038,0.5178822339986862,0.6207096560228739,NA,NA
fMuscle_leg-DS19158.hg19.hotspot.twopass.fdr0.05.merge.fa,fBrain-DS14718.hotspot.twopass.fdr0.05.merge.fa,minimizer,D,18,NA,20,20,0.3923835754394531,0.24910767184203936,0.33636912764611804,0.48985895117344863,0.4059229336658071,0.4131140394097833,0.48985895117344863,NA,NA
fMuscle_leg-DS19158.hg19.hotspot.twopass.fdr0.05.merge.fa,fBrain-DS16302.hotspot.twopass.fdr0.05.merge.fa,minimizer,D,18,NA,20,20,0.4009819030761719,0.2514063166037166,0.3774205433779823,0.42954210259468123,0.40263881303844223,0.40348132298633177,0.42954210259468123,NA,NA
fMuscle_leg-DS19158.hg19.hotspot.twopass.fdr0.05.merge.fa,fHeart-DS15643.hotspot.twopass.fdr0.05.merge.fa,minimizer,D,18,NA,20,20,0.4436988830566406,0.30364742854336213,0.41350469162008896,0.5333501402529539,0.46961983057663664,0.47342741593652143,0.5333501402529539,NA,NA
fMuscle_leg-DS19158.hg19.hotspot.twopass.fdr0.05.merge.fa,fHeart-DS15839.hotspot.twopass.fdr0.05.merge.fa,minimizer,D,18,NA,20,20,0.4090385437011719,0.2600918064316538,0.38243461242728993,0.44843649423547505,0.41412273165234065,0.4154355533313825,0.44843649423547505,NA,NA
fMuscle_leg-DS19158.hg19.hotspot.twopass.fdr0.05.merge.fa,fHeart-DS16621.hotspot.twopass.fdr0.05.merge.fa,minimizer,D,18,NA,20,20,0.44443511962890625,0.30083652608429684,0.45674935679987355,0.4684543185628455,0.4625648156677102,0.46260183768135954,0.4684543185628455,NA,NA
fMuscle_leg-DS19158.hg19.hotspot.twopass.fdr0.05.merge.fa,fIntestine_Sm-DS16559.hotspot.twopass.fdr0.05.merge.fa,minimizer,D,18,NA,20,20,0.4201202392578125,0.2741779328398343,0.39779873716333963,0.4687282082074068,0.43180955211498195,0.43326347268537324,0.4687282082074068,NA,NA
fMuscle_leg-DS19158.hg19.hotspot.twopass.fdr0.05.merge.fa,fIntestine_Sm-DS16712.hg19.hotspot.twopass.fdr0.05.merge.fa,minimizer,D,18,NA,20,20,0.343017578125,0.21656103158951048,0.26251981867308016,0.5529750928733165,0.38100777040873157,0.4077474557731983,0.5529750928733165,NA,NA
fMuscle_leg-DS19158.hg19.hotspot.twopass.fdr0.05.merge.fa,fIntestine_Sm-DS16822.hotspot.twopass.fdr0.05.merge.fa,minimizer,D,18,NA,20,20,0.39292144775390625,0.246303094716035,0.34587497546381335,0.4610801809694682,0.3993445833859092,0.40347757821664076,0.4610801809694682,NA,NA
fMuscle_leg-DS19158.hg19.hotspot.twopass.fdr0.05.merge.fa,fIntestine_Sm-DS17808.hg19.hotspot.twopass.fdr0.05.merge.fa,minimizer,D,18,NA,20,20,0.4007720947265625,0.2550319055835644,0.352333956049412,0.4801086987369237,0.41128894607041855,0.41622132739316786,0.4801086987369237,NA,NA
fMuscle_leg-DS19158.hg19.hotspot.twopass.fdr0.05.merge.fa,fIntestine_Sm-DS18495.hg19.hotspot.twopass.fdr0.05.merge.fa,minimizer,D,18,NA,20,20,0.37921142578125,0.2393370091530562,0.318686044641854,0.49011816197404884,0.39521363646342617,0.40440210330795145,0.49011816197404884,NA,NA
fMuscle_leg-DS19158.hg19.hotspot.twopass.fdr0.05.merge.fa,fKidney_renal_cortex_L-DS17550.hg19.hotspot.twopass.fdr0.05.merge.fa,minimizer,D,18,NA,20,20,0.4703712463378906,0.3302826665733154,0.4768267758698381,0.5179973152664653,0.4969859049789448,0.4974120455681517,0.5179973152664653,NA,NA
fMuscle_leg-DS19158.hg19.hotspot.twopass.fdr0.05.merge.fa,fLung_L-DS17154.hg19.hotspot.twopass.fdr0.05.merge.fa,minimizer,D,18,NA,20,20,0.5127830505371094,0.3794893880971234,0.5659411146548241,0.5352884880563797,0.5504014567500009,0.5506148013556019,0.5659411146548241,NA,NA
fMuscle_leg-DS19158.hg19.hotspot.twopass.fdr0.05.merge.fa,fLung_L-DS18421.hg19.hotspot.twopass.fdr0.05.merge.fa,minimizer,D,18,NA,20,20,0.499114990234375,0.36368986362725125,0.5168405526342493,0.5510362107794858,0.5336645572836481,0.5339383817068676,0.5510362107794858,NA,NA
fMuscle_leg-DS19158.hg19.hotspot.twopass.fdr0.05.merge.fa,fLung_R-DS15632.hotspot.twopass.fdr0.05.merge.fa,minimizer,D,18,NA,20,20,0.4995079040527344,0.3687791809610029,0.48111044394323166,0.6123230009092999,0.5427660553167682,0.5467167224262658,0.6123230009092999,NA,NA
fMuscle_leg-DS19158.hg19.hotspot.twopass.fdr0.05.merge.fa,fMuscle_arm-DS19053.hg19.hotspot.twopass.fdr0.05.merge.fa,minimizer,D,18,NA,20,20,0.6739845275878906,0.5780388456305878,0.6645883832962904,0.8161288087021918,0.7364711301449075,0.7403585959992411,0.8161288087021918,NA,NA
fMuscle_leg-DS19158.hg19.hotspot.twopass.fdr0.05.merge.fa,fMuscle_back-DS18454.hg19.hotspot.twopass.fdr0.05.merge.fa,minimizer,D,18,NA,20,20,0.6599006652832031,0.5604986725643855,0.652970692551135,0.7982991479653003,0.7219874981673042,0.7256349202582177,0.7982991479653003,NA,NA
fMuscle_leg-DS19158.hg19.hotspot.twopass.fdr0.05.merge.fa,fMuscle_leg-DS19115.hg19.hotspot.twopass.fdr0.05.merge.fa,minimizer,D,18,NA,20,20,0.6810493469238281,0.5862301148051917,0.6630438919610318,0.834990086281638,0.7440665807285359,0.7490169891213349,0.834990086281638,NA,NA
fMuscle_leg-DS19158.hg19.hotspot.twopass.fdr0.05.merge.fa,fMuscle_leg-DS19158.hg19.hotspot.twopass.fdr0.05.merge.fa,minimizer,D,18,NA,20,20,1.0,1.0,1.0,1.0,1.0,1.0,1.0,NA,NA
fMuscle_leg-DS19158.hg19.hotspot.twopass.fdr0.05.merge.fa,fSkin_fibro_bicep_R-DS19745.hg19.hotspot.twopass.fdr0.05.merge.fa,minimizer,D,18,NA,20,20,0.3285102844238281,0.2006840524088068,0.24630764285575396,0.5200225199578994,0.357890375845369,0.3831650814068267,0.5200225199578994,NA,NA
fMuscle_leg-DS19158.hg19.hotspot.twopass.fdr0.05.merge.fa,fStomach-DS17659.hg19.hotspot.twopass.fdr0.05.merge.fa,minimizer,D,18,NA,20,20,0.4173316955566406,0.2926098491929678,0.34656995461757173,0.6526990766032627,0.4756110694226152,0.49963451561041716,0.6526990766032627,NA,NA
fSkin_fibro_bicep_R-DS19745.hg19.hotspot.twopass.fdr0.05.merge.fa,fBrain-DS14718.hotspot.twopass.fdr0.05.merge.fa,minimizer,D,18,NA,20,20,0.31121063232421875,0.15878687312563336,0.33568393924341094,0.23154809856175232,0.2787955843436739,0.28361601890258165,0.33568393924341094,NA,NA
fSkin_fibro_bicep_R-DS19745.hg19.hotspot.twopass.fdr0.05.merge.fa,fBrain-DS16302.hotspot.twopass.fdr0.05.merge.fa,minimizer,D,18,NA,20,20,0.2834892272949219,0.14088027735898653,0.3525569886773756,0.19004885951878556,0.25884948061279284,0.2713029240980806,0.3525569886773756,NA,NA
fSkin_fibro_bicep_R-DS19745.hg19.hotspot.twopass.fdr0.05.merge.fa,fHeart-DS15643.hotspot.twopass.fdr0.05.merge.fa,minimizer,D,18,NA,20,20,0.3332252502441406,0.18875627236207518,0.41869339678716827,0.2557901522985619,0.32725776954961966,0.3372417745428651,0.41869339678716827,NA,NA
fSkin_fibro_bicep_R-DS19745.hg19.hotspot.twopass.fdr0.05.merge.fa,fHeart-DS15839.hotspot.twopass.fdr0.05.merge.fa,minimizer,D,18,NA,20,20,0.3044013977050781,0.16363529297774007,0.3938224009334477,0.21872574749810178,0.29349463202189147,0.30627407421577474,0.3938224009334477,NA,NA
fSkin_fibro_bicep_R-DS19745.hg19.hotspot.twopass.fdr0.05.merge.fa,fHeart-DS16621.hotspot.twopass.fdr0.05.merge.fa,minimizer,D,18,NA,20,20,0.30748748779296875,0.17463951339076605,0.45472532708270275,0.22089922038178347,0.31693606648726574,0.3378122737322431,0.45472532708270275,NA,NA
fSkin_fibro_bicep_R-DS19745.hg19.hotspot.twopass.fdr0.05.merge.fa,fIntestine_Sm-DS16559.hotspot.twopass.fdr0.05.merge.fa,minimizer,D,18,NA,20,20,0.3235359191894531,0.18289850976972732,0.4316632597660821,0.2409120442498075,0.32247926807437177,0.3362876520079448,0.4316632597660821,NA,NA
fSkin_fibro_bicep_R-DS19745.hg19.hotspot.twopass.fdr0.05.merge.fa,fIntestine_Sm-DS16712.hg19.hotspot.twopass.fdr0.05.merge.fa,minimizer,D,18,NA,20,20,0.35176849365234375,0.19596834645104055,0.32809296709610963,0.3273377796913433,0.32771515586189404,0.3277153733937265,0.32809296709610963,NA,NA
fSkin_fibro_bicep_R-DS19745.hg19.hotspot.twopass.fdr0.05.merge.fa,fIntestine_Sm-DS16822.hotspot.twopass.fdr0.05.merge.fa,minimizer,D,18,NA,20,20,0.3357696533203125,0.19003801620481275,0.41260106044480593,0.2605213920236612,0.327858815067583,0.33656122623423357,0.41260106044480593,NA,NA
fSkin_fibro_bicep_R-DS19745.hg19.hotspot.twopass.fdr0.05.merge.fa,fIntestine_Sm-DS17808.hg19.hotspot.twopass.fdr0.05.merge.fa,minimizer,D,18,NA,20,20,0.3385810852050781,0.19086404489022846,0.408598972652643,0.26371697257969806,0.328259781373122,0.33615797261617053,0.408598972652643,NA,NA
fSkin_fibro_bicep_R-DS19745.hg19.hotspot.twopass.fdr0.05.merge.fa,fIntestine_Sm-DS18495.hg19.hotspot.twopass.fdr0.05.merge.fa,minimizer,D,18,NA,20,20,0.3395118713378906,0.18758444709412161,0.3747943383169327,0.2730149998782198,0.3198819723428547,0.32390466909757626,0.3747943383169327,NA,NA
fSkin_fibro_bicep_R-DS19745.hg19.hotspot.twopass.fdr0.05.merge.fa,fKidney_renal_cortex_L-DS17550.hg19.hotspot.twopass.fdr0.05.merge.fa,minimizer,D,18,NA,20,20,0.32178497314453125,0.18519528485123593,0.45993803533696415,0.23665840668722202,0.32992150978330764,0.34829822101209307,0.45993803533696415,NA,NA
fSkin_fibro_bicep_R-DS19745.hg19.hotspot.twopass.fdr0.05.merge.fa,fLung_L-DS17154.hg19.hotspot.twopass.fdr0.05.merge.fa,minimizer,D,18,NA,20,20,0.3146553039550781,0.18886523985078266,0.5134685333809713,0.23003092636680816,0.34367665383879537,0.37174972987388977,0.5134685333809713,NA,NA
fSkin_fibro_bicep_R-DS19745.hg19.hotspot.twopass.fdr0.05.merge.fa,fLung_L-DS18421.hg19.hotspot.twopass.fdr0.05.merge.fa,minimizer,D,18,NA,20,20,0.3302154541015625,0.1977285525848717,0.4919989047663769,0.24845253335996254,0.3496260492290775,0.3702257190631697,0.4919989047663769,NA,NA
fSkin_fibro_bicep_R-DS19745.hg19.hotspot.twopass.fdr0.05.merge.fa,fLung_R-DS15632.hotspot.twopass.fdr0.05.merge.fa,minimizer,D,18,NA,20,20,0.345611572265625,0.20444110374226854,0.4513124694737121,0.2720626088103578,0.3504072599614099,0.361687539142035,0.4513124694737121,NA,NA
fSkin_fibro_bicep_R-DS19745.hg19.hotspot.twopass.fdr0.05.merge.fa,fMuscle_arm-DS19053.hg19.hotspot.twopass.fdr0.05.merge.fa,minimizer,D,18,NA,20,20,0.3574104309082031,0.2190427541792158,0.4886058116531063,0.2841975486279671,0.37264000579271006,0.38640168014053666,0.4886058116531063,NA,NA
fSkin_fibro_bicep_R-DS19745.hg19.hotspot.twopass.fdr0.05.merge.fa,fMuscle_back-DS18454.hg19.hotspot.twopass.fdr0.05.merge.fa,minimizer,D,18,NA,20,20,0.3640632629394531,0.22599326026840377,0.5026663865135809,0.2910767773166742,0.38251079965380175,0.3968715819151275,0.5026663865135809,NA,NA
fSkin_fibro_bicep_R-DS19745.hg19.hotspot.twopass.fdr0.05.merge.fa,fMuscle_leg-DS19115.hg19.hotspot.twopass.fdr0.05.merge.fa,minimizer,D,18,NA,20,20,0.36235809326171875,0.2223596603499389,0.48688375401340767,0.2904156798754805,0.37603015363416004,0.38864971694444406,0.48688375401340767,NA,NA
fSkin_fibro_bicep_R-DS19745.hg19.hotspot.twopass.fdr0.05.merge.fa,fMuscle_leg-DS19158.hg19.hotspot.twopass.fdr0.05.merge.fa,minimizer,D,18,NA,20,20,0.3285102844238281,0.2006840524088068,0.5200225199578994,0.24630764285575396,0.357890375845369,0.3831650814068267,0.5200225199578994,NA,NA
fSkin_fibro_bicep_R-DS19745.hg19.hotspot.twopass.fdr0.05.merge.fa,fSkin_fibro_bicep_R-DS19745.hg19.hotspot.twopass.fdr0.05.merge.fa,minimizer,D,18,NA,20,20,1.0,1.0,1.0,1.0,1.0,1.0,1.0,NA,NA
fSkin_fibro_bicep_R-DS19745.hg19.hotspot.twopass.fdr0.05.merge.fa,fStomach-DS17659.hg19.hotspot.twopass.fdr0.05.merge.fa,minimizer,D,18,NA,20,20,0.38642120361328125,0.2351440754961295,0.40379956199040823,0.3601999671912863,0.3813772266153301,0.3819997645908473,0.40379956199040823,NA,NA
fStomach-DS17659.hg19.hotspot.twopass.fdr0.05.merge.fa,fBrain-DS14718.hotspot.twopass.fdr0.05.merge.fa,minimizer,D,18,NA,20,20,0.39910888671875,0.24996659361413162,0.4585918472886413,0.3546166806320983,0.40326705624243603,0.40660426396036975,0.4585918472886413,NA,NA
fStomach-DS17659.hg19.hotspot.twopass.fdr0.05.merge.fa,fBrain-DS16302.hotspot.twopass.fdr0.05.merge.fa,minimizer,D,18,NA,20,20,0.3604393005371094,0.2178837400165493,0.47495070608138784,0.28701635975119494,0.3692135191467664,0.3809835329162914,0.47495070608138784,NA,NA
fStomach-DS17659.hg19.hotspot.twopass.fdr0.05.merge.fa,fHeart-DS15643.hotspot.twopass.fdr0.05.merge.fa,minimizer,D,18,NA,20,20,0.4356651306152344,0.2979586222877687,0.5647449177989411,0.38677840199844243,0.4673661699813286,0.4757616598986918,0.5647449177989411,NA,NA
fStomach-DS17659.hg19.hotspot.twopass.fdr0.05.merge.fa,fHeart-DS15839.hotspot.twopass.fdr0.05.merge.fa,minimizer,D,18,NA,20,20,0.39295196533203125,0.2540277695416653,0.5279206629678039,0.32869290462856343,0.41656185149905933,0.42830678379818365,0.5279206629678039,NA,NA
fStomach-DS17659.hg19.hotspot.twopass.fdr0.05.merge.fa,fHeart-DS16621.hotspot.twopass.fdr0.05.merge.fa,minimizer,D,18,NA,20,20,0.40035247802734375,0.2714186500400493,0.6054750478321798,0.32973379716508966,0.4468171735849227,0.4676044224986347,0.6054750478321798,NA,NA
fStomach-DS17659.hg19.hotspot.twopass.fdr0.05.merge.fa,fIntestine_Sm-DS16559.hotspot.twopass.fdr0.05.merge.fa,minimizer,D,18,NA,20,20,0.4747886657714844,0.34693429515751534,0.6692584558795474,0.41872555651667775,0.5293728547929671,0.5439920061981125,0.6692584558795474,NA,NA
fStomach-DS17659.hg19.hotspot.twopass.fdr0.05.merge.fa,fIntestine_Sm-DS16712.hg19.hotspot.twopass.fdr0.05.merge.fa,minimizer,D,18,NA,20,20,0.4856719970703125,0.3486815520783976,0.48968739643422,0.5476969369684543,0.5178805722356068,0.5186921667013371,0.5476969369684543,NA,NA
fStomach-DS17659.hg19.hotspot.twopass.fdr0.05.merge.fa,fIntestine_Sm-DS16822.hotspot.twopass.fdr0.05.merge.fa,minimizer,D,18,NA,20,20,0.4894676208496094,0.3596724454080114,0.638241263835687,0.4517728250203649,0.5369730522173495,0.5450070444280259,0.638241263835687,NA,NA
fStomach-DS17659.hg19.hotspot.twopass.fdr0.05.merge.fa,fIntestine_Sm-DS17808.hg19.hotspot.twopass.fdr0.05.merge.fa,minimizer,D,18,NA,20,20,0.494781494140625,0.36343522614591167,0.6349668827796459,0.4594244040265244,0.5401104347238801,0.5471956434030851,0.6349668827796459,NA,NA
fStomach-DS17659.hg19.hotspot.twopass.fdr0.05.merge.fa,fIntestine_Sm-DS18495.hg19.hotspot.twopass.fdr0.05.merge.fa,minimizer,D,18,NA,20,20,0.47679901123046875,0.33998159882642276,0.5644208539858997,0.4609127403421148,0.5100478041486677,0.5126667971640073,0.5644208539858997,NA,NA
fStomach-DS17659.hg19.hotspot.twopass.fdr0.05.merge.fa,fKidney_renal_cortex_L-DS17550.hg19.hotspot.twopass.fdr0.05.merge.fa,minimizer,D,18,NA,20,20,0.4440574645996094,0.31862748411344105,0.6605414607809261,0.38101745134052833,0.5016750182055092,0.5207794560607273,0.6605414607809261,NA,NA
fStomach-DS17659.hg19.hotspot.twopass.fdr0.05.merge.fa,fLung_L-DS17154.hg19.hotspot.twopass.fdr0.05.merge.fa,minimizer,D,18,NA,20,20,0.44663238525390625,0.3310118530080154,0.7438764027496021,0.37359009316103553,0.5271668185721857,0.5587332479553189,0.7438764027496021,NA,NA
fStomach-DS17659.hg19.hotspot.twopass.fdr0.05.merge.fa,fLung_L-DS18421.hg19.hotspot.twopass.fdr0.05.merge.fa,minimizer,D,18,NA,20,20,0.4767036437988281,0.3574627294075028,0.728490477457194,0.41240635336820913,0.5481186926857968,0.5704484154127015,0.728490477457194,NA,NA
fStomach-DS17659.hg19.hotspot.twopass.fdr0.05.merge.fa,fLung_R-DS15632.hotspot.twopass.fdr0.05.merge.fa,minimizer,D,18,NA,20,20,0.4878997802734375,0.35789558207435296,0.6535768164979279,0.44168264861030204,0.5372834813960822,0.547629732554115,0.6535768164979279,NA,NA
fStomach-DS17659.hg19.hotspot.twopass.fdr0.05.merge.fa,fMuscle_arm-DS19053.hg19.hotspot.twopass.fdr0.05.merge.fa,minimizer,D,18,NA,20,20,0.4570465087890625,0.3262665967115933,0.6232786758762642,0.40641164420476816,0.5032968422915479,0.5148451600405162,0.6232786758762642,NA,NA
fStomach-DS17659.hg19.hotspot.twopass.fdr0.05.merge.fa,fMuscle_back-DS18454.hg19.hotspot.twopass.fdr0.05.merge.fa,minimizer,D,18,NA,20,20,0.4602203369140625,0.3301986260309452,0.6306246434306805,0.40937453666152707,0.5080961239881441,0.5199995900461037,0.6306246434306805,NA,NA
fStomach-DS17659.hg19.hotspot.twopass.fdr0.05.merge.fa,fMuscle_leg-DS19115.hg19.hotspot.twopass.fdr0.05.merge.fa,minimizer,D,18,NA,20,20,0.4638786315917969,0.3310842191564136,0.6207096560228739,0.41505481197449845,0.5075712064049038,0.5178822339986862,0.6207096560228739,NA,NA
fStomach-DS17659.hg19.hotspot.twopass.fdr0.05.merge.fa,fMuscle_leg-DS19158.hg19.hotspot.twopass.fdr0.05.merge.fa,minimizer,D,18,NA,20,20,0.4173316955566406,0.2926098491929678,0.6526990766032627,0.34656995461757173,0.4756110694226152,0.49963451561041716,0.6526990766032627,NA,NA
fStomach-DS17659.hg19.hotspot.twopass.fdr0.05.merge.fa,fSkin_fibro_bicep_R-DS19745.hg19.hotspot.twopass.fdr0.05.merge.fa,minimizer,D,18,NA,20,20,0.38642120361328125,0.2351440754961295,0.3601999671912863,0.40379956199040823,0.3813772266153301,0.3819997645908473,0.40379956199040823,NA,NA
fStomach-DS17659.hg19.hotspot.twopass.fdr0.05.merge.fa,fStomach-DS17659.hg19.hotspot.twopass.fdr0.05.merge.fa,minimizer,D,18,NA,20,20,1.0,1.0,1.0,1.0,1.0,1.0,1.0,NA,NA
