file1,file2,sketch_type,mode,precision,num_hashes,kmer_size,window_size,reg_eq_similarity,jaccard_similarity_ie,containment_AB,containment_BA,cosketch_geom,cosketch_arith,cosketch_max,ref1,ref2
fBrain-DS14718.hotspot.twopass.fdr0.05.merge.fa,fBrain-DS14718.hotspot.twopass.fdr0.05.merge.fa,minimizer,D,18,NA,10,30,1.0,1.0,1.0,1.0,1.0,1.0,1.0,NA,NA
fBrain-DS14718.hotspot.twopass.fdr0.05.merge.fa,fBrain-DS16302.hotspot.twopass.fdr0.05.merge.fa,minimizer,D,18,NA,10,30,0.8745702063009755,0.8647816603559273,0.9305704576756939,0.9244266502612051,0.9274934668347687,0.9274985539684495,0.9305704576756939,NA,NA
fBrain-DS14718.hotspot.twopass.fdr0.05.merge.fa,fHeart-DS15643.hotspot.twopass.fdr0.05.merge.fa,minimizer,D,18,NA,10,30,0.8573980202762034,0.846599948175329,0.9130195460054288,0.9208708241438256,0.9169367817845681,0.9169451850746272,0.9208708241438256,NA,NA
fBrain-DS14718.hotspot.twopass.fdr0.05.merge.fa,fHeart-DS15839.hotspot.twopass.fdr0.05.merge.fa,minimizer,D,18,NA,10,30,0.8353613982444005,0.8230363367039936,0.9153788590955906,0.8908135692072774,0.903012684654999,0.903096214151434,0.9153788590955906,NA,NA
fBrain-DS14718.hotspot.twopass.fdr0.05.merge.fa,fHeart-DS16621.hotspot.twopass.fdr0.05.merge.fa,minimizer,D,18,NA,10,30,0.8584216981878611,0.8480714145443687,0.9249560584361849,0.9107355805559846,0.9178182787832535,0.9178458194960848,0.9249560584361849,NA,NA
fBrain-DS14718.hotspot.twopass.fdr0.05.merge.fa,fIntestine_Sm-DS16559.hotspot.twopass.fdr0.05.merge.fa,minimizer,D,18,NA,10,30,0.8531658630474036,0.8420198692542042,0.9147939314024228,0.9136775139158344,0.9142355522451848,0.9142357226591287,0.9147939314024228,NA,NA
fBrain-DS14718.hotspot.twopass.fdr0.05.merge.fa,fIntestine_Sm-DS16712.hg19.hotspot.twopass.fdr0.05.merge.fa,minimizer,D,18,NA,10,30,0.8434501204622483,0.8319020924058861,0.8713397183464882,0.948400802345427,0.9090540621961093,0.9098702603459576,0.948400802345427,NA,NA
fBrain-DS14718.hotspot.twopass.fdr0.05.merge.fa,fIntestine_Sm-DS16822.hotspot.twopass.fdr0.05.merge.fa,minimizer,D,18,NA,10,30,0.8498355427090601,0.8387260716636882,0.9058608155883425,0.9188119080941457,0.9123133806091216,0.9123363618412441,0.9188119080941457,NA,NA
fBrain-DS14718.hotspot.twopass.fdr0.05.merge.fa,fIntestine_Sm-DS17808.hg19.hotspot.twopass.fdr0.05.merge.fa,minimizer,D,18,NA,10,30,0.8525424406630542,0.8408658013451183,0.9045656087526697,0.9227242396379405,0.9135998103868771,0.9136449241953051,0.9227242396379405,NA,NA
fBrain-DS14718.hotspot.twopass.fdr0.05.merge.fa,fIntestine_Sm-DS18495.hg19.hotspot.twopass.fdr0.05.merge.fa,minimizer,D,18,NA,10,30,0.8414910276999192,0.8296875653641363,0.8951453617481195,0.9190027892956055,0.9069956363023726,0.9070740755218625,0.9190027892956055,NA,NA
fBrain-DS14718.hotspot.twopass.fdr0.05.merge.fa,fKidney_renal_cortex_L-DS17550.hg19.hotspot.twopass.fdr0.05.merge.fa,minimizer,D,18,NA,10,30,0.8427131518722306,0.8309050698130619,0.9246861933586223,0.8912187679899471,0.9077982650470232,0.9079524806742847,0.9246861933586223,NA,NA
fBrain-DS14718.hotspot.twopass.fdr0.05.merge.fa,fLung_L-DS17154.hg19.hotspot.twopass.fdr0.05.merge.fa,minimizer,D,18,NA,10,30,0.8578934962383862,0.8470591212184239,0.9323143955841899,0.9025632500996251,0.9173182168654093,0.9174388228419075,0.9323143955841899,NA,NA
fBrain-DS14718.hotspot.twopass.fdr0.05.merge.fa,fLung_L-DS18421.hg19.hotspot.twopass.fdr0.05.merge.fa,minimizer,D,18,NA,10,30,0.854861418795845,0.8435780527245047,0.9255158109886835,0.9050198070567292,0.9152104351945134,0.9152678090227064,0.9255158109886835,NA,NA
fBrain-DS14718.hotspot.twopass.fdr0.05.merge.fa,fLung_R-DS15632.hotspot.twopass.fdr0.05.merge.fa,minimizer,D,18,NA,10,30,0.8575107893637756,0.8465603826918081,0.9169484330305651,0.9168619151413999,0.9169051730655191,0.9169051740859825,0.9169484330305651,NA,NA
fBrain-DS14718.hotspot.twopass.fdr0.05.merge.fa,fMuscle_arm-DS19053.hg19.hotspot.twopass.fdr0.05.merge.fa,minimizer,D,18,NA,10,30,0.8420264610326066,0.8298236373096161,0.9176317263943337,0.8966088586822488,0.9070593888456506,0.9071202925382913,0.9176317263943337,NA,NA
fBrain-DS14718.hotspot.twopass.fdr0.05.merge.fa,fMuscle_back-DS18454.hg19.hotspot.twopass.fdr0.05.merge.fa,minimizer,D,18,NA,10,30,0.8492054891684481,0.8371826538365229,0.917835890628987,0.9050076178590807,0.9113991842018003,0.9114217542440338,0.917835890628987,NA,NA
fBrain-DS14718.hotspot.twopass.fdr0.05.merge.fa,fMuscle_leg-DS19115.hg19.hotspot.twopass.fdr0.05.merge.fa,minimizer,D,18,NA,10,30,0.8672366332455946,0.8572522887644115,0.916452698534912,0.9299263771000389,0.9231649569454664,0.9231895378174755,0.9299263771000389,NA,NA
fBrain-DS14718.hotspot.twopass.fdr0.05.merge.fa,fMuscle_leg-DS19158.hg19.hotspot.twopass.fdr0.05.merge.fa,minimizer,D,18,NA,10,30,0.8515389967367978,0.8394076794296674,0.9265258912893435,0.8992679713354446,0.9127951898698484,0.912896931312394,0.9265258912893435,NA,NA
fBrain-DS14718.hotspot.twopass.fdr0.05.merge.fa,fSkin_fibro_bicep_R-DS19745.hg19.hotspot.twopass.fdr0.05.merge.fa,minimizer,D,18,NA,10,30,0.8292950312135208,0.8168720460686516,0.8618750281513542,0.9399194893125599,0.9000517409078597,0.900897258731957,0.9399194893125599,NA,NA
fBrain-DS14718.hotspot.twopass.fdr0.05.merge.fa,fStomach-DS17659.hg19.hotspot.twopass.fdr0.05.merge.fa,minimizer,D,18,NA,10,30,0.8540412835161254,0.8430172989557352,0.8857034551875462,0.9459223617234889,0.9153178159074902,0.9158129084555175,0.9459223617234889,NA,NA
fBrain-DS16302.hotspot.twopass.fdr0.05.merge.fa,fBrain-DS14718.hotspot.twopass.fdr0.05.merge.fa,minimizer,D,18,NA,10,30,0.8745702063009755,0.8647816603559273,0.9244266502612051,0.9305704576756939,0.9274934668347687,0.9274985539684495,0.9305704576756939,NA,NA
fBrain-DS16302.hotspot.twopass.fdr0.05.merge.fa,fBrain-DS16302.hotspot.twopass.fdr0.05.merge.fa,minimizer,D,18,NA,10,30,1.0,1.0,1.0,1.0,1.0,1.0,1.0,NA,NA
fBrain-DS16302.hotspot.twopass.fdr0.05.merge.fa,fHeart-DS15643.hotspot.twopass.fdr0.05.merge.fa,minimizer,D,18,NA,10,30,0.8754916914184796,0.8661783126135724,0.9212955262503257,0.9353936224525587,0.9283178117695623,0.9283445743514422,0.9353936224525587,NA,NA
fBrain-DS16302.hotspot.twopass.fdr0.05.merge.fa,fHeart-DS15839.hotspot.twopass.fdr0.05.merge.fa,minimizer,D,18,NA,10,30,0.8536508869940214,0.8432291280677392,0.9244594910503219,0.9056296548858237,0.9149961365141533,0.9150445729680727,0.9244594910503219,NA,NA
fBrain-DS16302.hotspot.twopass.fdr0.05.merge.fa,fHeart-DS16621.hotspot.twopass.fdr0.05.merge.fa,minimizer,D,18,NA,10,30,0.880135894472562,0.8713675347626426,0.9354111606337003,0.927151176366075,0.9312720107291376,0.9312811684998876,0.9354111606337003,NA,NA
fBrain-DS16302.hotspot.twopass.fdr0.05.merge.fa,fIntestine_Sm-DS16559.hotspot.twopass.fdr0.05.merge.fa,minimizer,D,18,NA,10,30,0.871650549384749,0.8621533877014304,0.9234798741389124,0.9284828811270877,0.9259779987685333,0.925981377633,0.9284828811270877,NA,NA
fBrain-DS16302.hotspot.twopass.fdr0.05.merge.fa,fIntestine_Sm-DS16712.hg19.hotspot.twopass.fdr0.05.merge.fa,minimizer,D,18,NA,10,30,0.8529477947794779,0.8427891413351555,0.8747535788891537,0.9584444206755842,0.9156433187395128,0.9165989997823689,0.9584444206755842,NA,NA
fBrain-DS16302.hotspot.twopass.fdr0.05.merge.fa,fIntestine_Sm-DS16822.hotspot.twopass.fdr0.05.merge.fa,minimizer,D,18,NA,10,30,0.8655346075673078,0.8556732133349264,0.9127229949217041,0.9319249460190118,0.9222739982091654,0.9223239704703579,0.9319249460190118,NA,NA
fBrain-DS16302.hotspot.twopass.fdr0.05.merge.fa,fIntestine_Sm-DS17808.hg19.hotspot.twopass.fdr0.05.merge.fa,minimizer,D,18,NA,10,30,0.8669885952935508,0.8569522018610206,0.9108978137677527,0.9353589821885993,0.923047372545757,0.9231283979781759,0.9353589821885993,NA,NA
fBrain-DS16302.hotspot.twopass.fdr0.05.merge.fa,fIntestine_Sm-DS18495.hg19.hotspot.twopass.fdr0.05.merge.fa,minimizer,D,18,NA,10,30,0.8558536902937612,0.8455296819944746,0.9014603724025868,0.9316369563548274,0.9164244636737036,0.9165486643787071,0.9316369563548274,NA,NA
fBrain-DS16302.hotspot.twopass.fdr0.05.merge.fa,fKidney_renal_cortex_L-DS17550.hg19.hotspot.twopass.fdr0.05.merge.fa,minimizer,D,18,NA,10,30,0.8591859508986256,0.8491641564265925,0.9325292189577553,0.9047512729031533,0.9185352458514656,0.9186402459304543,0.9325292189577553,NA,NA
fBrain-DS16302.hotspot.twopass.fdr0.05.merge.fa,fLung_L-DS17154.hg19.hotspot.twopass.fdr0.05.merge.fa,minimizer,D,18,NA,10,30,0.8804356435643564,0.8723819255690689,0.9440224865984663,0.9199715548515546,0.9319194357941151,0.9319970207250104,0.9440224865984663,NA,NA
fBrain-DS16302.hotspot.twopass.fdr0.05.merge.fa,fLung_L-DS18421.hg19.hotspot.twopass.fdr0.05.merge.fa,minimizer,D,18,NA,10,30,0.8761531594087888,0.8674397290245992,0.9363984562647417,0.921747004042796,0.9290438480784019,0.9290727301537689,0.9363984562647417,NA,NA
fBrain-DS16302.hotspot.twopass.fdr0.05.merge.fa,fLung_R-DS15632.hotspot.twopass.fdr0.05.merge.fa,minimizer,D,18,NA,10,30,0.875954332142607,0.8675088073190901,0.9260312273029119,0.9320977432658557,0.9290595337020954,0.9290644852843838,0.9320977432658557,NA,NA
fBrain-DS16302.hotspot.twopass.fdr0.05.merge.fa,fMuscle_arm-DS19053.hg19.hotspot.twopass.fdr0.05.merge.fa,minimizer,D,18,NA,10,30,0.8586101054619865,0.8484588030389272,0.9256784401842864,0.9104824050968633,0.918048981571954,0.9180804226405748,0.9256784401842864,NA,NA
fBrain-DS16302.hotspot.twopass.fdr0.05.merge.fa,fMuscle_back-DS18454.hg19.hotspot.twopass.fdr0.05.merge.fa,minimizer,D,18,NA,10,30,0.8649205123636435,0.8547225846428297,0.925118205688424,0.918250619982131,0.9216780164081987,0.9216844128352775,0.925118205688424,NA,NA
fBrain-DS16302.hotspot.twopass.fdr0.05.merge.fa,fMuscle_leg-DS19115.hg19.hotspot.twopass.fdr0.05.merge.fa,minimizer,D,18,NA,10,30,0.8831889851210304,0.8748541472971101,0.9234533197222037,0.9432574910310421,0.9333028776584011,0.9333554053766229,0.9432574910310421,NA,NA
fBrain-DS16302.hotspot.twopass.fdr0.05.merge.fa,fMuscle_leg-DS19158.hg19.hotspot.twopass.fdr0.05.merge.fa,minimizer,D,18,NA,10,30,0.8726678644054412,0.8629163987129544,0.9373040186371996,0.9157751374935978,0.9264770458790564,0.9265395780653987,0.9373040186371996,NA,NA
fBrain-DS16302.hotspot.twopass.fdr0.05.merge.fa,fSkin_fibro_bicep_R-DS19745.hg19.hotspot.twopass.fdr0.05.merge.fa,minimizer,D,18,NA,10,30,0.8386742466617173,0.8276013526248974,0.8653277013842707,0.9499566073770094,0.9066552638552029,0.9076421543806401,0.9499566073770094,NA,NA
fBrain-DS16302.hotspot.twopass.fdr0.05.merge.fa,fStomach-DS17659.hg19.hotspot.twopass.fdr0.05.merge.fa,minimizer,D,18,NA,10,30,0.8624311645931063,0.8526444149022818,0.8883178974401887,0.9550197863386479,0.9210652358080431,0.9216688418894183,0.9550197863386479,NA,NA
fHeart-DS15643.hotspot.twopass.fdr0.05.merge.fa,fBrain-DS14718.hotspot.twopass.fdr0.05.merge.fa,minimizer,D,18,NA,10,30,0.8573980202762034,0.846599948175329,0.9208708241438256,0.9130195460054288,0.9169367817845681,0.9169451850746272,0.9208708241438256,NA,NA
fHeart-DS15643.hotspot.twopass.fdr0.05.merge.fa,fBrain-DS16302.hotspot.twopass.fdr0.05.merge.fa,minimizer,D,18,NA,10,30,0.8754916914184796,0.8661783126135724,0.9353936224525587,0.9212955262503257,0.9283178117695623,0.9283445743514422,0.9353936224525587,NA,NA
fHeart-DS15643.hotspot.twopass.fdr0.05.merge.fa,fHeart-DS15643.hotspot.twopass.fdr0.05.merge.fa,minimizer,D,18,NA,10,30,1.0,1.0,1.0,1.0,1.0,1.0,1.0,NA,NA
fHeart-DS15643.hotspot.twopass.fdr0.05.merge.fa,fHeart-DS15839.hotspot.twopass.fdr0.05.merge.fa,minimizer,D,18,NA,10,30,0.898576816696002,0.8913686633643237,0.9597253199008946,0.9260069792830901,0.9427154100909376,0.9428661495919923,0.9597253199008946,NA,NA
fHeart-DS15643.hotspot.twopass.fdr0.05.merge.fa,fHeart-DS16621.hotspot.twopass.fdr0.05.merge.fa,minimizer,D,18,NA,10,30,0.9368712041023954,0.9324391913268405,0.976786864571935,0.9535695509406528,0.9651083938162534,0.9651782077562938,0.976786864571935,NA,NA
fHeart-DS15643.hotspot.twopass.fdr0.05.merge.fa,fIntestine_Sm-DS16559.hotspot.twopass.fdr0.05.merge.fa,minimizer,D,18,NA,10,30,0.886407502096828,0.8779567784167138,0.939609120657452,0.9304611558307655,0.9350239507285693,0.9350351382441087,0.939609120657452,NA,NA
fHeart-DS15643.hotspot.twopass.fdr0.05.merge.fa,fIntestine_Sm-DS16712.hg19.hotspot.twopass.fdr0.05.merge.fa,minimizer,D,18,NA,10,30,0.870248011036543,0.8611157746192866,0.8914361942955108,0.9620021147842625,0.9260472472328375,0.9267191545398866,0.9620021147842625,NA,NA
fHeart-DS15643.hotspot.twopass.fdr0.05.merge.fa,fIntestine_Sm-DS16822.hotspot.twopass.fdr0.05.merge.fa,minimizer,D,18,NA,10,30,0.8800032442515917,0.871248644813498,0.9285794831975004,0.9338251935203171,0.9311986445414866,0.9312023383589088,0.9338251935203171,NA,NA
fHeart-DS15643.hotspot.twopass.fdr0.05.merge.fa,fIntestine_Sm-DS17808.hg19.hotspot.twopass.fdr0.05.merge.fa,minimizer,D,18,NA,10,30,0.8842720304563361,0.8756482183137858,0.9284501987968292,0.9390134925634306,0.9337169077634945,0.9337318456801299,0.9390134925634306,NA,NA
fHeart-DS15643.hotspot.twopass.fdr0.05.merge.fa,fIntestine_Sm-DS18495.hg19.hotspot.twopass.fdr0.05.merge.fa,minimizer,D,18,NA,10,30,0.8700312322544009,0.8605707793485569,0.9169278584452274,0.9333398163126682,0.9250974429611384,0.9251338373789477,0.9333398163126682,NA,NA
fHeart-DS15643.hotspot.twopass.fdr0.05.merge.fa,fKidney_renal_cortex_L-DS17550.hg19.hotspot.twopass.fdr0.05.merge.fa,minimizer,D,18,NA,10,30,0.8707879627796475,0.8621681399456477,0.947500472078783,0.9054213834731216,0.9262219972938494,0.9264609277759523,0.947500472078783,NA,NA
fHeart-DS15643.hotspot.twopass.fdr0.05.merge.fa,fLung_L-DS17154.hg19.hotspot.twopass.fdr0.05.merge.fa,minimizer,D,18,NA,10,30,0.8920393130229393,0.8844559631997662,0.9583256893485325,0.9198346132058932,0.938882921235219,0.9390801512772129,0.9583256893485325,NA,NA
fHeart-DS15643.hotspot.twopass.fdr0.05.merge.fa,fLung_L-DS18421.hg19.hotspot.twopass.fdr0.05.merge.fa,minimizer,D,18,NA,10,30,0.888193462321588,0.8801522259348342,0.9509747698850026,0.9219865769284552,0.9363685026909006,0.9364806734067289,0.9509747698850026,NA,NA
fHeart-DS15643.hotspot.twopass.fdr0.05.merge.fa,fLung_R-DS15632.hotspot.twopass.fdr0.05.merge.fa,minimizer,D,18,NA,10,30,0.8891250442791356,0.8807487383937171,0.9406652994498057,0.9325572560951211,0.9366025040318898,0.9366112777724633,0.9406652994498057,NA,NA
fHeart-DS15643.hotspot.twopass.fdr0.05.merge.fa,fMuscle_arm-DS19053.hg19.hotspot.twopass.fdr0.05.merge.fa,minimizer,D,18,NA,10,30,0.8719906808180171,0.8631254315880494,0.9414744001218195,0.9120622525687225,0.9266516401058671,0.9267683263452711,0.9414744001218195,NA,NA
fHeart-DS15643.hotspot.twopass.fdr0.05.merge.fa,fMuscle_back-DS18454.hg19.hotspot.twopass.fdr0.05.merge.fa,minimizer,D,18,NA,10,30,0.8813634129460032,0.8723639733579213,0.9424991795917133,0.9214028285831618,0.9318913080467668,0.9319510040874375,0.9424991795917133,NA,NA
fHeart-DS15643.hotspot.twopass.fdr0.05.merge.fa,fMuscle_leg-DS19115.hg19.hotspot.twopass.fdr0.05.merge.fa,minimizer,D,18,NA,10,30,0.8973887270683224,0.8902311730477515,0.9390958276896969,0.9447780282310194,0.9419326432418875,0.9419369279603582,0.9447780282310194,NA,NA
fHeart-DS15643.hotspot.twopass.fdr0.05.merge.fa,fMuscle_leg-DS19158.hg19.hotspot.twopass.fdr0.05.merge.fa,minimizer,D,18,NA,10,30,0.8819218728189994,0.8728866563664655,0.9503860061279295,0.9145615951488336,0.9323017439496123,0.9324738006383815,0.9503860061279295,NA,NA
fHeart-DS15643.hotspot.twopass.fdr0.05.merge.fa,fSkin_fibro_bicep_R-DS19745.hg19.hotspot.twopass.fdr0.05.merge.fa,minimizer,D,18,NA,10,30,0.8487830459326896,0.8388013518535681,0.8780548979718702,0.9494003522546006,0.9130310123064664,0.9137276251132354,0.9494003522546006,NA,NA
fHeart-DS15643.hotspot.twopass.fdr0.05.merge.fa,fStomach-DS17659.hg19.hotspot.twopass.fdr0.05.merge.fa,minimizer,D,18,NA,10,30,0.880308640698372,0.8715549631368469,0.9054732495376623,0.9587914211229611,0.9317510309696688,0.9321323353303117,0.9587914211229611,NA,NA
fHeart-DS15839.hotspot.twopass.fdr0.05.merge.fa,fBrain-DS14718.hotspot.twopass.fdr0.05.merge.fa,minimizer,D,18,NA,10,30,0.8353613982444005,0.8230363367039936,0.8908135692072774,0.9153788590955906,0.903012684654999,0.903096214151434,0.9153788590955906,NA,NA
fHeart-DS15839.hotspot.twopass.fdr0.05.merge.fa,fBrain-DS16302.hotspot.twopass.fdr0.05.merge.fa,minimizer,D,18,NA,10,30,0.8536508869940214,0.8432291280677392,0.9056296548858237,0.9244594910503219,0.9149961365141533,0.9150445729680727,0.9244594910503219,NA,NA
fHeart-DS15839.hotspot.twopass.fdr0.05.merge.fa,fHeart-DS15643.hotspot.twopass.fdr0.05.merge.fa,minimizer,D,18,NA,10,30,0.898576816696002,0.8913686633643237,0.9260069792830901,0.9597253199008946,0.9427154100909376,0.9428661495919923,0.9597253199008946,NA,NA
fHeart-DS15839.hotspot.twopass.fdr0.05.merge.fa,fHeart-DS15839.hotspot.twopass.fdr0.05.merge.fa,minimizer,D,18,NA,10,30,1.0,1.0,1.0,1.0,1.0,1.0,1.0,NA,NA
fHeart-DS15839.hotspot.twopass.fdr0.05.merge.fa,fHeart-DS16621.hotspot.twopass.fdr0.05.merge.fa,minimizer,D,18,NA,10,30,0.9022749278790965,0.8954734117821589,0.9393551241619252,0.9504189033938144,0.9448708202729817,0.9448870137778698,0.9504189033938144,NA,NA
fHeart-DS15839.hotspot.twopass.fdr0.05.merge.fa,fIntestine_Sm-DS16559.hotspot.twopass.fdr0.05.merge.fa,minimizer,D,18,NA,10,30,0.8652837975258424,0.8557569482421986,0.9104458518900828,0.9344107749985274,0.9223504833081657,0.9224283134443051,0.9344107749985274,NA,NA
fHeart-DS15839.hotspot.twopass.fdr0.05.merge.fa,fIntestine_Sm-DS16712.hg19.hotspot.twopass.fdr0.05.merge.fa,minimizer,D,18,NA,10,30,0.8472076082557669,0.8370866881035629,0.8630610974347755,0.9652948679793374,0.9127477461524645,0.9141779827070564,0.9652948679793374,NA,NA
fHeart-DS15839.hotspot.twopass.fdr0.05.merge.fa,fIntestine_Sm-DS16822.hotspot.twopass.fdr0.05.merge.fa,minimizer,D,18,NA,10,30,0.8576518090412477,0.8473196194298626,0.8987494763103894,0.9367373691245112,0.9175468489080143,0.9177434227174504,0.9367373691245112,NA,NA
fHeart-DS15839.hotspot.twopass.fdr0.05.merge.fa,fIntestine_Sm-DS17808.hg19.hotspot.twopass.fdr0.05.merge.fa,minimizer,D,18,NA,10,30,0.862461734186777,0.8525154189111772,0.8992237317842948,0.9425701277879414,0.9206418564120753,0.920896929786118,0.9425701277879414,NA,NA
fHeart-DS15839.hotspot.twopass.fdr0.05.merge.fa,fIntestine_Sm-DS18495.hg19.hotspot.twopass.fdr0.05.merge.fa,minimizer,D,18,NA,10,30,0.8465731470855922,0.8356884416753939,0.8867723780412304,0.9355122420771164,0.9108163456995091,0.9111423100591733,0.9355122420771164,NA,NA
fHeart-DS15839.hotspot.twopass.fdr0.05.merge.fa,fKidney_renal_cortex_L-DS17550.hg19.hotspot.twopass.fdr0.05.merge.fa,minimizer,D,18,NA,10,30,0.8505859469502695,0.8405690731986608,0.9178133015737545,0.9089884235793324,0.9133902047524209,0.9134008625765435,0.9178133015737545,NA,NA
fHeart-DS15839.hotspot.twopass.fdr0.05.merge.fa,fLung_L-DS17154.hg19.hotspot.twopass.fdr0.05.merge.fa,minimizer,D,18,NA,10,30,0.8698576568121382,0.8609752430689587,0.927719942667554,0.9228820583107092,0.9252978386578699,0.9253010004891316,0.927719942667554,NA,NA
fHeart-DS15839.hotspot.twopass.fdr0.05.merge.fa,fLung_L-DS18421.hg19.hotspot.twopass.fdr0.05.merge.fa,minimizer,D,18,NA,10,30,0.864827018928526,0.8556079930861129,0.9199743128299365,0.9244086430816276,0.9221888126588147,0.922191477955782,0.9244086430816276,NA,NA
fHeart-DS15839.hotspot.twopass.fdr0.05.merge.fa,fLung_R-DS15632.hotspot.twopass.fdr0.05.merge.fa,minimizer,D,18,NA,10,30,0.8632713065098565,0.8532073599555411,0.9084769809388203,0.933441278961697,0.9208745381401278,0.9209591299502586,0.933441278961697,NA,NA
fHeart-DS15839.hotspot.twopass.fdr0.05.merge.fa,fMuscle_arm-DS19053.hg19.hotspot.twopass.fdr0.05.merge.fa,minimizer,D,18,NA,10,30,0.8469224271024498,0.8361651787327011,0.908943476093453,0.9126106573579278,0.9107752210171542,0.9107770667256905,0.9126106573579278,NA,NA
fHeart-DS15839.hotspot.twopass.fdr0.05.merge.fa,fMuscle_back-DS18454.hg19.hotspot.twopass.fdr0.05.merge.fa,minimizer,D,18,NA,10,30,0.8539553157802147,0.8433075112907907,0.9090272458847417,0.9210392826209567,0.9150135531414748,0.9150332642528491,0.9210392826209567,NA,NA
fHeart-DS15839.hotspot.twopass.fdr0.05.merge.fa,fMuscle_leg-DS19115.hg19.hotspot.twopass.fdr0.05.merge.fa,minimizer,D,18,NA,10,30,0.8685375486207136,0.8594068866089121,0.9054676570540595,0.9441163279905366,0.9245900710542339,0.924791992522298,0.9441163279905366,NA,NA
fHeart-DS15839.hotspot.twopass.fdr0.05.merge.fa,fMuscle_leg-DS19158.hg19.hotspot.twopass.fdr0.05.merge.fa,minimizer,D,18,NA,10,30,0.8573999669231742,0.8468990191960107,0.9183242407772593,0.9158865228597984,0.917104571869178,0.9171053818185289,0.9183242407772593,NA,NA
fHeart-DS15839.hotspot.twopass.fdr0.05.merge.fa,fSkin_fibro_bicep_R-DS19745.hg19.hotspot.twopass.fdr0.05.merge.fa,minimizer,D,18,NA,10,30,0.8238287981405041,0.812456382059113,0.8482737180523424,0.9505969641017697,0.8979790760969195,0.8994353410770561,0.9505969641017697,NA,NA
fHeart-DS15839.hotspot.twopass.fdr0.05.merge.fa,fStomach-DS17659.hg19.hotspot.twopass.fdr0.05.merge.fa,minimizer,D,18,NA,10,30,0.851924567815467,0.8422512087110222,0.8737784953618213,0.9589204043330062,0.9153600537874937,0.9163494498474137,0.9589204043330062,NA,NA
fHeart-DS16621.hotspot.twopass.fdr0.05.merge.fa,fBrain-DS14718.hotspot.twopass.fdr0.05.merge.fa,minimizer,D,18,NA,10,30,0.8584216981878611,0.8480714145443687,0.9107355805559846,0.9249560584361849,0.9178182787832535,0.9178458194960848,0.9249560584361849,NA,NA
fHeart-DS16621.hotspot.twopass.fdr0.05.merge.fa,fBrain-DS16302.hotspot.twopass.fdr0.05.merge.fa,minimizer,D,18,NA,10,30,0.880135894472562,0.8713675347626426,0.927151176366075,0.9354111606337003,0.9312720107291376,0.9312811684998876,0.9354111606337003,NA,NA
fHeart-DS16621.hotspot.twopass.fdr0.05.merge.fa,fHeart-DS15643.hotspot.twopass.fdr0.05.merge.fa,minimizer,D,18,NA,10,30,0.9368712041023954,0.9324391913268405,0.9535695509406528,0.976786864571935,0.9651083938162534,0.9651782077562938,0.976786864571935,NA,NA
fHeart-DS16621.hotspot.twopass.fdr0.05.merge.fa,fHeart-DS15839.hotspot.twopass.fdr0.05.merge.fa,minimizer,D,18,NA,10,30,0.9022749278790965,0.8954734117821589,0.9504189033938144,0.9393551241619252,0.9448708202729817,0.9448870137778698,0.9504189033938144,NA,NA
fHeart-DS16621.hotspot.twopass.fdr0.05.merge.fa,fHeart-DS16621.hotspot.twopass.fdr0.05.merge.fa,minimizer,D,18,NA,10,30,1.0,1.0,1.0,1.0,1.0,1.0,1.0,NA,NA
fHeart-DS16621.hotspot.twopass.fdr0.05.merge.fa,fIntestine_Sm-DS16559.hotspot.twopass.fdr0.05.merge.fa,minimizer,D,18,NA,10,30,0.8910931824111425,0.8836564440239852,0.9315873390375076,0.9449787377779222,0.9382591474499767,0.9382830384077149,0.9449787377779222,NA,NA
fHeart-DS16621.hotspot.twopass.fdr0.05.merge.fa,fIntestine_Sm-DS16712.hg19.hotspot.twopass.fdr0.05.merge.fa,minimizer,D,18,NA,10,30,0.8639362399606622,0.8550031951685558,0.8778730333840828,0.9704315503551465,0.9229927891386209,0.9241522918696147,0.9704315503551465,NA,NA
fHeart-DS16621.hotspot.twopass.fdr0.05.merge.fa,fIntestine_Sm-DS16822.hotspot.twopass.fdr0.05.merge.fa,minimizer,D,18,NA,10,30,0.8819910120944635,0.8738240590608077,0.9190223292243569,0.946716621458995,0.9327666988956346,0.932869475341676,0.946716621458995,NA,NA
fHeart-DS16621.hotspot.twopass.fdr0.05.merge.fa,fIntestine_Sm-DS17808.hg19.hotspot.twopass.fdr0.05.merge.fa,minimizer,D,18,NA,10,30,0.8846390494346436,0.8765299749858557,0.9179707491446202,0.9510196659772227,0.9343490970875808,0.9344952075609214,0.9510196659772227,NA,NA
fHeart-DS16621.hotspot.twopass.fdr0.05.merge.fa,fIntestine_Sm-DS18495.hg19.hotspot.twopass.fdr0.05.merge.fa,minimizer,D,18,NA,10,30,0.8697643584644127,0.8606384213190023,0.9061655358944309,0.9448428957793042,0.9253021501055205,0.9255042158368676,0.9448428957793042,NA,NA
fHeart-DS16621.hotspot.twopass.fdr0.05.merge.fa,fKidney_renal_cortex_L-DS17550.hg19.hotspot.twopass.fdr0.05.merge.fa,minimizer,D,18,NA,10,30,0.875952228829803,0.8672110816524201,0.9389161676413255,0.9190635987525215,0.9289368503614023,0.9289898831969234,0.9389161676413255,NA,NA
fHeart-DS16621.hotspot.twopass.fdr0.05.merge.fa,fLung_L-DS17154.hg19.hotspot.twopass.fdr0.05.merge.fa,minimizer,D,18,NA,10,30,0.8995792175236503,0.8920564276404455,0.9510027771401368,0.9350306320841515,0.9429828884041987,0.9430167046121442,0.9510027771401368,NA,NA
fHeart-DS16621.hotspot.twopass.fdr0.05.merge.fa,fLung_L-DS18421.hg19.hotspot.twopass.fdr0.05.merge.fa,minimizer,D,18,NA,10,30,0.8940650098650776,0.8866885102533537,0.9431959721082532,0.9367096118877152,0.9399471969039421,0.9399527919979842,0.9431959721082532,NA,NA
fHeart-DS16621.hotspot.twopass.fdr0.05.merge.fa,fLung_R-DS15632.hotspot.twopass.fdr0.05.merge.fa,minimizer,D,18,NA,10,30,0.8908331995504897,0.8825033068974957,0.930421106217212,0.944859799498416,0.937612659827868,0.9376404528578139,0.944859799498416,NA,NA
fHeart-DS16621.hotspot.twopass.fdr0.05.merge.fa,fMuscle_arm-DS19053.hg19.hotspot.twopass.fdr0.05.merge.fa,minimizer,D,18,NA,10,30,0.8739485012440267,0.8651762694984286,0.9312927377382451,0.9241652166799936,0.9277221323027546,0.9277289772091193,0.9312927377382451,NA,NA
fHeart-DS16621.hotspot.twopass.fdr0.05.merge.fa,fMuscle_back-DS18454.hg19.hotspot.twopass.fdr0.05.merge.fa,minimizer,D,18,NA,10,30,0.8817319735194131,0.8728811588974323,0.9314659965294428,0.9327881100783847,0.9321268188958937,0.9321270533039138,0.9327881100783847,NA,NA
fHeart-DS16621.hotspot.twopass.fdr0.05.merge.fa,fMuscle_leg-DS19115.hg19.hotspot.twopass.fdr0.05.merge.fa,minimizer,D,18,NA,10,30,0.8973463333637073,0.890454969244631,0.9280921751003287,0.95644151941785,0.9421602252869603,0.9422668472590894,0.95644151941785,NA,NA
fHeart-DS16621.hotspot.twopass.fdr0.05.merge.fa,fMuscle_leg-DS19158.hg19.hotspot.twopass.fdr0.05.merge.fa,minimizer,D,18,NA,10,30,0.8878465790333925,0.8794094198182041,0.942607158912809,0.929161265918619,0.9358600648811651,0.9358842124157141,0.942607158912809,NA,NA
fHeart-DS16621.hotspot.twopass.fdr0.05.merge.fa,fSkin_fibro_bicep_R-DS19745.hg19.hotspot.twopass.fdr0.05.merge.fa,minimizer,D,18,NA,10,30,0.845507959420172,0.8350290358197954,0.8658996752938939,0.9590532720279462,0.9112869563636611,0.9124764736609201,0.9590532720279462,NA,NA
fHeart-DS16621.hotspot.twopass.fdr0.05.merge.fa,fStomach-DS17659.hg19.hotspot.twopass.fdr0.05.merge.fa,minimizer,D,18,NA,10,30,0.874607862171856,0.8659600464325287,0.8919407529601582,0.9674576394028892,0.9289321263397398,0.9296991961815237,0.9674576394028892,NA,NA
fIntestine_Sm-DS16559.hotspot.twopass.fdr0.05.merge.fa,fBrain-DS14718.hotspot.twopass.fdr0.05.merge.fa,minimizer,D,18,NA,10,30,0.8531658630474036,0.8420198692542042,0.9136775139158344,0.9147939314024228,0.9142355522451848,0.9142357226591287,0.9147939314024228,NA,NA
fIntestine_Sm-DS16559.hotspot.twopass.fdr0.05.merge.fa,fBrain-DS16302.hotspot.twopass.fdr0.05.merge.fa,minimizer,D,18,NA,10,30,0.871650549384749,0.8621533877014304,0.9284828811270877,0.9234798741389124,0.9259779987685333,0.925981377633,0.9284828811270877,NA,NA
fIntestine_Sm-DS16559.hotspot.twopass.fdr0.05.merge.fa,fHeart-DS15643.hotspot.twopass.fdr0.05.merge.fa,minimizer,D,18,NA,10,30,0.886407502096828,0.8779567784167138,0.9304611558307655,0.939609120657452,0.9350239507285693,0.9350351382441087,0.939609120657452,NA,NA
fIntestine_Sm-DS16559.hotspot.twopass.fdr0.05.merge.fa,fHeart-DS15839.hotspot.twopass.fdr0.05.merge.fa,minimizer,D,18,NA,10,30,0.8652837975258424,0.8557569482421986,0.9344107749985274,0.9104458518900828,0.9223504833081657,0.9224283134443051,0.9344107749985274,NA,NA
fIntestine_Sm-DS16559.hotspot.twopass.fdr0.05.merge.fa,fHeart-DS16621.hotspot.twopass.fdr0.05.merge.fa,minimizer,D,18,NA,10,30,0.8910931824111425,0.8836564440239852,0.9449787377779222,0.9315873390375076,0.9382591474499767,0.9382830384077149,0.9449787377779222,NA,NA
fIntestine_Sm-DS16559.hotspot.twopass.fdr0.05.merge.fa,fIntestine_Sm-DS16559.hotspot.twopass.fdr0.05.merge.fa,minimizer,D,18,NA,10,30,1.0,1.0,1.0,1.0,1.0,1.0,1.0,NA,NA
fIntestine_Sm-DS16559.hotspot.twopass.fdr0.05.merge.fa,fIntestine_Sm-DS16712.hg19.hotspot.twopass.fdr0.05.merge.fa,minimizer,D,18,NA,10,30,0.8992305679141586,0.8925588357635772,0.9043804338514271,0.985566419580651,0.9441011524883056,0.944973426716039,0.985566419580651,NA,NA
fIntestine_Sm-DS16559.hotspot.twopass.fdr0.05.merge.fa,fIntestine_Sm-DS16822.hotspot.twopass.fdr0.05.merge.fa,minimizer,D,18,NA,10,30,0.9308948548172175,0.9258820750446046,0.9541598635247032,0.9689840388112965,0.9615433834361309,0.9615719511679999,0.9689840388112965,NA,NA
fIntestine_Sm-DS16559.hotspot.twopass.fdr0.05.merge.fa,fIntestine_Sm-DS17808.hg19.hotspot.twopass.fdr0.05.merge.fa,minimizer,D,18,NA,10,30,0.926875142095364,0.9215676087163894,0.9491712854703558,0.9694084186750075,0.9592364853880099,0.9592898520726816,0.9694084186750075,NA,NA
fIntestine_Sm-DS16559.hotspot.twopass.fdr0.05.merge.fa,fIntestine_Sm-DS18495.hg19.hotspot.twopass.fdr0.05.merge.fa,minimizer,D,18,NA,10,30,0.9149697019662806,0.9087801530673295,0.9392846893246003,0.9654968143394247,0.9523005698311315,0.9523907518320125,0.9654968143394247,NA,NA
fIntestine_Sm-DS16559.hotspot.twopass.fdr0.05.merge.fa,fKidney_renal_cortex_L-DS17550.hg19.hotspot.twopass.fdr0.05.merge.fa,minimizer,D,18,NA,10,30,0.8741247691563219,0.8654185918343572,0.944688734512682,0.9116098832555164,0.9280019326391016,0.9281493088840992,0.944688734512682,NA,NA
fIntestine_Sm-DS16559.hotspot.twopass.fdr0.05.merge.fa,fLung_L-DS17154.hg19.hotspot.twopass.fdr0.05.merge.fa,minimizer,D,18,NA,10,30,0.8936308211181736,0.8862924837304587,0.9546146782488752,0.9252811230791262,0.9398334648212618,0.9399479006640008,0.9546146782488752,NA,NA
fIntestine_Sm-DS16559.hotspot.twopass.fdr0.05.merge.fa,fLung_L-DS18421.hg19.hotspot.twopass.fdr0.05.merge.fa,minimizer,D,18,NA,10,30,0.8921800236240965,0.8844447132915689,0.9487227878676465,0.928846421181989,0.938731999137487,0.9387846045248178,0.9487227878676465,NA,NA
fIntestine_Sm-DS16559.hotspot.twopass.fdr0.05.merge.fa,fLung_R-DS15632.hotspot.twopass.fdr0.05.merge.fa,minimizer,D,18,NA,10,30,0.8873350125944585,0.8790883913110081,0.9351272673735663,0.9361815532457421,0.9356542618148179,0.9356544103096542,0.9361815532457421,NA,NA
fIntestine_Sm-DS16559.hotspot.twopass.fdr0.05.merge.fa,fMuscle_arm-DS19053.hg19.hotspot.twopass.fdr0.05.merge.fa,minimizer,D,18,NA,10,30,0.8664648203666875,0.8571829001111156,0.9333456639451242,0.9130771134869005,0.9231557640618016,0.9232113887160123,0.9333456639451242,NA,NA
fIntestine_Sm-DS16559.hotspot.twopass.fdr0.05.merge.fa,fMuscle_back-DS18454.hg19.hotspot.twopass.fdr0.05.merge.fa,minimizer,D,18,NA,10,30,0.8749152947741858,0.8657139784224125,0.9340272815000465,0.9220980387386298,0.9280434927305762,0.9280626601193382,0.9340272815000465,NA,NA
fIntestine_Sm-DS16559.hotspot.twopass.fdr0.05.merge.fa,fMuscle_leg-DS19115.hg19.hotspot.twopass.fdr0.05.merge.fa,minimizer,D,18,NA,10,30,0.8916264662570457,0.8843714104293128,0.9312736997280383,0.9461199243371786,0.9386674609913225,0.9386968120326085,0.9461199243371786,NA,NA
fIntestine_Sm-DS16559.hotspot.twopass.fdr0.05.merge.fa,fMuscle_leg-DS19158.hg19.hotspot.twopass.fdr0.05.merge.fa,minimizer,D,18,NA,10,30,0.8795149638802889,0.870438660684469,0.9442527793910818,0.9175931771105418,0.930827539255754,0.9309229782508117,0.9442527793910818,NA,NA
fIntestine_Sm-DS16559.hotspot.twopass.fdr0.05.merge.fa,fSkin_fibro_bicep_R-DS19745.hg19.hotspot.twopass.fdr0.05.merge.fa,minimizer,D,18,NA,10,30,0.8482906201685319,0.8382575575947184,0.8736392176851941,0.9539131077604311,0.9128942442602404,0.9137761627228127,0.9539131077604311,NA,NA
fIntestine_Sm-DS16559.hotspot.twopass.fdr0.05.merge.fa,fStomach-DS17659.hg19.hotspot.twopass.fdr0.05.merge.fa,minimizer,D,18,NA,10,30,0.8889429144855269,0.8815877626003079,0.9067049089442377,0.9695349262030383,0.9375937697004946,0.938119917573638,0.9695349262030383,NA,NA
fIntestine_Sm-DS16712.hg19.hotspot.twopass.fdr0.05.merge.fa,fBrain-DS14718.hotspot.twopass.fdr0.05.merge.fa,minimizer,D,18,NA,10,30,0.8434501204622483,0.8319020924058861,0.948400802345427,0.8713397183464882,0.9090540621961093,0.9098702603459576,0.948400802345427,NA,NA
fIntestine_Sm-DS16712.hg19.hotspot.twopass.fdr0.05.merge.fa,fBrain-DS16302.hotspot.twopass.fdr0.05.merge.fa,minimizer,D,18,NA,10,30,0.8529477947794779,0.8427891413351555,0.9584444206755842,0.8747535788891537,0.9156433187395128,0.9165989997823689,0.9584444206755842,NA,NA
fIntestine_Sm-DS16712.hg19.hotspot.twopass.fdr0.05.merge.fa,fHeart-DS15643.hotspot.twopass.fdr0.05.merge.fa,minimizer,D,18,NA,10,30,0.870248011036543,0.8611157746192866,0.9620021147842625,0.8914361942955108,0.9260472472328375,0.9267191545398866,0.9620021147842625,NA,NA
fIntestine_Sm-DS16712.hg19.hotspot.twopass.fdr0.05.merge.fa,fHeart-DS15839.hotspot.twopass.fdr0.05.merge.fa,minimizer,D,18,NA,10,30,0.8472076082557669,0.8370866881035629,0.9652948679793374,0.8630610974347755,0.9127477461524645,0.9141779827070564,0.9652948679793374,NA,NA
fIntestine_Sm-DS16712.hg19.hotspot.twopass.fdr0.05.merge.fa,fHeart-DS16621.hotspot.twopass.fdr0.05.merge.fa,minimizer,D,18,NA,10,30,0.8639362399606622,0.8550031951685558,0.9704315503551465,0.8778730333840828,0.9229927891386209,0.9241522918696147,0.9704315503551465,NA,NA
fIntestine_Sm-DS16712.hg19.hotspot.twopass.fdr0.05.merge.fa,fIntestine_Sm-DS16559.hotspot.twopass.fdr0.05.merge.fa,minimizer,D,18,NA,10,30,0.8992305679141586,0.8925588357635772,0.985566419580651,0.9043804338514271,0.9441011524883056,0.944973426716039,0.985566419580651,NA,NA
fIntestine_Sm-DS16712.hg19.hotspot.twopass.fdr0.05.merge.fa,fIntestine_Sm-DS16712.hg19.hotspot.twopass.fdr0.05.merge.fa,minimizer,D,18,NA,10,30,1.0,1.0,1.0,1.0,1.0,1.0,1.0,NA,NA
fIntestine_Sm-DS16712.hg19.hotspot.twopass.fdr0.05.merge.fa,fIntestine_Sm-DS16822.hotspot.twopass.fdr0.05.merge.fa,minimizer,D,18,NA,10,30,0.9046683565694973,0.8985905513797547,0.9811836450431655,0.9143469908073397,0.9471759674287535,0.9477653179252525,0.9811836450431655,NA,NA
fIntestine_Sm-DS16712.hg19.hotspot.twopass.fdr0.05.merge.fa,fIntestine_Sm-DS17808.hg19.hotspot.twopass.fdr0.05.merge.fa,minimizer,D,18,NA,10,30,0.9153564666085143,0.9101220358169019,0.9848796989665354,0.9230190008715216,0.9534477834253622,0.9539493499190285,0.9848796989665354,NA,NA
fIntestine_Sm-DS16712.hg19.hotspot.twopass.fdr0.05.merge.fa,fIntestine_Sm-DS18495.hg19.hotspot.twopass.fdr0.05.merge.fa,minimizer,D,18,NA,10,30,0.900505152128099,0.8933093696199244,0.972044751286801,0.9168644240285548,0.9440515086681196,0.944454587657678,0.972044751286801,NA,NA
fIntestine_Sm-DS16712.hg19.hotspot.twopass.fdr0.05.merge.fa,fKidney_renal_cortex_L-DS17550.hg19.hotspot.twopass.fdr0.05.merge.fa,minimizer,D,18,NA,10,30,0.8503805851117527,0.8412261373280543,0.9728484646922423,0.8614513314604161,0.9154570471728063,0.9171498980763292,0.9728484646922423,NA,NA
fIntestine_Sm-DS16712.hg19.hotspot.twopass.fdr0.05.merge.fa,fLung_L-DS17154.hg19.hotspot.twopass.fdr0.05.merge.fa,minimizer,D,18,NA,10,30,0.8610399902462814,0.8521470407556117,0.977369084429107,0.869299544349704,0.921751864525215,0.9233343143894055,0.977369084429107,NA,NA
fIntestine_Sm-DS16712.hg19.hotspot.twopass.fdr0.05.merge.fa,fLung_L-DS18421.hg19.hotspot.twopass.fdr0.05.merge.fa,minimizer,D,18,NA,10,30,0.8637449955061688,0.8547139519668301,0.973782095921539,0.8748460299260684,0.9229893827287745,0.9243140629238037,0.973782095921539,NA,NA
fIntestine_Sm-DS16712.hg19.hotspot.twopass.fdr0.05.merge.fa,fLung_R-DS15632.hotspot.twopass.fdr0.05.merge.fa,minimizer,D,18,NA,10,30,0.8672386380061533,0.858623266743147,0.964838435754584,0.8863580935979002,0.9247661091029521,0.9255982646762421,0.964838435754584,NA,NA
fIntestine_Sm-DS16712.hg19.hotspot.twopass.fdr0.05.merge.fa,fMuscle_arm-DS19053.hg19.hotspot.twopass.fdr0.05.merge.fa,minimizer,D,18,NA,10,30,0.8469418774319066,0.8368566781762657,0.9631028889834581,0.864575428864675,0.912510325028534,0.9138391589240665,0.9631028889834581,NA,NA
fIntestine_Sm-DS16712.hg19.hotspot.twopass.fdr0.05.merge.fa,fMuscle_back-DS18454.hg19.hotspot.twopass.fdr0.05.merge.fa,minimizer,D,18,NA,10,30,0.8544560214713596,0.8446359879644904,0.9633351867329161,0.8726904442515425,0.9168933482543601,0.9180128154922294,0.9633351867329161,NA,NA
fIntestine_Sm-DS16712.hg19.hotspot.twopass.fdr0.05.merge.fa,fMuscle_leg-DS19115.hg19.hotspot.twopass.fdr0.05.merge.fa,minimizer,D,18,NA,10,30,0.8728119044891753,0.8645773917849637,0.9610666241390684,0.8959579054074543,0.9279413987535273,0.9285122647732613,0.9610666241390684,NA,NA
fIntestine_Sm-DS16712.hg19.hotspot.twopass.fdr0.05.merge.fa,fMuscle_leg-DS19158.hg19.hotspot.twopass.fdr0.05.merge.fa,minimizer,D,18,NA,10,30,0.8501092542386598,0.8394990943145263,0.9681657430437026,0.8633300859028936,0.9142464733922459,0.9157479144732981,0.9681657430437026,NA,NA
fIntestine_Sm-DS16712.hg19.hotspot.twopass.fdr0.05.merge.fa,fSkin_fibro_bicep_R-DS19745.hg19.hotspot.twopass.fdr0.05.merge.fa,minimizer,D,18,NA,10,30,0.8537225563749974,0.84398883658848,0.9145082690443337,0.916282922021637,0.9153951654738468,0.9153955955329853,0.916282922021637,NA,NA
fIntestine_Sm-DS16712.hg19.hotspot.twopass.fdr0.05.merge.fa,fStomach-DS17659.hg19.hotspot.twopass.fdr0.05.merge.fa,minimizer,D,18,NA,10,30,0.8901817090940258,0.8829480490930659,0.946814635256952,0.929025669746416,0.9378779774817715,0.937920152501684,0.946814635256952,NA,NA
fIntestine_Sm-DS16822.hotspot.twopass.fdr0.05.merge.fa,fBrain-DS14718.hotspot.twopass.fdr0.05.merge.fa,minimizer,D,18,NA,10,30,0.8498355427090601,0.8387260716636882,0.9188119080941457,0.9058608155883425,0.9123133806091216,0.9123363618412441,0.9188119080941457,NA,NA
fIntestine_Sm-DS16822.hotspot.twopass.fdr0.05.merge.fa,fBrain-DS16302.hotspot.twopass.fdr0.05.merge.fa,minimizer,D,18,NA,10,30,0.8655346075673078,0.8556732133349264,0.9319249460190118,0.9127229949217041,0.9222739982091654,0.9223239704703579,0.9319249460190118,NA,NA
fIntestine_Sm-DS16822.hotspot.twopass.fdr0.05.merge.fa,fHeart-DS15643.hotspot.twopass.fdr0.05.merge.fa,minimizer,D,18,NA,10,30,0.8800032442515917,0.871248644813498,0.9338251935203171,0.9285794831975004,0.9311986445414866,0.9312023383589088,0.9338251935203171,NA,NA
fIntestine_Sm-DS16822.hotspot.twopass.fdr0.05.merge.fa,fHeart-DS15839.hotspot.twopass.fdr0.05.merge.fa,minimizer,D,18,NA,10,30,0.8576518090412477,0.8473196194298626,0.9367373691245112,0.8987494763103894,0.9175468489080143,0.9177434227174504,0.9367373691245112,NA,NA
fIntestine_Sm-DS16822.hotspot.twopass.fdr0.05.merge.fa,fHeart-DS16621.hotspot.twopass.fdr0.05.merge.fa,minimizer,D,18,NA,10,30,0.8819910120944635,0.8738240590608077,0.946716621458995,0.9190223292243569,0.9327666988956346,0.932869475341676,0.946716621458995,NA,NA
fIntestine_Sm-DS16822.hotspot.twopass.fdr0.05.merge.fa,fIntestine_Sm-DS16559.hotspot.twopass.fdr0.05.merge.fa,minimizer,D,18,NA,10,30,0.9308948548172175,0.9258820750446046,0.9689840388112965,0.9541598635247032,0.9615433834361309,0.9615719511679999,0.9689840388112965,NA,NA
fIntestine_Sm-DS16822.hotspot.twopass.fdr0.05.merge.fa,fIntestine_Sm-DS16712.hg19.hotspot.twopass.fdr0.05.merge.fa,minimizer,D,18,NA,10,30,0.9046683565694973,0.8985905513797547,0.9143469908073397,0.9811836450431655,0.9471759674287535,0.9477653179252525,0.9811836450431655,NA,NA
fIntestine_Sm-DS16822.hotspot.twopass.fdr0.05.merge.fa,fIntestine_Sm-DS16822.hotspot.twopass.fdr0.05.merge.fa,minimizer,D,18,NA,10,30,1.0,1.0,1.0,1.0,1.0,1.0,1.0,NA,NA
fIntestine_Sm-DS16822.hotspot.twopass.fdr0.05.merge.fa,fIntestine_Sm-DS17808.hg19.hotspot.twopass.fdr0.05.merge.fa,minimizer,D,18,NA,10,30,0.9276271309846995,0.9223418140181496,0.9568848394305944,0.9623352411857159,0.9596061706452268,0.9596100403081551,0.9623352411857159,NA,NA
fIntestine_Sm-DS16822.hotspot.twopass.fdr0.05.merge.fa,fIntestine_Sm-DS18495.hg19.hotspot.twopass.fdr0.05.merge.fa,minimizer,D,18,NA,10,30,0.9157701445155668,0.9099818168746557,0.9471360642049139,0.9586730003938311,0.9528870722454624,0.9529045322993726,0.9586730003938311,NA,NA
fIntestine_Sm-DS16822.hotspot.twopass.fdr0.05.merge.fa,fKidney_renal_cortex_L-DS17550.hg19.hotspot.twopass.fdr0.05.merge.fa,minimizer,D,18,NA,10,30,0.8661696418847338,0.8574472518781706,0.9474363275249987,0.9002742784222056,0.9235543059904776,0.9238553029736022,0.9474363275249987,NA,NA
fIntestine_Sm-DS16822.hotspot.twopass.fdr0.05.merge.fa,fLung_L-DS17154.hg19.hotspot.twopass.fdr0.05.merge.fa,minimizer,D,18,NA,10,30,0.8833826232915035,0.8751712347649426,0.9557076318350026,0.9121687068328057,0.9336844191916118,0.9339381693339042,0.9557076318350026,NA,NA
fIntestine_Sm-DS16822.hotspot.twopass.fdr0.05.merge.fa,fLung_L-DS18421.hg19.hotspot.twopass.fdr0.05.merge.fa,minimizer,D,18,NA,10,30,0.8822668297671807,0.874090676404338,0.9501977776526025,0.9160582935472086,0.932971893857898,0.9331280355999055,0.9501977776526025,NA,NA
fIntestine_Sm-DS16822.hotspot.twopass.fdr0.05.merge.fa,fLung_R-DS15632.hotspot.twopass.fdr0.05.merge.fa,minimizer,D,18,NA,10,30,0.8800355659738711,0.8714215204616517,0.9379956045469472,0.9246868524067867,0.9313174556186079,0.931341228476867,0.9379956045469472,NA,NA
fIntestine_Sm-DS16822.hotspot.twopass.fdr0.05.merge.fa,fMuscle_arm-DS19053.hg19.hotspot.twopass.fdr0.05.merge.fa,minimizer,D,18,NA,10,30,0.8588545696205043,0.8489768251485315,0.935805187283798,0.9014775422263674,0.9184810070084649,0.9186413647550827,0.935805187283798,NA,NA
fIntestine_Sm-DS16822.hotspot.twopass.fdr0.05.merge.fa,fMuscle_back-DS18454.hg19.hotspot.twopass.fdr0.05.merge.fa,minimizer,D,18,NA,10,30,0.8678585347816963,0.8582040640081433,0.9369351136830358,0.9108179333003577,0.9237842301540541,0.9238765234916968,0.9369351136830358,NA,NA
fIntestine_Sm-DS16822.hotspot.twopass.fdr0.05.merge.fa,fMuscle_leg-DS19115.hg19.hotspot.twopass.fdr0.05.merge.fa,minimizer,D,18,NA,10,30,0.8842824554971689,0.8763553135283462,0.9339173886196391,0.9342902842540483,0.9341038178292823,0.9341038364368437,0.9342902842540483,NA,NA
fIntestine_Sm-DS16822.hotspot.twopass.fdr0.05.merge.fa,fMuscle_leg-DS19158.hg19.hotspot.twopass.fdr0.05.merge.fa,minimizer,D,18,NA,10,30,0.8706220362067423,0.8607950827247545,0.9460266542498328,0.9052526344393907,0.9254151074029123,0.9256396443446118,0.9460266542498328,NA,NA
fIntestine_Sm-DS16822.hotspot.twopass.fdr0.05.merge.fa,fSkin_fibro_bicep_R-DS19745.hg19.hotspot.twopass.fdr0.05.merge.fa,minimizer,D,18,NA,10,30,0.8492649332975938,0.839511061249861,0.8808431803595791,0.9470650550814543,0.9133541455127733,0.9139541177205167,0.9470650550814543,NA,NA
fIntestine_Sm-DS16822.hotspot.twopass.fdr0.05.merge.fa,fStomach-DS17659.hg19.hotspot.twopass.fdr0.05.merge.fa,minimizer,D,18,NA,10,30,0.8891445827042224,0.8821068091817613,0.9137982587747354,0.9621711671142927,0.9376728305503449,0.937984712944514,0.9621711671142927,NA,NA
fIntestine_Sm-DS17808.hg19.hotspot.twopass.fdr0.05.merge.fa,fBrain-DS14718.hotspot.twopass.fdr0.05.merge.fa,minimizer,D,18,NA,10,30,0.8525424406630542,0.8408658013451183,0.9227242396379405,0.9045656087526697,0.9135998103868771,0.9136449241953051,0.9227242396379405,NA,NA
fIntestine_Sm-DS17808.hg19.hotspot.twopass.fdr0.05.merge.fa,fBrain-DS16302.hotspot.twopass.fdr0.05.merge.fa,minimizer,D,18,NA,10,30,0.8669885952935508,0.8569522018610206,0.9353589821885993,0.9108978137677527,0.923047372545757,0.9231283979781759,0.9353589821885993,NA,NA
fIntestine_Sm-DS17808.hg19.hotspot.twopass.fdr0.05.merge.fa,fHeart-DS15643.hotspot.twopass.fdr0.05.merge.fa,minimizer,D,18,NA,10,30,0.8842720304563361,0.8756482183137858,0.9390134925634306,0.9284501987968292,0.9337169077634945,0.9337318456801299,0.9390134925634306,NA,NA
fIntestine_Sm-DS17808.hg19.hotspot.twopass.fdr0.05.merge.fa,fHeart-DS15839.hotspot.twopass.fdr0.05.merge.fa,minimizer,D,18,NA,10,30,0.862461734186777,0.8525154189111772,0.9425701277879414,0.8992237317842948,0.9206418564120753,0.920896929786118,0.9425701277879414,NA,NA
fIntestine_Sm-DS17808.hg19.hotspot.twopass.fdr0.05.merge.fa,fHeart-DS16621.hotspot.twopass.fdr0.05.merge.fa,minimizer,D,18,NA,10,30,0.8846390494346436,0.8765299749858557,0.9510196659772227,0.9179707491446202,0.9343490970875808,0.9344952075609214,0.9510196659772227,NA,NA
fIntestine_Sm-DS17808.hg19.hotspot.twopass.fdr0.05.merge.fa,fIntestine_Sm-DS16559.hotspot.twopass.fdr0.05.merge.fa,minimizer,D,18,NA,10,30,0.926875142095364,0.9215676087163894,0.9694084186750075,0.9491712854703558,0.9592364853880099,0.9592898520726816,0.9694084186750075,NA,NA
fIntestine_Sm-DS17808.hg19.hotspot.twopass.fdr0.05.merge.fa,fIntestine_Sm-DS16712.hg19.hotspot.twopass.fdr0.05.merge.fa,minimizer,D,18,NA,10,30,0.9153564666085143,0.9101220358169019,0.9230190008715216,0.9848796989665354,0.9534477834253622,0.9539493499190285,0.9848796989665354,NA,NA
fIntestine_Sm-DS17808.hg19.hotspot.twopass.fdr0.05.merge.fa,fIntestine_Sm-DS16822.hotspot.twopass.fdr0.05.merge.fa,minimizer,D,18,NA,10,30,0.9276271309846995,0.9223418140181496,0.9623352411857159,0.9568848394305944,0.9596061706452268,0.9596100403081551,0.9623352411857159,NA,NA
fIntestine_Sm-DS17808.hg19.hotspot.twopass.fdr0.05.merge.fa,fIntestine_Sm-DS17808.hg19.hotspot.twopass.fdr0.05.merge.fa,minimizer,D,18,NA,10,30,1.0,1.0,1.0,1.0,1.0,1.0,1.0,NA,NA
fIntestine_Sm-DS17808.hg19.hotspot.twopass.fdr0.05.merge.fa,fIntestine_Sm-DS18495.hg19.hotspot.twopass.fdr0.05.merge.fa,minimizer,D,18,NA,10,30,0.912524788969298,0.906548729156818,0.9479376630467539,0.9540501082340945,0.9509889747147073,0.9509938856404242,0.9540501082340945,NA,NA
fIntestine_Sm-DS17808.hg19.hotspot.twopass.fdr0.05.merge.fa,fKidney_renal_cortex_L-DS17550.hg19.hotspot.twopass.fdr0.05.merge.fa,minimizer,D,18,NA,10,30,0.8712089573016726,0.8626691147178421,0.9533101893027657,0.9007252301548941,0.9266447753420614,0.9270177097288299,0.9533101893027657,NA,NA
fIntestine_Sm-DS17808.hg19.hotspot.twopass.fdr0.05.merge.fa,fLung_L-DS17154.hg19.hotspot.twopass.fdr0.05.merge.fa,minimizer,D,18,NA,10,30,0.8869275670471185,0.8791715114169123,0.9608243389124531,0.9118583816871925,0.9360212213226664,0.9363413602998227,0.9608243389124531,NA,NA
fIntestine_Sm-DS17808.hg19.hotspot.twopass.fdr0.05.merge.fa,fLung_L-DS18421.hg19.hotspot.twopass.fdr0.05.merge.fa,minimizer,D,18,NA,10,30,0.8853785165211092,0.87725799356535,0.9547928655976964,0.9152748932852798,0.9348250842641516,0.9350338794414881,0.9547928655976964,NA,NA
fIntestine_Sm-DS17808.hg19.hotspot.twopass.fdr0.05.merge.fa,fLung_R-DS15632.hotspot.twopass.fdr0.05.merge.fa,minimizer,D,18,NA,10,30,0.883455863712417,0.8748027174025192,0.9426329408706593,0.9239953282858111,0.9332676109524023,0.9333141345782352,0.9426329408706593,NA,NA
fIntestine_Sm-DS17808.hg19.hotspot.twopass.fdr0.05.merge.fa,fMuscle_arm-DS19053.hg19.hotspot.twopass.fdr0.05.merge.fa,minimizer,D,18,NA,10,30,0.8620854401401441,0.8521442431439784,0.940410656439537,0.9007832236119198,0.9203836931555273,0.9205969400257283,0.940410656439537,NA,NA
fIntestine_Sm-DS17808.hg19.hotspot.twopass.fdr0.05.merge.fa,fMuscle_back-DS18454.hg19.hotspot.twopass.fdr0.05.merge.fa,minimizer,D,18,NA,10,30,0.8705857581165901,0.8609951949355794,0.941283340221638,0.909862389909829,0.9254395223440407,0.9255728650657336,0.941283340221638,NA,NA
fIntestine_Sm-DS17808.hg19.hotspot.twopass.fdr0.05.merge.fa,fMuscle_leg-DS19115.hg19.hotspot.twopass.fdr0.05.merge.fa,minimizer,D,18,NA,10,30,0.8874614173872162,0.8797282106230258,0.9384943053674409,0.9335515328890334,0.9360196565155046,0.9360229191282372,0.9384943053674409,NA,NA
fIntestine_Sm-DS17808.hg19.hotspot.twopass.fdr0.05.merge.fa,fMuscle_leg-DS19158.hg19.hotspot.twopass.fdr0.05.merge.fa,minimizer,D,18,NA,10,30,0.8712580220831506,0.861433716308334,0.9491584271255288,0.9031053524067865,0.9258455896201438,0.9261318897661577,0.9491584271255288,NA,NA
fIntestine_Sm-DS17808.hg19.hotspot.twopass.fdr0.05.merge.fa,fSkin_fibro_bicep_R-DS19745.hg19.hotspot.twopass.fdr0.05.merge.fa,minimizer,D,18,NA,10,30,0.8504314576551439,0.8397916602730766,0.8834213966899194,0.9444574862257541,0.9134297737624967,0.9139394414578368,0.9444574862257541,NA,NA
fIntestine_Sm-DS17808.hg19.hotspot.twopass.fdr0.05.merge.fa,fStomach-DS17659.hg19.hotspot.twopass.fdr0.05.merge.fa,minimizer,D,18,NA,10,30,0.8918772072806302,0.8848223202851767,0.917830269899627,0.9609430996049961,0.9391393211172865,0.9393866847523116,0.9609430996049961,NA,NA
fIntestine_Sm-DS18495.hg19.hotspot.twopass.fdr0.05.merge.fa,fBrain-DS14718.hotspot.twopass.fdr0.05.merge.fa,minimizer,D,18,NA,10,30,0.8414910276999192,0.8296875653641363,0.9190027892956055,0.8951453617481195,0.9069956363023726,0.9070740755218625,0.9190027892956055,NA,NA
fIntestine_Sm-DS18495.hg19.hotspot.twopass.fdr0.05.merge.fa,fBrain-DS16302.hotspot.twopass.fdr0.05.merge.fa,minimizer,D,18,NA,10,30,0.8558536902937612,0.8455296819944746,0.9316369563548274,0.9014603724025868,0.9164244636737036,0.9165486643787071,0.9316369563548274,NA,NA
fIntestine_Sm-DS18495.hg19.hotspot.twopass.fdr0.05.merge.fa,fHeart-DS15643.hotspot.twopass.fdr0.05.merge.fa,minimizer,D,18,NA,10,30,0.8700312322544009,0.8605707793485569,0.9333398163126682,0.9169278584452274,0.9250974429611384,0.9251338373789477,0.9333398163126682,NA,NA
fIntestine_Sm-DS18495.hg19.hotspot.twopass.fdr0.05.merge.fa,fHeart-DS15839.hotspot.twopass.fdr0.05.merge.fa,minimizer,D,18,NA,10,30,0.8465731470855922,0.8356884416753939,0.9355122420771164,0.8867723780412304,0.9108163456995091,0.9111423100591733,0.9355122420771164,NA,NA
fIntestine_Sm-DS18495.hg19.hotspot.twopass.fdr0.05.merge.fa,fHeart-DS16621.hotspot.twopass.fdr0.05.merge.fa,minimizer,D,18,NA,10,30,0.8697643584644127,0.8606384213190023,0.9448428957793042,0.9061655358944309,0.9253021501055205,0.9255042158368676,0.9448428957793042,NA,NA
fIntestine_Sm-DS18495.hg19.hotspot.twopass.fdr0.05.merge.fa,fIntestine_Sm-DS16559.hotspot.twopass.fdr0.05.merge.fa,minimizer,D,18,NA,10,30,0.9149697019662806,0.9087801530673295,0.9654968143394247,0.9392846893246003,0.9523005698311315,0.9523907518320125,0.9654968143394247,NA,NA
fIntestine_Sm-DS18495.hg19.hotspot.twopass.fdr0.05.merge.fa,fIntestine_Sm-DS16712.hg19.hotspot.twopass.fdr0.05.merge.fa,minimizer,D,18,NA,10,30,0.900505152128099,0.8933093696199244,0.9168644240285548,0.972044751286801,0.9440515086681196,0.944454587657678,0.972044751286801,NA,NA
fIntestine_Sm-DS18495.hg19.hotspot.twopass.fdr0.05.merge.fa,fIntestine_Sm-DS16822.hotspot.twopass.fdr0.05.merge.fa,minimizer,D,18,NA,10,30,0.9157701445155668,0.9099818168746557,0.9586730003938311,0.9471360642049139,0.9528870722454624,0.9529045322993726,0.9586730003938311,NA,NA
fIntestine_Sm-DS18495.hg19.hotspot.twopass.fdr0.05.merge.fa,fIntestine_Sm-DS17808.hg19.hotspot.twopass.fdr0.05.merge.fa,minimizer,D,18,NA,10,30,0.912524788969298,0.906548729156818,0.9540501082340945,0.9479376630467539,0.9509889747147073,0.9509938856404242,0.9540501082340945,NA,NA
fIntestine_Sm-DS18495.hg19.hotspot.twopass.fdr0.05.merge.fa,fIntestine_Sm-DS18495.hg19.hotspot.twopass.fdr0.05.merge.fa,minimizer,D,18,NA,10,30,1.0,1.0,1.0,1.0,1.0,1.0,1.0,NA,NA
fIntestine_Sm-DS18495.hg19.hotspot.twopass.fdr0.05.merge.fa,fKidney_renal_cortex_L-DS17550.hg19.hotspot.twopass.fdr0.05.merge.fa,minimizer,D,18,NA,10,30,0.8541242110678037,0.8446442071965051,0.9456369285647471,0.8877508777424868,0.9162368762274653,0.916693903153617,0.9456369285647471,NA,NA
fIntestine_Sm-DS18495.hg19.hotspot.twopass.fdr0.05.merge.fa,fLung_L-DS17154.hg19.hotspot.twopass.fdr0.05.merge.fa,minimizer,D,18,NA,10,30,0.8688724023772486,0.8595457774126763,0.9524306967210351,0.898101406541418,0.9248672057968021,0.9252660516312265,0.9524306967210351,NA,NA
fIntestine_Sm-DS18495.hg19.hotspot.twopass.fdr0.05.merge.fa,fLung_L-DS18421.hg19.hotspot.twopass.fdr0.05.merge.fa,minimizer,D,18,NA,10,30,0.86927221020588,0.859995531993915,0.9478017926608406,0.9027520924301213,0.9250027305546692,0.925276942545481,0.9478017926608406,NA,NA
fIntestine_Sm-DS18495.hg19.hotspot.twopass.fdr0.05.merge.fa,fLung_R-DS15632.hotspot.twopass.fdr0.05.merge.fa,minimizer,D,18,NA,10,30,0.8689617552578944,0.8597817377635159,0.9369710702108177,0.9125610717911571,0.9246855271220001,0.9247660710009874,0.9369710702108177,NA,NA
fIntestine_Sm-DS18495.hg19.hotspot.twopass.fdr0.05.merge.fa,fMuscle_arm-DS19053.hg19.hotspot.twopass.fdr0.05.merge.fa,minimizer,D,18,NA,10,30,0.84939442333826,0.83831549602615,0.9351788223992996,0.8900327850768687,0.9123265927533599,0.9126058037380842,0.9351788223992996,NA,NA
fIntestine_Sm-DS18495.hg19.hotspot.twopass.fdr0.05.merge.fa,fMuscle_back-DS18454.hg19.hotspot.twopass.fdr0.05.merge.fa,minimizer,D,18,NA,10,30,0.8580382669892237,0.8480389974312871,0.9366799501861924,0.8996118325606788,0.9179588043642514,0.9181458913734356,0.9366799501861924,NA,NA
fIntestine_Sm-DS18495.hg19.hotspot.twopass.fdr0.05.merge.fa,fMuscle_leg-DS19115.hg19.hotspot.twopass.fdr0.05.merge.fa,minimizer,D,18,NA,10,30,0.8751948965137727,0.8667969798619168,0.9341144985587719,0.9232415920375456,0.9286621327451412,0.9286780452981588,0.9341144985587719,NA,NA
fIntestine_Sm-DS18495.hg19.hotspot.twopass.fdr0.05.merge.fa,fMuscle_leg-DS19158.hg19.hotspot.twopass.fdr0.05.merge.fa,minimizer,D,18,NA,10,30,0.8601031634813202,0.8493007802088559,0.9450418348713857,0.8934275411188154,0.918872353911878,0.9192346879951006,0.9450418348713857,NA,NA
fIntestine_Sm-DS18495.hg19.hotspot.twopass.fdr0.05.merge.fa,fSkin_fibro_bicep_R-DS19745.hg19.hotspot.twopass.fdr0.05.merge.fa,minimizer,D,18,NA,10,30,0.8473430951518601,0.8369133353974195,0.8845210273959591,0.9395745723305665,0.9116323085723496,0.9120477998632628,0.9395745723305665,NA,NA
fIntestine_Sm-DS18495.hg19.hotspot.twopass.fdr0.05.merge.fa,fStomach-DS17659.hg19.hotspot.twopass.fdr0.05.merge.fa,minimizer,D,18,NA,10,30,0.8815832003920464,0.8737745455762016,0.9145863055466734,0.9514119103108104,0.9328174012657928,0.9329991079287419,0.9514119103108104,NA,NA
fKidney_renal_cortex_L-DS17550.hg19.hotspot.twopass.fdr0.05.merge.fa,fBrain-DS14718.hotspot.twopass.fdr0.05.merge.fa,minimizer,D,18,NA,10,30,0.8427131518722306,0.8309050698130619,0.8912187679899471,0.9246861933586223,0.9077982650470232,0.9079524806742847,0.9246861933586223,NA,NA
fKidney_renal_cortex_L-DS17550.hg19.hotspot.twopass.fdr0.05.merge.fa,fBrain-DS16302.hotspot.twopass.fdr0.05.merge.fa,minimizer,D,18,NA,10,30,0.8591859508986256,0.8491641564265925,0.9047512729031533,0.9325292189577553,0.9185352458514656,0.9186402459304543,0.9325292189577553,NA,NA
fKidney_renal_cortex_L-DS17550.hg19.hotspot.twopass.fdr0.05.merge.fa,fHeart-DS15643.hotspot.twopass.fdr0.05.merge.fa,minimizer,D,18,NA,10,30,0.8707879627796475,0.8621681399456477,0.9054213834731216,0.947500472078783,0.9262219972938494,0.9264609277759523,0.947500472078783,NA,NA
fKidney_renal_cortex_L-DS17550.hg19.hotspot.twopass.fdr0.05.merge.fa,fHeart-DS15839.hotspot.twopass.fdr0.05.merge.fa,minimizer,D,18,NA,10,30,0.8505859469502695,0.8405690731986608,0.9089884235793324,0.9178133015737545,0.9133902047524209,0.9134008625765435,0.9178133015737545,NA,NA
fKidney_renal_cortex_L-DS17550.hg19.hotspot.twopass.fdr0.05.merge.fa,fHeart-DS16621.hotspot.twopass.fdr0.05.merge.fa,minimizer,D,18,NA,10,30,0.875952228829803,0.8672110816524201,0.9190635987525215,0.9389161676413255,0.9289368503614023,0.9289898831969234,0.9389161676413255,NA,NA
fKidney_renal_cortex_L-DS17550.hg19.hotspot.twopass.fdr0.05.merge.fa,fIntestine_Sm-DS16559.hotspot.twopass.fdr0.05.merge.fa,minimizer,D,18,NA,10,30,0.8741247691563219,0.8654185918343572,0.9116098832555164,0.944688734512682,0.9280019326391016,0.9281493088840992,0.944688734512682,NA,NA
fKidney_renal_cortex_L-DS17550.hg19.hotspot.twopass.fdr0.05.merge.fa,fIntestine_Sm-DS16712.hg19.hotspot.twopass.fdr0.05.merge.fa,minimizer,D,18,NA,10,30,0.8503805851117527,0.8412261373280543,0.8614513314604161,0.9728484646922423,0.9154570471728063,0.9171498980763292,0.9728484646922423,NA,NA
fKidney_renal_cortex_L-DS17550.hg19.hotspot.twopass.fdr0.05.merge.fa,fIntestine_Sm-DS16822.hotspot.twopass.fdr0.05.merge.fa,minimizer,D,18,NA,10,30,0.8661696418847338,0.8574472518781706,0.9002742784222056,0.9474363275249987,0.9235543059904776,0.9238553029736022,0.9474363275249987,NA,NA
fKidney_renal_cortex_L-DS17550.hg19.hotspot.twopass.fdr0.05.merge.fa,fIntestine_Sm-DS17808.hg19.hotspot.twopass.fdr0.05.merge.fa,minimizer,D,18,NA,10,30,0.8712089573016726,0.8626691147178421,0.9007252301548941,0.9533101893027657,0.9266447753420614,0.9270177097288299,0.9533101893027657,NA,NA
fKidney_renal_cortex_L-DS17550.hg19.hotspot.twopass.fdr0.05.merge.fa,fIntestine_Sm-DS18495.hg19.hotspot.twopass.fdr0.05.merge.fa,minimizer,D,18,NA,10,30,0.8541242110678037,0.8446442071965051,0.8877508777424868,0.9456369285647471,0.9162368762274653,0.916693903153617,0.9456369285647471,NA,NA
fKidney_renal_cortex_L-DS17550.hg19.hotspot.twopass.fdr0.05.merge.fa,fKidney_renal_cortex_L-DS17550.hg19.hotspot.twopass.fdr0.05.merge.fa,minimizer,D,18,NA,10,30,1.0,1.0,1.0,1.0,1.0,1.0,1.0,NA,NA
fKidney_renal_cortex_L-DS17550.hg19.hotspot.twopass.fdr0.05.merge.fa,fLung_L-DS17154.hg19.hotspot.twopass.fdr0.05.merge.fa,minimizer,D,18,NA,10,30,0.88697410129837,0.8791969381483414,0.9336460851677313,0.9377942945832572,0.9357178911564598,0.9357201898754943,0.9377942945832572,NA,NA
fKidney_renal_cortex_L-DS17550.hg19.hotspot.twopass.fdr0.05.merge.fa,fLung_L-DS18421.hg19.hotspot.twopass.fdr0.05.merge.fa,minimizer,D,18,NA,10,30,0.8815416977942043,0.8737203121823077,0.925905969694831,0.939401340292929,0.9326292451540152,0.93265365499388,0.939401340292929,NA,NA
fKidney_renal_cortex_L-DS17550.hg19.hotspot.twopass.fdr0.05.merge.fa,fLung_R-DS15632.hotspot.twopass.fdr0.05.merge.fa,minimizer,D,18,NA,10,30,0.8768055720447979,0.8687750875732954,0.9129966364106628,0.9471924935606864,0.9299373960941323,0.9300945649856746,0.9471924935606864,NA,NA
fKidney_renal_cortex_L-DS17550.hg19.hotspot.twopass.fdr0.05.merge.fa,fMuscle_arm-DS19053.hg19.hotspot.twopass.fdr0.05.merge.fa,minimizer,D,18,NA,10,30,0.8567875083805396,0.8466567184127723,0.9107287114584892,0.9232805414710922,0.9169831502534078,0.9170046264647906,0.9232805414710922,NA,NA
fKidney_renal_cortex_L-DS17550.hg19.hotspot.twopass.fdr0.05.merge.fa,fMuscle_back-DS18454.hg19.hotspot.twopass.fdr0.05.merge.fa,minimizer,D,18,NA,10,30,0.8629372133728378,0.8534075138280309,0.9105317785352551,0.9315203694067312,0.9209662853208737,0.9210260739709932,0.9315203694067312,NA,NA
fKidney_renal_cortex_L-DS17550.hg19.hotspot.twopass.fdr0.05.merge.fa,fMuscle_leg-DS19115.hg19.hotspot.twopass.fdr0.05.merge.fa,minimizer,D,18,NA,10,30,0.8797103325995358,0.8716984738168779,0.9080920089584115,0.9560451786184008,0.9317601552473613,0.9320685937884061,0.9560451786184008,NA,NA
fKidney_renal_cortex_L-DS17550.hg19.hotspot.twopass.fdr0.05.merge.fa,fMuscle_leg-DS19158.hg19.hotspot.twopass.fdr0.05.merge.fa,minimizer,D,18,NA,10,30,0.8689784862421077,0.8595130769949255,0.9212237003595916,0.9276982082261592,0.924455286208622,0.9244609542928754,0.9276982082261592,NA,NA
fKidney_renal_cortex_L-DS17550.hg19.hotspot.twopass.fdr0.05.merge.fa,fSkin_fibro_bicep_R-DS19745.hg19.hotspot.twopass.fdr0.05.merge.fa,minimizer,D,18,NA,10,30,0.8258315852562181,0.8146994130037263,0.8457122400079699,0.9569274722162964,0.8996028435110731,0.9013198561121332,0.9569274722162964,NA,NA
fKidney_renal_cortex_L-DS17550.hg19.hotspot.twopass.fdr0.05.merge.fa,fStomach-DS17659.hg19.hotspot.twopass.fdr0.05.merge.fa,minimizer,D,18,NA,10,30,0.8594042467545537,0.8503807720767492,0.8743099267921586,0.9688189217711731,0.9203521068420566,0.9215644242816659,0.9688189217711731,NA,NA
fLung_L-DS17154.hg19.hotspot.twopass.fdr0.05.merge.fa,fBrain-DS14718.hotspot.twopass.fdr0.05.merge.fa,minimizer,D,18,NA,10,30,0.8578934962383862,0.8470591212184239,0.9025632500996251,0.9323143955841899,0.9173182168654093,0.9174388228419075,0.9323143955841899,NA,NA
fLung_L-DS17154.hg19.hotspot.twopass.fdr0.05.merge.fa,fBrain-DS16302.hotspot.twopass.fdr0.05.merge.fa,minimizer,D,18,NA,10,30,0.8804356435643564,0.8723819255690689,0.9199715548515546,0.9440224865984663,0.9319194357941151,0.9319970207250104,0.9440224865984663,NA,NA
fLung_L-DS17154.hg19.hotspot.twopass.fdr0.05.merge.fa,fHeart-DS15643.hotspot.twopass.fdr0.05.merge.fa,minimizer,D,18,NA,10,30,0.8920393130229393,0.8844559631997662,0.9198346132058932,0.9583256893485325,0.938882921235219,0.9390801512772129,0.9583256893485325,NA,NA
fLung_L-DS17154.hg19.hotspot.twopass.fdr0.05.merge.fa,fHeart-DS15839.hotspot.twopass.fdr0.05.merge.fa,minimizer,D,18,NA,10,30,0.8698576568121382,0.8609752430689587,0.9228820583107092,0.927719942667554,0.9252978386578699,0.9253010004891316,0.927719942667554,NA,NA
fLung_L-DS17154.hg19.hotspot.twopass.fdr0.05.merge.fa,fHeart-DS16621.hotspot.twopass.fdr0.05.merge.fa,minimizer,D,18,NA,10,30,0.8995792175236503,0.8920564276404455,0.9350306320841515,0.9510027771401368,0.9429828884041987,0.9430167046121442,0.9510027771401368,NA,NA
fLung_L-DS17154.hg19.hotspot.twopass.fdr0.05.merge.fa,fIntestine_Sm-DS16559.hotspot.twopass.fdr0.05.merge.fa,minimizer,D,18,NA,10,30,0.8936308211181736,0.8862924837304587,0.9252811230791262,0.9546146782488752,0.9398334648212618,0.9399479006640008,0.9546146782488752,NA,NA
fLung_L-DS17154.hg19.hotspot.twopass.fdr0.05.merge.fa,fIntestine_Sm-DS16712.hg19.hotspot.twopass.fdr0.05.merge.fa,minimizer,D,18,NA,10,30,0.8610399902462814,0.8521470407556117,0.869299544349704,0.977369084429107,0.921751864525215,0.9233343143894055,0.977369084429107,NA,NA
fLung_L-DS17154.hg19.hotspot.twopass.fdr0.05.merge.fa,fIntestine_Sm-DS16822.hotspot.twopass.fdr0.05.merge.fa,minimizer,D,18,NA,10,30,0.8833826232915035,0.8751712347649426,0.9121687068328057,0.9557076318350026,0.9336844191916118,0.9339381693339042,0.9557076318350026,NA,NA
fLung_L-DS17154.hg19.hotspot.twopass.fdr0.05.merge.fa,fIntestine_Sm-DS17808.hg19.hotspot.twopass.fdr0.05.merge.fa,minimizer,D,18,NA,10,30,0.8869275670471185,0.8791715114169123,0.9118583816871925,0.9608243389124531,0.9360212213226664,0.9363413602998227,0.9608243389124531,NA,NA
fLung_L-DS17154.hg19.hotspot.twopass.fdr0.05.merge.fa,fIntestine_Sm-DS18495.hg19.hotspot.twopass.fdr0.05.merge.fa,minimizer,D,18,NA,10,30,0.8688724023772486,0.8595457774126763,0.898101406541418,0.9524306967210351,0.9248672057968021,0.9252660516312265,0.9524306967210351,NA,NA
fLung_L-DS17154.hg19.hotspot.twopass.fdr0.05.merge.fa,fKidney_renal_cortex_L-DS17550.hg19.hotspot.twopass.fdr0.05.merge.fa,minimizer,D,18,NA,10,30,0.88697410129837,0.8791969381483414,0.9377942945832572,0.9336460851677313,0.9357178911564598,0.9357201898754943,0.9377942945832572,NA,NA
fLung_L-DS17154.hg19.hotspot.twopass.fdr0.05.merge.fa,fLung_L-DS17154.hg19.hotspot.twopass.fdr0.05.merge.fa,minimizer,D,18,NA,10,30,1.0,1.0,1.0,1.0,1.0,1.0,1.0,NA,NA
fLung_L-DS17154.hg19.hotspot.twopass.fdr0.05.merge.fa,fLung_L-DS18421.hg19.hotspot.twopass.fdr0.05.merge.fa,minimizer,D,18,NA,10,30,0.9324694415916551,0.9282858566697676,0.9580017213944025,0.9676655390909868,0.9628215058790534,0.9628336302426947,0.9676655390909868,NA,NA
fLung_L-DS17154.hg19.hotspot.twopass.fdr0.05.merge.fa,fLung_R-DS15632.hotspot.twopass.fdr0.05.merge.fa,minimizer,D,18,NA,10,30,0.9237662718601758,0.9183563663148466,0.9422080943863917,0.9731742191217909,0.9575659906788186,0.9576911567540913,0.9731742191217909,NA,NA
fLung_L-DS17154.hg19.hotspot.twopass.fdr0.05.merge.fa,fMuscle_arm-DS19053.hg19.hotspot.twopass.fdr0.05.merge.fa,minimizer,D,18,NA,10,30,0.8784731774415406,0.8693399095470516,0.9258194719163929,0.9344276038357527,0.9301135794768921,0.9301235378760728,0.9344276038357527,NA,NA
fLung_L-DS17154.hg19.hotspot.twopass.fdr0.05.merge.fa,fMuscle_back-DS18454.hg19.hotspot.twopass.fdr0.05.merge.fa,minimizer,D,18,NA,10,30,0.8840949302651998,0.8753319893579836,0.9250324205908965,0.942169186796307,0.9335614834965849,0.9336008036936018,0.942169186796307,NA,NA
fLung_L-DS17154.hg19.hotspot.twopass.fdr0.05.merge.fa,fMuscle_leg-DS19115.hg19.hotspot.twopass.fdr0.05.merge.fa,minimizer,D,18,NA,10,30,0.9016855913675154,0.8950753534216378,0.922935870840479,0.9673748261109147,0.9448941356394557,0.9451553484756969,0.9673748261109147,NA,NA
fLung_L-DS17154.hg19.hotspot.twopass.fdr0.05.merge.fa,fMuscle_leg-DS19158.hg19.hotspot.twopass.fdr0.05.merge.fa,minimizer,D,18,NA,10,30,0.8944584780549416,0.8860334803675873,0.9383674495645326,0.9407825296589856,0.9395742136473156,0.9395749896117591,0.9407825296589856,NA,NA
fLung_L-DS17154.hg19.hotspot.twopass.fdr0.05.merge.fa,fSkin_fibro_bicep_R-DS19745.hg19.hotspot.twopass.fdr0.05.merge.fa,minimizer,D,18,NA,10,30,0.8391886450573787,0.8285396210324352,0.8553485863467485,0.9635499714853116,0.9078387004222783,0.90944927891603,0.9635499714853116,NA,NA
fLung_L-DS17154.hg19.hotspot.twopass.fdr0.05.merge.fa,fStomach-DS17659.hg19.hotspot.twopass.fdr0.05.merge.fa,minimizer,D,18,NA,10,30,0.8776561690192373,0.8694092354249764,0.8866399697433537,0.9781359086035483,0.9312649421132194,0.932387939173451,0.9781359086035483,NA,NA
fLung_L-DS18421.hg19.hotspot.twopass.fdr0.05.merge.fa,fBrain-DS14718.hotspot.twopass.fdr0.05.merge.fa,minimizer,D,18,NA,10,30,0.854861418795845,0.8435780527245047,0.9050198070567292,0.9255158109886835,0.9152104351945134,0.9152678090227064,0.9255158109886835,NA,NA
fLung_L-DS18421.hg19.hotspot.twopass.fdr0.05.merge.fa,fBrain-DS16302.hotspot.twopass.fdr0.05.merge.fa,minimizer,D,18,NA,10,30,0.8761531594087888,0.8674397290245992,0.921747004042796,0.9363984562647417,0.9290438480784019,0.9290727301537689,0.9363984562647417,NA,NA
fLung_L-DS18421.hg19.hotspot.twopass.fdr0.05.merge.fa,fHeart-DS15643.hotspot.twopass.fdr0.05.merge.fa,minimizer,D,18,NA,10,30,0.888193462321588,0.8801522259348342,0.9219865769284552,0.9509747698850026,0.9363685026909006,0.9364806734067289,0.9509747698850026,NA,NA
fLung_L-DS18421.hg19.hotspot.twopass.fdr0.05.merge.fa,fHeart-DS15839.hotspot.twopass.fdr0.05.merge.fa,minimizer,D,18,NA,10,30,0.864827018928526,0.8556079930861129,0.9244086430816276,0.9199743128299365,0.9221888126588147,0.922191477955782,0.9244086430816276,NA,NA
fLung_L-DS18421.hg19.hotspot.twopass.fdr0.05.merge.fa,fHeart-DS16621.hotspot.twopass.fdr0.05.merge.fa,minimizer,D,18,NA,10,30,0.8940650098650776,0.8866885102533537,0.9367096118877152,0.9431959721082532,0.9399471969039421,0.9399527919979842,0.9431959721082532,NA,NA
fLung_L-DS18421.hg19.hotspot.twopass.fdr0.05.merge.fa,fIntestine_Sm-DS16559.hotspot.twopass.fdr0.05.merge.fa,minimizer,D,18,NA,10,30,0.8921800236240965,0.8844447132915689,0.928846421181989,0.9487227878676465,0.938731999137487,0.9387846045248178,0.9487227878676465,NA,NA
fLung_L-DS18421.hg19.hotspot.twopass.fdr0.05.merge.fa,fIntestine_Sm-DS16712.hg19.hotspot.twopass.fdr0.05.merge.fa,minimizer,D,18,NA,10,30,0.8637449955061688,0.8547139519668301,0.8748460299260684,0.973782095921539,0.9229893827287745,0.9243140629238037,0.973782095921539,NA,NA
fLung_L-DS18421.hg19.hotspot.twopass.fdr0.05.merge.fa,fIntestine_Sm-DS16822.hotspot.twopass.fdr0.05.merge.fa,minimizer,D,18,NA,10,30,0.8822668297671807,0.874090676404338,0.9160582935472086,0.9501977776526025,0.932971893857898,0.9331280355999055,0.9501977776526025,NA,NA
fLung_L-DS18421.hg19.hotspot.twopass.fdr0.05.merge.fa,fIntestine_Sm-DS17808.hg19.hotspot.twopass.fdr0.05.merge.fa,minimizer,D,18,NA,10,30,0.8853785165211092,0.87725799356535,0.9152748932852798,0.9547928655976964,0.9348250842641516,0.9350338794414881,0.9547928655976964,NA,NA
fLung_L-DS18421.hg19.hotspot.twopass.fdr0.05.merge.fa,fIntestine_Sm-DS18495.hg19.hotspot.twopass.fdr0.05.merge.fa,minimizer,D,18,NA,10,30,0.86927221020588,0.859995531993915,0.9027520924301213,0.9478017926608406,0.9250027305546692,0.925276942545481,0.9478017926608406,NA,NA
fLung_L-DS18421.hg19.hotspot.twopass.fdr0.05.merge.fa,fKidney_renal_cortex_L-DS17550.hg19.hotspot.twopass.fdr0.05.merge.fa,minimizer,D,18,NA,10,30,0.8815416977942043,0.8737203121823077,0.939401340292929,0.925905969694831,0.9326292451540152,0.93265365499388,0.939401340292929,NA,NA
fLung_L-DS18421.hg19.hotspot.twopass.fdr0.05.merge.fa,fLung_L-DS17154.hg19.hotspot.twopass.fdr0.05.merge.fa,minimizer,D,18,NA,10,30,0.9324694415916551,0.9282858566697676,0.9676655390909868,0.9580017213944025,0.9628215058790534,0.9628336302426947,0.9676655390909868,NA,NA
fLung_L-DS18421.hg19.hotspot.twopass.fdr0.05.merge.fa,fLung_L-DS18421.hg19.hotspot.twopass.fdr0.05.merge.fa,minimizer,D,18,NA,10,30,1.0,1.0,1.0,1.0,1.0,1.0,1.0,NA,NA
fLung_L-DS18421.hg19.hotspot.twopass.fdr0.05.merge.fa,fLung_R-DS15632.hotspot.twopass.fdr0.05.merge.fa,minimizer,D,18,NA,10,30,0.9205476673427991,0.9152341841618986,0.9452026925839514,0.9665175156852799,0.9558006896080783,0.9558601041346156,0.9665175156852799,NA,NA
fLung_L-DS18421.hg19.hotspot.twopass.fdr0.05.merge.fa,fMuscle_arm-DS19053.hg19.hotspot.twopass.fdr0.05.merge.fa,minimizer,D,18,NA,10,30,0.8736149107441595,0.863826978665255,0.9273016170360843,0.9265767110071162,0.9269390931581618,0.9269391640216003,0.9273016170360843,NA,NA
fLung_L-DS18421.hg19.hotspot.twopass.fdr0.05.merge.fa,fMuscle_back-DS18454.hg19.hotspot.twopass.fdr0.05.merge.fa,minimizer,D,18,NA,10,30,0.8809464828925595,0.8718569374786609,0.9276835349188851,0.9354332556867216,0.9315503364371349,0.9315583953028034,0.9354332556867216,NA,NA
fLung_L-DS18421.hg19.hotspot.twopass.fdr0.05.merge.fa,fMuscle_leg-DS19115.hg19.hotspot.twopass.fdr0.05.merge.fa,minimizer,D,18,NA,10,30,0.8978227500403942,0.8910055494896233,0.9252513719231694,0.9601166654099793,0.9425228176956153,0.9426840186665744,0.9601166654099793,NA,NA
fLung_L-DS18421.hg19.hotspot.twopass.fdr0.05.merge.fa,fMuscle_leg-DS19158.hg19.hotspot.twopass.fdr0.05.merge.fa,minimizer,D,18,NA,10,30,0.8879724203330897,0.8792522770321227,0.9392534018339317,0.9322665473165784,0.9357534536313881,0.9357599745752551,0.9392534018339317,NA,NA
fLung_L-DS18421.hg19.hotspot.twopass.fdr0.05.merge.fa,fSkin_fibro_bicep_R-DS19745.hg19.hotspot.twopass.fdr0.05.merge.fa,minimizer,D,18,NA,10,30,0.8409040325354592,0.8305487664646228,0.8605445556853691,0.9597220581143527,0.9087813774948647,0.9101333068998609,0.9597220581143527,NA,NA
fLung_L-DS18421.hg19.hotspot.twopass.fdr0.05.merge.fa,fStomach-DS17659.hg19.hotspot.twopass.fdr0.05.merge.fa,minimizer,D,18,NA,10,30,0.8800768162131242,0.8719553827955737,0.8922862929043173,0.9745343087786903,0.9325039440604038,0.9334103008415038,0.9745343087786903,NA,NA
fLung_R-DS15632.hotspot.twopass.fdr0.05.merge.fa,fBrain-DS14718.hotspot.twopass.fdr0.05.merge.fa,minimizer,D,18,NA,10,30,0.8575107893637756,0.8465603826918081,0.9168619151413999,0.9169484330305651,0.9169051730655191,0.9169051740859825,0.9169484330305651,NA,NA
fLung_R-DS15632.hotspot.twopass.fdr0.05.merge.fa,fBrain-DS16302.hotspot.twopass.fdr0.05.merge.fa,minimizer,D,18,NA,10,30,0.875954332142607,0.8675088073190901,0.9320977432658557,0.9260312273029119,0.9290595337020954,0.9290644852843838,0.9320977432658557,NA,NA
fLung_R-DS15632.hotspot.twopass.fdr0.05.merge.fa,fHeart-DS15643.hotspot.twopass.fdr0.05.merge.fa,minimizer,D,18,NA,10,30,0.8891250442791356,0.8807487383937171,0.9325572560951211,0.9406652994498057,0.9366025040318898,0.9366112777724633,0.9406652994498057,NA,NA
fLung_R-DS15632.hotspot.twopass.fdr0.05.merge.fa,fHeart-DS15839.hotspot.twopass.fdr0.05.merge.fa,minimizer,D,18,NA,10,30,0.8632713065098565,0.8532073599555411,0.933441278961697,0.9084769809388203,0.9208745381401278,0.9209591299502586,0.933441278961697,NA,NA
fLung_R-DS15632.hotspot.twopass.fdr0.05.merge.fa,fHeart-DS16621.hotspot.twopass.fdr0.05.merge.fa,minimizer,D,18,NA,10,30,0.8908331995504897,0.8825033068974957,0.944859799498416,0.930421106217212,0.937612659827868,0.9376404528578139,0.944859799498416,NA,NA
fLung_R-DS15632.hotspot.twopass.fdr0.05.merge.fa,fIntestine_Sm-DS16559.hotspot.twopass.fdr0.05.merge.fa,minimizer,D,18,NA,10,30,0.8873350125944585,0.8790883913110081,0.9361815532457421,0.9351272673735663,0.9356542618148179,0.9356544103096542,0.9361815532457421,NA,NA
fLung_R-DS15632.hotspot.twopass.fdr0.05.merge.fa,fIntestine_Sm-DS16712.hg19.hotspot.twopass.fdr0.05.merge.fa,minimizer,D,18,NA,10,30,0.8672386380061533,0.858623266743147,0.8863580935979002,0.964838435754584,0.9247661091029521,0.9255982646762421,0.964838435754584,NA,NA
fLung_R-DS15632.hotspot.twopass.fdr0.05.merge.fa,fIntestine_Sm-DS16822.hotspot.twopass.fdr0.05.merge.fa,minimizer,D,18,NA,10,30,0.8800355659738711,0.8714215204616517,0.9246868524067867,0.9379956045469472,0.9313174556186079,0.931341228476867,0.9379956045469472,NA,NA
fLung_R-DS15632.hotspot.twopass.fdr0.05.merge.fa,fIntestine_Sm-DS17808.hg19.hotspot.twopass.fdr0.05.merge.fa,minimizer,D,18,NA,10,30,0.883455863712417,0.8748027174025192,0.9239953282858111,0.9426329408706593,0.9332676109524023,0.9333141345782352,0.9426329408706593,NA,NA
fLung_R-DS15632.hotspot.twopass.fdr0.05.merge.fa,fIntestine_Sm-DS18495.hg19.hotspot.twopass.fdr0.05.merge.fa,minimizer,D,18,NA,10,30,0.8689617552578944,0.8597817377635159,0.9125610717911571,0.9369710702108177,0.9246855271220001,0.9247660710009874,0.9369710702108177,NA,NA
fLung_R-DS15632.hotspot.twopass.fdr0.05.merge.fa,fKidney_renal_cortex_L-DS17550.hg19.hotspot.twopass.fdr0.05.merge.fa,minimizer,D,18,NA,10,30,0.8768055720447979,0.8687750875732954,0.9471924935606864,0.9129966364106628,0.9299373960941323,0.9300945649856746,0.9471924935606864,NA,NA
fLung_R-DS15632.hotspot.twopass.fdr0.05.merge.fa,fLung_L-DS17154.hg19.hotspot.twopass.fdr0.05.merge.fa,minimizer,D,18,NA,10,30,0.9237662718601758,0.9183563663148466,0.9731742191217909,0.9422080943863917,0.9575659906788186,0.9576911567540913,0.9731742191217909,NA,NA
fLung_R-DS15632.hotspot.twopass.fdr0.05.merge.fa,fLung_L-DS18421.hg19.hotspot.twopass.fdr0.05.merge.fa,minimizer,D,18,NA,10,30,0.9205476673427991,0.9152341841618986,0.9665175156852799,0.9452026925839514,0.9558006896080783,0.9558601041346156,0.9665175156852799,NA,NA
fLung_R-DS15632.hotspot.twopass.fdr0.05.merge.fa,fLung_R-DS15632.hotspot.twopass.fdr0.05.merge.fa,minimizer,D,18,NA,10,30,1.0,1.0,1.0,1.0,1.0,1.0,1.0,NA,NA
fLung_R-DS15632.hotspot.twopass.fdr0.05.merge.fa,fMuscle_arm-DS19053.hg19.hotspot.twopass.fdr0.05.merge.fa,minimizer,D,18,NA,10,30,0.8756768571967928,0.8662517563400904,0.9391717585127778,0.917742003194452,0.9283950511507334,0.9284568808536149,0.9391717585127778,NA,NA
fLung_R-DS15632.hotspot.twopass.fdr0.05.merge.fa,fMuscle_back-DS18454.hg19.hotspot.twopass.fdr0.05.merge.fa,minimizer,D,18,NA,10,30,0.8809949731669049,0.8716452767680725,0.9379782245774332,0.9249557028252148,0.9314442054942244,0.931466963701324,0.9379782245774332,NA,NA
fLung_R-DS15632.hotspot.twopass.fdr0.05.merge.fa,fMuscle_leg-DS19115.hg19.hotspot.twopass.fdr0.05.merge.fa,minimizer,D,18,NA,10,30,0.9006170006628933,0.8934880819286402,0.936867452659561,0.9507309741512382,0.9437737578030094,0.9437992134053996,0.9507309741512382,NA,NA
fLung_R-DS15632.hotspot.twopass.fdr0.05.merge.fa,fMuscle_leg-DS19158.hg19.hotspot.twopass.fdr0.05.merge.fa,minimizer,D,18,NA,10,30,0.8873452640594346,0.8782981169157922,0.9493344707170324,0.921492480608936,0.935309882524829,0.9354134756629842,0.9493344707170324,NA,NA
fLung_R-DS15632.hotspot.twopass.fdr0.05.merge.fa,fSkin_fibro_bicep_R-DS19745.hg19.hotspot.twopass.fdr0.05.merge.fa,minimizer,D,18,NA,10,30,0.8467112939875944,0.8365100395338295,0.8731178265185132,0.952270195596367,0.911835557234669,0.9126940110574402,0.952270195596367,NA,NA
fLung_R-DS15632.hotspot.twopass.fdr0.05.merge.fa,fStomach-DS17659.hg19.hotspot.twopass.fdr0.05.merge.fa,minimizer,D,18,NA,10,30,0.8836150375318789,0.8758841140934864,0.9040700712288469,0.9656288335961393,0.9343426182990316,0.9348494524124931,0.9656288335961393,NA,NA
fMuscle_arm-DS19053.hg19.hotspot.twopass.fdr0.05.merge.fa,fBrain-DS14718.hotspot.twopass.fdr0.05.merge.fa,minimizer,D,18,NA,10,30,0.8420264610326066,0.8298236373096161,0.8966088586822488,0.9176317263943337,0.9070593888456506,0.9071202925382913,0.9176317263943337,NA,NA
fMuscle_arm-DS19053.hg19.hotspot.twopass.fdr0.05.merge.fa,fBrain-DS16302.hotspot.twopass.fdr0.05.merge.fa,minimizer,D,18,NA,10,30,0.8586101054619865,0.8484588030389272,0.9104824050968633,0.9256784401842864,0.918048981571954,0.9180804226405748,0.9256784401842864,NA,NA
fMuscle_arm-DS19053.hg19.hotspot.twopass.fdr0.05.merge.fa,fHeart-DS15643.hotspot.twopass.fdr0.05.merge.fa,minimizer,D,18,NA,10,30,0.8719906808180171,0.8631254315880494,0.9120622525687225,0.9414744001218195,0.9266516401058671,0.9267683263452711,0.9414744001218195,NA,NA
fMuscle_arm-DS19053.hg19.hotspot.twopass.fdr0.05.merge.fa,fHeart-DS15839.hotspot.twopass.fdr0.05.merge.fa,minimizer,D,18,NA,10,30,0.8469224271024498,0.8361651787327011,0.9126106573579278,0.908943476093453,0.9107752210171542,0.9107770667256905,0.9126106573579278,NA,NA
fMuscle_arm-DS19053.hg19.hotspot.twopass.fdr0.05.merge.fa,fHeart-DS16621.hotspot.twopass.fdr0.05.merge.fa,minimizer,D,18,NA,10,30,0.8739485012440267,0.8651762694984286,0.9241652166799936,0.9312927377382451,0.9277221323027546,0.9277289772091193,0.9312927377382451,NA,NA
fMuscle_arm-DS19053.hg19.hotspot.twopass.fdr0.05.merge.fa,fIntestine_Sm-DS16559.hotspot.twopass.fdr0.05.merge.fa,minimizer,D,18,NA,10,30,0.8664648203666875,0.8571829001111156,0.9130771134869005,0.9333456639451242,0.9231557640618016,0.9232113887160123,0.9333456639451242,NA,NA
fMuscle_arm-DS19053.hg19.hotspot.twopass.fdr0.05.merge.fa,fIntestine_Sm-DS16712.hg19.hotspot.twopass.fdr0.05.merge.fa,minimizer,D,18,NA,10,30,0.8469418774319066,0.8368566781762657,0.864575428864675,0.9631028889834581,0.912510325028534,0.9138391589240665,0.9631028889834581,NA,NA
fMuscle_arm-DS19053.hg19.hotspot.twopass.fdr0.05.merge.fa,fIntestine_Sm-DS16822.hotspot.twopass.fdr0.05.merge.fa,minimizer,D,18,NA,10,30,0.8588545696205043,0.8489768251485315,0.9014775422263674,0.935805187283798,0.9184810070084649,0.9186413647550827,0.935805187283798,NA,NA
fMuscle_arm-DS19053.hg19.hotspot.twopass.fdr0.05.merge.fa,fIntestine_Sm-DS17808.hg19.hotspot.twopass.fdr0.05.merge.fa,minimizer,D,18,NA,10,30,0.8620854401401441,0.8521442431439784,0.9007832236119198,0.940410656439537,0.9203836931555273,0.9205969400257283,0.940410656439537,NA,NA
fMuscle_arm-DS19053.hg19.hotspot.twopass.fdr0.05.merge.fa,fIntestine_Sm-DS18495.hg19.hotspot.twopass.fdr0.05.merge.fa,minimizer,D,18,NA,10,30,0.84939442333826,0.83831549602615,0.8900327850768687,0.9351788223992996,0.9123265927533599,0.9126058037380842,0.9351788223992996,NA,NA
fMuscle_arm-DS19053.hg19.hotspot.twopass.fdr0.05.merge.fa,fKidney_renal_cortex_L-DS17550.hg19.hotspot.twopass.fdr0.05.merge.fa,minimizer,D,18,NA,10,30,0.8567875083805396,0.8466567184127723,0.9232805414710922,0.9107287114584892,0.9169831502534078,0.9170046264647906,0.9232805414710922,NA,NA
fMuscle_arm-DS19053.hg19.hotspot.twopass.fdr0.05.merge.fa,fLung_L-DS17154.hg19.hotspot.twopass.fdr0.05.merge.fa,minimizer,D,18,NA,10,30,0.8784731774415406,0.8693399095470516,0.9344276038357527,0.9258194719163929,0.9301135794768921,0.9301235378760728,0.9344276038357527,NA,NA
fMuscle_arm-DS19053.hg19.hotspot.twopass.fdr0.05.merge.fa,fLung_L-DS18421.hg19.hotspot.twopass.fdr0.05.merge.fa,minimizer,D,18,NA,10,30,0.8736149107441595,0.863826978665255,0.9265767110071162,0.9273016170360843,0.9269390931581618,0.9269391640216003,0.9273016170360843,NA,NA
fMuscle_arm-DS19053.hg19.hotspot.twopass.fdr0.05.merge.fa,fLung_R-DS15632.hotspot.twopass.fdr0.05.merge.fa,minimizer,D,18,NA,10,30,0.8756768571967928,0.8662517563400904,0.917742003194452,0.9391717585127778,0.9283950511507334,0.9284568808536149,0.9391717585127778,NA,NA
fMuscle_arm-DS19053.hg19.hotspot.twopass.fdr0.05.merge.fa,fMuscle_arm-DS19053.hg19.hotspot.twopass.fdr0.05.merge.fa,minimizer,D,18,NA,10,30,1.0,1.0,1.0,1.0,1.0,1.0,1.0,NA,NA
fMuscle_arm-DS19053.hg19.hotspot.twopass.fdr0.05.merge.fa,fMuscle_back-DS18454.hg19.hotspot.twopass.fdr0.05.merge.fa,minimizer,D,18,NA,10,30,0.8920140132967077,0.883269912320517,0.9337681667923459,0.9423053526124511,0.9380270474072394,0.9380367597023984,0.9423053526124511,NA,NA
fMuscle_arm-DS19053.hg19.hotspot.twopass.fdr0.05.merge.fa,fMuscle_leg-DS19115.hg19.hotspot.twopass.fdr0.05.merge.fa,minimizer,D,18,NA,10,30,0.9113541063831947,0.9048028999575726,0.9324153778792389,0.9683075871311827,0.9501920252024092,0.9503614825052108,0.9683075871311827,NA,NA
fMuscle_arm-DS19053.hg19.hotspot.twopass.fdr0.05.merge.fa,fMuscle_leg-DS19158.hg19.hotspot.twopass.fdr0.05.merge.fa,minimizer,D,18,NA,10,30,0.8969701776649747,0.888833729377081,0.9443016277164684,0.9380104983569688,0.9411508064139462,0.9411560630367186,0.9443016277164684,NA,NA
fMuscle_arm-DS19053.hg19.hotspot.twopass.fdr0.05.merge.fa,fSkin_fibro_bicep_R-DS19745.hg19.hotspot.twopass.fdr0.05.merge.fa,minimizer,D,18,NA,10,30,0.8332409581490029,0.8221734885136655,0.8554659718014908,0.9548045750683882,0.9037714443881197,0.9051352734349395,0.9548045750683882,NA,NA
fMuscle_arm-DS19053.hg19.hotspot.twopass.fdr0.05.merge.fa,fStomach-DS17659.hg19.hotspot.twopass.fdr0.05.merge.fa,minimizer,D,18,NA,10,30,0.8617201186847462,0.8521295158902217,0.8810030341346922,0.9629637807883453,0.9210722081554447,0.9219834074615187,0.9629637807883453,NA,NA
fMuscle_back-DS18454.hg19.hotspot.twopass.fdr0.05.merge.fa,fBrain-DS14718.hotspot.twopass.fdr0.05.merge.fa,minimizer,D,18,NA,10,30,0.8492054891684481,0.8371826538365229,0.9050076178590807,0.917835890628987,0.9113991842018003,0.9114217542440338,0.917835890628987,NA,NA
fMuscle_back-DS18454.hg19.hotspot.twopass.fdr0.05.merge.fa,fBrain-DS16302.hotspot.twopass.fdr0.05.merge.fa,minimizer,D,18,NA,10,30,0.8649205123636435,0.8547225846428297,0.918250619982131,0.925118205688424,0.9216780164081987,0.9216844128352775,0.925118205688424,NA,NA
fMuscle_back-DS18454.hg19.hotspot.twopass.fdr0.05.merge.fa,fHeart-DS15643.hotspot.twopass.fdr0.05.merge.fa,minimizer,D,18,NA,10,30,0.8813634129460032,0.8723639733579213,0.9214028285831618,0.9424991795917133,0.9318913080467668,0.9319510040874375,0.9424991795917133,NA,NA
fMuscle_back-DS18454.hg19.hotspot.twopass.fdr0.05.merge.fa,fHeart-DS15839.hotspot.twopass.fdr0.05.merge.fa,minimizer,D,18,NA,10,30,0.8539553157802147,0.8433075112907907,0.9210392826209567,0.9090272458847417,0.9150135531414748,0.9150332642528491,0.9210392826209567,NA,NA
fMuscle_back-DS18454.hg19.hotspot.twopass.fdr0.05.merge.fa,fHeart-DS16621.hotspot.twopass.fdr0.05.merge.fa,minimizer,D,18,NA,10,30,0.8817319735194131,0.8728811588974323,0.9327881100783847,0.9314659965294428,0.9321268188958937,0.9321270533039138,0.9327881100783847,NA,NA
fMuscle_back-DS18454.hg19.hotspot.twopass.fdr0.05.merge.fa,fIntestine_Sm-DS16559.hotspot.twopass.fdr0.05.merge.fa,minimizer,D,18,NA,10,30,0.8749152947741858,0.8657139784224125,0.9220980387386298,0.9340272815000465,0.9280434927305762,0.9280626601193382,0.9340272815000465,NA,NA
fMuscle_back-DS18454.hg19.hotspot.twopass.fdr0.05.merge.fa,fIntestine_Sm-DS16712.hg19.hotspot.twopass.fdr0.05.merge.fa,minimizer,D,18,NA,10,30,0.8544560214713596,0.8446359879644904,0.8726904442515425,0.9633351867329161,0.9168933482543601,0.9180128154922294,0.9633351867329161,NA,NA
fMuscle_back-DS18454.hg19.hotspot.twopass.fdr0.05.merge.fa,fIntestine_Sm-DS16822.hotspot.twopass.fdr0.05.merge.fa,minimizer,D,18,NA,10,30,0.8678585347816963,0.8582040640081433,0.9108179333003577,0.9369351136830358,0.9237842301540541,0.9238765234916968,0.9369351136830358,NA,NA
fMuscle_back-DS18454.hg19.hotspot.twopass.fdr0.05.merge.fa,fIntestine_Sm-DS17808.hg19.hotspot.twopass.fdr0.05.merge.fa,minimizer,D,18,NA,10,30,0.8705857581165901,0.8609951949355794,0.909862389909829,0.941283340221638,0.9254395223440407,0.9255728650657336,0.941283340221638,NA,NA
fMuscle_back-DS18454.hg19.hotspot.twopass.fdr0.05.merge.fa,fIntestine_Sm-DS18495.hg19.hotspot.twopass.fdr0.05.merge.fa,minimizer,D,18,NA,10,30,0.8580382669892237,0.8480389974312871,0.8996118325606788,0.9366799501861924,0.9179588043642514,0.9181458913734356,0.9366799501861924,NA,NA
fMuscle_back-DS18454.hg19.hotspot.twopass.fdr0.05.merge.fa,fKidney_renal_cortex_L-DS17550.hg19.hotspot.twopass.fdr0.05.merge.fa,minimizer,D,18,NA,10,30,0.8629372133728378,0.8534075138280309,0.9315203694067312,0.9105317785352551,0.9209662853208737,0.9210260739709932,0.9315203694067312,NA,NA
fMuscle_back-DS18454.hg19.hotspot.twopass.fdr0.05.merge.fa,fLung_L-DS17154.hg19.hotspot.twopass.fdr0.05.merge.fa,minimizer,D,18,NA,10,30,0.8840949302651998,0.8753319893579836,0.942169186796307,0.9250324205908965,0.9335614834965849,0.9336008036936018,0.942169186796307,NA,NA
fMuscle_back-DS18454.hg19.hotspot.twopass.fdr0.05.merge.fa,fLung_L-DS18421.hg19.hotspot.twopass.fdr0.05.merge.fa,minimizer,D,18,NA,10,30,0.8809464828925595,0.8718569374786609,0.9354332556867216,0.9276835349188851,0.9315503364371349,0.9315583953028034,0.9354332556867216,NA,NA
fMuscle_back-DS18454.hg19.hotspot.twopass.fdr0.05.merge.fa,fLung_R-DS15632.hotspot.twopass.fdr0.05.merge.fa,minimizer,D,18,NA,10,30,0.8809949731669049,0.8716452767680725,0.9249557028252148,0.9379782245774332,0.9314442054942244,0.931466963701324,0.9379782245774332,NA,NA
fMuscle_back-DS18454.hg19.hotspot.twopass.fdr0.05.merge.fa,fMuscle_arm-DS19053.hg19.hotspot.twopass.fdr0.05.merge.fa,minimizer,D,18,NA,10,30,0.8920140132967077,0.883269912320517,0.9423053526124511,0.9337681667923459,0.9380270474072394,0.9380367597023984,0.9423053526124511,NA,NA
fMuscle_back-DS18454.hg19.hotspot.twopass.fdr0.05.merge.fa,fMuscle_back-DS18454.hg19.hotspot.twopass.fdr0.05.merge.fa,minimizer,D,18,NA,10,30,1.0,1.0,1.0,1.0,1.0,1.0,1.0,NA,NA
fMuscle_back-DS18454.hg19.hotspot.twopass.fdr0.05.merge.fa,fMuscle_leg-DS19115.hg19.hotspot.twopass.fdr0.05.merge.fa,minimizer,D,18,NA,10,30,0.9213731551042967,0.9155968513631692,0.9424300732056702,0.9698407981385391,0.9560372034536883,0.9561354356721046,0.9698407981385391,NA,NA
fMuscle_back-DS18454.hg19.hotspot.twopass.fdr0.05.merge.fa,fMuscle_leg-DS19158.hg19.hotspot.twopass.fdr0.05.merge.fa,minimizer,D,18,NA,10,30,0.9023512284620293,0.8941740753138907,0.9516418345941663,0.9367374699415979,0.9441602429822599,0.9441896522678821,0.9516418345941663,NA,NA
fMuscle_back-DS18454.hg19.hotspot.twopass.fdr0.05.merge.fa,fSkin_fibro_bicep_R-DS19745.hg19.hotspot.twopass.fdr0.05.merge.fa,minimizer,D,18,NA,10,30,0.8424590763231651,0.8313516436259017,0.8643991732022186,0.9560343600919696,0.9090628748422249,0.9102167666470942,0.9560343600919696,NA,NA
fMuscle_back-DS18454.hg19.hotspot.twopass.fdr0.05.merge.fa,fStomach-DS17659.hg19.hotspot.twopass.fdr0.05.merge.fa,minimizer,D,18,NA,10,30,0.8711959573273442,0.8624144314584657,0.8905858243484777,0.964618824320443,0.9268634477847755,0.9276023243344603,0.964618824320443,NA,NA
fMuscle_leg-DS19115.hg19.hotspot.twopass.fdr0.05.merge.fa,fBrain-DS14718.hotspot.twopass.fdr0.05.merge.fa,minimizer,D,18,NA,10,30,0.8672366332455946,0.8572522887644115,0.9299263771000389,0.916452698534912,0.9231649569454664,0.9231895378174755,0.9299263771000389,NA,NA
fMuscle_leg-DS19115.hg19.hotspot.twopass.fdr0.05.merge.fa,fBrain-DS16302.hotspot.twopass.fdr0.05.merge.fa,minimizer,D,18,NA,10,30,0.8831889851210304,0.8748541472971101,0.9432574910310421,0.9234533197222037,0.9333028776584011,0.9333554053766229,0.9432574910310421,NA,NA
fMuscle_leg-DS19115.hg19.hotspot.twopass.fdr0.05.merge.fa,fHeart-DS15643.hotspot.twopass.fdr0.05.merge.fa,minimizer,D,18,NA,10,30,0.8973887270683224,0.8902311730477515,0.9447780282310194,0.9390958276896969,0.9419326432418875,0.9419369279603582,0.9447780282310194,NA,NA
fMuscle_leg-DS19115.hg19.hotspot.twopass.fdr0.05.merge.fa,fHeart-DS15839.hotspot.twopass.fdr0.05.merge.fa,minimizer,D,18,NA,10,30,0.8685375486207136,0.8594068866089121,0.9441163279905366,0.9054676570540595,0.9245900710542339,0.924791992522298,0.9441163279905366,NA,NA
fMuscle_leg-DS19115.hg19.hotspot.twopass.fdr0.05.merge.fa,fHeart-DS16621.hotspot.twopass.fdr0.05.merge.fa,minimizer,D,18,NA,10,30,0.8973463333637073,0.890454969244631,0.95644151941785,0.9280921751003287,0.9421602252869603,0.9422668472590894,0.95644151941785,NA,NA
fMuscle_leg-DS19115.hg19.hotspot.twopass.fdr0.05.merge.fa,fIntestine_Sm-DS16559.hotspot.twopass.fdr0.05.merge.fa,minimizer,D,18,NA,10,30,0.8916264662570457,0.8843714104293128,0.9461199243371786,0.9312736997280383,0.9386674609913225,0.9386968120326085,0.9461199243371786,NA,NA
fMuscle_leg-DS19115.hg19.hotspot.twopass.fdr0.05.merge.fa,fIntestine_Sm-DS16712.hg19.hotspot.twopass.fdr0.05.merge.fa,minimizer,D,18,NA,10,30,0.8728119044891753,0.8645773917849637,0.8959579054074543,0.9610666241390684,0.9279413987535273,0.9285122647732613,0.9610666241390684,NA,NA
fMuscle_leg-DS19115.hg19.hotspot.twopass.fdr0.05.merge.fa,fIntestine_Sm-DS16822.hotspot.twopass.fdr0.05.merge.fa,minimizer,D,18,NA,10,30,0.8842824554971689,0.8763553135283462,0.9342902842540483,0.9339173886196391,0.9341038178292823,0.9341038364368437,0.9342902842540483,NA,NA
fMuscle_leg-DS19115.hg19.hotspot.twopass.fdr0.05.merge.fa,fIntestine_Sm-DS17808.hg19.hotspot.twopass.fdr0.05.merge.fa,minimizer,D,18,NA,10,30,0.8874614173872162,0.8797282106230258,0.9335515328890334,0.9384943053674409,0.9360196565155046,0.9360229191282372,0.9384943053674409,NA,NA
fMuscle_leg-DS19115.hg19.hotspot.twopass.fdr0.05.merge.fa,fIntestine_Sm-DS18495.hg19.hotspot.twopass.fdr0.05.merge.fa,minimizer,D,18,NA,10,30,0.8751948965137727,0.8667969798619168,0.9232415920375456,0.9341144985587719,0.9286621327451412,0.9286780452981588,0.9341144985587719,NA,NA
fMuscle_leg-DS19115.hg19.hotspot.twopass.fdr0.05.merge.fa,fKidney_renal_cortex_L-DS17550.hg19.hotspot.twopass.fdr0.05.merge.fa,minimizer,D,18,NA,10,30,0.8797103325995358,0.8716984738168779,0.9560451786184008,0.9080920089584115,0.9317601552473613,0.9320685937884061,0.9560451786184008,NA,NA
fMuscle_leg-DS19115.hg19.hotspot.twopass.fdr0.05.merge.fa,fLung_L-DS17154.hg19.hotspot.twopass.fdr0.05.merge.fa,minimizer,D,18,NA,10,30,0.9016855913675154,0.8950753534216378,0.9673748261109147,0.922935870840479,0.9448941356394557,0.9451553484756969,0.9673748261109147,NA,NA
fMuscle_leg-DS19115.hg19.hotspot.twopass.fdr0.05.merge.fa,fLung_L-DS18421.hg19.hotspot.twopass.fdr0.05.merge.fa,minimizer,D,18,NA,10,30,0.8978227500403942,0.8910055494896233,0.9601166654099793,0.9252513719231694,0.9425228176956153,0.9426840186665744,0.9601166654099793,NA,NA
fMuscle_leg-DS19115.hg19.hotspot.twopass.fdr0.05.merge.fa,fLung_R-DS15632.hotspot.twopass.fdr0.05.merge.fa,minimizer,D,18,NA,10,30,0.9006170006628933,0.8934880819286402,0.9507309741512382,0.936867452659561,0.9437737578030094,0.9437992134053996,0.9507309741512382,NA,NA
fMuscle_leg-DS19115.hg19.hotspot.twopass.fdr0.05.merge.fa,fMuscle_arm-DS19053.hg19.hotspot.twopass.fdr0.05.merge.fa,minimizer,D,18,NA,10,30,0.9113541063831947,0.9048028999575726,0.9683075871311827,0.9324153778792389,0.9501920252024092,0.9503614825052108,0.9683075871311827,NA,NA
fMuscle_leg-DS19115.hg19.hotspot.twopass.fdr0.05.merge.fa,fMuscle_back-DS18454.hg19.hotspot.twopass.fdr0.05.merge.fa,minimizer,D,18,NA,10,30,0.9213731551042967,0.9155968513631692,0.9698407981385391,0.9424300732056702,0.9560372034536883,0.9561354356721046,0.9698407981385391,NA,NA
fMuscle_leg-DS19115.hg19.hotspot.twopass.fdr0.05.merge.fa,fMuscle_leg-DS19115.hg19.hotspot.twopass.fdr0.05.merge.fa,minimizer,D,18,NA,10,30,1.0,1.0,1.0,1.0,1.0,1.0,1.0,NA,NA
fMuscle_leg-DS19115.hg19.hotspot.twopass.fdr0.05.merge.fa,fMuscle_leg-DS19158.hg19.hotspot.twopass.fdr0.05.merge.fa,minimizer,D,18,NA,10,30,0.9241006425073058,0.9184200330909569,0.979238310235865,0.9366588682825044,0.9577119856430728,0.9579485892591848,0.979238310235865,NA,NA
fMuscle_leg-DS19115.hg19.hotspot.twopass.fdr0.05.merge.fa,fSkin_fibro_bicep_R-DS19745.hg19.hotspot.twopass.fdr0.05.merge.fa,minimizer,D,18,NA,10,30,0.8607428293026775,0.8520412582032533,0.8881127371108818,0.9545000239127939,0.9207082213218222,0.9213063805118378,0.9545000239127939,NA,NA
fMuscle_leg-DS19115.hg19.hotspot.twopass.fdr0.05.merge.fa,fStomach-DS17659.hg19.hotspot.twopass.fdr0.05.merge.fa,minimizer,D,18,NA,10,30,0.8896538076987168,0.8823170202717039,0.9140916973916503,0.9620959924042124,0.9377867341514652,0.9380938448979314,0.9620959924042124,NA,NA
fMuscle_leg-DS19158.hg19.hotspot.twopass.fdr0.05.merge.fa,fBrain-DS14718.hotspot.twopass.fdr0.05.merge.fa,minimizer,D,18,NA,10,30,0.8515389967367978,0.8394076794296674,0.8992679713354446,0.9265258912893435,0.9127951898698484,0.912896931312394,0.9265258912893435,NA,NA
fMuscle_leg-DS19158.hg19.hotspot.twopass.fdr0.05.merge.fa,fBrain-DS16302.hotspot.twopass.fdr0.05.merge.fa,minimizer,D,18,NA,10,30,0.8726678644054412,0.8629163987129544,0.9157751374935978,0.9373040186371996,0.9264770458790564,0.9265395780653987,0.9373040186371996,NA,NA
fMuscle_leg-DS19158.hg19.hotspot.twopass.fdr0.05.merge.fa,fHeart-DS15643.hotspot.twopass.fdr0.05.merge.fa,minimizer,D,18,NA,10,30,0.8819218728189994,0.8728866563664655,0.9145615951488336,0.9503860061279295,0.9323017439496123,0.9324738006383815,0.9503860061279295,NA,NA
fMuscle_leg-DS19158.hg19.hotspot.twopass.fdr0.05.merge.fa,fHeart-DS15839.hotspot.twopass.fdr0.05.merge.fa,minimizer,D,18,NA,10,30,0.8573999669231742,0.8468990191960107,0.9158865228597984,0.9183242407772593,0.917104571869178,0.9171053818185289,0.9183242407772593,NA,NA
fMuscle_leg-DS19158.hg19.hotspot.twopass.fdr0.05.merge.fa,fHeart-DS16621.hotspot.twopass.fdr0.05.merge.fa,minimizer,D,18,NA,10,30,0.8878465790333925,0.8794094198182041,0.929161265918619,0.942607158912809,0.9358600648811651,0.9358842124157141,0.942607158912809,NA,NA
fMuscle_leg-DS19158.hg19.hotspot.twopass.fdr0.05.merge.fa,fIntestine_Sm-DS16559.hotspot.twopass.fdr0.05.merge.fa,minimizer,D,18,NA,10,30,0.8795149638802889,0.870438660684469,0.9175931771105418,0.9442527793910818,0.930827539255754,0.9309229782508117,0.9442527793910818,NA,NA
fMuscle_leg-DS19158.hg19.hotspot.twopass.fdr0.05.merge.fa,fIntestine_Sm-DS16712.hg19.hotspot.twopass.fdr0.05.merge.fa,minimizer,D,18,NA,10,30,0.8501092542386598,0.8394990943145263,0.8633300859028936,0.9681657430437026,0.9142464733922459,0.9157479144732981,0.9681657430437026,NA,NA
fMuscle_leg-DS19158.hg19.hotspot.twopass.fdr0.05.merge.fa,fIntestine_Sm-DS16822.hotspot.twopass.fdr0.05.merge.fa,minimizer,D,18,NA,10,30,0.8706220362067423,0.8607950827247545,0.9052526344393907,0.9460266542498328,0.9254151074029123,0.9256396443446118,0.9460266542498328,NA,NA
fMuscle_leg-DS19158.hg19.hotspot.twopass.fdr0.05.merge.fa,fIntestine_Sm-DS17808.hg19.hotspot.twopass.fdr0.05.merge.fa,minimizer,D,18,NA,10,30,0.8712580220831506,0.861433716308334,0.9031053524067865,0.9491584271255288,0.9258455896201438,0.9261318897661577,0.9491584271255288,NA,NA
fMuscle_leg-DS19158.hg19.hotspot.twopass.fdr0.05.merge.fa,fIntestine_Sm-DS18495.hg19.hotspot.twopass.fdr0.05.merge.fa,minimizer,D,18,NA,10,30,0.8601031634813202,0.8493007802088559,0.8934275411188154,0.9450418348713857,0.918872353911878,0.9192346879951006,0.9450418348713857,NA,NA
fMuscle_leg-DS19158.hg19.hotspot.twopass.fdr0.05.merge.fa,fKidney_renal_cortex_L-DS17550.hg19.hotspot.twopass.fdr0.05.merge.fa,minimizer,D,18,NA,10,30,0.8689784862421077,0.8595130769949255,0.9276982082261592,0.9212237003595916,0.924455286208622,0.9244609542928754,0.9276982082261592,NA,NA
fMuscle_leg-DS19158.hg19.hotspot.twopass.fdr0.05.merge.fa,fLung_L-DS17154.hg19.hotspot.twopass.fdr0.05.merge.fa,minimizer,D,18,NA,10,30,0.8944584780549416,0.8860334803675873,0.9407825296589856,0.9383674495645326,0.9395742136473156,0.9395749896117591,0.9407825296589856,NA,NA
fMuscle_leg-DS19158.hg19.hotspot.twopass.fdr0.05.merge.fa,fLung_L-DS18421.hg19.hotspot.twopass.fdr0.05.merge.fa,minimizer,D,18,NA,10,30,0.8879724203330897,0.8792522770321227,0.9322665473165784,0.9392534018339317,0.9357534536313881,0.9357599745752551,0.9392534018339317,NA,NA
fMuscle_leg-DS19158.hg19.hotspot.twopass.fdr0.05.merge.fa,fLung_R-DS15632.hotspot.twopass.fdr0.05.merge.fa,minimizer,D,18,NA,10,30,0.8873452640594346,0.8782981169157922,0.921492480608936,0.9493344707170324,0.935309882524829,0.9354134756629842,0.9493344707170324,NA,NA
fMuscle_leg-DS19158.hg19.hotspot.twopass.fdr0.05.merge.fa,fMuscle_arm-DS19053.hg19.hotspot.twopass.fdr0.05.merge.fa,minimizer,D,18,NA,10,30,0.8969701776649747,0.888833729377081,0.9380104983569688,0.9443016277164684,0.9411508064139462,0.9411560630367186,0.9443016277164684,NA,NA
fMuscle_leg-DS19158.hg19.hotspot.twopass.fdr0.05.merge.fa,fMuscle_back-DS18454.hg19.hotspot.twopass.fdr0.05.merge.fa,minimizer,D,18,NA,10,30,0.9023512284620293,0.8941740753138907,0.9367374699415979,0.9516418345941663,0.9441602429822599,0.9441896522678821,0.9516418345941663,NA,NA
fMuscle_leg-DS19158.hg19.hotspot.twopass.fdr0.05.merge.fa,fMuscle_leg-DS19115.hg19.hotspot.twopass.fdr0.05.merge.fa,minimizer,D,18,NA,10,30,0.9241006425073058,0.9184200330909569,0.9366588682825044,0.979238310235865,0.9577119856430728,0.9579485892591848,0.979238310235865,NA,NA
fMuscle_leg-DS19158.hg19.hotspot.twopass.fdr0.05.merge.fa,fMuscle_leg-DS19158.hg19.hotspot.twopass.fdr0.05.merge.fa,minimizer,D,18,NA,10,30,1.0,1.0,1.0,1.0,1.0,1.0,1.0,NA,NA
fMuscle_leg-DS19158.hg19.hotspot.twopass.fdr0.05.merge.fa,fSkin_fibro_bicep_R-DS19745.hg19.hotspot.twopass.fdr0.05.merge.fa,minimizer,D,18,NA,10,30,0.8392918320872211,0.8284717077186212,0.8563454249685442,0.9621965009266462,0.9077293492496952,0.9092709629475952,0.9621965009266462,NA,NA
fMuscle_leg-DS19158.hg19.hotspot.twopass.fdr0.05.merge.fa,fStomach-DS17659.hg19.hotspot.twopass.fdr0.05.merge.fa,minimizer,D,18,NA,10,30,0.8668636658031088,0.8570679753882992,0.8809393988628896,0.9693522471296994,0.924089057327717,0.9251458229962946,0.9693522471296994,NA,NA
fSkin_fibro_bicep_R-DS19745.hg19.hotspot.twopass.fdr0.05.merge.fa,fBrain-DS14718.hotspot.twopass.fdr0.05.merge.fa,minimizer,D,18,NA,10,30,0.8292950312135208,0.8168720460686516,0.9399194893125599,0.8618750281513542,0.9000517409078597,0.900897258731957,0.9399194893125599,NA,NA
fSkin_fibro_bicep_R-DS19745.hg19.hotspot.twopass.fdr0.05.merge.fa,fBrain-DS16302.hotspot.twopass.fdr0.05.merge.fa,minimizer,D,18,NA,10,30,0.8386742466617173,0.8276013526248974,0.9499566073770094,0.8653277013842707,0.9066552638552029,0.9076421543806401,0.9499566073770094,NA,NA
fSkin_fibro_bicep_R-DS19745.hg19.hotspot.twopass.fdr0.05.merge.fa,fHeart-DS15643.hotspot.twopass.fdr0.05.merge.fa,minimizer,D,18,NA,10,30,0.8487830459326896,0.8388013518535681,0.9494003522546006,0.8780548979718702,0.9130310123064664,0.9137276251132354,0.9494003522546006,NA,NA
fSkin_fibro_bicep_R-DS19745.hg19.hotspot.twopass.fdr0.05.merge.fa,fHeart-DS15839.hotspot.twopass.fdr0.05.merge.fa,minimizer,D,18,NA,10,30,0.8238287981405041,0.812456382059113,0.9505969641017697,0.8482737180523424,0.8979790760969195,0.8994353410770561,0.9505969641017697,NA,NA
fSkin_fibro_bicep_R-DS19745.hg19.hotspot.twopass.fdr0.05.merge.fa,fHeart-DS16621.hotspot.twopass.fdr0.05.merge.fa,minimizer,D,18,NA,10,30,0.845507959420172,0.8350290358197954,0.9590532720279462,0.8658996752938939,0.9112869563636611,0.9124764736609201,0.9590532720279462,NA,NA
fSkin_fibro_bicep_R-DS19745.hg19.hotspot.twopass.fdr0.05.merge.fa,fIntestine_Sm-DS16559.hotspot.twopass.fdr0.05.merge.fa,minimizer,D,18,NA,10,30,0.8482906201685319,0.8382575575947184,0.9539131077604311,0.8736392176851941,0.9128942442602404,0.9137761627228127,0.9539131077604311,NA,NA
fSkin_fibro_bicep_R-DS19745.hg19.hotspot.twopass.fdr0.05.merge.fa,fIntestine_Sm-DS16712.hg19.hotspot.twopass.fdr0.05.merge.fa,minimizer,D,18,NA,10,30,0.8537225563749974,0.84398883658848,0.916282922021637,0.9145082690443337,0.9153951654738468,0.9153955955329853,0.916282922021637,NA,NA
fSkin_fibro_bicep_R-DS19745.hg19.hotspot.twopass.fdr0.05.merge.fa,fIntestine_Sm-DS16822.hotspot.twopass.fdr0.05.merge.fa,minimizer,D,18,NA,10,30,0.8492649332975938,0.839511061249861,0.9470650550814543,0.8808431803595791,0.9133541455127733,0.9139541177205167,0.9470650550814543,NA,NA
fSkin_fibro_bicep_R-DS19745.hg19.hotspot.twopass.fdr0.05.merge.fa,fIntestine_Sm-DS17808.hg19.hotspot.twopass.fdr0.05.merge.fa,minimizer,D,18,NA,10,30,0.8504314576551439,0.8397916602730766,0.9444574862257541,0.8834213966899194,0.9134297737624967,0.9139394414578368,0.9444574862257541,NA,NA
fSkin_fibro_bicep_R-DS19745.hg19.hotspot.twopass.fdr0.05.merge.fa,fIntestine_Sm-DS18495.hg19.hotspot.twopass.fdr0.05.merge.fa,minimizer,D,18,NA,10,30,0.8473430951518601,0.8369133353974195,0.9395745723305665,0.8845210273959591,0.9116323085723496,0.9120477998632628,0.9395745723305665,NA,NA
fSkin_fibro_bicep_R-DS19745.hg19.hotspot.twopass.fdr0.05.merge.fa,fKidney_renal_cortex_L-DS17550.hg19.hotspot.twopass.fdr0.05.merge.fa,minimizer,D,18,NA,10,30,0.8258315852562181,0.8146994130037263,0.9569274722162964,0.8457122400079699,0.8996028435110731,0.9013198561121332,0.9569274722162964,NA,NA
fSkin_fibro_bicep_R-DS19745.hg19.hotspot.twopass.fdr0.05.merge.fa,fLung_L-DS17154.hg19.hotspot.twopass.fdr0.05.merge.fa,minimizer,D,18,NA,10,30,0.8391886450573787,0.8285396210324352,0.9635499714853116,0.8553485863467485,0.9078387004222783,0.90944927891603,0.9635499714853116,NA,NA
fSkin_fibro_bicep_R-DS19745.hg19.hotspot.twopass.fdr0.05.merge.fa,fLung_L-DS18421.hg19.hotspot.twopass.fdr0.05.merge.fa,minimizer,D,18,NA,10,30,0.8409040325354592,0.8305487664646228,0.9597220581143527,0.8605445556853691,0.9087813774948647,0.9101333068998609,0.9597220581143527,NA,NA
fSkin_fibro_bicep_R-DS19745.hg19.hotspot.twopass.fdr0.05.merge.fa,fLung_R-DS15632.hotspot.twopass.fdr0.05.merge.fa,minimizer,D,18,NA,10,30,0.8467112939875944,0.8365100395338295,0.952270195596367,0.8731178265185132,0.911835557234669,0.9126940110574402,0.952270195596367,NA,NA
fSkin_fibro_bicep_R-DS19745.hg19.hotspot.twopass.fdr0.05.merge.fa,fMuscle_arm-DS19053.hg19.hotspot.twopass.fdr0.05.merge.fa,minimizer,D,18,NA,10,30,0.8332409581490029,0.8221734885136655,0.9548045750683882,0.8554659718014908,0.9037714443881197,0.9051352734349395,0.9548045750683882,NA,NA
fSkin_fibro_bicep_R-DS19745.hg19.hotspot.twopass.fdr0.05.merge.fa,fMuscle_back-DS18454.hg19.hotspot.twopass.fdr0.05.merge.fa,minimizer,D,18,NA,10,30,0.8424590763231651,0.8313516436259017,0.9560343600919696,0.8643991732022186,0.9090628748422249,0.9102167666470942,0.9560343600919696,NA,NA
fSkin_fibro_bicep_R-DS19745.hg19.hotspot.twopass.fdr0.05.merge.fa,fMuscle_leg-DS19115.hg19.hotspot.twopass.fdr0.05.merge.fa,minimizer,D,18,NA,10,30,0.8607428293026775,0.8520412582032533,0.9545000239127939,0.8881127371108818,0.9207082213218222,0.9213063805118378,0.9545000239127939,NA,NA
fSkin_fibro_bicep_R-DS19745.hg19.hotspot.twopass.fdr0.05.merge.fa,fMuscle_leg-DS19158.hg19.hotspot.twopass.fdr0.05.merge.fa,minimizer,D,18,NA,10,30,0.8392918320872211,0.8284717077186212,0.9621965009266462,0.8563454249685442,0.9077293492496952,0.9092709629475952,0.9621965009266462,NA,NA
fSkin_fibro_bicep_R-DS19745.hg19.hotspot.twopass.fdr0.05.merge.fa,fSkin_fibro_bicep_R-DS19745.hg19.hotspot.twopass.fdr0.05.merge.fa,minimizer,D,18,NA,10,30,1.0,1.0,1.0,1.0,1.0,1.0,1.0,NA,NA
fSkin_fibro_bicep_R-DS19745.hg19.hotspot.twopass.fdr0.05.merge.fa,fStomach-DS17659.hg19.hotspot.twopass.fdr0.05.merge.fa,minimizer,D,18,NA,10,30,0.8635747277427009,0.8545280893872013,0.9312928105106891,0.9120256372259176,0.921608875255619,0.9216592238683033,0.9312928105106891,NA,NA
fStomach-DS17659.hg19.hotspot.twopass.fdr0.05.merge.fa,fBrain-DS14718.hotspot.twopass.fdr0.05.merge.fa,minimizer,D,18,NA,10,30,0.8540412835161254,0.8430172989557352,0.9459223617234889,0.8857034551875462,0.9153178159074902,0.9158129084555175,0.9459223617234889,NA,NA
fStomach-DS17659.hg19.hotspot.twopass.fdr0.05.merge.fa,fBrain-DS16302.hotspot.twopass.fdr0.05.merge.fa,minimizer,D,18,NA,10,30,0.8624311645931063,0.8526444149022818,0.9550197863386479,0.8883178974401887,0.9210652358080431,0.9216688418894183,0.9550197863386479,NA,NA
fStomach-DS17659.hg19.hotspot.twopass.fdr0.05.merge.fa,fHeart-DS15643.hotspot.twopass.fdr0.05.merge.fa,minimizer,D,18,NA,10,30,0.880308640698372,0.8715549631368469,0.9587914211229611,0.9054732495376623,0.9317510309696688,0.9321323353303117,0.9587914211229611,NA,NA
fStomach-DS17659.hg19.hotspot.twopass.fdr0.05.merge.fa,fHeart-DS15839.hotspot.twopass.fdr0.05.merge.fa,minimizer,D,18,NA,10,30,0.851924567815467,0.8422512087110222,0.9589204043330062,0.8737784953618213,0.9153600537874937,0.9163494498474137,0.9589204043330062,NA,NA
fStomach-DS17659.hg19.hotspot.twopass.fdr0.05.merge.fa,fHeart-DS16621.hotspot.twopass.fdr0.05.merge.fa,minimizer,D,18,NA,10,30,0.874607862171856,0.8659600464325287,0.9674576394028892,0.8919407529601582,0.9289321263397398,0.9296991961815237,0.9674576394028892,NA,NA
fStomach-DS17659.hg19.hotspot.twopass.fdr0.05.merge.fa,fIntestine_Sm-DS16559.hotspot.twopass.fdr0.05.merge.fa,minimizer,D,18,NA,10,30,0.8889429144855269,0.8815877626003079,0.9695349262030383,0.9067049089442377,0.9375937697004946,0.938119917573638,0.9695349262030383,NA,NA
fStomach-DS17659.hg19.hotspot.twopass.fdr0.05.merge.fa,fIntestine_Sm-DS16712.hg19.hotspot.twopass.fdr0.05.merge.fa,minimizer,D,18,NA,10,30,0.8901817090940258,0.8829480490930659,0.929025669746416,0.946814635256952,0.9378779774817715,0.937920152501684,0.946814635256952,NA,NA
fStomach-DS17659.hg19.hotspot.twopass.fdr0.05.merge.fa,fIntestine_Sm-DS16822.hotspot.twopass.fdr0.05.merge.fa,minimizer,D,18,NA,10,30,0.8891445827042224,0.8821068091817613,0.9621711671142927,0.9137982587747354,0.9376728305503449,0.937984712944514,0.9621711671142927,NA,NA
fStomach-DS17659.hg19.hotspot.twopass.fdr0.05.merge.fa,fIntestine_Sm-DS17808.hg19.hotspot.twopass.fdr0.05.merge.fa,minimizer,D,18,NA,10,30,0.8918772072806302,0.8848223202851767,0.9609430996049961,0.917830269899627,0.9391393211172865,0.9393866847523116,0.9609430996049961,NA,NA
fStomach-DS17659.hg19.hotspot.twopass.fdr0.05.merge.fa,fIntestine_Sm-DS18495.hg19.hotspot.twopass.fdr0.05.merge.fa,minimizer,D,18,NA,10,30,0.8815832003920464,0.8737745455762016,0.9514119103108104,0.9145863055466734,0.9328174012657928,0.9329991079287419,0.9514119103108104,NA,NA
fStomach-DS17659.hg19.hotspot.twopass.fdr0.05.merge.fa,fKidney_renal_cortex_L-DS17550.hg19.hotspot.twopass.fdr0.05.merge.fa,minimizer,D,18,NA,10,30,0.8594042467545537,0.8503807720767492,0.9688189217711731,0.8743099267921586,0.9203521068420566,0.9215644242816659,0.9688189217711731,NA,NA
fStomach-DS17659.hg19.hotspot.twopass.fdr0.05.merge.fa,fLung_L-DS17154.hg19.hotspot.twopass.fdr0.05.merge.fa,minimizer,D,18,NA,10,30,0.8776561690192373,0.8694092354249764,0.9781359086035483,0.8866399697433537,0.9312649421132194,0.932387939173451,0.9781359086035483,NA,NA
fStomach-DS17659.hg19.hotspot.twopass.fdr0.05.merge.fa,fLung_L-DS18421.hg19.hotspot.twopass.fdr0.05.merge.fa,minimizer,D,18,NA,10,30,0.8800768162131242,0.8719553827955737,0.9745343087786903,0.8922862929043173,0.9325039440604038,0.9334103008415038,0.9745343087786903,NA,NA
fStomach-DS17659.hg19.hotspot.twopass.fdr0.05.merge.fa,fLung_R-DS15632.hotspot.twopass.fdr0.05.merge.fa,minimizer,D,18,NA,10,30,0.8836150375318789,0.8758841140934864,0.9656288335961393,0.9040700712288469,0.9343426182990316,0.9348494524124931,0.9656288335961393,NA,NA
fStomach-DS17659.hg19.hotspot.twopass.fdr0.05.merge.fa,fMuscle_arm-DS19053.hg19.hotspot.twopass.fdr0.05.merge.fa,minimizer,D,18,NA,10,30,0.8617201186847462,0.8521295158902217,0.9629637807883453,0.8810030341346922,0.9210722081554447,0.9219834074615187,0.9629637807883453,NA,NA
fStomach-DS17659.hg19.hotspot.twopass.fdr0.05.merge.fa,fMuscle_back-DS18454.hg19.hotspot.twopass.fdr0.05.merge.fa,minimizer,D,18,NA,10,30,0.8711959573273442,0.8624144314584657,0.964618824320443,0.8905858243484777,0.9268634477847755,0.9276023243344603,0.964618824320443,NA,NA
fStomach-DS17659.hg19.hotspot.twopass.fdr0.05.merge.fa,fMuscle_leg-DS19115.hg19.hotspot.twopass.fdr0.05.merge.fa,minimizer,D,18,NA,10,30,0.8896538076987168,0.8823170202717039,0.9620959924042124,0.9140916973916503,0.9377867341514652,0.9380938448979314,0.9620959924042124,NA,NA
fStomach-DS17659.hg19.hotspot.twopass.fdr0.05.merge.fa,fMuscle_leg-DS19158.hg19.hotspot.twopass.fdr0.05.merge.fa,minimizer,D,18,NA,10,30,0.8668636658031088,0.8570679753882992,0.9693522471296994,0.8809393988628896,0.924089057327717,0.9251458229962946,0.9693522471296994,NA,NA
fStomach-DS17659.hg19.hotspot.twopass.fdr0.05.merge.fa,fSkin_fibro_bicep_R-DS19745.hg19.hotspot.twopass.fdr0.05.merge.fa,minimizer,D,18,NA,10,30,0.8635747277427009,0.8545280893872013,0.9120256372259176,0.9312928105106891,0.921608875255619,0.9216592238683033,0.9312928105106891,NA,NA
fStomach-DS17659.hg19.hotspot.twopass.fdr0.05.merge.fa,fStomach-DS17659.hg19.hotspot.twopass.fdr0.05.merge.fa,minimizer,D,18,NA,10,30,1.0,1.0,1.0,1.0,1.0,1.0,1.0,NA,NA
