file1,file2,sketch_type,mode,precision,num_hashes,kmer_size,window_size,reg_eq_similarity,jaccard_similarity_ie,containment_AB,containment_BA,cosketch_geom,cosketch_arith,cosketch_max,ref1,ref2
fBrain-DS14718.hotspot.twopass.fdr0.05.merge.fa,fBrain-DS14718.hotspot.twopass.fdr0.05.merge.fa,minimizer,D,24,NA,10,30,1.0,1.0,1.0,1.0,1.0,1.0,1.0,NA,NA
fBrain-DS14718.hotspot.twopass.fdr0.05.merge.fa,fBrain-DS16302.hotspot.twopass.fdr0.05.merge.fa,minimizer,D,24,NA,10,30,0.8650815152432708,0.8648778516307684,0.9313203638432416,0.923797543245202,0.9275513269316228,0.9275589535442218,0.9313203638432416,NA,NA
fBrain-DS14718.hotspot.twopass.fdr0.05.merge.fa,fHeart-DS15643.hotspot.twopass.fdr0.05.merge.fa,minimizer,D,24,NA,10,30,0.8478368061078416,0.8476159234222734,0.9144990761779132,0.9205688863941055,0.9175289620309213,0.9175339812860093,0.9205688863941055,NA,NA
fBrain-DS14718.hotspot.twopass.fdr0.05.merge.fa,fHeart-DS15839.hotspot.twopass.fdr0.05.merge.fa,minimizer,D,24,NA,10,30,0.8240236814110175,0.8237356874175557,0.9169905387033644,0.8901090531056662,0.9034498215795421,0.9035497959045153,0.9169905387033644,NA,NA
fBrain-DS14718.hotspot.twopass.fdr0.05.merge.fa,fHeart-DS16621.hotspot.twopass.fdr0.05.merge.fa,minimizer,D,24,NA,10,30,0.8480351334789372,0.8477721609343482,0.9259571795834436,0.909422717229014,0.917652708977906,0.9176899484062289,0.9259571795834436,NA,NA
fBrain-DS14718.hotspot.twopass.fdr0.05.merge.fa,fIntestine_Sm-DS16559.hotspot.twopass.fdr0.05.merge.fa,minimizer,D,24,NA,10,30,0.84325343600587,0.8429468836341384,0.9167658933734459,0.9128057356189299,0.914783671526276,0.9147858144961879,0.9167658933734459,NA,NA
fBrain-DS14718.hotspot.twopass.fdr0.05.merge.fa,fIntestine_Sm-DS16712.hg19.hotspot.twopass.fdr0.05.merge.fa,minimizer,D,24,NA,10,30,0.8331436431969474,0.8328928158779865,0.8727124440958233,0.9480633113757504,0.9096079648003917,0.9103878777357868,0.9480633113757504,NA,NA
fBrain-DS14718.hotspot.twopass.fdr0.05.merge.fa,fIntestine_Sm-DS16822.hotspot.twopass.fdr0.05.merge.fa,minimizer,D,24,NA,10,30,0.8392117663858346,0.8388737612498626,0.9073358972985605,0.9174759680282374,0.9123918460293067,0.9124059326633989,0.9174759680282374,NA,NA
fBrain-DS14718.hotspot.twopass.fdr0.05.merge.fa,fIntestine_Sm-DS17808.hg19.hotspot.twopass.fdr0.05.merge.fa,minimizer,D,24,NA,10,30,0.8421455327966845,0.8418372305879696,0.9063066812706521,0.922084910390101,0.9141617553723187,0.9141957958303766,0.922084910390101,NA,NA
fBrain-DS14718.hotspot.twopass.fdr0.05.merge.fa,fIntestine_Sm-DS18495.hg19.hotspot.twopass.fdr0.05.merge.fa,minimizer,D,24,NA,10,30,0.8295223577235772,0.8292749642561826,0.8962251589319552,0.9173625049790455,0.9067322409747332,0.9067938319555003,0.9173625049790455,NA,NA
fBrain-DS14718.hotspot.twopass.fdr0.05.merge.fa,fKidney_renal_cortex_L-DS17550.hg19.hotspot.twopass.fdr0.05.merge.fa,minimizer,D,24,NA,10,30,0.832011091427251,0.8317028553069555,0.926633546123403,0.8903314402223794,0.9083011503231845,0.9084824931728912,0.926633546123403,NA,NA
fBrain-DS14718.hotspot.twopass.fdr0.05.merge.fa,fLung_L-DS17154.hg19.hotspot.twopass.fdr0.05.merge.fa,minimizer,D,24,NA,10,30,0.8477490596746435,0.8474317663362829,0.9338126327759824,0.9015853162365796,0.917557495651933,0.9176989745062809,0.9338126327759824,NA,NA
fBrain-DS14718.hotspot.twopass.fdr0.05.merge.fa,fLung_L-DS18421.hg19.hotspot.twopass.fdr0.05.merge.fa,minimizer,D,24,NA,10,30,0.8448925361469324,0.844599403507325,0.9273228291225295,0.9044697657678994,0.9158250171553952,0.9158962974452145,0.9273228291225295,NA,NA
fBrain-DS14718.hotspot.twopass.fdr0.05.merge.fa,fLung_R-DS15632.hotspot.twopass.fdr0.05.merge.fa,minimizer,D,24,NA,10,30,0.8473704207959979,0.8471434719816346,0.9183090339842905,0.9161875662951341,0.9172476868070601,0.9172483001397123,0.9183090339842905,NA,NA
fBrain-DS14718.hotspot.twopass.fdr0.05.merge.fa,fMuscle_arm-DS19053.hg19.hotspot.twopass.fdr0.05.merge.fa,minimizer,D,24,NA,10,30,0.8303116740173471,0.8300804257976556,0.9189832606639239,0.895621221204283,0.9072270444503501,0.9073022409341034,0.9189832606639239,NA,NA
fBrain-DS14718.hotspot.twopass.fdr0.05.merge.fa,fMuscle_back-DS18454.hg19.hotspot.twopass.fdr0.05.merge.fa,minimizer,D,24,NA,10,30,0.8386008842286474,0.838350777044285,0.9193427827006119,0.9049081272815933,0.9120969004571058,0.9121254549911026,0.9193427827006119,NA,NA
fBrain-DS14718.hotspot.twopass.fdr0.05.merge.fa,fMuscle_leg-DS19115.hg19.hotspot.twopass.fdr0.05.merge.fa,minimizer,D,24,NA,10,30,0.8576535847120688,0.8574313139700981,0.9177926121502239,0.9287608735868412,0.9232604552520328,0.9232767428685326,0.9287608735868412,NA,NA
fBrain-DS14718.hotspot.twopass.fdr0.05.merge.fa,fMuscle_leg-DS19158.hg19.hotspot.twopass.fdr0.05.merge.fa,minimizer,D,24,NA,10,30,0.8411310134651865,0.8408916691439392,0.9281633592074118,0.8994283679744225,0.9136829074605588,0.9137958635909171,0.9281633592074118,NA,NA
fBrain-DS14718.hotspot.twopass.fdr0.05.merge.fa,fSkin_fibro_bicep_R-DS19745.hg19.hotspot.twopass.fdr0.05.merge.fa,minimizer,D,24,NA,10,30,0.8180230101725763,0.817776420217792,0.8635423259517203,0.9391370731119342,0.900546840815385,0.9013396995318272,0.9391370731119342,NA,NA
fBrain-DS14718.hotspot.twopass.fdr0.05.merge.fa,fStomach-DS17659.hg19.hotspot.twopass.fdr0.05.merge.fa,minimizer,D,24,NA,10,30,0.8449034575662326,0.8446481686161003,0.8876191565918582,0.9457914003495669,0.9162437258121416,0.9167052784707126,0.9457914003495669,NA,NA
fBrain-DS16302.hotspot.twopass.fdr0.05.merge.fa,fBrain-DS14718.hotspot.twopass.fdr0.05.merge.fa,minimizer,D,24,NA,10,30,0.8650815152432708,0.8648778516307684,0.923797543245202,0.9313203638432416,0.9275513269316228,0.9275589535442218,0.9313203638432416,NA,NA
fBrain-DS16302.hotspot.twopass.fdr0.05.merge.fa,fBrain-DS16302.hotspot.twopass.fdr0.05.merge.fa,minimizer,D,24,NA,10,30,1.0,1.0,1.0,1.0,1.0,1.0,1.0,NA,NA
fBrain-DS16302.hotspot.twopass.fdr0.05.merge.fa,fHeart-DS15643.hotspot.twopass.fdr0.05.merge.fa,minimizer,D,24,NA,10,30,0.867543466427588,0.8673278259790652,0.9221611456957723,0.9358411490426031,0.9289759664223692,0.9290011473691877,0.9358411490426031,NA,NA
fBrain-DS16302.hotspot.twopass.fdr0.05.merge.fa,fHeart-DS15839.hotspot.twopass.fdr0.05.merge.fa,minimizer,D,24,NA,10,30,0.8433283416484975,0.8430465138849428,0.9248479427221343,0.9050467110146163,0.9148937581759435,0.9149473268683753,0.9248479427221343,NA,NA
fBrain-DS16302.hotspot.twopass.fdr0.05.merge.fa,fHeart-DS16621.hotspot.twopass.fdr0.05.merge.fa,minimizer,D,24,NA,10,30,0.8717922300242514,0.8715821928180975,0.9360222512260608,0.926794321849447,0.931396858251653,0.9314082865377539,0.9360222512260608,NA,NA
fBrain-DS16302.hotspot.twopass.fdr0.05.merge.fa,fIntestine_Sm-DS16559.hotspot.twopass.fdr0.05.merge.fa,minimizer,D,24,NA,10,30,0.8628548739328966,0.8625454071886214,0.9244528491302505,0.9279551235777902,0.9262023309496159,0.9262039863540203,0.9279551235777902,NA,NA
fBrain-DS16302.hotspot.twopass.fdr0.05.merge.fa,fIntestine_Sm-DS16712.hg19.hotspot.twopass.fdr0.05.merge.fa,minimizer,D,24,NA,10,30,0.842855035163358,0.8425877772489712,0.8748254120112857,0.9580978329746391,0.9155153365614137,0.9164616224929625,0.9580978329746391,NA,NA
fBrain-DS16302.hotspot.twopass.fdr0.05.merge.fa,fIntestine_Sm-DS16822.hotspot.twopass.fdr0.05.merge.fa,minimizer,D,24,NA,10,30,0.8563602436923862,0.8560096705771587,0.9136377677508032,0.9313714996469432,0.9224620197515728,0.9225046336988731,0.9313714996469432,NA,NA
fBrain-DS16302.hotspot.twopass.fdr0.05.merge.fa,fIntestine_Sm-DS17808.hg19.hotspot.twopass.fdr0.05.merge.fa,minimizer,D,24,NA,10,30,0.8573109149547444,0.85702280155339,0.9114462474498765,0.9348654091906735,0.9230815614438047,0.923155828320275,0.9348654091906735,NA,NA
fBrain-DS16302.hotspot.twopass.fdr0.05.merge.fa,fIntestine_Sm-DS18495.hg19.hotspot.twopass.fdr0.05.merge.fa,minimizer,D,24,NA,10,30,0.8452931606482073,0.8450445660716055,0.9018478383518562,0.9306350796690672,0.9161283943279761,0.9162414590104617,0.9306350796690672,NA,NA
fBrain-DS16302.hotspot.twopass.fdr0.05.merge.fa,fKidney_renal_cortex_L-DS17550.hg19.hotspot.twopass.fdr0.05.merge.fa,minimizer,D,24,NA,10,30,0.8499271792011404,0.8496820405379298,0.9336012878804817,0.9043310232673861,0.9188496111947295,0.9189661555739339,0.9336012878804817,NA,NA
fBrain-DS16302.hotspot.twopass.fdr0.05.merge.fa,fLung_L-DS17154.hg19.hotspot.twopass.fdr0.05.merge.fa,minimizer,D,24,NA,10,30,0.8718049455082622,0.8715892379676912,0.9441396362737251,0.9189790514726388,0.9314743943880315,0.931559343873182,0.9441396362737251,NA,NA
fBrain-DS16302.hotspot.twopass.fdr0.05.merge.fa,fLung_L-DS18421.hg19.hotspot.twopass.fdr0.05.merge.fa,minimizer,D,24,NA,10,30,0.8673915612811725,0.8671784390200179,0.9367535404127159,0.9211083979556516,0.9288980314807656,0.9289309691841837,0.9367535404127159,NA,NA
fBrain-DS16302.hotspot.twopass.fdr0.05.merge.fa,fLung_R-DS15632.hotspot.twopass.fdr0.05.merge.fa,minimizer,D,24,NA,10,30,0.8673142511076404,0.8671178209645424,0.9261456506675761,0.9315305976906217,0.9288342217613093,0.928838124179099,0.9315305976906217,NA,NA
fBrain-DS16302.hotspot.twopass.fdr0.05.merge.fa,fMuscle_arm-DS19053.hg19.hotspot.twopass.fdr0.05.merge.fa,minimizer,D,24,NA,10,30,0.8484867384965619,0.8481790095277304,0.9260210079477934,0.9098292821109751,0.9178894426241226,0.9179251450293843,0.9260210079477934,NA,NA
fBrain-DS16302.hotspot.twopass.fdr0.05.merge.fa,fMuscle_back-DS18454.hg19.hotspot.twopass.fdr0.05.merge.fa,minimizer,D,24,NA,10,30,0.8557550872721839,0.8554546351240762,0.9256679205767846,0.9185536501604699,0.9221039243394734,0.9221107853686272,0.9256679205767846,NA,NA
fBrain-DS16302.hotspot.twopass.fdr0.05.merge.fa,fMuscle_leg-DS19115.hg19.hotspot.twopass.fdr0.05.merge.fa,minimizer,D,24,NA,10,30,0.8753939022719397,0.8751932701212535,0.9242060295587277,0.9428670255580139,0.9334898982275167,0.9335365275583708,0.9428670255580139,NA,NA
fBrain-DS16302.hotspot.twopass.fdr0.05.merge.fa,fMuscle_leg-DS19158.hg19.hotspot.twopass.fdr0.05.merge.fa,minimizer,D,24,NA,10,30,0.8637528708152723,0.8635553484163718,0.937724399479441,0.9160932303011757,0.9268457122150111,0.9269088148903084,0.937724399479441,NA,NA
fBrain-DS16302.hotspot.twopass.fdr0.05.merge.fa,fSkin_fibro_bicep_R-DS19745.hg19.hotspot.twopass.fdr0.05.merge.fa,minimizer,D,24,NA,10,30,0.8280951257413901,0.8279479481983827,0.8660540348319574,0.949538637999867,0.9068361311001157,0.9077963364159123,0.949538637999867,NA,NA
fBrain-DS16302.hotspot.twopass.fdr0.05.merge.fa,fStomach-DS17659.hg19.hotspot.twopass.fdr0.05.merge.fa,minimizer,D,24,NA,10,30,0.853326472942291,0.8530502625161902,0.8888942293045,0.9548630264881132,0.9212883555225876,0.9218786278963066,0.9548630264881132,NA,NA
fHeart-DS15643.hotspot.twopass.fdr0.05.merge.fa,fBrain-DS14718.hotspot.twopass.fdr0.05.merge.fa,minimizer,D,24,NA,10,30,0.8478368061078416,0.8476159234222734,0.9205688863941055,0.9144990761779132,0.9175289620309213,0.9175339812860093,0.9205688863941055,NA,NA
fHeart-DS15643.hotspot.twopass.fdr0.05.merge.fa,fBrain-DS16302.hotspot.twopass.fdr0.05.merge.fa,minimizer,D,24,NA,10,30,0.867543466427588,0.8673278259790652,0.9358411490426031,0.9221611456957723,0.9289759664223692,0.9290011473691877,0.9358411490426031,NA,NA
fHeart-DS15643.hotspot.twopass.fdr0.05.merge.fa,fHeart-DS15643.hotspot.twopass.fdr0.05.merge.fa,minimizer,D,24,NA,10,30,1.0,1.0,1.0,1.0,1.0,1.0,1.0,NA,NA
fHeart-DS15643.hotspot.twopass.fdr0.05.merge.fa,fHeart-DS15839.hotspot.twopass.fdr0.05.merge.fa,minimizer,D,24,NA,10,30,0.891363964397402,0.8911574339176123,0.9598997405440058,0.9256167742211756,0.9426024089816905,0.9427582573825908,0.9598997405440058,NA,NA
fHeart-DS15643.hotspot.twopass.fdr0.05.merge.fa,fHeart-DS16621.hotspot.twopass.fdr0.05.merge.fa,minimizer,D,24,NA,10,30,0.9320325953512899,0.9319020345028944,0.9767809009985756,0.9530134569885781,0.9648239959604398,0.9648971789935769,0.9767809009985756,NA,NA
fHeart-DS15643.hotspot.twopass.fdr0.05.merge.fa,fIntestine_Sm-DS16559.hotspot.twopass.fdr0.05.merge.fa,minimizer,D,24,NA,10,30,0.8786585562618994,0.878387821026418,0.940403191638185,0.9301671238964911,0.9352711543018801,0.935285157767338,0.940403191638185,NA,NA
fHeart-DS15643.hotspot.twopass.fdr0.05.merge.fa,fIntestine_Sm-DS16712.hg19.hotspot.twopass.fdr0.05.merge.fa,minimizer,D,24,NA,10,30,0.8619184712312763,0.8616953555646559,0.8917511796394643,0.9623584032164721,0.9263823407774137,0.9270547914279682,0.9623584032164721,NA,NA
fHeart-DS15643.hotspot.twopass.fdr0.05.merge.fa,fIntestine_Sm-DS16822.hotspot.twopass.fdr0.05.merge.fa,minimizer,D,24,NA,10,30,0.8716154375734013,0.8713570180431321,0.9291670189707595,0.9333560966990454,0.9312592023749542,0.9312615578349024,0.9333560966990454,NA,NA
fHeart-DS15643.hotspot.twopass.fdr0.05.merge.fa,fIntestine_Sm-DS17808.hg19.hotspot.twopass.fdr0.05.merge.fa,minimizer,D,24,NA,10,30,0.8764467757568847,0.876191728526881,0.9290663322117,0.9390083070532047,0.9340240916326723,0.9340373196324523,0.9390083070532047,NA,NA
fHeart-DS15643.hotspot.twopass.fdr0.05.merge.fa,fIntestine_Sm-DS18495.hg19.hotspot.twopass.fdr0.05.merge.fa,minimizer,D,24,NA,10,30,0.8607132441103081,0.8604776832167587,0.9173495612369733,0.9327938849217496,0.9250394916204923,0.9250717230793615,0.9327938849217496,NA,NA
fHeart-DS15643.hotspot.twopass.fdr0.05.merge.fa,fKidney_renal_cortex_L-DS17550.hg19.hotspot.twopass.fdr0.05.merge.fa,minimizer,D,24,NA,10,30,0.8630666593325423,0.8628168513846365,0.9484422568205071,0.9052771640078201,0.9266083943498706,0.9268597104141636,0.9484422568205071,NA,NA
fHeart-DS15643.hotspot.twopass.fdr0.05.merge.fa,fLung_L-DS17154.hg19.hotspot.twopass.fdr0.05.merge.fa,minimizer,D,24,NA,10,30,0.8842645336562592,0.8840708593595253,0.9584674404270423,0.9192876549095049,0.9386731516440061,0.9388775476682736,0.9584674404270423,NA,NA
fHeart-DS15643.hotspot.twopass.fdr0.05.merge.fa,fLung_L-DS18421.hg19.hotspot.twopass.fdr0.05.merge.fa,minimizer,D,24,NA,10,30,0.8807932726894854,0.8806131845703074,0.9515349826647929,0.9219658623160344,0.9366337442225849,0.9367504224904136,0.9515349826647929,NA,NA
fHeart-DS15643.hotspot.twopass.fdr0.05.merge.fa,fLung_R-DS15632.hotspot.twopass.fdr0.05.merge.fa,minimizer,D,24,NA,10,30,0.8816530235868897,0.8814829761583198,0.941210365622121,0.9328444176605342,0.9370180550100548,0.9370273916413276,0.941210365622121,NA,NA
fHeart-DS15643.hotspot.twopass.fdr0.05.merge.fa,fMuscle_arm-DS19053.hg19.hotspot.twopass.fdr0.05.merge.fa,minimizer,D,24,NA,10,30,0.863199556716536,0.8630176610003609,0.9417111129125934,0.9117199305469509,0.9265941886607973,0.9267155217297721,0.9417111129125934,NA,NA
fHeart-DS15643.hotspot.twopass.fdr0.05.merge.fa,fMuscle_back-DS18454.hg19.hotspot.twopass.fdr0.05.merge.fa,minimizer,D,24,NA,10,30,0.8728938929893725,0.8726712481823227,0.9425826912793924,0.9216657669450115,0.9320655551339263,0.9321242291122019,0.9425826912793924,NA,NA
fHeart-DS15643.hotspot.twopass.fdr0.05.merge.fa,fMuscle_leg-DS19115.hg19.hotspot.twopass.fdr0.05.merge.fa,minimizer,D,24,NA,10,30,0.8905102917706756,0.8903117825484783,0.939500495578238,0.9444595145388428,0.9419767417313577,0.9419800050585404,0.9444595145388428,NA,NA
fHeart-DS15643.hotspot.twopass.fdr0.05.merge.fa,fMuscle_leg-DS19158.hg19.hotspot.twopass.fdr0.05.merge.fa,minimizer,D,24,NA,10,30,0.8741485256990426,0.873966036070299,0.9508388416160833,0.9153265382328897,0.9329137287626442,0.9330826899244865,0.9508388416160833,NA,NA
fHeart-DS15643.hotspot.twopass.fdr0.05.merge.fa,fSkin_fibro_bicep_R-DS19745.hg19.hotspot.twopass.fdr0.05.merge.fa,minimizer,D,24,NA,10,30,0.8389935343405687,0.8388236776952424,0.878412985226718,0.949010640210888,0.9130297199322511,0.913711812718803,0.949010640210888,NA,NA
fHeart-DS15643.hotspot.twopass.fdr0.05.merge.fa,fStomach-DS17659.hg19.hotspot.twopass.fdr0.05.merge.fa,minimizer,D,24,NA,10,30,0.8720325176220242,0.871824901187829,0.9057779013883194,0.9587765286865796,0.9319005269094486,0.9322772150374494,0.9587765286865796,NA,NA
fHeart-DS15839.hotspot.twopass.fdr0.05.merge.fa,fBrain-DS14718.hotspot.twopass.fdr0.05.merge.fa,minimizer,D,24,NA,10,30,0.8240236814110175,0.8237356874175557,0.8901090531056662,0.9169905387033644,0.9034498215795421,0.9035497959045153,0.9169905387033644,NA,NA
fHeart-DS15839.hotspot.twopass.fdr0.05.merge.fa,fBrain-DS16302.hotspot.twopass.fdr0.05.merge.fa,minimizer,D,24,NA,10,30,0.8433283416484975,0.8430465138849428,0.9050467110146163,0.9248479427221343,0.9148937581759435,0.9149473268683753,0.9248479427221343,NA,NA
fHeart-DS15839.hotspot.twopass.fdr0.05.merge.fa,fHeart-DS15643.hotspot.twopass.fdr0.05.merge.fa,minimizer,D,24,NA,10,30,0.891363964397402,0.8911574339176123,0.9256167742211756,0.9598997405440058,0.9426024089816905,0.9427582573825908,0.9598997405440058,NA,NA
fHeart-DS15839.hotspot.twopass.fdr0.05.merge.fa,fHeart-DS15839.hotspot.twopass.fdr0.05.merge.fa,minimizer,D,24,NA,10,30,1.0,1.0,1.0,1.0,1.0,1.0,1.0,NA,NA
fHeart-DS15839.hotspot.twopass.fdr0.05.merge.fa,fHeart-DS16621.hotspot.twopass.fdr0.05.merge.fa,minimizer,D,24,NA,10,30,0.895127875410773,0.8949093579039366,0.9390307513424481,0.950115376110712,0.9445568037398568,0.94457306372658,0.950115376110712,NA,NA
fHeart-DS15839.hotspot.twopass.fdr0.05.merge.fa,fIntestine_Sm-DS16559.hotspot.twopass.fdr0.05.merge.fa,minimizer,D,24,NA,10,30,0.8553456167116535,0.8550090306450457,0.9102673886847085,0.9337068243846571,0.921912616699497,0.9219871065346827,0.9337068243846571,NA,NA
fHeart-DS15839.hotspot.twopass.fdr0.05.merge.fa,fIntestine_Sm-DS16712.hg19.hotspot.twopass.fdr0.05.merge.fa,minimizer,D,24,NA,10,30,0.8365073980745622,0.8362555036978948,0.8623419421366987,0.9650888939348526,0.9122700428767455,0.9137154180357756,0.9650888939348526,NA,NA
fHeart-DS15839.hotspot.twopass.fdr0.05.merge.fa,fIntestine_Sm-DS16822.hotspot.twopass.fdr0.05.merge.fa,minimizer,D,24,NA,10,30,0.847170551762028,0.8468511820219359,0.8987144607005823,0.9362028745448243,0.9172671701870108,0.9174586676227032,0.9362028745448243,NA,NA
fHeart-DS15839.hotspot.twopass.fdr0.05.merge.fa,fIntestine_Sm-DS17808.hg19.hotspot.twopass.fdr0.05.merge.fa,minimizer,D,24,NA,10,30,0.8527604939831338,0.8524891287652145,0.8992376160219969,0.9425227365785319,0.9206258190423554,0.9208801763002644,0.9425227365785319,NA,NA
fHeart-DS15839.hotspot.twopass.fdr0.05.merge.fa,fIntestine_Sm-DS18495.hg19.hotspot.twopass.fdr0.05.merge.fa,minimizer,D,24,NA,10,30,0.8350943248225281,0.8348007389837461,0.8864495261353733,0.9347586718772389,0.9102836820115525,0.9106040990063061,0.9347586718772389,NA,NA
fHeart-DS15839.hotspot.twopass.fdr0.05.merge.fa,fKidney_renal_cortex_L-DS17550.hg19.hotspot.twopass.fdr0.05.merge.fa,minimizer,D,24,NA,10,30,0.8401033804492017,0.8398011244759498,0.9176109004301747,0.9082886596015528,0.9129378811219837,0.9129497800158637,0.9176109004301747,NA,NA
fHeart-DS15839.hotspot.twopass.fdr0.05.merge.fa,fLung_L-DS17154.hg19.hotspot.twopass.fdr0.05.merge.fa,minimizer,D,24,NA,10,30,0.8600220936430564,0.8597750438675731,0.9270894061873989,0.9221261542353364,0.9246044498919026,0.9246077802113677,0.9270894061873989,NA,NA
fHeart-DS15839.hotspot.twopass.fdr0.05.merge.fa,fLung_L-DS18421.hg19.hotspot.twopass.fdr0.05.merge.fa,minimizer,D,24,NA,10,30,0.8552145528889715,0.8549458665801377,0.9195942646934311,0.9240191950293678,0.9218040747445454,0.9218067298613994,0.9240191950293678,NA,NA
fHeart-DS15839.hotspot.twopass.fdr0.05.merge.fa,fLung_R-DS15632.hotspot.twopass.fdr0.05.merge.fa,minimizer,D,24,NA,10,30,0.8535369737181845,0.8532810650659478,0.908370671786169,0.9336417786192961,0.9209195456998639,0.9210062252027326,0.9336417786192961,NA,NA
fHeart-DS15839.hotspot.twopass.fdr0.05.merge.fa,fMuscle_arm-DS19053.hg19.hotspot.twopass.fdr0.05.merge.fa,minimizer,D,24,NA,10,30,0.8359176293935586,0.8356599400918278,0.9086549838757677,0.9122994733903349,0.9104754050952536,0.9104772286330514,0.9122994733903349,NA,NA
fHeart-DS15839.hotspot.twopass.fdr0.05.merge.fa,fMuscle_back-DS18454.hg19.hotspot.twopass.fdr0.05.merge.fa,minimizer,D,24,NA,10,30,0.843188932256444,0.8428714052270638,0.9084112161854965,0.9211516665828426,0.9147592610801035,0.9147814413841695,0.9211516665828426,NA,NA
fHeart-DS15839.hotspot.twopass.fdr0.05.merge.fa,fMuscle_leg-DS19115.hg19.hotspot.twopass.fdr0.05.merge.fa,minimizer,D,24,NA,10,30,0.8595061572266397,0.8592249286026982,0.905437597659747,0.9439294037850245,0.9244831916933427,0.9246835007223857,0.9439294037850245,NA,NA
fHeart-DS15839.hotspot.twopass.fdr0.05.merge.fa,fMuscle_leg-DS19158.hg19.hotspot.twopass.fdr0.05.merge.fa,minimizer,D,24,NA,10,30,0.8470092761241632,0.8467605062437517,0.9178004541860886,0.9162459458596232,0.9170228706287126,0.9170232000228559,0.9178004541860886,NA,NA
fHeart-DS15839.hotspot.twopass.fdr0.05.merge.fa,fSkin_fibro_bicep_R-DS19745.hg19.hotspot.twopass.fdr0.05.merge.fa,minimizer,D,24,NA,10,30,0.811852218005549,0.8116242221031537,0.8478801281033436,0.9499515358137983,0.8974658934342694,0.8989158319585709,0.9499515358137983,NA,NA
fHeart-DS15839.hotspot.twopass.fdr0.05.merge.fa,fStomach-DS17659.hg19.hotspot.twopass.fdr0.05.merge.fa,minimizer,D,24,NA,10,30,0.8416005264467253,0.8413355767005358,0.8731580162675066,0.9584802674481886,0.9148249717605054,0.9158191418578476,0.9584802674481886,NA,NA
fHeart-DS16621.hotspot.twopass.fdr0.05.merge.fa,fBrain-DS14718.hotspot.twopass.fdr0.05.merge.fa,minimizer,D,24,NA,10,30,0.8480351334789372,0.8477721609343482,0.909422717229014,0.9259571795834436,0.917652708977906,0.9176899484062289,0.9259571795834436,NA,NA
fHeart-DS16621.hotspot.twopass.fdr0.05.merge.fa,fBrain-DS16302.hotspot.twopass.fdr0.05.merge.fa,minimizer,D,24,NA,10,30,0.8717922300242514,0.8715821928180975,0.926794321849447,0.9360222512260608,0.931396858251653,0.9314082865377539,0.9360222512260608,NA,NA
fHeart-DS16621.hotspot.twopass.fdr0.05.merge.fa,fHeart-DS15643.hotspot.twopass.fdr0.05.merge.fa,minimizer,D,24,NA,10,30,0.9320325953512899,0.9319020345028944,0.9530134569885781,0.9767809009985756,0.9648239959604398,0.9648971789935769,0.9767809009985756,NA,NA
fHeart-DS16621.hotspot.twopass.fdr0.05.merge.fa,fHeart-DS15839.hotspot.twopass.fdr0.05.merge.fa,minimizer,D,24,NA,10,30,0.895127875410773,0.8949093579039366,0.950115376110712,0.9390307513424481,0.9445568037398568,0.94457306372658,0.950115376110712,NA,NA
fHeart-DS16621.hotspot.twopass.fdr0.05.merge.fa,fHeart-DS16621.hotspot.twopass.fdr0.05.merge.fa,minimizer,D,24,NA,10,30,1.0,1.0,1.0,1.0,1.0,1.0,1.0,NA,NA
fHeart-DS16621.hotspot.twopass.fdr0.05.merge.fa,fIntestine_Sm-DS16559.hotspot.twopass.fdr0.05.merge.fa,minimizer,D,24,NA,10,30,0.883016366206858,0.8827614358696148,0.931356002161185,0.9441929102537299,0.9377524908859738,0.9377744562074575,0.9441929102537299,NA,NA
fHeart-DS16621.hotspot.twopass.fdr0.05.merge.fa,fIntestine_Sm-DS16712.hg19.hotspot.twopass.fdr0.05.merge.fa,minimizer,D,24,NA,10,30,0.8546164766898906,0.8543897380921551,0.8772857669008072,0.9703588249692774,0.9226494382657687,0.9238222959350423,0.9703588249692774,NA,NA
fHeart-DS16621.hotspot.twopass.fdr0.05.merge.fa,fIntestine_Sm-DS16822.hotspot.twopass.fdr0.05.merge.fa,minimizer,D,24,NA,10,30,0.8734985105224382,0.8732554562642155,0.9189555645551809,0.9461199946618973,0.932438863321059,0.9325377796085391,0.9461199946618973,NA,NA
fHeart-DS16621.hotspot.twopass.fdr0.05.merge.fa,fIntestine_Sm-DS17808.hg19.hotspot.twopass.fdr0.05.merge.fa,minimizer,D,24,NA,10,30,0.8762910647060717,0.8760450040005774,0.9177413463515134,0.9506948390513297,0.9340727817254941,0.9342180927014215,0.9506948390513297,NA,NA
fHeart-DS16621.hotspot.twopass.fdr0.05.merge.fa,fIntestine_Sm-DS18495.hg19.hotspot.twopass.fdr0.05.merge.fa,minimizer,D,24,NA,10,30,0.860066867161505,0.8598532478834828,0.9059284420751142,0.9441540353402883,0.9248437675168492,0.9250412387077013,0.9441540353402883,NA,NA
fHeart-DS16621.hotspot.twopass.fdr0.05.merge.fa,fKidney_renal_cortex_L-DS17550.hg19.hotspot.twopass.fdr0.05.merge.fa,minimizer,D,24,NA,10,30,0.867609404549735,0.8673559232604073,0.9392733258905485,0.9188842026647536,0.929022831336888,0.929078764277651,0.9392733258905485,NA,NA
fHeart-DS16621.hotspot.twopass.fdr0.05.merge.fa,fLung_L-DS17154.hg19.hotspot.twopass.fdr0.05.merge.fa,minimizer,D,24,NA,10,30,0.8921206756190672,0.8919134229084404,0.9510015435758807,0.9348747104551447,0.9429036497399388,0.9429381270155127,0.9510015435758807,NA,NA
fHeart-DS16621.hotspot.twopass.fdr0.05.merge.fa,fLung_L-DS18421.hg19.hotspot.twopass.fdr0.05.merge.fa,minimizer,D,24,NA,10,30,0.886539878175323,0.8863624523472013,0.9430282651174424,0.936511074177303,0.9397640201373398,0.9397696696473727,0.9430282651174424,NA,NA
fHeart-DS16621.hotspot.twopass.fdr0.05.merge.fa,fLung_R-DS15632.hotspot.twopass.fdr0.05.merge.fa,minimizer,D,24,NA,10,30,0.8832113869897246,0.883022145777336,0.9305703963827672,0.9453004707137447,0.9379065165211861,0.9379354335482559,0.9453004707137447,NA,NA
fHeart-DS16621.hotspot.twopass.fdr0.05.merge.fa,fMuscle_arm-DS19053.hg19.hotspot.twopass.fdr0.05.merge.fa,minimizer,D,24,NA,10,30,0.8647132023197389,0.86449301570606,0.930921433913322,0.9237509737822074,0.9273292732854712,0.9273362038477647,0.930921433913322,NA,NA
fHeart-DS16621.hotspot.twopass.fdr0.05.merge.fa,fMuscle_back-DS18454.hg19.hotspot.twopass.fdr0.05.merge.fa,minimizer,D,24,NA,10,30,0.8730970081452396,0.8728489411220612,0.9310875829456655,0.9331310857699923,0.9321087743504224,0.9321093343578288,0.9331310857699923,NA,NA
fHeart-DS16621.hotspot.twopass.fdr0.05.merge.fa,fMuscle_leg-DS19115.hg19.hotspot.twopass.fdr0.05.merge.fa,minimizer,D,24,NA,10,30,0.8902035901041793,0.8899732054545869,0.9279136741702114,0.9560751568807069,0.9418891716141756,0.9419944155254592,0.9560751568807069,NA,NA
fHeart-DS16621.hotspot.twopass.fdr0.05.merge.fa,fMuscle_leg-DS19158.hg19.hotspot.twopass.fdr0.05.merge.fa,minimizer,D,24,NA,10,30,0.8797161647628937,0.8795426081246263,0.942238536135131,0.9296685262242085,0.9359324287791309,0.9359535311796697,0.942238536135131,NA,NA
fHeart-DS16621.hotspot.twopass.fdr0.05.merge.fa,fSkin_fibro_bicep_R-DS19745.hg19.hotspot.twopass.fdr0.05.merge.fa,minimizer,D,24,NA,10,30,0.8345963595604181,0.8343808043029175,0.8656322443728932,0.9585259744391132,0.9108957078301797,0.9120791094060032,0.9585259744391132,NA,NA
fHeart-DS16621.hotspot.twopass.fdr0.05.merge.fa,fStomach-DS17659.hg19.hotspot.twopass.fdr0.05.merge.fa,minimizer,D,24,NA,10,30,0.8657761490703553,0.8655263875704653,0.8916049582059802,0.9673113285403152,0.9286870175981566,0.9294581433731477,0.9673113285403152,NA,NA
fIntestine_Sm-DS16559.hotspot.twopass.fdr0.05.merge.fa,fBrain-DS14718.hotspot.twopass.fdr0.05.merge.fa,minimizer,D,24,NA,10,30,0.84325343600587,0.8429468836341384,0.9128057356189299,0.9167658933734459,0.914783671526276,0.9147858144961879,0.9167658933734459,NA,NA
fIntestine_Sm-DS16559.hotspot.twopass.fdr0.05.merge.fa,fBrain-DS16302.hotspot.twopass.fdr0.05.merge.fa,minimizer,D,24,NA,10,30,0.8628548739328966,0.8625454071886214,0.9279551235777902,0.9244528491302505,0.9262023309496159,0.9262039863540203,0.9279551235777902,NA,NA
fIntestine_Sm-DS16559.hotspot.twopass.fdr0.05.merge.fa,fHeart-DS15643.hotspot.twopass.fdr0.05.merge.fa,minimizer,D,24,NA,10,30,0.8786585562618994,0.878387821026418,0.9301671238964911,0.940403191638185,0.9352711543018801,0.935285157767338,0.940403191638185,NA,NA
fIntestine_Sm-DS16559.hotspot.twopass.fdr0.05.merge.fa,fHeart-DS15839.hotspot.twopass.fdr0.05.merge.fa,minimizer,D,24,NA,10,30,0.8553456167116535,0.8550090306450457,0.9337068243846571,0.9102673886847085,0.921912616699497,0.9219871065346827,0.9337068243846571,NA,NA
fIntestine_Sm-DS16559.hotspot.twopass.fdr0.05.merge.fa,fHeart-DS16621.hotspot.twopass.fdr0.05.merge.fa,minimizer,D,24,NA,10,30,0.883016366206858,0.8827614358696148,0.9441929102537299,0.931356002161185,0.9377524908859738,0.9377744562074575,0.9441929102537299,NA,NA
fIntestine_Sm-DS16559.hotspot.twopass.fdr0.05.merge.fa,fIntestine_Sm-DS16559.hotspot.twopass.fdr0.05.merge.fa,minimizer,D,24,NA,10,30,1.0,1.0,1.0,1.0,1.0,1.0,1.0,NA,NA
fIntestine_Sm-DS16559.hotspot.twopass.fdr0.05.merge.fa,fIntestine_Sm-DS16712.hg19.hotspot.twopass.fdr0.05.merge.fa,minimizer,D,24,NA,10,30,0.8919288069000987,0.8917839485494181,0.9034562174114574,0.9857195500743854,0.9436919286179828,0.9445878837429214,0.9857195500743854,NA,NA
fIntestine_Sm-DS16559.hotspot.twopass.fdr0.05.merge.fa,fIntestine_Sm-DS16822.hotspot.twopass.fdr0.05.merge.fa,minimizer,D,24,NA,10,30,0.9258286159482151,0.9256956091586777,0.9540478553761699,0.9688953041236975,0.961442919253793,0.9614715797499337,0.9688953041236975,NA,NA
fIntestine_Sm-DS16559.hotspot.twopass.fdr0.05.merge.fa,fIntestine_Sm-DS17808.hg19.hotspot.twopass.fdr0.05.merge.fa,minimizer,D,24,NA,10,30,0.9214754356715688,0.9213121030309318,0.9488034255676515,0.9695094907780893,0.9591005817799302,0.9591564581728704,0.9695094907780893,NA,NA
fIntestine_Sm-DS16559.hotspot.twopass.fdr0.05.merge.fa,fIntestine_Sm-DS18495.hg19.hotspot.twopass.fdr0.05.merge.fa,minimizer,D,24,NA,10,30,0.9081760798440134,0.908033958859076,0.9388268204757803,0.9651380318995393,0.9518915220803769,0.9519824261876597,0.9651380318995393,NA,NA
fIntestine_Sm-DS16559.hotspot.twopass.fdr0.05.merge.fa,fKidney_renal_cortex_L-DS17550.hg19.hotspot.twopass.fdr0.05.merge.fa,minimizer,D,24,NA,10,30,0.8669611598016871,0.8666727674795728,0.945418287767182,0.912321222631518,0.9287223310516183,0.92886975519935,0.945418287767182,NA,NA
fIntestine_Sm-DS16559.hotspot.twopass.fdr0.05.merge.fa,fLung_L-DS17154.hg19.hotspot.twopass.fdr0.05.merge.fa,minimizer,D,24,NA,10,30,0.8861505512810344,0.8859108415627067,0.9541941262818235,0.9252602638404219,0.9396158305597565,0.9397271950611228,0.9541941262818235,NA,NA
fIntestine_Sm-DS16559.hotspot.twopass.fdr0.05.merge.fa,fLung_L-DS18421.hg19.hotspot.twopass.fdr0.05.merge.fa,minimizer,D,24,NA,10,30,0.8844643411902468,0.884220833427044,0.9483320593398534,0.9289741355603844,0.9386031936070959,0.9386530974501189,0.9483320593398534,NA,NA
fIntestine_Sm-DS16559.hotspot.twopass.fdr0.05.merge.fa,fLung_R-DS15632.hotspot.twopass.fdr0.05.merge.fa,minimizer,D,24,NA,10,30,0.8795895243529062,0.8793834943767325,0.9348787874479416,0.9367655910303766,0.9358217137176466,0.9358221892391592,0.9367655910303766,NA,NA
fIntestine_Sm-DS16559.hotspot.twopass.fdr0.05.merge.fa,fMuscle_arm-DS19053.hg19.hotspot.twopass.fdr0.05.merge.fa,minimizer,D,24,NA,10,30,0.8570576603157664,0.8567838111527479,0.9328598160297569,0.9130892880155732,0.9229216138096178,0.9229745520226651,0.9328598160297569,NA,NA
fIntestine_Sm-DS16559.hotspot.twopass.fdr0.05.merge.fa,fMuscle_back-DS18454.hg19.hotspot.twopass.fdr0.05.merge.fa,minimizer,D,24,NA,10,30,0.8658278596952722,0.8655186029279898,0.9332767371382563,0.9226087008324729,0.9279273883059471,0.9279427189853646,0.9332767371382563,NA,NA
fIntestine_Sm-DS16559.hotspot.twopass.fdr0.05.merge.fa,fMuscle_leg-DS19115.hg19.hotspot.twopass.fdr0.05.merge.fa,minimizer,D,24,NA,10,30,0.8837379054169133,0.8835037255237721,0.9306072661055479,0.9458143099191937,0.938179976975317,0.9382107880123708,0.9458143099191937,NA,NA
fIntestine_Sm-DS16559.hotspot.twopass.fdr0.05.merge.fa,fMuscle_leg-DS19158.hg19.hotspot.twopass.fdr0.05.merge.fa,minimizer,D,24,NA,10,30,0.8710356408012676,0.8707963155152013,0.9437324154776757,0.9184829972729388,0.9310221144481832,0.9311077063753073,0.9437324154776757,NA,NA
fIntestine_Sm-DS16559.hotspot.twopass.fdr0.05.merge.fa,fSkin_fibro_bicep_R-DS19745.hg19.hotspot.twopass.fdr0.05.merge.fa,minimizer,D,24,NA,10,30,0.8380555851521584,0.8378468343776876,0.8732633254606368,0.9538293125270496,0.9126577438334725,0.9135463189938432,0.9538293125270496,NA,NA
fIntestine_Sm-DS16559.hotspot.twopass.fdr0.05.merge.fa,fStomach-DS17659.hg19.hotspot.twopass.fdr0.05.merge.fa,minimizer,D,24,NA,10,30,0.8811588424864614,0.8809733203080906,0.9060147890237338,0.9695809376765367,0.9372591256906713,0.9377978633501353,0.9695809376765367,NA,NA
fIntestine_Sm-DS16712.hg19.hotspot.twopass.fdr0.05.merge.fa,fBrain-DS14718.hotspot.twopass.fdr0.05.merge.fa,minimizer,D,24,NA,10,30,0.8331436431969474,0.8328928158779865,0.9480633113757504,0.8727124440958233,0.9096079648003917,0.9103878777357868,0.9480633113757504,NA,NA
fIntestine_Sm-DS16712.hg19.hotspot.twopass.fdr0.05.merge.fa,fBrain-DS16302.hotspot.twopass.fdr0.05.merge.fa,minimizer,D,24,NA,10,30,0.842855035163358,0.8425877772489712,0.9580978329746391,0.8748254120112857,0.9155153365614137,0.9164616224929625,0.9580978329746391,NA,NA
fIntestine_Sm-DS16712.hg19.hotspot.twopass.fdr0.05.merge.fa,fHeart-DS15643.hotspot.twopass.fdr0.05.merge.fa,minimizer,D,24,NA,10,30,0.8619184712312763,0.8616953555646559,0.9623584032164721,0.8917511796394643,0.9263823407774137,0.9270547914279682,0.9623584032164721,NA,NA
fIntestine_Sm-DS16712.hg19.hotspot.twopass.fdr0.05.merge.fa,fHeart-DS15839.hotspot.twopass.fdr0.05.merge.fa,minimizer,D,24,NA,10,30,0.8365073980745622,0.8362555036978948,0.9650888939348526,0.8623419421366987,0.9122700428767455,0.9137154180357756,0.9650888939348526,NA,NA
fIntestine_Sm-DS16712.hg19.hotspot.twopass.fdr0.05.merge.fa,fHeart-DS16621.hotspot.twopass.fdr0.05.merge.fa,minimizer,D,24,NA,10,30,0.8546164766898906,0.8543897380921551,0.9703588249692774,0.8772857669008072,0.9226494382657687,0.9238222959350423,0.9703588249692774,NA,NA
fIntestine_Sm-DS16712.hg19.hotspot.twopass.fdr0.05.merge.fa,fIntestine_Sm-DS16559.hotspot.twopass.fdr0.05.merge.fa,minimizer,D,24,NA,10,30,0.8919288069000987,0.8917839485494181,0.9857195500743854,0.9034562174114574,0.9436919286179828,0.9445878837429214,0.9857195500743854,NA,NA
fIntestine_Sm-DS16712.hg19.hotspot.twopass.fdr0.05.merge.fa,fIntestine_Sm-DS16712.hg19.hotspot.twopass.fdr0.05.merge.fa,minimizer,D,24,NA,10,30,1.0,1.0,1.0,1.0,1.0,1.0,1.0,NA,NA
fIntestine_Sm-DS16712.hg19.hotspot.twopass.fdr0.05.merge.fa,fIntestine_Sm-DS16822.hotspot.twopass.fdr0.05.merge.fa,minimizer,D,24,NA,10,30,0.8980976986502273,0.8979834277745141,0.981419583585386,0.9135138834010199,0.9468581810635095,0.947466733493203,0.981419583585386,NA,NA
fIntestine_Sm-DS16712.hg19.hotspot.twopass.fdr0.05.merge.fa,fIntestine_Sm-DS17808.hg19.hotspot.twopass.fdr0.05.merge.fa,minimizer,D,24,NA,10,30,0.909773918431629,0.909639758510333,0.9849551579632851,0.922456765706083,0.9531938676787299,0.9537059618346841,0.9849551579632851,NA,NA
fIntestine_Sm-DS16712.hg19.hotspot.twopass.fdr0.05.merge.fa,fIntestine_Sm-DS18495.hg19.hotspot.twopass.fdr0.05.merge.fa,minimizer,D,24,NA,10,30,0.8934700550367625,0.8933239242302432,0.9725845897313617,0.9163999702759249,0.9440744086779614,0.9444922800036433,0.9725845897313617,NA,NA
fIntestine_Sm-DS16712.hg19.hotspot.twopass.fdr0.05.merge.fa,fKidney_renal_cortex_L-DS17550.hg19.hotspot.twopass.fdr0.05.merge.fa,minimizer,D,24,NA,10,30,0.8414040853147754,0.8411933148244017,0.9734317544791233,0.8609601075455613,0.9154703206683494,0.9171959310123423,0.9734317544791233,NA,NA
fIntestine_Sm-DS16712.hg19.hotspot.twopass.fdr0.05.merge.fa,fLung_L-DS17154.hg19.hotspot.twopass.fdr0.05.merge.fa,minimizer,D,24,NA,10,30,0.8516479501108377,0.8514258705615949,0.9773152816803174,0.8685915558640237,0.9213510737413798,0.9229534187721706,0.9773152816803174,NA,NA
fIntestine_Sm-DS16712.hg19.hotspot.twopass.fdr0.05.merge.fa,fLung_L-DS18421.hg19.hotspot.twopass.fdr0.05.merge.fa,minimizer,D,24,NA,10,30,0.8541019520648726,0.8539138652128676,0.9736126829712598,0.8741443472563056,0.9225389006629326,0.9238785151137827,0.9736126829712598,NA,NA
fIntestine_Sm-DS16712.hg19.hotspot.twopass.fdr0.05.merge.fa,fLung_R-DS15632.hotspot.twopass.fdr0.05.merge.fa,minimizer,D,24,NA,10,30,0.8588725059293782,0.8586708691135326,0.9650122718210074,0.8862621484734162,0.9247993562537218,0.9256372101472118,0.9650122718210074,NA,NA
fIntestine_Sm-DS16712.hg19.hotspot.twopass.fdr0.05.merge.fa,fMuscle_arm-DS19053.hg19.hotspot.twopass.fdr0.05.merge.fa,minimizer,D,24,NA,10,30,0.8362777071919333,0.836057922257358,0.962928894289689,0.8638628972758782,0.9120518321300323,0.9133958957827836,0.962928894289689,NA,NA
fIntestine_Sm-DS16712.hg19.hotspot.twopass.fdr0.05.merge.fa,fMuscle_back-DS18454.hg19.hotspot.twopass.fdr0.05.merge.fa,minimizer,D,24,NA,10,30,0.8444222928531159,0.8441759524918392,0.9629598758372206,0.8725072364154114,0.9166184920923541,0.917733556126316,0.9629598758372206,NA,NA
fIntestine_Sm-DS16712.hg19.hotspot.twopass.fdr0.05.merge.fa,fMuscle_leg-DS19115.hg19.hotspot.twopass.fdr0.05.merge.fa,minimizer,D,24,NA,10,30,0.8638354902207145,0.8636450381294883,0.9609008855504131,0.8951004506893421,0.9274172824160453,0.9280006681198776,0.9609008855504131,NA,NA
fIntestine_Sm-DS16712.hg19.hotspot.twopass.fdr0.05.merge.fa,fMuscle_leg-DS19158.hg19.hotspot.twopass.fdr0.05.merge.fa,minimizer,D,24,NA,10,30,0.8400533613615232,0.8398546724766844,0.9682132352192238,0.8636683495682134,0.9144479902607295,0.9159407923937186,0.9682132352192238,NA,NA
fIntestine_Sm-DS16712.hg19.hotspot.twopass.fdr0.05.merge.fa,fSkin_fibro_bicep_R-DS19745.hg19.hotspot.twopass.fdr0.05.merge.fa,minimizer,D,24,NA,10,30,0.843781693167168,0.8436139769358141,0.9146695980619822,0.9156793670585572,0.9151743432926323,0.9151744825602697,0.9156793670585572,NA,NA
fIntestine_Sm-DS16712.hg19.hotspot.twopass.fdr0.05.merge.fa,fStomach-DS17659.hg19.hotspot.twopass.fdr0.05.merge.fa,minimizer,D,24,NA,10,30,0.88270704122583,0.8825759478724904,0.9467789917127607,0.9286480160804055,0.9376696818819844,0.9377135038965831,0.9467789917127607,NA,NA
fIntestine_Sm-DS16822.hotspot.twopass.fdr0.05.merge.fa,fBrain-DS14718.hotspot.twopass.fdr0.05.merge.fa,minimizer,D,24,NA,10,30,0.8392117663858346,0.8388737612498626,0.9174759680282374,0.9073358972985605,0.9123918460293067,0.9124059326633989,0.9174759680282374,NA,NA
fIntestine_Sm-DS16822.hotspot.twopass.fdr0.05.merge.fa,fBrain-DS16302.hotspot.twopass.fdr0.05.merge.fa,minimizer,D,24,NA,10,30,0.8563602436923862,0.8560096705771587,0.9313714996469432,0.9136377677508032,0.9224620197515728,0.9225046336988731,0.9313714996469432,NA,NA
fIntestine_Sm-DS16822.hotspot.twopass.fdr0.05.merge.fa,fHeart-DS15643.hotspot.twopass.fdr0.05.merge.fa,minimizer,D,24,NA,10,30,0.8716154375734013,0.8713570180431321,0.9333560966990454,0.9291670189707595,0.9312592023749542,0.9312615578349024,0.9333560966990454,NA,NA
fIntestine_Sm-DS16822.hotspot.twopass.fdr0.05.merge.fa,fHeart-DS15839.hotspot.twopass.fdr0.05.merge.fa,minimizer,D,24,NA,10,30,0.847170551762028,0.8468511820219359,0.9362028745448243,0.8987144607005823,0.9172671701870108,0.9174586676227032,0.9362028745448243,NA,NA
fIntestine_Sm-DS16822.hotspot.twopass.fdr0.05.merge.fa,fHeart-DS16621.hotspot.twopass.fdr0.05.merge.fa,minimizer,D,24,NA,10,30,0.8734985105224382,0.8732554562642155,0.9461199946618973,0.9189555645551809,0.932438863321059,0.9325377796085391,0.9461199946618973,NA,NA
fIntestine_Sm-DS16822.hotspot.twopass.fdr0.05.merge.fa,fIntestine_Sm-DS16559.hotspot.twopass.fdr0.05.merge.fa,minimizer,D,24,NA,10,30,0.9258286159482151,0.9256956091586777,0.9688953041236975,0.9540478553761699,0.961442919253793,0.9614715797499337,0.9688953041236975,NA,NA
fIntestine_Sm-DS16822.hotspot.twopass.fdr0.05.merge.fa,fIntestine_Sm-DS16712.hg19.hotspot.twopass.fdr0.05.merge.fa,minimizer,D,24,NA,10,30,0.8980976986502273,0.8979834277745141,0.9135138834010199,0.981419583585386,0.9468581810635095,0.947466733493203,0.981419583585386,NA,NA
fIntestine_Sm-DS16822.hotspot.twopass.fdr0.05.merge.fa,fIntestine_Sm-DS16822.hotspot.twopass.fdr0.05.merge.fa,minimizer,D,24,NA,10,30,1.0,1.0,1.0,1.0,1.0,1.0,1.0,NA,NA
fIntestine_Sm-DS16822.hotspot.twopass.fdr0.05.merge.fa,fIntestine_Sm-DS17808.hg19.hotspot.twopass.fdr0.05.merge.fa,minimizer,D,24,NA,10,30,0.9227114561027837,0.9225802661421015,0.9567911774915618,0.9626896251685585,0.9597358699266874,0.9597404013300601,0.9626896251685585,NA,NA
fIntestine_Sm-DS16822.hotspot.twopass.fdr0.05.merge.fa,fIntestine_Sm-DS18495.hg19.hotspot.twopass.fdr0.05.merge.fa,minimizer,D,24,NA,10,30,0.9092469319914354,0.9091536406658397,0.9466421749146952,0.9582594249091683,0.9524330874809632,0.9524507999119317,0.9582594249091683,NA,NA
fIntestine_Sm-DS16822.hotspot.twopass.fdr0.05.merge.fa,fKidney_renal_cortex_L-DS17550.hg19.hotspot.twopass.fdr0.05.merge.fa,minimizer,D,24,NA,10,30,0.8579315652658777,0.8576494568754683,0.9475652403443666,0.9003807648002745,0.9236717576062488,0.9239730025723205,0.9475652403443666,NA,NA
fIntestine_Sm-DS16822.hotspot.twopass.fdr0.05.merge.fa,fLung_L-DS17154.hg19.hotspot.twopass.fdr0.05.merge.fa,minimizer,D,24,NA,10,30,0.8752085816448153,0.8749677571367285,0.955397360196222,0.9122303519149338,0.9335643899112682,0.933813856055578,0.955397360196222,NA,NA
fIntestine_Sm-DS16822.hotspot.twopass.fdr0.05.merge.fa,fLung_L-DS18421.hg19.hotspot.twopass.fdr0.05.merge.fa,minimizer,D,24,NA,10,30,0.874003240714873,0.873768253316461,0.9497575255935004,0.916113413485886,0.932783795289868,0.9329354695396932,0.9497575255935004,NA,NA
fIntestine_Sm-DS16822.hotspot.twopass.fdr0.05.merge.fa,fLung_R-DS15632.hotspot.twopass.fdr0.05.merge.fa,minimizer,D,24,NA,10,30,0.8720732346654837,0.8718539667640394,0.9378364310272175,0.9253286993212888,0.931561573326495,0.9315825651742531,0.9378364310272175,NA,NA
fIntestine_Sm-DS16822.hotspot.twopass.fdr0.05.merge.fa,fMuscle_arm-DS19053.hg19.hotspot.twopass.fdr0.05.merge.fa,minimizer,D,24,NA,10,30,0.8484483586365389,0.8481981087590911,0.9350987096589154,0.9012548780733716,0.9180208459290088,0.9181767938661435,0.9350987096589154,NA,NA
fIntestine_Sm-DS16822.hotspot.twopass.fdr0.05.merge.fa,fMuscle_back-DS18454.hg19.hotspot.twopass.fdr0.05.merge.fa,minimizer,D,24,NA,10,30,0.8582026653096275,0.8579123058625595,0.9361315255690371,0.9112494617389536,0.9236067067706094,0.9236904936539954,0.9361315255690371,NA,NA
fIntestine_Sm-DS16822.hotspot.twopass.fdr0.05.merge.fa,fMuscle_leg-DS19115.hg19.hotspot.twopass.fdr0.05.merge.fa,minimizer,D,24,NA,10,30,0.8762038114930926,0.8759800692158997,0.9335329630875467,0.9342484961062023,0.9338906610680435,0.9338907295968746,0.9342484961062023,NA,NA
fIntestine_Sm-DS16822.hotspot.twopass.fdr0.05.merge.fa,fMuscle_leg-DS19158.hg19.hotspot.twopass.fdr0.05.merge.fa,minimizer,D,24,NA,10,30,0.8612507111701119,0.8610306067045103,0.9454435977294394,0.9060479508433786,0.9255361874939035,0.925745774286409,0.9454435977294394,NA,NA
fIntestine_Sm-DS16822.hotspot.twopass.fdr0.05.merge.fa,fSkin_fibro_bicep_R-DS19745.hg19.hotspot.twopass.fdr0.05.merge.fa,minimizer,D,24,NA,10,30,0.839008059516429,0.8388145633460834,0.8803114149394723,0.9467931022990563,0.9129473016225059,0.9135522586192644,0.9467931022990563,NA,NA
fIntestine_Sm-DS16822.hotspot.twopass.fdr0.05.merge.fa,fStomach-DS17659.hg19.hotspot.twopass.fdr0.05.merge.fa,minimizer,D,24,NA,10,30,0.8817046720206343,0.8814897021286195,0.913110199352764,0.9621998483638214,0.9373337161100567,0.9376550238582928,0.9621998483638214,NA,NA
fIntestine_Sm-DS17808.hg19.hotspot.twopass.fdr0.05.merge.fa,fBrain-DS14718.hotspot.twopass.fdr0.05.merge.fa,minimizer,D,24,NA,10,30,0.8421455327966845,0.8418372305879696,0.922084910390101,0.9063066812706521,0.9141617553723187,0.9141957958303766,0.922084910390101,NA,NA
fIntestine_Sm-DS17808.hg19.hotspot.twopass.fdr0.05.merge.fa,fBrain-DS16302.hotspot.twopass.fdr0.05.merge.fa,minimizer,D,24,NA,10,30,0.8573109149547444,0.85702280155339,0.9348654091906735,0.9114462474498765,0.9230815614438047,0.923155828320275,0.9348654091906735,NA,NA
fIntestine_Sm-DS17808.hg19.hotspot.twopass.fdr0.05.merge.fa,fHeart-DS15643.hotspot.twopass.fdr0.05.merge.fa,minimizer,D,24,NA,10,30,0.8764467757568847,0.876191728526881,0.9390083070532047,0.9290663322117,0.9340240916326723,0.9340373196324523,0.9390083070532047,NA,NA
fIntestine_Sm-DS17808.hg19.hotspot.twopass.fdr0.05.merge.fa,fHeart-DS15839.hotspot.twopass.fdr0.05.merge.fa,minimizer,D,24,NA,10,30,0.8527604939831338,0.8524891287652145,0.9425227365785319,0.8992376160219969,0.9206258190423554,0.9208801763002644,0.9425227365785319,NA,NA
fIntestine_Sm-DS17808.hg19.hotspot.twopass.fdr0.05.merge.fa,fHeart-DS16621.hotspot.twopass.fdr0.05.merge.fa,minimizer,D,24,NA,10,30,0.8762910647060717,0.8760450040005774,0.9506948390513297,0.9177413463515134,0.9340727817254941,0.9342180927014215,0.9506948390513297,NA,NA
fIntestine_Sm-DS17808.hg19.hotspot.twopass.fdr0.05.merge.fa,fIntestine_Sm-DS16559.hotspot.twopass.fdr0.05.merge.fa,minimizer,D,24,NA,10,30,0.9214754356715688,0.9213121030309318,0.9695094907780893,0.9488034255676515,0.9591005817799302,0.9591564581728704,0.9695094907780893,NA,NA
fIntestine_Sm-DS17808.hg19.hotspot.twopass.fdr0.05.merge.fa,fIntestine_Sm-DS16712.hg19.hotspot.twopass.fdr0.05.merge.fa,minimizer,D,24,NA,10,30,0.909773918431629,0.909639758510333,0.922456765706083,0.9849551579632851,0.9531938676787299,0.9537059618346841,0.9849551579632851,NA,NA
fIntestine_Sm-DS17808.hg19.hotspot.twopass.fdr0.05.merge.fa,fIntestine_Sm-DS16822.hotspot.twopass.fdr0.05.merge.fa,minimizer,D,24,NA,10,30,0.9227114561027837,0.9225802661421015,0.9626896251685585,0.9567911774915618,0.9597358699266874,0.9597404013300601,0.9626896251685585,NA,NA
fIntestine_Sm-DS17808.hg19.hotspot.twopass.fdr0.05.merge.fa,fIntestine_Sm-DS17808.hg19.hotspot.twopass.fdr0.05.merge.fa,minimizer,D,24,NA,10,30,1.0,1.0,1.0,1.0,1.0,1.0,1.0,NA,NA
fIntestine_Sm-DS17808.hg19.hotspot.twopass.fdr0.05.merge.fa,fIntestine_Sm-DS18495.hg19.hotspot.twopass.fdr0.05.merge.fa,minimizer,D,24,NA,10,30,0.9058618417210974,0.9056912394866603,0.9476447321182603,0.9533967638356619,0.9505163969482389,0.9505207479769611,0.9533967638356619,NA,NA
fIntestine_Sm-DS17808.hg19.hotspot.twopass.fdr0.05.merge.fa,fKidney_renal_cortex_L-DS17550.hg19.hotspot.twopass.fdr0.05.merge.fa,minimizer,D,24,NA,10,30,0.8633566378322866,0.8630903994650673,0.9537973616945511,0.9007495933493634,0.9268940531064285,0.9272734775219573,0.9537973616945511,NA,NA
fIntestine_Sm-DS17808.hg19.hotspot.twopass.fdr0.05.merge.fa,fLung_L-DS17154.hg19.hotspot.twopass.fdr0.05.merge.fa,minimizer,D,24,NA,10,30,0.879134921015222,0.8788878181929474,0.9606956978565537,0.9116690211287688,0.9358613713940243,0.9361823594926613,0.9606956978565537,NA,NA
fIntestine_Sm-DS17808.hg19.hotspot.twopass.fdr0.05.merge.fa,fLung_L-DS18421.hg19.hotspot.twopass.fdr0.05.merge.fa,minimizer,D,24,NA,10,30,0.8772796535407812,0.87701956155572,0.9546265716220267,0.9151681299513316,0.9346891538651666,0.9348973507866791,0.9546265716220267,NA,NA
fIntestine_Sm-DS17808.hg19.hotspot.twopass.fdr0.05.merge.fa,fLung_R-DS15632.hotspot.twopass.fdr0.05.merge.fa,minimizer,D,24,NA,10,30,0.8758217617924338,0.8756025258650123,0.9429031499183249,0.924627679002766,0.9337207029049843,0.9337654144605454,0.9429031499183249,NA,NA
fIntestine_Sm-DS17808.hg19.hotspot.twopass.fdr0.05.merge.fa,fMuscle_arm-DS19053.hg19.hotspot.twopass.fdr0.05.merge.fa,minimizer,D,24,NA,10,30,0.8522092673743494,0.8519607990033099,0.9402811122605726,0.9006970775504587,0.920276289974371,0.9204890949055157,0.9402811122605726,NA,NA
fIntestine_Sm-DS17808.hg19.hotspot.twopass.fdr0.05.merge.fa,fMuscle_back-DS18454.hg19.hotspot.twopass.fdr0.05.merge.fa,minimizer,D,24,NA,10,30,0.8611506078954516,0.8608821432335328,0.9408028098940857,0.9101854532197787,0.9253675118102481,0.9254941315569323,0.9408028098940857,NA,NA
fIntestine_Sm-DS17808.hg19.hotspot.twopass.fdr0.05.merge.fa,fMuscle_leg-DS19115.hg19.hotspot.twopass.fdr0.05.merge.fa,minimizer,D,24,NA,10,30,0.879353498339577,0.8791515191073238,0.9382135221993645,0.9331797553135065,0.9356932537310644,0.9356966387564355,0.9382135221993645,NA,NA
fIntestine_Sm-DS17808.hg19.hotspot.twopass.fdr0.05.merge.fa,fMuscle_leg-DS19158.hg19.hotspot.twopass.fdr0.05.merge.fa,minimizer,D,24,NA,10,30,0.861740922784208,0.861534203216767,0.9487178369167716,0.9036151291216076,0.9258918893183593,0.9261664830191896,0.9487178369167716,NA,NA
fIntestine_Sm-DS17808.hg19.hotspot.twopass.fdr0.05.merge.fa,fSkin_fibro_bicep_R-DS19745.hg19.hotspot.twopass.fdr0.05.merge.fa,minimizer,D,24,NA,10,30,0.8402413017682739,0.840028853746469,0.8836207974754099,0.9445295545947275,0.9135677086401899,0.9140751760350687,0.9445295545947275,NA,NA
fIntestine_Sm-DS17808.hg19.hotspot.twopass.fdr0.05.merge.fa,fStomach-DS17659.hg19.hotspot.twopass.fdr0.05.merge.fa,minimizer,D,24,NA,10,30,0.8845979100408905,0.8844277319300268,0.9174709892607698,0.9608714763763974,0.9389204992881504,0.9391712328185835,0.9608714763763974,NA,NA
fIntestine_Sm-DS18495.hg19.hotspot.twopass.fdr0.05.merge.fa,fBrain-DS14718.hotspot.twopass.fdr0.05.merge.fa,minimizer,D,24,NA,10,30,0.8295223577235772,0.8292749642561826,0.9173625049790455,0.8962251589319552,0.9067322409747332,0.9067938319555003,0.9173625049790455,NA,NA
fIntestine_Sm-DS18495.hg19.hotspot.twopass.fdr0.05.merge.fa,fBrain-DS16302.hotspot.twopass.fdr0.05.merge.fa,minimizer,D,24,NA,10,30,0.8452931606482073,0.8450445660716055,0.9306350796690672,0.9018478383518562,0.9161283943279761,0.9162414590104617,0.9306350796690672,NA,NA
fIntestine_Sm-DS18495.hg19.hotspot.twopass.fdr0.05.merge.fa,fHeart-DS15643.hotspot.twopass.fdr0.05.merge.fa,minimizer,D,24,NA,10,30,0.8607132441103081,0.8604776832167587,0.9327938849217496,0.9173495612369733,0.9250394916204923,0.9250717230793615,0.9327938849217496,NA,NA
fIntestine_Sm-DS18495.hg19.hotspot.twopass.fdr0.05.merge.fa,fHeart-DS15839.hotspot.twopass.fdr0.05.merge.fa,minimizer,D,24,NA,10,30,0.8350943248225281,0.8348007389837461,0.9347586718772389,0.8864495261353733,0.9102836820115525,0.9106040990063061,0.9347586718772389,NA,NA
fIntestine_Sm-DS18495.hg19.hotspot.twopass.fdr0.05.merge.fa,fHeart-DS16621.hotspot.twopass.fdr0.05.merge.fa,minimizer,D,24,NA,10,30,0.860066867161505,0.8598532478834828,0.9441540353402883,0.9059284420751142,0.9248437675168492,0.9250412387077013,0.9441540353402883,NA,NA
fIntestine_Sm-DS18495.hg19.hotspot.twopass.fdr0.05.merge.fa,fIntestine_Sm-DS16559.hotspot.twopass.fdr0.05.merge.fa,minimizer,D,24,NA,10,30,0.9081760798440134,0.908033958859076,0.9651380318995393,0.9388268204757803,0.9518915220803769,0.9519824261876597,0.9651380318995393,NA,NA
fIntestine_Sm-DS18495.hg19.hotspot.twopass.fdr0.05.merge.fa,fIntestine_Sm-DS16712.hg19.hotspot.twopass.fdr0.05.merge.fa,minimizer,D,24,NA,10,30,0.8934700550367625,0.8933239242302432,0.9163999702759249,0.9725845897313617,0.9440744086779614,0.9444922800036433,0.9725845897313617,NA,NA
fIntestine_Sm-DS18495.hg19.hotspot.twopass.fdr0.05.merge.fa,fIntestine_Sm-DS16822.hotspot.twopass.fdr0.05.merge.fa,minimizer,D,24,NA,10,30,0.9092469319914354,0.9091536406658397,0.9582594249091683,0.9466421749146952,0.9524330874809632,0.9524507999119317,0.9582594249091683,NA,NA
fIntestine_Sm-DS18495.hg19.hotspot.twopass.fdr0.05.merge.fa,fIntestine_Sm-DS17808.hg19.hotspot.twopass.fdr0.05.merge.fa,minimizer,D,24,NA,10,30,0.9058618417210974,0.9056912394866603,0.9533967638356619,0.9476447321182603,0.9505163969482389,0.9505207479769611,0.9533967638356619,NA,NA
fIntestine_Sm-DS18495.hg19.hotspot.twopass.fdr0.05.merge.fa,fIntestine_Sm-DS18495.hg19.hotspot.twopass.fdr0.05.merge.fa,minimizer,D,24,NA,10,30,1.0,1.0,1.0,1.0,1.0,1.0,1.0,NA,NA
fIntestine_Sm-DS18495.hg19.hotspot.twopass.fdr0.05.merge.fa,fKidney_renal_cortex_L-DS17550.hg19.hotspot.twopass.fdr0.05.merge.fa,minimizer,D,24,NA,10,30,0.8441337452754732,0.8438709568151245,0.9452200158411136,0.8872637673135494,0.9157835291133813,0.9162418915773315,0.9452200158411136,NA,NA
fIntestine_Sm-DS18495.hg19.hotspot.twopass.fdr0.05.merge.fa,fLung_L-DS17154.hg19.hotspot.twopass.fdr0.05.merge.fa,minimizer,D,24,NA,10,30,0.8590663063548543,0.8588683450119501,0.9518788360345183,0.8978523048535114,0.924470987578772,0.9248655704440149,0.9518788360345183,NA,NA
fIntestine_Sm-DS18495.hg19.hotspot.twopass.fdr0.05.merge.fa,fLung_L-DS18421.hg19.hotspot.twopass.fdr0.05.merge.fa,minimizer,D,24,NA,10,30,0.8591389968771908,0.8589359832148088,0.9469633653232263,0.902344605711848,0.924384814082399,0.9246539855175372,0.9469633653232263,NA,NA
fIntestine_Sm-DS18495.hg19.hotspot.twopass.fdr0.05.merge.fa,fLung_R-DS15632.hotspot.twopass.fdr0.05.merge.fa,minimizer,D,24,NA,10,30,0.8591909098235152,0.8590033778258191,0.9361479484134048,0.9124649111060056,0.9242305743325672,0.9243064297597052,0.9361479484134048,NA,NA
fIntestine_Sm-DS18495.hg19.hotspot.twopass.fdr0.05.merge.fa,fMuscle_arm-DS19053.hg19.hotspot.twopass.fdr0.05.merge.fa,minimizer,D,24,NA,10,30,0.8380374280608107,0.8378113138018273,0.934672557170177,0.8899229608613591,0.9120233382500372,0.9122977590157682,0.934672557170177,NA,NA
fIntestine_Sm-DS18495.hg19.hotspot.twopass.fdr0.05.merge.fa,fMuscle_back-DS18454.hg19.hotspot.twopass.fdr0.05.merge.fa,minimizer,D,24,NA,10,30,0.847194942547016,0.8469346748294023,0.93542707815235,0.8995247166018914,0.9173002656582674,0.9174758973771207,0.93542707815235,NA,NA
fIntestine_Sm-DS18495.hg19.hotspot.twopass.fdr0.05.merge.fa,fMuscle_leg-DS19115.hg19.hotspot.twopass.fdr0.05.merge.fa,minimizer,D,24,NA,10,30,0.8654586913147929,0.8652748073239853,0.9331051237729727,0.9224993609400006,0.9277870878441926,0.9278022423564867,0.9331051237729727,NA,NA
fIntestine_Sm-DS18495.hg19.hotspot.twopass.fdr0.05.merge.fa,fMuscle_leg-DS19158.hg19.hotspot.twopass.fdr0.05.merge.fa,minimizer,D,24,NA,10,30,0.8491865424103617,0.8489924022329126,0.9441745342677664,0.89386223653009,0.9186740231852328,0.9190183853989282,0.9441745342677664,NA,NA
fIntestine_Sm-DS18495.hg19.hotspot.twopass.fdr0.05.merge.fa,fSkin_fibro_bicep_R-DS19745.hg19.hotspot.twopass.fdr0.05.merge.fa,minimizer,D,24,NA,10,30,0.8364288799548127,0.836204759179706,0.8840160510901502,0.9392509702832048,0.9112150864271019,0.9116335106866775,0.9392509702832048,NA,NA
fIntestine_Sm-DS18495.hg19.hotspot.twopass.fdr0.05.merge.fa,fStomach-DS17659.hg19.hotspot.twopass.fdr0.05.merge.fa,minimizer,D,24,NA,10,30,0.8728706227720696,0.872745188947889,0.913700650511473,0.9511494788225394,0.9322370393487929,0.9324250646670063,0.9511494788225394,NA,NA
fKidney_renal_cortex_L-DS17550.hg19.hotspot.twopass.fdr0.05.merge.fa,fBrain-DS14718.hotspot.twopass.fdr0.05.merge.fa,minimizer,D,24,NA,10,30,0.832011091427251,0.8317028553069555,0.8903314402223794,0.926633546123403,0.9083011503231845,0.9084824931728912,0.926633546123403,NA,NA
fKidney_renal_cortex_L-DS17550.hg19.hotspot.twopass.fdr0.05.merge.fa,fBrain-DS16302.hotspot.twopass.fdr0.05.merge.fa,minimizer,D,24,NA,10,30,0.8499271792011404,0.8496820405379298,0.9043310232673861,0.9336012878804817,0.9188496111947295,0.9189661555739339,0.9336012878804817,NA,NA
fKidney_renal_cortex_L-DS17550.hg19.hotspot.twopass.fdr0.05.merge.fa,fHeart-DS15643.hotspot.twopass.fdr0.05.merge.fa,minimizer,D,24,NA,10,30,0.8630666593325423,0.8628168513846365,0.9052771640078201,0.9484422568205071,0.9266083943498706,0.9268597104141636,0.9484422568205071,NA,NA
fKidney_renal_cortex_L-DS17550.hg19.hotspot.twopass.fdr0.05.merge.fa,fHeart-DS15839.hotspot.twopass.fdr0.05.merge.fa,minimizer,D,24,NA,10,30,0.8401033804492017,0.8398011244759498,0.9082886596015528,0.9176109004301747,0.9129378811219837,0.9129497800158637,0.9176109004301747,NA,NA
fKidney_renal_cortex_L-DS17550.hg19.hotspot.twopass.fdr0.05.merge.fa,fHeart-DS16621.hotspot.twopass.fdr0.05.merge.fa,minimizer,D,24,NA,10,30,0.867609404549735,0.8673559232604073,0.9188842026647536,0.9392733258905485,0.929022831336888,0.929078764277651,0.9392733258905485,NA,NA
fKidney_renal_cortex_L-DS17550.hg19.hotspot.twopass.fdr0.05.merge.fa,fIntestine_Sm-DS16559.hotspot.twopass.fdr0.05.merge.fa,minimizer,D,24,NA,10,30,0.8669611598016871,0.8666727674795728,0.912321222631518,0.945418287767182,0.9287223310516183,0.92886975519935,0.945418287767182,NA,NA
fKidney_renal_cortex_L-DS17550.hg19.hotspot.twopass.fdr0.05.merge.fa,fIntestine_Sm-DS16712.hg19.hotspot.twopass.fdr0.05.merge.fa,minimizer,D,24,NA,10,30,0.8414040853147754,0.8411933148244017,0.8609601075455613,0.9734317544791233,0.9154703206683494,0.9171959310123423,0.9734317544791233,NA,NA
fKidney_renal_cortex_L-DS17550.hg19.hotspot.twopass.fdr0.05.merge.fa,fIntestine_Sm-DS16822.hotspot.twopass.fdr0.05.merge.fa,minimizer,D,24,NA,10,30,0.8579315652658777,0.8576494568754683,0.9003807648002745,0.9475652403443666,0.9236717576062488,0.9239730025723205,0.9475652403443666,NA,NA
fKidney_renal_cortex_L-DS17550.hg19.hotspot.twopass.fdr0.05.merge.fa,fIntestine_Sm-DS17808.hg19.hotspot.twopass.fdr0.05.merge.fa,minimizer,D,24,NA,10,30,0.8633566378322866,0.8630903994650673,0.9007495933493634,0.9537973616945511,0.9268940531064285,0.9272734775219573,0.9537973616945511,NA,NA
fKidney_renal_cortex_L-DS17550.hg19.hotspot.twopass.fdr0.05.merge.fa,fIntestine_Sm-DS18495.hg19.hotspot.twopass.fdr0.05.merge.fa,minimizer,D,24,NA,10,30,0.8441337452754732,0.8438709568151245,0.8872637673135494,0.9452200158411136,0.9157835291133813,0.9162418915773315,0.9452200158411136,NA,NA
fKidney_renal_cortex_L-DS17550.hg19.hotspot.twopass.fdr0.05.merge.fa,fKidney_renal_cortex_L-DS17550.hg19.hotspot.twopass.fdr0.05.merge.fa,minimizer,D,24,NA,10,30,1.0,1.0,1.0,1.0,1.0,1.0,1.0,NA,NA
fKidney_renal_cortex_L-DS17550.hg19.hotspot.twopass.fdr0.05.merge.fa,fLung_L-DS17154.hg19.hotspot.twopass.fdr0.05.merge.fa,minimizer,D,24,NA,10,30,0.8802150504218655,0.8800097622068809,0.9339141546276325,0.9384482990268744,0.9361784818331508,0.9361812268272535,0.9384482990268744,NA,NA
fKidney_renal_cortex_L-DS17550.hg19.hotspot.twopass.fdr0.05.merge.fa,fLung_L-DS18421.hg19.hotspot.twopass.fdr0.05.merge.fa,minimizer,D,24,NA,10,30,0.8740884291796057,0.8738406423920992,0.9257252482475812,0.9397265996287406,0.9326996514024068,0.9327259239381609,0.9397265996287406,NA,NA
fKidney_renal_cortex_L-DS17550.hg19.hotspot.twopass.fdr0.05.merge.fa,fLung_R-DS15632.hotspot.twopass.fdr0.05.merge.fa,minimizer,D,24,NA,10,30,0.8691853619479725,0.868985055498233,0.9127198720534829,0.9477403078480524,0.9300652732572069,0.9302300899507676,0.9477403078480524,NA,NA
fKidney_renal_cortex_L-DS17550.hg19.hotspot.twopass.fdr0.05.merge.fa,fMuscle_arm-DS19053.hg19.hotspot.twopass.fdr0.05.merge.fa,minimizer,D,24,NA,10,30,0.8474896071423093,0.8472870491169991,0.9108578482224428,0.9238972788556671,0.9173543957473813,0.9173775635390549,0.9238972788556671,NA,NA
fKidney_renal_cortex_L-DS17550.hg19.hotspot.twopass.fdr0.05.merge.fa,fMuscle_back-DS18454.hg19.hotspot.twopass.fdr0.05.merge.fa,minimizer,D,24,NA,10,30,0.8539673454866079,0.8537177402425545,0.9101032461815151,0.9323392976023839,0.9211541788921783,0.9212212718919495,0.9323392976023839,NA,NA
fKidney_renal_cortex_L-DS17550.hg19.hotspot.twopass.fdr0.05.merge.fa,fMuscle_leg-DS19115.hg19.hotspot.twopass.fdr0.05.merge.fa,minimizer,D,24,NA,10,30,0.8725690485240086,0.8723815314458659,0.908301801540981,0.9566340571356317,0.9321547283105697,0.9324679293383062,0.9566340571356317,NA,NA
fKidney_renal_cortex_L-DS17550.hg19.hotspot.twopass.fdr0.05.merge.fa,fMuscle_leg-DS19158.hg19.hotspot.twopass.fdr0.05.merge.fa,minimizer,D,24,NA,10,30,0.8607952794724841,0.8605793947220178,0.9211438017147223,0.929021797667202,0.9250744135360204,0.9250827996909622,0.929021797667202,NA,NA
fKidney_renal_cortex_L-DS17550.hg19.hotspot.twopass.fdr0.05.merge.fa,fSkin_fibro_bicep_R-DS19745.hg19.hotspot.twopass.fdr0.05.merge.fa,minimizer,D,24,NA,10,30,0.8145430286857905,0.8143627722738577,0.8453869809338997,0.956879432772443,0.8994072574697394,0.9011332068531714,0.956879432772443,NA,NA
fKidney_renal_cortex_L-DS17550.hg19.hotspot.twopass.fdr0.05.merge.fa,fStomach-DS17659.hg19.hotspot.twopass.fdr0.05.merge.fa,minimizer,D,24,NA,10,30,0.8508644550523486,0.85068835758607,0.8741487328899008,0.9694163391395093,0.9205509570369086,0.9217825360147051,0.9694163391395093,NA,NA
fLung_L-DS17154.hg19.hotspot.twopass.fdr0.05.merge.fa,fBrain-DS14718.hotspot.twopass.fdr0.05.merge.fa,minimizer,D,24,NA,10,30,0.8477490596746435,0.8474317663362829,0.9015853162365796,0.9338126327759824,0.917557495651933,0.9176989745062809,0.9338126327759824,NA,NA
fLung_L-DS17154.hg19.hotspot.twopass.fdr0.05.merge.fa,fBrain-DS16302.hotspot.twopass.fdr0.05.merge.fa,minimizer,D,24,NA,10,30,0.8718049455082622,0.8715892379676912,0.9189790514726388,0.9441396362737251,0.9314743943880315,0.931559343873182,0.9441396362737251,NA,NA
fLung_L-DS17154.hg19.hotspot.twopass.fdr0.05.merge.fa,fHeart-DS15643.hotspot.twopass.fdr0.05.merge.fa,minimizer,D,24,NA,10,30,0.8842645336562592,0.8840708593595253,0.9192876549095049,0.9584674404270423,0.9386731516440061,0.9388775476682736,0.9584674404270423,NA,NA
fLung_L-DS17154.hg19.hotspot.twopass.fdr0.05.merge.fa,fHeart-DS15839.hotspot.twopass.fdr0.05.merge.fa,minimizer,D,24,NA,10,30,0.8600220936430564,0.8597750438675731,0.9221261542353364,0.9270894061873989,0.9246044498919026,0.9246077802113677,0.9270894061873989,NA,NA
fLung_L-DS17154.hg19.hotspot.twopass.fdr0.05.merge.fa,fHeart-DS16621.hotspot.twopass.fdr0.05.merge.fa,minimizer,D,24,NA,10,30,0.8921206756190672,0.8919134229084404,0.9348747104551447,0.9510015435758807,0.9429036497399388,0.9429381270155127,0.9510015435758807,NA,NA
fLung_L-DS17154.hg19.hotspot.twopass.fdr0.05.merge.fa,fIntestine_Sm-DS16559.hotspot.twopass.fdr0.05.merge.fa,minimizer,D,24,NA,10,30,0.8861505512810344,0.8859108415627067,0.9252602638404219,0.9541941262818235,0.9396158305597565,0.9397271950611228,0.9541941262818235,NA,NA
fLung_L-DS17154.hg19.hotspot.twopass.fdr0.05.merge.fa,fIntestine_Sm-DS16712.hg19.hotspot.twopass.fdr0.05.merge.fa,minimizer,D,24,NA,10,30,0.8516479501108377,0.8514258705615949,0.8685915558640237,0.9773152816803174,0.9213510737413798,0.9229534187721706,0.9773152816803174,NA,NA
fLung_L-DS17154.hg19.hotspot.twopass.fdr0.05.merge.fa,fIntestine_Sm-DS16822.hotspot.twopass.fdr0.05.merge.fa,minimizer,D,24,NA,10,30,0.8752085816448153,0.8749677571367285,0.9122303519149338,0.955397360196222,0.9335643899112682,0.933813856055578,0.955397360196222,NA,NA
fLung_L-DS17154.hg19.hotspot.twopass.fdr0.05.merge.fa,fIntestine_Sm-DS17808.hg19.hotspot.twopass.fdr0.05.merge.fa,minimizer,D,24,NA,10,30,0.879134921015222,0.8788878181929474,0.9116690211287688,0.9606956978565537,0.9358613713940243,0.9361823594926613,0.9606956978565537,NA,NA
fLung_L-DS17154.hg19.hotspot.twopass.fdr0.05.merge.fa,fIntestine_Sm-DS18495.hg19.hotspot.twopass.fdr0.05.merge.fa,minimizer,D,24,NA,10,30,0.8590663063548543,0.8588683450119501,0.8978523048535114,0.9518788360345183,0.924470987578772,0.9248655704440149,0.9518788360345183,NA,NA
fLung_L-DS17154.hg19.hotspot.twopass.fdr0.05.merge.fa,fKidney_renal_cortex_L-DS17550.hg19.hotspot.twopass.fdr0.05.merge.fa,minimizer,D,24,NA,10,30,0.8802150504218655,0.8800097622068809,0.9384482990268744,0.9339141546276325,0.9361784818331508,0.9361812268272535,0.9384482990268744,NA,NA
fLung_L-DS17154.hg19.hotspot.twopass.fdr0.05.merge.fa,fLung_L-DS17154.hg19.hotspot.twopass.fdr0.05.merge.fa,minimizer,D,24,NA,10,30,1.0,1.0,1.0,1.0,1.0,1.0,1.0,NA,NA
fLung_L-DS17154.hg19.hotspot.twopass.fdr0.05.merge.fa,fLung_L-DS18421.hg19.hotspot.twopass.fdr0.05.merge.fa,minimizer,D,24,NA,10,30,0.9276205454939376,0.9274952116252966,0.9575158422044721,0.9673017769839336,0.9623963713848123,0.9624088095942028,0.9673017769839336,NA,NA
fLung_L-DS17154.hg19.hotspot.twopass.fdr0.05.merge.fa,fLung_R-DS15632.hotspot.twopass.fdr0.05.merge.fa,minimizer,D,24,NA,10,30,0.9185188176385075,0.9184075627274628,0.9420170731369522,0.9734356018010466,0.9575974919014406,0.9577263374689994,0.9734356018010466,NA,NA
fLung_L-DS17154.hg19.hotspot.twopass.fdr0.05.merge.fa,fMuscle_arm-DS19053.hg19.hotspot.twopass.fdr0.05.merge.fa,minimizer,D,24,NA,10,30,0.8699631134145772,0.8698025690793094,0.9260295636471259,0.934747993046946,0.9303785660263729,0.9303887783470359,0.934747993046946,NA,NA
fLung_L-DS17154.hg19.hotspot.twopass.fdr0.05.merge.fa,fMuscle_back-DS18454.hg19.hotspot.twopass.fdr0.05.merge.fa,minimizer,D,24,NA,10,30,0.8763672886489541,0.876149326014025,0.9250622751532807,0.9430851428307505,0.9340302392804372,0.9340737089920156,0.9430851428307505,NA,NA
fLung_L-DS17154.hg19.hotspot.twopass.fdr0.05.merge.fa,fMuscle_leg-DS19115.hg19.hotspot.twopass.fdr0.05.merge.fa,minimizer,D,24,NA,10,30,0.8953224925282001,0.8951562095214611,0.9229912643230211,0.967408412058921,0.9449388939836214,0.9451998381909711,0.967408412058921,NA,NA
fLung_L-DS17154.hg19.hotspot.twopass.fdr0.05.merge.fa,fMuscle_leg-DS19158.hg19.hotspot.twopass.fdr0.05.merge.fa,minimizer,D,24,NA,10,30,0.8873607869550916,0.8872093733690312,0.9385106958320267,0.9419639942228315,0.9402357596192482,0.9402373450274291,0.9419639942228315,NA,NA
fLung_L-DS17154.hg19.hotspot.twopass.fdr0.05.merge.fa,fSkin_fibro_bicep_R-DS19745.hg19.hotspot.twopass.fdr0.05.merge.fa,minimizer,D,24,NA,10,30,0.8289369146690849,0.8287627254811496,0.8555049433804038,0.9636532583520894,0.9079703333396119,0.9095791008662466,0.9636532583520894,NA,NA
fLung_L-DS17154.hg19.hotspot.twopass.fdr0.05.merge.fa,fStomach-DS17659.hg19.hotspot.twopass.fdr0.05.merge.fa,minimizer,D,24,NA,10,30,0.8692117126264062,0.8690138600760126,0.8862595684309521,0.9780983949331561,0.9310472927711384,0.932178981682054,0.9780983949331561,NA,NA
fLung_L-DS18421.hg19.hotspot.twopass.fdr0.05.merge.fa,fBrain-DS14718.hotspot.twopass.fdr0.05.merge.fa,minimizer,D,24,NA,10,30,0.8448925361469324,0.844599403507325,0.9044697657678994,0.9273228291225295,0.9158250171553952,0.9158962974452145,0.9273228291225295,NA,NA
fLung_L-DS18421.hg19.hotspot.twopass.fdr0.05.merge.fa,fBrain-DS16302.hotspot.twopass.fdr0.05.merge.fa,minimizer,D,24,NA,10,30,0.8673915612811725,0.8671784390200179,0.9211083979556516,0.9367535404127159,0.9288980314807656,0.9289309691841837,0.9367535404127159,NA,NA
fLung_L-DS18421.hg19.hotspot.twopass.fdr0.05.merge.fa,fHeart-DS15643.hotspot.twopass.fdr0.05.merge.fa,minimizer,D,24,NA,10,30,0.8807932726894854,0.8806131845703074,0.9219658623160344,0.9515349826647929,0.9366337442225849,0.9367504224904136,0.9515349826647929,NA,NA
fLung_L-DS18421.hg19.hotspot.twopass.fdr0.05.merge.fa,fHeart-DS15839.hotspot.twopass.fdr0.05.merge.fa,minimizer,D,24,NA,10,30,0.8552145528889715,0.8549458665801377,0.9240191950293678,0.9195942646934311,0.9218040747445454,0.9218067298613994,0.9240191950293678,NA,NA
fLung_L-DS18421.hg19.hotspot.twopass.fdr0.05.merge.fa,fHeart-DS16621.hotspot.twopass.fdr0.05.merge.fa,minimizer,D,24,NA,10,30,0.886539878175323,0.8863624523472013,0.936511074177303,0.9430282651174424,0.9397640201373398,0.9397696696473727,0.9430282651174424,NA,NA
fLung_L-DS18421.hg19.hotspot.twopass.fdr0.05.merge.fa,fIntestine_Sm-DS16559.hotspot.twopass.fdr0.05.merge.fa,minimizer,D,24,NA,10,30,0.8844643411902468,0.884220833427044,0.9289741355603844,0.9483320593398534,0.9386031936070959,0.9386530974501189,0.9483320593398534,NA,NA
fLung_L-DS18421.hg19.hotspot.twopass.fdr0.05.merge.fa,fIntestine_Sm-DS16712.hg19.hotspot.twopass.fdr0.05.merge.fa,minimizer,D,24,NA,10,30,0.8541019520648726,0.8539138652128676,0.8741443472563056,0.9736126829712598,0.9225389006629326,0.9238785151137827,0.9736126829712598,NA,NA
fLung_L-DS18421.hg19.hotspot.twopass.fdr0.05.merge.fa,fIntestine_Sm-DS16822.hotspot.twopass.fdr0.05.merge.fa,minimizer,D,24,NA,10,30,0.874003240714873,0.873768253316461,0.916113413485886,0.9497575255935004,0.932783795289868,0.9329354695396932,0.9497575255935004,NA,NA
fLung_L-DS18421.hg19.hotspot.twopass.fdr0.05.merge.fa,fIntestine_Sm-DS17808.hg19.hotspot.twopass.fdr0.05.merge.fa,minimizer,D,24,NA,10,30,0.8772796535407812,0.87701956155572,0.9151681299513316,0.9546265716220267,0.9346891538651666,0.9348973507866791,0.9546265716220267,NA,NA
fLung_L-DS18421.hg19.hotspot.twopass.fdr0.05.merge.fa,fIntestine_Sm-DS18495.hg19.hotspot.twopass.fdr0.05.merge.fa,minimizer,D,24,NA,10,30,0.8591389968771908,0.8589359832148088,0.902344605711848,0.9469633653232263,0.924384814082399,0.9246539855175372,0.9469633653232263,NA,NA
fLung_L-DS18421.hg19.hotspot.twopass.fdr0.05.merge.fa,fKidney_renal_cortex_L-DS17550.hg19.hotspot.twopass.fdr0.05.merge.fa,minimizer,D,24,NA,10,30,0.8740884291796057,0.8738406423920992,0.9397265996287406,0.9257252482475812,0.9326996514024068,0.9327259239381609,0.9397265996287406,NA,NA
fLung_L-DS18421.hg19.hotspot.twopass.fdr0.05.merge.fa,fLung_L-DS17154.hg19.hotspot.twopass.fdr0.05.merge.fa,minimizer,D,24,NA,10,30,0.9276205454939376,0.9274952116252966,0.9673017769839336,0.9575158422044721,0.9623963713848123,0.9624088095942028,0.9673017769839336,NA,NA
fLung_L-DS18421.hg19.hotspot.twopass.fdr0.05.merge.fa,fLung_L-DS18421.hg19.hotspot.twopass.fdr0.05.merge.fa,minimizer,D,24,NA,10,30,1.0,1.0,1.0,1.0,1.0,1.0,1.0,NA,NA
fLung_L-DS18421.hg19.hotspot.twopass.fdr0.05.merge.fa,fLung_R-DS15632.hotspot.twopass.fdr0.05.merge.fa,minimizer,D,24,NA,10,30,0.9149596473600622,0.9148776760290181,0.9448515896980283,0.9664870347688744,0.9556080845325161,0.9556693122334514,0.9664870347688744,NA,NA
fLung_L-DS18421.hg19.hotspot.twopass.fdr0.05.merge.fa,fMuscle_arm-DS19053.hg19.hotspot.twopass.fdr0.05.merge.fa,minimizer,D,24,NA,10,30,0.8650419696071395,0.8648747990475559,0.9279119263061185,0.9271722584086797,0.9275420186264298,0.9275420923573992,0.9279119263061185,NA,NA
fLung_L-DS18421.hg19.hotspot.twopass.fdr0.05.merge.fa,fMuscle_back-DS18454.hg19.hotspot.twopass.fdr0.05.merge.fa,minimizer,D,24,NA,10,30,0.8723498024648608,0.872112277903907,0.9274554756868796,0.9359593451647662,0.931697708322484,0.931707410425823,0.9359593451647662,NA,NA
fLung_L-DS18421.hg19.hotspot.twopass.fdr0.05.merge.fa,fMuscle_leg-DS19115.hg19.hotspot.twopass.fdr0.05.merge.fa,minimizer,D,24,NA,10,30,0.8911191871006213,0.890971652026429,0.9253038774745354,0.9600207796297592,0.9425024932845231,0.9426623285521473,0.9600207796297592,NA,NA
fLung_L-DS18421.hg19.hotspot.twopass.fdr0.05.merge.fa,fMuscle_leg-DS19158.hg19.hotspot.twopass.fdr0.05.merge.fa,minimizer,D,24,NA,10,30,0.8804931803386693,0.8803510975443529,0.939419820174121,0.9333376333523642,0.9363737884443464,0.9363787267632426,0.939419820174121,NA,NA
fLung_L-DS18421.hg19.hotspot.twopass.fdr0.05.merge.fa,fSkin_fibro_bicep_R-DS19745.hg19.hotspot.twopass.fdr0.05.merge.fa,minimizer,D,24,NA,10,30,0.8302074166175509,0.8300477654894585,0.8603450645214683,0.9593010615198232,0.9084767105813915,0.9098230630206458,0.9593010615198232,NA,NA
fLung_L-DS18421.hg19.hotspot.twopass.fdr0.05.merge.fa,fStomach-DS17659.hg19.hotspot.twopass.fdr0.05.merge.fa,minimizer,D,24,NA,10,30,0.8720895046330752,0.8719437562141117,0.8921692978880554,0.9746593773880483,0.9325026393551411,0.9334143376380519,0.9746593773880483,NA,NA
fLung_R-DS15632.hotspot.twopass.fdr0.05.merge.fa,fBrain-DS14718.hotspot.twopass.fdr0.05.merge.fa,minimizer,D,24,NA,10,30,0.8473704207959979,0.8471434719816346,0.9161875662951341,0.9183090339842905,0.9172476868070601,0.9172483001397123,0.9183090339842905,NA,NA
fLung_R-DS15632.hotspot.twopass.fdr0.05.merge.fa,fBrain-DS16302.hotspot.twopass.fdr0.05.merge.fa,minimizer,D,24,NA,10,30,0.8673142511076404,0.8671178209645424,0.9315305976906217,0.9261456506675761,0.9288342217613093,0.928838124179099,0.9315305976906217,NA,NA
fLung_R-DS15632.hotspot.twopass.fdr0.05.merge.fa,fHeart-DS15643.hotspot.twopass.fdr0.05.merge.fa,minimizer,D,24,NA,10,30,0.8816530235868897,0.8814829761583198,0.9328444176605342,0.941210365622121,0.9370180550100548,0.9370273916413276,0.941210365622121,NA,NA
fLung_R-DS15632.hotspot.twopass.fdr0.05.merge.fa,fHeart-DS15839.hotspot.twopass.fdr0.05.merge.fa,minimizer,D,24,NA,10,30,0.8535369737181845,0.8532810650659478,0.9336417786192961,0.908370671786169,0.9209195456998639,0.9210062252027326,0.9336417786192961,NA,NA
fLung_R-DS15632.hotspot.twopass.fdr0.05.merge.fa,fHeart-DS16621.hotspot.twopass.fdr0.05.merge.fa,minimizer,D,24,NA,10,30,0.8832113869897246,0.883022145777336,0.9453004707137447,0.9305703963827672,0.9379065165211861,0.9379354335482559,0.9453004707137447,NA,NA
fLung_R-DS15632.hotspot.twopass.fdr0.05.merge.fa,fIntestine_Sm-DS16559.hotspot.twopass.fdr0.05.merge.fa,minimizer,D,24,NA,10,30,0.8795895243529062,0.8793834943767325,0.9367655910303766,0.9348787874479416,0.9358217137176466,0.9358221892391592,0.9367655910303766,NA,NA
fLung_R-DS15632.hotspot.twopass.fdr0.05.merge.fa,fIntestine_Sm-DS16712.hg19.hotspot.twopass.fdr0.05.merge.fa,minimizer,D,24,NA,10,30,0.8588725059293782,0.8586708691135326,0.8862621484734162,0.9650122718210074,0.9247993562537218,0.9256372101472118,0.9650122718210074,NA,NA
fLung_R-DS15632.hotspot.twopass.fdr0.05.merge.fa,fIntestine_Sm-DS16822.hotspot.twopass.fdr0.05.merge.fa,minimizer,D,24,NA,10,30,0.8720732346654837,0.8718539667640394,0.9253286993212888,0.9378364310272175,0.931561573326495,0.9315825651742531,0.9378364310272175,NA,NA
fLung_R-DS15632.hotspot.twopass.fdr0.05.merge.fa,fIntestine_Sm-DS17808.hg19.hotspot.twopass.fdr0.05.merge.fa,minimizer,D,24,NA,10,30,0.8758217617924338,0.8756025258650123,0.924627679002766,0.9429031499183249,0.9337207029049843,0.9337654144605454,0.9429031499183249,NA,NA
fLung_R-DS15632.hotspot.twopass.fdr0.05.merge.fa,fIntestine_Sm-DS18495.hg19.hotspot.twopass.fdr0.05.merge.fa,minimizer,D,24,NA,10,30,0.8591909098235152,0.8590033778258191,0.9124649111060056,0.9361479484134048,0.9242305743325672,0.9243064297597052,0.9361479484134048,NA,NA
fLung_R-DS15632.hotspot.twopass.fdr0.05.merge.fa,fKidney_renal_cortex_L-DS17550.hg19.hotspot.twopass.fdr0.05.merge.fa,minimizer,D,24,NA,10,30,0.8691853619479725,0.868985055498233,0.9477403078480524,0.9127198720534829,0.9300652732572069,0.9302300899507676,0.9477403078480524,NA,NA
fLung_R-DS15632.hotspot.twopass.fdr0.05.merge.fa,fLung_L-DS17154.hg19.hotspot.twopass.fdr0.05.merge.fa,minimizer,D,24,NA,10,30,0.9185188176385075,0.9184075627274628,0.9734356018010466,0.9420170731369522,0.9575974919014406,0.9577263374689994,0.9734356018010466,NA,NA
fLung_R-DS15632.hotspot.twopass.fdr0.05.merge.fa,fLung_L-DS18421.hg19.hotspot.twopass.fdr0.05.merge.fa,minimizer,D,24,NA,10,30,0.9149596473600622,0.9148776760290181,0.9664870347688744,0.9448515896980283,0.9556080845325161,0.9556693122334514,0.9664870347688744,NA,NA
fLung_R-DS15632.hotspot.twopass.fdr0.05.merge.fa,fLung_R-DS15632.hotspot.twopass.fdr0.05.merge.fa,minimizer,D,24,NA,10,30,1.0,1.0,1.0,1.0,1.0,1.0,1.0,NA,NA
fLung_R-DS15632.hotspot.twopass.fdr0.05.merge.fa,fMuscle_arm-DS19053.hg19.hotspot.twopass.fdr0.05.merge.fa,minimizer,D,24,NA,10,30,0.8666156069135958,0.8665051468309896,0.939487814443411,0.9177246337075433,0.9285424655785969,0.9286062240754771,0.939487814443411,NA,NA
fLung_R-DS15632.hotspot.twopass.fdr0.05.merge.fa,fMuscle_back-DS18454.hg19.hotspot.twopass.fdr0.05.merge.fa,minimizer,D,24,NA,10,30,0.8728702907550715,0.8726915214854816,0.9383582572951088,0.9257637282284469,0.9320397194795231,0.9320609927617778,0.9383582572951088,NA,NA
fLung_R-DS15632.hotspot.twopass.fdr0.05.merge.fa,fMuscle_leg-DS19115.hg19.hotspot.twopass.fdr0.05.merge.fa,minimizer,D,24,NA,10,30,0.8935753460433533,0.8934753898667707,0.9370913996599011,0.9504860978562185,0.9437649854690316,0.9437887487580598,0.9504860978562185,NA,NA
fLung_R-DS15632.hotspot.twopass.fdr0.05.merge.fa,fMuscle_leg-DS19158.hg19.hotspot.twopass.fdr0.05.merge.fa,minimizer,D,24,NA,10,30,0.8792058019260492,0.879109222735071,0.9494969560855272,0.9222320289954089,0.9357651972240261,0.935864492540468,0.9494969560855272,NA,NA
fLung_R-DS15632.hotspot.twopass.fdr0.05.merge.fa,fSkin_fibro_bicep_R-DS19745.hg19.hotspot.twopass.fdr0.05.merge.fa,minimizer,D,24,NA,10,30,0.8365551729791769,0.8363826307303373,0.8732738564685741,0.9519196191523169,0.911749152379776,0.9125967378104456,0.9519196191523169,NA,NA
fLung_R-DS15632.hotspot.twopass.fdr0.05.merge.fa,fStomach-DS17659.hg19.hotspot.twopass.fdr0.05.merge.fa,minimizer,D,24,NA,10,30,0.8760945999734643,0.8759497505919699,0.9041413940045258,0.9656272438067565,0.9343787039012548,0.934884318905641,0.9656272438067565,NA,NA
fMuscle_arm-DS19053.hg19.hotspot.twopass.fdr0.05.merge.fa,fBrain-DS14718.hotspot.twopass.fdr0.05.merge.fa,minimizer,D,24,NA,10,30,0.8303116740173471,0.8300804257976556,0.895621221204283,0.9189832606639239,0.9072270444503501,0.9073022409341034,0.9189832606639239,NA,NA
fMuscle_arm-DS19053.hg19.hotspot.twopass.fdr0.05.merge.fa,fBrain-DS16302.hotspot.twopass.fdr0.05.merge.fa,minimizer,D,24,NA,10,30,0.8484867384965619,0.8481790095277304,0.9098292821109751,0.9260210079477934,0.9178894426241226,0.9179251450293843,0.9260210079477934,NA,NA
fMuscle_arm-DS19053.hg19.hotspot.twopass.fdr0.05.merge.fa,fHeart-DS15643.hotspot.twopass.fdr0.05.merge.fa,minimizer,D,24,NA,10,30,0.863199556716536,0.8630176610003609,0.9117199305469509,0.9417111129125934,0.9265941886607973,0.9267155217297721,0.9417111129125934,NA,NA
fMuscle_arm-DS19053.hg19.hotspot.twopass.fdr0.05.merge.fa,fHeart-DS15839.hotspot.twopass.fdr0.05.merge.fa,minimizer,D,24,NA,10,30,0.8359176293935586,0.8356599400918278,0.9122994733903349,0.9086549838757677,0.9104754050952536,0.9104772286330514,0.9122994733903349,NA,NA
fMuscle_arm-DS19053.hg19.hotspot.twopass.fdr0.05.merge.fa,fHeart-DS16621.hotspot.twopass.fdr0.05.merge.fa,minimizer,D,24,NA,10,30,0.8647132023197389,0.86449301570606,0.9237509737822074,0.930921433913322,0.9273292732854712,0.9273362038477647,0.930921433913322,NA,NA
fMuscle_arm-DS19053.hg19.hotspot.twopass.fdr0.05.merge.fa,fIntestine_Sm-DS16559.hotspot.twopass.fdr0.05.merge.fa,minimizer,D,24,NA,10,30,0.8570576603157664,0.8567838111527479,0.9130892880155732,0.9328598160297569,0.9229216138096178,0.9229745520226651,0.9328598160297569,NA,NA
fMuscle_arm-DS19053.hg19.hotspot.twopass.fdr0.05.merge.fa,fIntestine_Sm-DS16712.hg19.hotspot.twopass.fdr0.05.merge.fa,minimizer,D,24,NA,10,30,0.8362777071919333,0.836057922257358,0.8638628972758782,0.962928894289689,0.9120518321300323,0.9133958957827836,0.962928894289689,NA,NA
fMuscle_arm-DS19053.hg19.hotspot.twopass.fdr0.05.merge.fa,fIntestine_Sm-DS16822.hotspot.twopass.fdr0.05.merge.fa,minimizer,D,24,NA,10,30,0.8484483586365389,0.8481981087590911,0.9012548780733716,0.9350987096589154,0.9180208459290088,0.9181767938661435,0.9350987096589154,NA,NA
fMuscle_arm-DS19053.hg19.hotspot.twopass.fdr0.05.merge.fa,fIntestine_Sm-DS17808.hg19.hotspot.twopass.fdr0.05.merge.fa,minimizer,D,24,NA,10,30,0.8522092673743494,0.8519607990033099,0.9006970775504587,0.9402811122605726,0.920276289974371,0.9204890949055157,0.9402811122605726,NA,NA
fMuscle_arm-DS19053.hg19.hotspot.twopass.fdr0.05.merge.fa,fIntestine_Sm-DS18495.hg19.hotspot.twopass.fdr0.05.merge.fa,minimizer,D,24,NA,10,30,0.8380374280608107,0.8378113138018273,0.8899229608613591,0.934672557170177,0.9120233382500372,0.9122977590157682,0.934672557170177,NA,NA
fMuscle_arm-DS19053.hg19.hotspot.twopass.fdr0.05.merge.fa,fKidney_renal_cortex_L-DS17550.hg19.hotspot.twopass.fdr0.05.merge.fa,minimizer,D,24,NA,10,30,0.8474896071423093,0.8472870491169991,0.9238972788556671,0.9108578482224428,0.9173543957473813,0.9173775635390549,0.9238972788556671,NA,NA
fMuscle_arm-DS19053.hg19.hotspot.twopass.fdr0.05.merge.fa,fLung_L-DS17154.hg19.hotspot.twopass.fdr0.05.merge.fa,minimizer,D,24,NA,10,30,0.8699631134145772,0.8698025690793094,0.934747993046946,0.9260295636471259,0.9303785660263729,0.9303887783470359,0.934747993046946,NA,NA
fMuscle_arm-DS19053.hg19.hotspot.twopass.fdr0.05.merge.fa,fLung_L-DS18421.hg19.hotspot.twopass.fdr0.05.merge.fa,minimizer,D,24,NA,10,30,0.8650419696071395,0.8648747990475559,0.9271722584086797,0.9279119263061185,0.9275420186264298,0.9275420923573992,0.9279119263061185,NA,NA
fMuscle_arm-DS19053.hg19.hotspot.twopass.fdr0.05.merge.fa,fLung_R-DS15632.hotspot.twopass.fdr0.05.merge.fa,minimizer,D,24,NA,10,30,0.8666156069135958,0.8665051468309896,0.9177246337075433,0.939487814443411,0.9285424655785969,0.9286062240754771,0.939487814443411,NA,NA
fMuscle_arm-DS19053.hg19.hotspot.twopass.fdr0.05.merge.fa,fMuscle_arm-DS19053.hg19.hotspot.twopass.fdr0.05.merge.fa,minimizer,D,24,NA,10,30,1.0,1.0,1.0,1.0,1.0,1.0,1.0,NA,NA
fMuscle_arm-DS19053.hg19.hotspot.twopass.fdr0.05.merge.fa,fMuscle_back-DS18454.hg19.hotspot.twopass.fdr0.05.merge.fa,minimizer,D,24,NA,10,30,0.8846781217831974,0.8844148290467369,0.934027630859752,0.943343729717807,0.9386741228747736,0.9386856802887795,0.943343729717807,NA,NA
fMuscle_arm-DS19053.hg19.hotspot.twopass.fdr0.05.merge.fa,fMuscle_leg-DS19115.hg19.hotspot.twopass.fdr0.05.merge.fa,minimizer,D,24,NA,10,30,0.9053550706408394,0.9051456828756154,0.9326654023103069,0.968430471414034,0.9503797110791719,0.9505479368621705,0.968430471414034,NA,NA
fMuscle_arm-DS19053.hg19.hotspot.twopass.fdr0.05.merge.fa,fMuscle_leg-DS19158.hg19.hotspot.twopass.fdr0.05.merge.fa,minimizer,D,24,NA,10,30,0.8897905800412852,0.8896835234636306,0.9443120601450667,0.9389466630021759,0.9416255400667085,0.9416293615736213,0.9443120601450667,NA,NA
fMuscle_arm-DS19053.hg19.hotspot.twopass.fdr0.05.merge.fa,fSkin_fibro_bicep_R-DS19745.hg19.hotspot.twopass.fdr0.05.merge.fa,minimizer,D,24,NA,10,30,0.8216818886505852,0.8214585933416193,0.855134983548982,0.9542523871481513,0.9033352641104582,0.9046936853485666,0.9542523871481513,NA,NA
fMuscle_arm-DS19053.hg19.hotspot.twopass.fdr0.05.merge.fa,fStomach-DS17659.hg19.hotspot.twopass.fdr0.05.merge.fa,minimizer,D,24,NA,10,30,0.852304805351322,0.8520467685792341,0.8808411678318767,0.9630515258600622,0.9210295493201334,0.9219463468459694,0.9630515258600622,NA,NA
fMuscle_back-DS18454.hg19.hotspot.twopass.fdr0.05.merge.fa,fBrain-DS14718.hotspot.twopass.fdr0.05.merge.fa,minimizer,D,24,NA,10,30,0.8386008842286474,0.838350777044285,0.9049081272815933,0.9193427827006119,0.9120969004571058,0.9121254549911026,0.9193427827006119,NA,NA
fMuscle_back-DS18454.hg19.hotspot.twopass.fdr0.05.merge.fa,fBrain-DS16302.hotspot.twopass.fdr0.05.merge.fa,minimizer,D,24,NA,10,30,0.8557550872721839,0.8554546351240762,0.9185536501604699,0.9256679205767846,0.9221039243394734,0.9221107853686272,0.9256679205767846,NA,NA
fMuscle_back-DS18454.hg19.hotspot.twopass.fdr0.05.merge.fa,fHeart-DS15643.hotspot.twopass.fdr0.05.merge.fa,minimizer,D,24,NA,10,30,0.8728938929893725,0.8726712481823227,0.9216657669450115,0.9425826912793924,0.9320655551339263,0.9321242291122019,0.9425826912793924,NA,NA
fMuscle_back-DS18454.hg19.hotspot.twopass.fdr0.05.merge.fa,fHeart-DS15839.hotspot.twopass.fdr0.05.merge.fa,minimizer,D,24,NA,10,30,0.843188932256444,0.8428714052270638,0.9211516665828426,0.9084112161854965,0.9147592610801035,0.9147814413841695,0.9211516665828426,NA,NA
fMuscle_back-DS18454.hg19.hotspot.twopass.fdr0.05.merge.fa,fHeart-DS16621.hotspot.twopass.fdr0.05.merge.fa,minimizer,D,24,NA,10,30,0.8730970081452396,0.8728489411220612,0.9331310857699923,0.9310875829456655,0.9321087743504224,0.9321093343578288,0.9331310857699923,NA,NA
fMuscle_back-DS18454.hg19.hotspot.twopass.fdr0.05.merge.fa,fIntestine_Sm-DS16559.hotspot.twopass.fdr0.05.merge.fa,minimizer,D,24,NA,10,30,0.8658278596952722,0.8655186029279898,0.9226087008324729,0.9332767371382563,0.9279273883059471,0.9279427189853646,0.9332767371382563,NA,NA
fMuscle_back-DS18454.hg19.hotspot.twopass.fdr0.05.merge.fa,fIntestine_Sm-DS16712.hg19.hotspot.twopass.fdr0.05.merge.fa,minimizer,D,24,NA,10,30,0.8444222928531159,0.8441759524918392,0.8725072364154114,0.9629598758372206,0.9166184920923541,0.917733556126316,0.9629598758372206,NA,NA
fMuscle_back-DS18454.hg19.hotspot.twopass.fdr0.05.merge.fa,fIntestine_Sm-DS16822.hotspot.twopass.fdr0.05.merge.fa,minimizer,D,24,NA,10,30,0.8582026653096275,0.8579123058625595,0.9112494617389536,0.9361315255690371,0.9236067067706094,0.9236904936539954,0.9361315255690371,NA,NA
fMuscle_back-DS18454.hg19.hotspot.twopass.fdr0.05.merge.fa,fIntestine_Sm-DS17808.hg19.hotspot.twopass.fdr0.05.merge.fa,minimizer,D,24,NA,10,30,0.8611506078954516,0.8608821432335328,0.9101854532197787,0.9408028098940857,0.9253675118102481,0.9254941315569323,0.9408028098940857,NA,NA
fMuscle_back-DS18454.hg19.hotspot.twopass.fdr0.05.merge.fa,fIntestine_Sm-DS18495.hg19.hotspot.twopass.fdr0.05.merge.fa,minimizer,D,24,NA,10,30,0.847194942547016,0.8469346748294023,0.8995247166018914,0.93542707815235,0.9173002656582674,0.9174758973771207,0.93542707815235,NA,NA
fMuscle_back-DS18454.hg19.hotspot.twopass.fdr0.05.merge.fa,fKidney_renal_cortex_L-DS17550.hg19.hotspot.twopass.fdr0.05.merge.fa,minimizer,D,24,NA,10,30,0.8539673454866079,0.8537177402425545,0.9323392976023839,0.9101032461815151,0.9211541788921783,0.9212212718919495,0.9323392976023839,NA,NA
fMuscle_back-DS18454.hg19.hotspot.twopass.fdr0.05.merge.fa,fLung_L-DS17154.hg19.hotspot.twopass.fdr0.05.merge.fa,minimizer,D,24,NA,10,30,0.8763672886489541,0.876149326014025,0.9430851428307505,0.9250622751532807,0.9340302392804372,0.9340737089920156,0.9430851428307505,NA,NA
fMuscle_back-DS18454.hg19.hotspot.twopass.fdr0.05.merge.fa,fLung_L-DS18421.hg19.hotspot.twopass.fdr0.05.merge.fa,minimizer,D,24,NA,10,30,0.8723498024648608,0.872112277903907,0.9359593451647662,0.9274554756868796,0.931697708322484,0.931707410425823,0.9359593451647662,NA,NA
fMuscle_back-DS18454.hg19.hotspot.twopass.fdr0.05.merge.fa,fLung_R-DS15632.hotspot.twopass.fdr0.05.merge.fa,minimizer,D,24,NA,10,30,0.8728702907550715,0.8726915214854816,0.9257637282284469,0.9383582572951088,0.9320397194795231,0.9320609927617778,0.9383582572951088,NA,NA
fMuscle_back-DS18454.hg19.hotspot.twopass.fdr0.05.merge.fa,fMuscle_arm-DS19053.hg19.hotspot.twopass.fdr0.05.merge.fa,minimizer,D,24,NA,10,30,0.8846781217831974,0.8844148290467369,0.943343729717807,0.934027630859752,0.9386741228747736,0.9386856802887795,0.943343729717807,NA,NA
fMuscle_back-DS18454.hg19.hotspot.twopass.fdr0.05.merge.fa,fMuscle_back-DS18454.hg19.hotspot.twopass.fdr0.05.merge.fa,minimizer,D,24,NA,10,30,1.0,1.0,1.0,1.0,1.0,1.0,1.0,NA,NA
fMuscle_back-DS18454.hg19.hotspot.twopass.fdr0.05.merge.fa,fMuscle_leg-DS19115.hg19.hotspot.twopass.fdr0.05.merge.fa,minimizer,D,24,NA,10,30,0.916276361011541,0.9160994463374411,0.9431484856578956,0.9696442085384293,0.9563045889830124,0.9563963470981625,0.9696442085384293,NA,NA
fMuscle_back-DS18454.hg19.hotspot.twopass.fdr0.05.merge.fa,fMuscle_leg-DS19158.hg19.hotspot.twopass.fdr0.05.merge.fa,minimizer,D,24,NA,10,30,0.8956668837460489,0.8954905914409365,0.9523028141930906,0.9375408747861061,0.9448930169494644,0.9449218444895984,0.9523028141930906,NA,NA
fMuscle_back-DS18454.hg19.hotspot.twopass.fdr0.05.merge.fa,fSkin_fibro_bicep_R-DS19745.hg19.hotspot.twopass.fdr0.05.merge.fa,minimizer,D,24,NA,10,30,0.8320949155845738,0.8319114696669364,0.8651338939074995,0.9558762367329978,0.9093739224205108,0.9105050653202487,0.9558762367329978,NA,NA
fMuscle_back-DS18454.hg19.hotspot.twopass.fdr0.05.merge.fa,fStomach-DS17659.hg19.hotspot.twopass.fdr0.05.merge.fa,minimizer,D,24,NA,10,30,0.8622854340362923,0.862039917360407,0.89061269600373,0.9641188150767428,0.9266371766573039,0.9273657555402364,0.9641188150767428,NA,NA
fMuscle_leg-DS19115.hg19.hotspot.twopass.fdr0.05.merge.fa,fBrain-DS14718.hotspot.twopass.fdr0.05.merge.fa,minimizer,D,24,NA,10,30,0.8576535847120688,0.8574313139700981,0.9287608735868412,0.9177926121502239,0.9232604552520328,0.9232767428685326,0.9287608735868412,NA,NA
fMuscle_leg-DS19115.hg19.hotspot.twopass.fdr0.05.merge.fa,fBrain-DS16302.hotspot.twopass.fdr0.05.merge.fa,minimizer,D,24,NA,10,30,0.8753939022719397,0.8751932701212535,0.9428670255580139,0.9242060295587277,0.9334898982275167,0.9335365275583708,0.9428670255580139,NA,NA
fMuscle_leg-DS19115.hg19.hotspot.twopass.fdr0.05.merge.fa,fHeart-DS15643.hotspot.twopass.fdr0.05.merge.fa,minimizer,D,24,NA,10,30,0.8905102917706756,0.8903117825484783,0.9444595145388428,0.939500495578238,0.9419767417313577,0.9419800050585404,0.9444595145388428,NA,NA
fMuscle_leg-DS19115.hg19.hotspot.twopass.fdr0.05.merge.fa,fHeart-DS15839.hotspot.twopass.fdr0.05.merge.fa,minimizer,D,24,NA,10,30,0.8595061572266397,0.8592249286026982,0.9439294037850245,0.905437597659747,0.9244831916933427,0.9246835007223857,0.9439294037850245,NA,NA
fMuscle_leg-DS19115.hg19.hotspot.twopass.fdr0.05.merge.fa,fHeart-DS16621.hotspot.twopass.fdr0.05.merge.fa,minimizer,D,24,NA,10,30,0.8902035901041793,0.8899732054545869,0.9560751568807069,0.9279136741702114,0.9418891716141756,0.9419944155254592,0.9560751568807069,NA,NA
fMuscle_leg-DS19115.hg19.hotspot.twopass.fdr0.05.merge.fa,fIntestine_Sm-DS16559.hotspot.twopass.fdr0.05.merge.fa,minimizer,D,24,NA,10,30,0.8837379054169133,0.8835037255237721,0.9458143099191937,0.9306072661055479,0.938179976975317,0.9382107880123708,0.9458143099191937,NA,NA
fMuscle_leg-DS19115.hg19.hotspot.twopass.fdr0.05.merge.fa,fIntestine_Sm-DS16712.hg19.hotspot.twopass.fdr0.05.merge.fa,minimizer,D,24,NA,10,30,0.8638354902207145,0.8636450381294883,0.8951004506893421,0.9609008855504131,0.9274172824160453,0.9280006681198776,0.9609008855504131,NA,NA
fMuscle_leg-DS19115.hg19.hotspot.twopass.fdr0.05.merge.fa,fIntestine_Sm-DS16822.hotspot.twopass.fdr0.05.merge.fa,minimizer,D,24,NA,10,30,0.8762038114930926,0.8759800692158997,0.9342484961062023,0.9335329630875467,0.9338906610680435,0.9338907295968746,0.9342484961062023,NA,NA
fMuscle_leg-DS19115.hg19.hotspot.twopass.fdr0.05.merge.fa,fIntestine_Sm-DS17808.hg19.hotspot.twopass.fdr0.05.merge.fa,minimizer,D,24,NA,10,30,0.879353498339577,0.8791515191073238,0.9331797553135065,0.9382135221993645,0.9356932537310644,0.9356966387564355,0.9382135221993645,NA,NA
fMuscle_leg-DS19115.hg19.hotspot.twopass.fdr0.05.merge.fa,fIntestine_Sm-DS18495.hg19.hotspot.twopass.fdr0.05.merge.fa,minimizer,D,24,NA,10,30,0.8654586913147929,0.8652748073239853,0.9224993609400006,0.9331051237729727,0.9277870878441926,0.9278022423564867,0.9331051237729727,NA,NA
fMuscle_leg-DS19115.hg19.hotspot.twopass.fdr0.05.merge.fa,fKidney_renal_cortex_L-DS17550.hg19.hotspot.twopass.fdr0.05.merge.fa,minimizer,D,24,NA,10,30,0.8725690485240086,0.8723815314458659,0.9566340571356317,0.908301801540981,0.9321547283105697,0.9324679293383062,0.9566340571356317,NA,NA
fMuscle_leg-DS19115.hg19.hotspot.twopass.fdr0.05.merge.fa,fLung_L-DS17154.hg19.hotspot.twopass.fdr0.05.merge.fa,minimizer,D,24,NA,10,30,0.8953224925282001,0.8951562095214611,0.967408412058921,0.9229912643230211,0.9449388939836214,0.9451998381909711,0.967408412058921,NA,NA
fMuscle_leg-DS19115.hg19.hotspot.twopass.fdr0.05.merge.fa,fLung_L-DS18421.hg19.hotspot.twopass.fdr0.05.merge.fa,minimizer,D,24,NA,10,30,0.8911191871006213,0.890971652026429,0.9600207796297592,0.9253038774745354,0.9425024932845231,0.9426623285521473,0.9600207796297592,NA,NA
fMuscle_leg-DS19115.hg19.hotspot.twopass.fdr0.05.merge.fa,fLung_R-DS15632.hotspot.twopass.fdr0.05.merge.fa,minimizer,D,24,NA,10,30,0.8935753460433533,0.8934753898667707,0.9504860978562185,0.9370913996599011,0.9437649854690316,0.9437887487580598,0.9504860978562185,NA,NA
fMuscle_leg-DS19115.hg19.hotspot.twopass.fdr0.05.merge.fa,fMuscle_arm-DS19053.hg19.hotspot.twopass.fdr0.05.merge.fa,minimizer,D,24,NA,10,30,0.9053550706408394,0.9051456828756154,0.968430471414034,0.9326654023103069,0.9503797110791719,0.9505479368621705,0.968430471414034,NA,NA
fMuscle_leg-DS19115.hg19.hotspot.twopass.fdr0.05.merge.fa,fMuscle_back-DS18454.hg19.hotspot.twopass.fdr0.05.merge.fa,minimizer,D,24,NA,10,30,0.916276361011541,0.9160994463374411,0.9696442085384293,0.9431484856578956,0.9563045889830124,0.9563963470981625,0.9696442085384293,NA,NA
fMuscle_leg-DS19115.hg19.hotspot.twopass.fdr0.05.merge.fa,fMuscle_leg-DS19115.hg19.hotspot.twopass.fdr0.05.merge.fa,minimizer,D,24,NA,10,30,1.0,1.0,1.0,1.0,1.0,1.0,1.0,NA,NA
fMuscle_leg-DS19115.hg19.hotspot.twopass.fdr0.05.merge.fa,fMuscle_leg-DS19158.hg19.hotspot.twopass.fdr0.05.merge.fa,minimizer,D,24,NA,10,30,0.9191484506169821,0.9190538671800423,0.9790261674671513,0.9375125866734354,0.9580445473374968,0.9582693770702934,0.9790261674671513,NA,NA
fMuscle_leg-DS19115.hg19.hotspot.twopass.fdr0.05.merge.fa,fSkin_fibro_bicep_R-DS19745.hg19.hotspot.twopass.fdr0.05.merge.fa,minimizer,D,24,NA,10,30,0.8515290023395026,0.8513548809262059,0.8877478187531007,0.9540598417064595,0.9203067659399435,0.9209038302297801,0.9540598417064595,NA,NA
fMuscle_leg-DS19115.hg19.hotspot.twopass.fdr0.05.merge.fa,fStomach-DS17659.hg19.hotspot.twopass.fdr0.05.merge.fa,minimizer,D,24,NA,10,30,0.8825925522374299,0.8823639532880857,0.9139322618596845,0.9623285015295505,0.9378182468127515,0.9381303816946175,0.9623285015295505,NA,NA
fMuscle_leg-DS19158.hg19.hotspot.twopass.fdr0.05.merge.fa,fBrain-DS14718.hotspot.twopass.fdr0.05.merge.fa,minimizer,D,24,NA,10,30,0.8411310134651865,0.8408916691439392,0.8994283679744225,0.9281633592074118,0.9136829074605588,0.9137958635909171,0.9281633592074118,NA,NA
fMuscle_leg-DS19158.hg19.hotspot.twopass.fdr0.05.merge.fa,fBrain-DS16302.hotspot.twopass.fdr0.05.merge.fa,minimizer,D,24,NA,10,30,0.8637528708152723,0.8635553484163718,0.9160932303011757,0.937724399479441,0.9268457122150111,0.9269088148903084,0.937724399479441,NA,NA
fMuscle_leg-DS19158.hg19.hotspot.twopass.fdr0.05.merge.fa,fHeart-DS15643.hotspot.twopass.fdr0.05.merge.fa,minimizer,D,24,NA,10,30,0.8741485256990426,0.873966036070299,0.9153265382328897,0.9508388416160833,0.9329137287626442,0.9330826899244865,0.9508388416160833,NA,NA
fMuscle_leg-DS19158.hg19.hotspot.twopass.fdr0.05.merge.fa,fHeart-DS15839.hotspot.twopass.fdr0.05.merge.fa,minimizer,D,24,NA,10,30,0.8470092761241632,0.8467605062437517,0.9162459458596232,0.9178004541860886,0.9170228706287126,0.9170232000228559,0.9178004541860886,NA,NA
fMuscle_leg-DS19158.hg19.hotspot.twopass.fdr0.05.merge.fa,fHeart-DS16621.hotspot.twopass.fdr0.05.merge.fa,minimizer,D,24,NA,10,30,0.8797161647628937,0.8795426081246263,0.9296685262242085,0.942238536135131,0.9359324287791309,0.9359535311796697,0.942238536135131,NA,NA
fMuscle_leg-DS19158.hg19.hotspot.twopass.fdr0.05.merge.fa,fIntestine_Sm-DS16559.hotspot.twopass.fdr0.05.merge.fa,minimizer,D,24,NA,10,30,0.8710356408012676,0.8707963155152013,0.9184829972729388,0.9437324154776757,0.9310221144481832,0.9311077063753073,0.9437324154776757,NA,NA
fMuscle_leg-DS19158.hg19.hotspot.twopass.fdr0.05.merge.fa,fIntestine_Sm-DS16712.hg19.hotspot.twopass.fdr0.05.merge.fa,minimizer,D,24,NA,10,30,0.8400533613615232,0.8398546724766844,0.8636683495682134,0.9682132352192238,0.9144479902607295,0.9159407923937186,0.9682132352192238,NA,NA
fMuscle_leg-DS19158.hg19.hotspot.twopass.fdr0.05.merge.fa,fIntestine_Sm-DS16822.hotspot.twopass.fdr0.05.merge.fa,minimizer,D,24,NA,10,30,0.8612507111701119,0.8610306067045103,0.9060479508433786,0.9454435977294394,0.9255361874939035,0.925745774286409,0.9454435977294394,NA,NA
fMuscle_leg-DS19158.hg19.hotspot.twopass.fdr0.05.merge.fa,fIntestine_Sm-DS17808.hg19.hotspot.twopass.fdr0.05.merge.fa,minimizer,D,24,NA,10,30,0.861740922784208,0.861534203216767,0.9036151291216076,0.9487178369167716,0.9258918893183593,0.9261664830191896,0.9487178369167716,NA,NA
fMuscle_leg-DS19158.hg19.hotspot.twopass.fdr0.05.merge.fa,fIntestine_Sm-DS18495.hg19.hotspot.twopass.fdr0.05.merge.fa,minimizer,D,24,NA,10,30,0.8491865424103617,0.8489924022329126,0.89386223653009,0.9441745342677664,0.9186740231852328,0.9190183853989282,0.9441745342677664,NA,NA
fMuscle_leg-DS19158.hg19.hotspot.twopass.fdr0.05.merge.fa,fKidney_renal_cortex_L-DS17550.hg19.hotspot.twopass.fdr0.05.merge.fa,minimizer,D,24,NA,10,30,0.8607952794724841,0.8605793947220178,0.929021797667202,0.9211438017147223,0.9250744135360204,0.9250827996909622,0.929021797667202,NA,NA
fMuscle_leg-DS19158.hg19.hotspot.twopass.fdr0.05.merge.fa,fLung_L-DS17154.hg19.hotspot.twopass.fdr0.05.merge.fa,minimizer,D,24,NA,10,30,0.8873607869550916,0.8872093733690312,0.9419639942228315,0.9385106958320267,0.9402357596192482,0.9402373450274291,0.9419639942228315,NA,NA
fMuscle_leg-DS19158.hg19.hotspot.twopass.fdr0.05.merge.fa,fLung_L-DS18421.hg19.hotspot.twopass.fdr0.05.merge.fa,minimizer,D,24,NA,10,30,0.8804931803386693,0.8803510975443529,0.9333376333523642,0.939419820174121,0.9363737884443464,0.9363787267632426,0.939419820174121,NA,NA
fMuscle_leg-DS19158.hg19.hotspot.twopass.fdr0.05.merge.fa,fLung_R-DS15632.hotspot.twopass.fdr0.05.merge.fa,minimizer,D,24,NA,10,30,0.8792058019260492,0.879109222735071,0.9222320289954089,0.9494969560855272,0.9357651972240261,0.935864492540468,0.9494969560855272,NA,NA
fMuscle_leg-DS19158.hg19.hotspot.twopass.fdr0.05.merge.fa,fMuscle_arm-DS19053.hg19.hotspot.twopass.fdr0.05.merge.fa,minimizer,D,24,NA,10,30,0.8897905800412852,0.8896835234636306,0.9389466630021759,0.9443120601450667,0.9416255400667085,0.9416293615736213,0.9443120601450667,NA,NA
fMuscle_leg-DS19158.hg19.hotspot.twopass.fdr0.05.merge.fa,fMuscle_back-DS18454.hg19.hotspot.twopass.fdr0.05.merge.fa,minimizer,D,24,NA,10,30,0.8956668837460489,0.8954905914409365,0.9375408747861061,0.9523028141930906,0.9448930169494644,0.9449218444895984,0.9523028141930906,NA,NA
fMuscle_leg-DS19158.hg19.hotspot.twopass.fdr0.05.merge.fa,fMuscle_leg-DS19115.hg19.hotspot.twopass.fdr0.05.merge.fa,minimizer,D,24,NA,10,30,0.9191484506169821,0.9190538671800423,0.9375125866734354,0.9790261674671513,0.9580445473374968,0.9582693770702934,0.9790261674671513,NA,NA
fMuscle_leg-DS19158.hg19.hotspot.twopass.fdr0.05.merge.fa,fMuscle_leg-DS19158.hg19.hotspot.twopass.fdr0.05.merge.fa,minimizer,D,24,NA,10,30,1.0,1.0,1.0,1.0,1.0,1.0,1.0,NA,NA
fMuscle_leg-DS19158.hg19.hotspot.twopass.fdr0.05.merge.fa,fSkin_fibro_bicep_R-DS19745.hg19.hotspot.twopass.fdr0.05.merge.fa,minimizer,D,24,NA,10,30,0.8286676742989452,0.8285253793350383,0.8568510883910846,0.9616312042543805,0.9077305459199857,0.9092411463227326,0.9616312042543805,NA,NA
fMuscle_leg-DS19158.hg19.hotspot.twopass.fdr0.05.merge.fa,fStomach-DS17659.hg19.hotspot.twopass.fdr0.05.merge.fa,minimizer,D,24,NA,10,30,0.8581633726245277,0.8579664665543444,0.8817352026381786,0.969537726874882,0.9245947999374554,0.9256364647565303,0.969537726874882,NA,NA
fSkin_fibro_bicep_R-DS19745.hg19.hotspot.twopass.fdr0.05.merge.fa,fBrain-DS14718.hotspot.twopass.fdr0.05.merge.fa,minimizer,D,24,NA,10,30,0.8180230101725763,0.817776420217792,0.9391370731119342,0.8635423259517203,0.900546840815385,0.9013396995318272,0.9391370731119342,NA,NA
fSkin_fibro_bicep_R-DS19745.hg19.hotspot.twopass.fdr0.05.merge.fa,fBrain-DS16302.hotspot.twopass.fdr0.05.merge.fa,minimizer,D,24,NA,10,30,0.8280951257413901,0.8279479481983827,0.949538637999867,0.8660540348319574,0.9068361311001157,0.9077963364159123,0.949538637999867,NA,NA
fSkin_fibro_bicep_R-DS19745.hg19.hotspot.twopass.fdr0.05.merge.fa,fHeart-DS15643.hotspot.twopass.fdr0.05.merge.fa,minimizer,D,24,NA,10,30,0.8389935343405687,0.8388236776952424,0.949010640210888,0.878412985226718,0.9130297199322511,0.913711812718803,0.949010640210888,NA,NA
fSkin_fibro_bicep_R-DS19745.hg19.hotspot.twopass.fdr0.05.merge.fa,fHeart-DS15839.hotspot.twopass.fdr0.05.merge.fa,minimizer,D,24,NA,10,30,0.811852218005549,0.8116242221031537,0.9499515358137983,0.8478801281033436,0.8974658934342694,0.8989158319585709,0.9499515358137983,NA,NA
fSkin_fibro_bicep_R-DS19745.hg19.hotspot.twopass.fdr0.05.merge.fa,fHeart-DS16621.hotspot.twopass.fdr0.05.merge.fa,minimizer,D,24,NA,10,30,0.8345963595604181,0.8343808043029175,0.9585259744391132,0.8656322443728932,0.9108957078301797,0.9120791094060032,0.9585259744391132,NA,NA
fSkin_fibro_bicep_R-DS19745.hg19.hotspot.twopass.fdr0.05.merge.fa,fIntestine_Sm-DS16559.hotspot.twopass.fdr0.05.merge.fa,minimizer,D,24,NA,10,30,0.8380555851521584,0.8378468343776876,0.9538293125270496,0.8732633254606368,0.9126577438334725,0.9135463189938432,0.9538293125270496,NA,NA
fSkin_fibro_bicep_R-DS19745.hg19.hotspot.twopass.fdr0.05.merge.fa,fIntestine_Sm-DS16712.hg19.hotspot.twopass.fdr0.05.merge.fa,minimizer,D,24,NA,10,30,0.843781693167168,0.8436139769358141,0.9156793670585572,0.9146695980619822,0.9151743432926323,0.9151744825602697,0.9156793670585572,NA,NA
fSkin_fibro_bicep_R-DS19745.hg19.hotspot.twopass.fdr0.05.merge.fa,fIntestine_Sm-DS16822.hotspot.twopass.fdr0.05.merge.fa,minimizer,D,24,NA,10,30,0.839008059516429,0.8388145633460834,0.9467931022990563,0.8803114149394723,0.9129473016225059,0.9135522586192644,0.9467931022990563,NA,NA
fSkin_fibro_bicep_R-DS19745.hg19.hotspot.twopass.fdr0.05.merge.fa,fIntestine_Sm-DS17808.hg19.hotspot.twopass.fdr0.05.merge.fa,minimizer,D,24,NA,10,30,0.8402413017682739,0.840028853746469,0.9445295545947275,0.8836207974754099,0.9135677086401899,0.9140751760350687,0.9445295545947275,NA,NA
fSkin_fibro_bicep_R-DS19745.hg19.hotspot.twopass.fdr0.05.merge.fa,fIntestine_Sm-DS18495.hg19.hotspot.twopass.fdr0.05.merge.fa,minimizer,D,24,NA,10,30,0.8364288799548127,0.836204759179706,0.9392509702832048,0.8840160510901502,0.9112150864271019,0.9116335106866775,0.9392509702832048,NA,NA
fSkin_fibro_bicep_R-DS19745.hg19.hotspot.twopass.fdr0.05.merge.fa,fKidney_renal_cortex_L-DS17550.hg19.hotspot.twopass.fdr0.05.merge.fa,minimizer,D,24,NA,10,30,0.8145430286857905,0.8143627722738577,0.956879432772443,0.8453869809338997,0.8994072574697394,0.9011332068531714,0.956879432772443,NA,NA
fSkin_fibro_bicep_R-DS19745.hg19.hotspot.twopass.fdr0.05.merge.fa,fLung_L-DS17154.hg19.hotspot.twopass.fdr0.05.merge.fa,minimizer,D,24,NA,10,30,0.8289369146690849,0.8287627254811496,0.9636532583520894,0.8555049433804038,0.9079703333396119,0.9095791008662466,0.9636532583520894,NA,NA
fSkin_fibro_bicep_R-DS19745.hg19.hotspot.twopass.fdr0.05.merge.fa,fLung_L-DS18421.hg19.hotspot.twopass.fdr0.05.merge.fa,minimizer,D,24,NA,10,30,0.8302074166175509,0.8300477654894585,0.9593010615198232,0.8603450645214683,0.9084767105813915,0.9098230630206458,0.9593010615198232,NA,NA
fSkin_fibro_bicep_R-DS19745.hg19.hotspot.twopass.fdr0.05.merge.fa,fLung_R-DS15632.hotspot.twopass.fdr0.05.merge.fa,minimizer,D,24,NA,10,30,0.8365551729791769,0.8363826307303373,0.9519196191523169,0.8732738564685741,0.911749152379776,0.9125967378104456,0.9519196191523169,NA,NA
fSkin_fibro_bicep_R-DS19745.hg19.hotspot.twopass.fdr0.05.merge.fa,fMuscle_arm-DS19053.hg19.hotspot.twopass.fdr0.05.merge.fa,minimizer,D,24,NA,10,30,0.8216818886505852,0.8214585933416193,0.9542523871481513,0.855134983548982,0.9033352641104582,0.9046936853485666,0.9542523871481513,NA,NA
fSkin_fibro_bicep_R-DS19745.hg19.hotspot.twopass.fdr0.05.merge.fa,fMuscle_back-DS18454.hg19.hotspot.twopass.fdr0.05.merge.fa,minimizer,D,24,NA,10,30,0.8320949155845738,0.8319114696669364,0.9558762367329978,0.8651338939074995,0.9093739224205108,0.9105050653202487,0.9558762367329978,NA,NA
fSkin_fibro_bicep_R-DS19745.hg19.hotspot.twopass.fdr0.05.merge.fa,fMuscle_leg-DS19115.hg19.hotspot.twopass.fdr0.05.merge.fa,minimizer,D,24,NA,10,30,0.8515290023395026,0.8513548809262059,0.9540598417064595,0.8877478187531007,0.9203067659399435,0.9209038302297801,0.9540598417064595,NA,NA
fSkin_fibro_bicep_R-DS19745.hg19.hotspot.twopass.fdr0.05.merge.fa,fMuscle_leg-DS19158.hg19.hotspot.twopass.fdr0.05.merge.fa,minimizer,D,24,NA,10,30,0.8286676742989452,0.8285253793350383,0.9616312042543805,0.8568510883910846,0.9077305459199857,0.9092411463227326,0.9616312042543805,NA,NA
fSkin_fibro_bicep_R-DS19745.hg19.hotspot.twopass.fdr0.05.merge.fa,fSkin_fibro_bicep_R-DS19745.hg19.hotspot.twopass.fdr0.05.merge.fa,minimizer,D,24,NA,10,30,1.0,1.0,1.0,1.0,1.0,1.0,1.0,NA,NA
fSkin_fibro_bicep_R-DS19745.hg19.hotspot.twopass.fdr0.05.merge.fa,fStomach-DS17659.hg19.hotspot.twopass.fdr0.05.merge.fa,minimizer,D,24,NA,10,30,0.854203223569894,0.8539939813734491,0.9307595375289522,0.9119285941097273,0.9212959548988573,0.9213440658193397,0.9307595375289522,NA,NA
fStomach-DS17659.hg19.hotspot.twopass.fdr0.05.merge.fa,fBrain-DS14718.hotspot.twopass.fdr0.05.merge.fa,minimizer,D,24,NA,10,30,0.8449034575662326,0.8446481686161003,0.9457914003495669,0.8876191565918582,0.9162437258121416,0.9167052784707126,0.9457914003495669,NA,NA
fStomach-DS17659.hg19.hotspot.twopass.fdr0.05.merge.fa,fBrain-DS16302.hotspot.twopass.fdr0.05.merge.fa,minimizer,D,24,NA,10,30,0.853326472942291,0.8530502625161902,0.9548630264881132,0.8888942293045,0.9212883555225876,0.9218786278963066,0.9548630264881132,NA,NA
fStomach-DS17659.hg19.hotspot.twopass.fdr0.05.merge.fa,fHeart-DS15643.hotspot.twopass.fdr0.05.merge.fa,minimizer,D,24,NA,10,30,0.8720325176220242,0.871824901187829,0.9587765286865796,0.9057779013883194,0.9319005269094486,0.9322772150374494,0.9587765286865796,NA,NA
fStomach-DS17659.hg19.hotspot.twopass.fdr0.05.merge.fa,fHeart-DS15839.hotspot.twopass.fdr0.05.merge.fa,minimizer,D,24,NA,10,30,0.8416005264467253,0.8413355767005358,0.9584802674481886,0.8731580162675066,0.9148249717605054,0.9158191418578476,0.9584802674481886,NA,NA
fStomach-DS17659.hg19.hotspot.twopass.fdr0.05.merge.fa,fHeart-DS16621.hotspot.twopass.fdr0.05.merge.fa,minimizer,D,24,NA,10,30,0.8657761490703553,0.8655263875704653,0.9673113285403152,0.8916049582059802,0.9286870175981566,0.9294581433731477,0.9673113285403152,NA,NA
fStomach-DS17659.hg19.hotspot.twopass.fdr0.05.merge.fa,fIntestine_Sm-DS16559.hotspot.twopass.fdr0.05.merge.fa,minimizer,D,24,NA,10,30,0.8811588424864614,0.8809733203080906,0.9695809376765367,0.9060147890237338,0.9372591256906713,0.9377978633501353,0.9695809376765367,NA,NA
fStomach-DS17659.hg19.hotspot.twopass.fdr0.05.merge.fa,fIntestine_Sm-DS16712.hg19.hotspot.twopass.fdr0.05.merge.fa,minimizer,D,24,NA,10,30,0.88270704122583,0.8825759478724904,0.9286480160804055,0.9467789917127607,0.9376696818819844,0.9377135038965831,0.9467789917127607,NA,NA
fStomach-DS17659.hg19.hotspot.twopass.fdr0.05.merge.fa,fIntestine_Sm-DS16822.hotspot.twopass.fdr0.05.merge.fa,minimizer,D,24,NA,10,30,0.8817046720206343,0.8814897021286195,0.9621998483638214,0.913110199352764,0.9373337161100567,0.9376550238582928,0.9621998483638214,NA,NA
fStomach-DS17659.hg19.hotspot.twopass.fdr0.05.merge.fa,fIntestine_Sm-DS17808.hg19.hotspot.twopass.fdr0.05.merge.fa,minimizer,D,24,NA,10,30,0.8845979100408905,0.8844277319300268,0.9608714763763974,0.9174709892607698,0.9389204992881504,0.9391712328185835,0.9608714763763974,NA,NA
fStomach-DS17659.hg19.hotspot.twopass.fdr0.05.merge.fa,fIntestine_Sm-DS18495.hg19.hotspot.twopass.fdr0.05.merge.fa,minimizer,D,24,NA,10,30,0.8728706227720696,0.872745188947889,0.9511494788225394,0.913700650511473,0.9322370393487929,0.9324250646670063,0.9511494788225394,NA,NA
fStomach-DS17659.hg19.hotspot.twopass.fdr0.05.merge.fa,fKidney_renal_cortex_L-DS17550.hg19.hotspot.twopass.fdr0.05.merge.fa,minimizer,D,24,NA,10,30,0.8508644550523486,0.85068835758607,0.9694163391395093,0.8741487328899008,0.9205509570369086,0.9217825360147051,0.9694163391395093,NA,NA
fStomach-DS17659.hg19.hotspot.twopass.fdr0.05.merge.fa,fLung_L-DS17154.hg19.hotspot.twopass.fdr0.05.merge.fa,minimizer,D,24,NA,10,30,0.8692117126264062,0.8690138600760126,0.9780983949331561,0.8862595684309521,0.9310472927711384,0.932178981682054,0.9780983949331561,NA,NA
fStomach-DS17659.hg19.hotspot.twopass.fdr0.05.merge.fa,fLung_L-DS18421.hg19.hotspot.twopass.fdr0.05.merge.fa,minimizer,D,24,NA,10,30,0.8720895046330752,0.8719437562141117,0.9746593773880483,0.8921692978880554,0.9325026393551411,0.9334143376380519,0.9746593773880483,NA,NA
fStomach-DS17659.hg19.hotspot.twopass.fdr0.05.merge.fa,fLung_R-DS15632.hotspot.twopass.fdr0.05.merge.fa,minimizer,D,24,NA,10,30,0.8760945999734643,0.8759497505919699,0.9656272438067565,0.9041413940045258,0.9343787039012548,0.934884318905641,0.9656272438067565,NA,NA
fStomach-DS17659.hg19.hotspot.twopass.fdr0.05.merge.fa,fMuscle_arm-DS19053.hg19.hotspot.twopass.fdr0.05.merge.fa,minimizer,D,24,NA,10,30,0.852304805351322,0.8520467685792341,0.9630515258600622,0.8808411678318767,0.9210295493201334,0.9219463468459694,0.9630515258600622,NA,NA
fStomach-DS17659.hg19.hotspot.twopass.fdr0.05.merge.fa,fMuscle_back-DS18454.hg19.hotspot.twopass.fdr0.05.merge.fa,minimizer,D,24,NA,10,30,0.8622854340362923,0.862039917360407,0.9641188150767428,0.89061269600373,0.9266371766573039,0.9273657555402364,0.9641188150767428,NA,NA
fStomach-DS17659.hg19.hotspot.twopass.fdr0.05.merge.fa,fMuscle_leg-DS19115.hg19.hotspot.twopass.fdr0.05.merge.fa,minimizer,D,24,NA,10,30,0.8825925522374299,0.8823639532880857,0.9623285015295505,0.9139322618596845,0.9378182468127515,0.9381303816946175,0.9623285015295505,NA,NA
fStomach-DS17659.hg19.hotspot.twopass.fdr0.05.merge.fa,fMuscle_leg-DS19158.hg19.hotspot.twopass.fdr0.05.merge.fa,minimizer,D,24,NA,10,30,0.8581633726245277,0.8579664665543444,0.969537726874882,0.8817352026381786,0.9245947999374554,0.9256364647565303,0.969537726874882,NA,NA
fStomach-DS17659.hg19.hotspot.twopass.fdr0.05.merge.fa,fSkin_fibro_bicep_R-DS19745.hg19.hotspot.twopass.fdr0.05.merge.fa,minimizer,D,24,NA,10,30,0.854203223569894,0.8539939813734491,0.9119285941097273,0.9307595375289522,0.9212959548988573,0.9213440658193397,0.9307595375289522,NA,NA
fStomach-DS17659.hg19.hotspot.twopass.fdr0.05.merge.fa,fStomach-DS17659.hg19.hotspot.twopass.fdr0.05.merge.fa,minimizer,D,24,NA,10,30,1.0,1.0,1.0,1.0,1.0,1.0,1.0,NA,NA
