resource	assembly	identifier	cell_type	tissue_category	biosample_type	assay	target	output_type	file_format	number_of_intervals	processed_file_download_url	release_date	metadata_source
Roadmap	hg19	NGRMP54HTXBU7W	Adipose	Adipose	Primary tissue	ChIP-seq	H3K27ac	peaks	bed narrowPeak	117574	https://tf.lisanwanglab.org/GADB/Annotationtracks/RoadMap/ChIP-seq/narrowpeak/hg19/BI.Adipose_Nuclei.H3K27ac.7.narrowPeak.bed.gz	11/30/2014	FILER hg19 template
Roadmap	hg19	NGRMP6IX4TGGY5	Adipose	Adipose	Primary tissue	ChIP-seq	H3K27ac	peaks	bed narrowPeak	49824	https://tf.lisanwanglab.org/GADB/Annotationtracks/RoadMap/ChIP-seq/narrowpeak/hg19/UCSD.Adipose_Tissue.H3K27ac.STL003.narrowPeak.bed.gz	11/30/2014	FILER hg19 template
Roadmap	hg19	NGRMPASQXW3FTF	Adipose	Adipose	Primary tissue	ChIP-seq	H3K27ac	peaks	bed broadPeak	768728	https://tf.lisanwanglab.org/GADB/Annotationtracks/RoadMap/ChIP-seq/broadpeak/hg19/1/UCSD.Adipose_Tissue.H3K27ac.STL003.broadPeak.bed.gz	02/08/2015	FILER hg19 template
Roadmap	hg19	NGRMPDOIFB6NZP	Adipose	Adipose	Primary tissue	ChIP-seq	H3K27ac	peaks	bed gappedPeak	44600	https://tf.lisanwanglab.org/GADB/Annotationtracks/RoadMap/ChIP-seq/gappedpeak/hg19/UCSD.Adipose_Tissue.H3K27ac.STL003.gappedPeak.bed.gz	02/08/2015	FILER hg19 template
Roadmap	hg19	NGRMPG3YBPB6UQ	Adipose	Adipose	Primary tissue	ChIP-seq	H3K27ac	peaks	bed broadPeak	122670	https://tf.lisanwanglab.org/GADB/Annotationtracks/RoadMap/ChIP-seq/broadpeak/hg19/1/BI.Adipose_Nuclei.H3K27ac.7.broadPeak.bed.gz	02/08/2015	FILER hg19 template
Roadmap	hg19	NGRMPS6I3K5R2A	Adipose	Adipose	Primary tissue	ChIP-seq	H3K27ac	peaks	bed gappedPeak	49931	https://tf.lisanwanglab.org/GADB/Annotationtracks/RoadMap/ChIP-seq/gappedpeak/hg19/BI.Adipose_Nuclei.H3K27ac.7.gappedPeak.bed.gz	02/08/2015	FILER hg19 template
Roadmap	hg19	NGRMP3DFANVT2K	Adrenal gland	Endocrine	Primary tissue	ChIP-seq	H3K27ac	peaks	bed narrowPeak	155447	https://tf.lisanwanglab.org/GADB/Annotationtracks/RoadMap/ChIP-seq/narrowpeak/hg19/UW.Fetal_Adrenal_Gland.H3K27ac.H-24800.Histone.DS23304.narrowPeak.bed.gz	11/30/2014	FILER hg19 template
Roadmap	hg19	NGRMP454X3EYFF	Adrenal gland	Endocrine	Primary tissue	ChIP-seq	H3K27ac	peaks	bed narrowPeak	70508	https://tf.lisanwanglab.org/GADB/Annotationtracks/RoadMap/ChIP-seq/narrowpeak/hg19/UCSD.Adrenal_Gland.H3K27ac.STL003.narrowPeak.bed.gz	11/30/2014	FILER hg19 template
Roadmap	hg19	NGRMP6DX4CPFRM	Adrenal gland	Endocrine	Primary tissue	ChIP-seq	H3K27ac	peaks	bed gappedPeak	54778	https://tf.lisanwanglab.org/GADB/Annotationtracks/RoadMap/ChIP-seq/gappedpeak/hg19/UCSD.Adrenal_Gland.H3K27ac.STL003.gappedPeak.bed.gz	02/08/2015	FILER hg19 template
Roadmap	hg19	NGRMPMEVPLHYSO	Adrenal gland	Endocrine	Primary tissue	ChIP-seq	H3K27ac	peaks	bed gappedPeak	72977	https://tf.lisanwanglab.org/GADB/Annotationtracks/RoadMap/ChIP-seq/gappedpeak/hg19/UW.Fetal_Adrenal_Gland.H3K27ac.H-24800.Histone.DS23304.gappedPeak.bed.gz	02/08/2015	FILER hg19 template
Roadmap	hg19	NGRMPMEX7WGFRM	Adrenal gland	Endocrine	Primary tissue	ChIP-seq	H3K27ac	peaks	bed narrowPeak	138517	https://tf.lisanwanglab.org/GADB/Annotationtracks/RoadMap/ChIP-seq/narrowpeak/hg19/UCSD.Adrenal_Gland.H3K27ac.STL002.narrowPeak.bed.gz	11/30/2014	FILER hg19 template
Roadmap	hg19	NGRMPOM7Z6LJ6S	Adrenal gland	Endocrine	Primary tissue	ChIP-seq	H3K27ac	peaks	bed broadPeak	201122	https://tf.lisanwanglab.org/GADB/Annotationtracks/RoadMap/ChIP-seq/broadpeak/hg19/2/UW.Fetal_Adrenal_Gland.H3K27ac.H-24800.Histone.DS23304.broadPeak.bed.gz	02/08/2015	FILER hg19 template
Roadmap	hg19	NGRMPVB75FQM2G	Adrenal gland	Endocrine	Primary tissue	ChIP-seq	H3K27ac	peaks	bed broadPeak	788626	https://tf.lisanwanglab.org/GADB/Annotationtracks/RoadMap/ChIP-seq/broadpeak/hg19/1/UCSD.Adrenal_Gland.H3K27ac.STL003.broadPeak.bed.gz	02/08/2015	FILER hg19 template
Roadmap	hg19	NGRMPVSN2OTSST	Adrenal gland	Endocrine	Primary tissue	ChIP-seq	H3K27ac	peaks	bed gappedPeak	70555	https://tf.lisanwanglab.org/GADB/Annotationtracks/RoadMap/ChIP-seq/gappedpeak/hg19/UCSD.Adrenal_Gland.H3K27ac.STL002.gappedPeak.bed.gz	02/08/2015	FILER hg19 template
Roadmap	hg19	NGRMPYVKJWWQMT	Adrenal gland	Endocrine	Primary tissue	ChIP-seq	H3K27ac	peaks	bed broadPeak	851066	https://tf.lisanwanglab.org/GADB/Annotationtracks/RoadMap/ChIP-seq/broadpeak/hg19/1/UCSD.Adrenal_Gland.H3K27ac.STL002.broadPeak.bed.gz	02/08/2015	FILER hg19 template
Roadmap	hg19	NGRMP2U6FK7SWC	Angular gyrus	Brain	Primary tissue	ChIP-seq	H3K27ac	peaks	bed gappedPeak	58710	https://tf.lisanwanglab.org/GADB/Annotationtracks/RoadMap/ChIP-seq/gappedpeak/hg19/BI.Brain_Angular_Gyrus.H3K27ac.149.gappedPeak.bed.gz	02/08/2015	FILER hg19 template
Roadmap	hg19	NGRMPCWEC4RIOO	Angular gyrus	Brain	Primary tissue	ChIP-seq	H3K27ac	peaks	bed gappedPeak	69477	https://tf.lisanwanglab.org/GADB/Annotationtracks/RoadMap/ChIP-seq/gappedpeak/hg19/BI.Brain_Angular_Gyrus.H3K27ac.112.gappedPeak.bed.gz	02/08/2015	FILER hg19 template
Roadmap	hg19	NGRMPDX2LLWAZ5	Angular gyrus	Brain	Primary tissue	ChIP-seq	H3K27ac	peaks	bed broadPeak	246054	https://tf.lisanwanglab.org/GADB/Annotationtracks/RoadMap/ChIP-seq/broadpeak/hg19/1/BI.Brain_Angular_Gyrus.H3K27ac.149.broadPeak.bed.gz	02/08/2015	FILER hg19 template
Roadmap	hg19	NGRMPVPDRRUMKP	Angular gyrus	Brain	Primary tissue	ChIP-seq	H3K27ac	peaks	bed narrowPeak	176667	https://tf.lisanwanglab.org/GADB/Annotationtracks/RoadMap/ChIP-seq/narrowpeak/hg19/BI.Brain_Angular_Gyrus.H3K27ac.149.narrowPeak.bed.gz	11/30/2014	FILER hg19 template
Roadmap	hg19	NGRMPYYORCRNFW	Angular gyrus	Brain	Primary tissue	ChIP-seq	H3K27ac	peaks	bed broadPeak	410127	https://tf.lisanwanglab.org/GADB/Annotationtracks/RoadMap/ChIP-seq/broadpeak/hg19/1/BI.Brain_Angular_Gyrus.H3K27ac.112.broadPeak.bed.gz	02/08/2015	FILER hg19 template
Roadmap	hg19	NGRMPYZFNFPDQS	Angular gyrus	Brain	Primary tissue	ChIP-seq	H3K27ac	peaks	bed narrowPeak	176761	https://tf.lisanwanglab.org/GADB/Annotationtracks/RoadMap/ChIP-seq/narrowpeak/hg19/BI.Brain_Angular_Gyrus.H3K27ac.112.narrowPeak.bed.gz	11/30/2014	FILER hg19 template
Roadmap	hg19	NGRMP4CKAPWFDN	Anterior caudate	Brain	Primary tissue	ChIP-seq	H3K27ac	peaks	bed narrowPeak	198914	https://tf.lisanwanglab.org/GADB/Annotationtracks/RoadMap/ChIP-seq/narrowpeak/hg19/BI.Brain_Anterior_Caudate.H3K27ac.149.narrowPeak.bed.gz	11/30/2014	FILER hg19 template
Roadmap	hg19	NGRMP7B5RGT2MK	Anterior caudate	Brain	Primary tissue	ChIP-seq	H3K27ac	peaks	bed broadPeak	386620	https://tf.lisanwanglab.org/GADB/Annotationtracks/RoadMap/ChIP-seq/broadpeak/hg19/1/BI.Brain_Anterior_Caudate.H3K27ac.112.broadPeak.bed.gz	02/08/2015	FILER hg19 template
Roadmap	hg19	NGRMPAGEWK2BOA	Anterior caudate	Brain	Primary tissue	ChIP-seq	H3K27ac	peaks	bed gappedPeak	70111	https://tf.lisanwanglab.org/GADB/Annotationtracks/RoadMap/ChIP-seq/gappedpeak/hg19/BI.Brain_Anterior_Caudate.H3K27ac.112.gappedPeak.bed.gz	02/08/2015	FILER hg19 template
Roadmap	hg19	NGRMPFEM3NEUDF	Anterior caudate	Brain	Primary tissue	ChIP-seq	H3K27ac	peaks	bed gappedPeak	63480	https://tf.lisanwanglab.org/GADB/Annotationtracks/RoadMap/ChIP-seq/gappedpeak/hg19/BI.Brain_Anterior_Caudate.H3K27ac.149.gappedPeak.bed.gz	02/08/2015	FILER hg19 template
Roadmap	hg19	NGRMPP34U4IPE5	Anterior caudate	Brain	Primary tissue	ChIP-seq	H3K27ac	peaks	bed narrowPeak	190290	https://tf.lisanwanglab.org/GADB/Annotationtracks/RoadMap/ChIP-seq/narrowpeak/hg19/BI.Brain_Anterior_Caudate.H3K27ac.112.narrowPeak.bed.gz	11/30/2014	FILER hg19 template
Roadmap	hg19	NGRMPUFNNWOVUS	Anterior caudate	Brain	Primary tissue	ChIP-seq	H3K27ac	peaks	bed broadPeak	237939	https://tf.lisanwanglab.org/GADB/Annotationtracks/RoadMap/ChIP-seq/broadpeak/hg19/1/BI.Brain_Anterior_Caudate.H3K27ac.149.broadPeak.bed.gz	02/08/2015	FILER hg19 template
Roadmap	hg19	NGRMP6EUVS4YMM	Aorta	Blood Vessel	Primary tissue	ChIP-seq	H3K27ac	peaks	bed gappedPeak	58285	https://tf.lisanwanglab.org/GADB/Annotationtracks/RoadMap/ChIP-seq/gappedpeak/hg19/UCSD.Aorta.H3K27ac.STL003.gappedPeak.bed.gz	02/08/2015	FILER hg19 template
Roadmap	hg19	NGRMP6GCEDWWJE	Aorta	Blood Vessel	Primary tissue	ChIP-seq	H3K27ac	peaks	bed narrowPeak	130935	https://tf.lisanwanglab.org/GADB/Annotationtracks/RoadMap/ChIP-seq/narrowpeak/hg19/UCSD.Aorta.H3K27ac.STL003.narrowPeak.bed.gz	11/30/2014	FILER hg19 template
Roadmap	hg19	NGRMPPTO4OXKCX	Aorta	Blood Vessel	Primary tissue	ChIP-seq	H3K27ac	peaks	bed broadPeak	258492	https://tf.lisanwanglab.org/GADB/Annotationtracks/RoadMap/ChIP-seq/broadpeak/hg19/1/UCSD.Aorta.H3K27ac.STL003.broadPeak.bed.gz	02/08/2015	FILER hg19 template
Roadmap	hg19	NGRMPLQWTFDI5V	CD14+	Blood	Primary cell	ChIP-seq	H3K27ac	peaks	bed gappedPeak	34615	https://tf.lisanwanglab.org/GADB/Annotationtracks/RoadMap/ChIP-seq/gappedpeak/hg19/UW.CD14_Primary_Cells.H3K27ac.RO_01721.Histone.DS22926.gappedPeak.bed.gz	02/08/2015	FILER hg19 template
Roadmap	hg19	NGRMPNUNIPG5JF	CD14+	Blood	Primary cell	ChIP-seq	H3K27ac	peaks	bed narrowPeak	59981	https://tf.lisanwanglab.org/GADB/Annotationtracks/RoadMap/ChIP-seq/narrowpeak/hg19/UW.CD14_Primary_Cells.H3K27ac.RO_01721.Histone.DS22926.narrowPeak.bed.gz	11/30/2014	FILER hg19 template
Roadmap	hg19	NGRMPT3DG5GT5W	CD14+	Blood	Primary cell	ChIP-seq	H3K27ac	peaks	bed broadPeak	137134	https://tf.lisanwanglab.org/GADB/Annotationtracks/RoadMap/ChIP-seq/broadpeak/hg19/1/UW.CD14_Primary_Cells.H3K27ac.RO_01721.Histone.DS22926.broadPeak.bed.gz	02/08/2015	FILER hg19 template
Roadmap	hg19	NGRMP5U7OFPNB5	CD184+ endoderm cell	Stem Cell	In vitro differentiated cells	ChIP-seq	H3K27ac	peaks	bed broadPeak	511357	https://tf.lisanwanglab.org/GADB/Annotationtracks/RoadMap/ChIP-seq/broadpeak/hg19/2/BI.hESC_Derived_CD184+_Endoderm_Cultured_Cells.H3K27ac.DNA_Lib_3188.broadPeak.bed.gz	02/08/2015	FILER hg19 template
Roadmap	hg19	NGRMP7ALIY7WHT	CD184+ endoderm cell	Stem Cell	In vitro differentiated cells	ChIP-seq	H3K27ac	peaks	bed broadPeak	567182	https://tf.lisanwanglab.org/GADB/Annotationtracks/RoadMap/ChIP-seq/broadpeak/hg19/2/BI.hESC_Derived_CD184+_Endoderm_Cultured_Cells.H3K27ac.DNA_Lib_3189.broadPeak.bed.gz	02/08/2015	FILER hg19 template
Roadmap	hg19	NGRMPFBAYIRRKA	CD184+ endoderm cell	Stem Cell	In vitro differentiated cells	ChIP-seq	H3K27ac	peaks	bed narrowPeak	167775	https://tf.lisanwanglab.org/GADB/Annotationtracks/RoadMap/ChIP-seq/narrowpeak/hg19/BI.hESC_Derived_CD184+_Endoderm_Cultured_Cells.H3K27ac.DNA_Lib_3188.narrowPeak.bed.gz	11/30/2014	FILER hg19 template
Roadmap	hg19	NGRMPFE66OXM6Y	CD184+ endoderm cell	Stem Cell	In vitro differentiated cells	ChIP-seq	H3K27ac	peaks	bed narrowPeak	150635	https://tf.lisanwanglab.org/GADB/Annotationtracks/RoadMap/ChIP-seq/narrowpeak/hg19/BI.hESC_Derived_CD184+_Endoderm_Cultured_Cells.H3K27ac.DNA_Lib_3189.narrowPeak.bed.gz	11/30/2014	FILER hg19 template
Roadmap	hg19	NGRMPFRVQZNBSL	CD184+ endoderm cell	Stem Cell	In vitro differentiated cells	ChIP-seq	H3K27ac	peaks	bed gappedPeak	113067	https://tf.lisanwanglab.org/GADB/Annotationtracks/RoadMap/ChIP-seq/gappedpeak/hg19/BI.hESC_Derived_CD184+_Endoderm_Cultured_Cells.H3K27ac.DNA_Lib_3189.gappedPeak.bed.gz	02/08/2015	FILER hg19 template
Roadmap	hg19	NGRMPXI234W7T5	CD184+ endoderm cell	Stem Cell	In vitro differentiated cells	ChIP-seq	H3K27ac	peaks	bed gappedPeak	96918	https://tf.lisanwanglab.org/GADB/Annotationtracks/RoadMap/ChIP-seq/gappedpeak/hg19/BI.hESC_Derived_CD184+_Endoderm_Cultured_Cells.H3K27ac.DNA_Lib_3188.gappedPeak.bed.gz	02/08/2015	FILER hg19 template
Roadmap	hg19	NGRMP4Z4WNYFJJ	CD19+	Blood	Primary cell	ChIP-seq	H3K27ac	peaks	bed gappedPeak	28922	https://tf.lisanwanglab.org/GADB/Annotationtracks/RoadMap/ChIP-seq/gappedpeak/hg19/UW.CD19_Primary_Cells.H3K27ac.RO_01701.Histone.DS21712.gappedPeak.bed.gz	02/08/2015	FILER hg19 template
Roadmap	hg19	NGRMPAI3JTWZH2	CD19+	Blood	Primary cell	ChIP-seq	H3K27ac	peaks	bed narrowPeak	62103	https://tf.lisanwanglab.org/GADB/Annotationtracks/RoadMap/ChIP-seq/narrowpeak/hg19/UW.CD19_Primary_Cells.H3K27ac.RO_01701.Histone.DS21712.narrowPeak.bed.gz	11/30/2014	FILER hg19 template
Roadmap	hg19	NGRMPLFOAWWHVA	CD19+	Blood	Primary cell	ChIP-seq	H3K27ac	peaks	bed broadPeak	341217	https://tf.lisanwanglab.org/GADB/Annotationtracks/RoadMap/ChIP-seq/broadpeak/hg19/1/UW.CD19_Primary_Cells.H3K27ac.RO_01701.Histone.DS21712.broadPeak.bed.gz	02/08/2015	FILER hg19 template
Roadmap	hg19	NGRMPDS2YMXNQE	CD3+	Blood	Primary cell	ChIP-seq	H3K27ac	peaks	bed narrowPeak	77390	https://tf.lisanwanglab.org/GADB/Annotationtracks/RoadMap/ChIP-seq/narrowpeak/hg19/UW.CD3_Primary_Cells.H3K27ac.RO_01701.Histone.DS21704.narrowPeak.bed.gz	11/30/2014	FILER hg19 template
Roadmap	hg19	NGRMPJUA5N6KUA	CD3+	Blood	Primary cell	ChIP-seq	H3K27ac	peaks	bed broadPeak	244437	https://tf.lisanwanglab.org/GADB/Annotationtracks/RoadMap/ChIP-seq/broadpeak/hg19/1/UW.CD3_Primary_Cells.H3K27ac.RO_01701.Histone.DS21704.broadPeak.bed.gz	02/08/2015	FILER hg19 template
Roadmap	hg19	NGRMPU5I644LFK	CD3+	Blood	Primary cell	ChIP-seq	H3K27ac	peaks	bed gappedPeak	31219	https://tf.lisanwanglab.org/GADB/Annotationtracks/RoadMap/ChIP-seq/gappedpeak/hg19/UW.CD3_Primary_Cells.H3K27ac.RO_01701.Histone.DS21704.gappedPeak.bed.gz	02/08/2015	FILER hg19 template
Roadmap	hg19	NGRMP5LY4TGGMJ	CD4+ CD25+ CD127- Treg	Blood	Primary cell	ChIP-seq	H3K27ac	peaks	bed narrowPeak	80700	https://tf.lisanwanglab.org/GADB/Annotationtracks/RoadMap/ChIP-seq/narrowpeak/hg19/BI.CD4+_CD25+_CD127-_Treg_Primary_Cells.H3K27ac.Donor_62.narrowPeak.bed.gz	11/30/2014	FILER hg19 template
Roadmap	hg19	NGRMPSCTFKQHIF	CD4+ CD25+ CD127- Treg	Blood	Primary cell	ChIP-seq	H3K27ac	peaks	bed gappedPeak	31395	https://tf.lisanwanglab.org/GADB/Annotationtracks/RoadMap/ChIP-seq/gappedpeak/hg19/BI.CD4+_CD25+_CD127-_Treg_Primary_Cells.H3K27ac.Donor_62.gappedPeak.bed.gz	02/08/2015	FILER hg19 template
Roadmap	hg19	NGRMPTJURJEGZR	CD4+ CD25+ CD127- Treg	Blood	Primary cell	ChIP-seq	H3K27ac	peaks	bed broadPeak	161229	https://tf.lisanwanglab.org/GADB/Annotationtracks/RoadMap/ChIP-seq/broadpeak/hg19/1/BI.CD4+_CD25+_CD127-_Treg_Primary_Cells.H3K27ac.Donor_62.broadPeak.bed.gz	02/08/2015	FILER hg19 template
Roadmap	hg19	NGRMP24OFTHRSQ	CD4+ CD25- CD45RA+ naive T cell	Blood	Primary cell	ChIP-seq	H3K27ac	peaks	bed gappedPeak	27196	https://tf.lisanwanglab.org/GADB/Annotationtracks/RoadMap/ChIP-seq/gappedpeak/hg19/BI.CD4+_CD25-_CD45RA+_Naive_Primary_Cells.H3K27ac.Donor_62.gappedPeak.bed.gz	02/08/2015	FILER hg19 template
Roadmap	hg19	NGRMP3QO3R25A2	CD4+ CD25- CD45RA+ naive T cell	Blood	Primary cell	ChIP-seq	H3K27ac	peaks	bed broadPeak	212838	https://tf.lisanwanglab.org/GADB/Annotationtracks/RoadMap/ChIP-seq/broadpeak/hg19/1/BI.CD4+_CD25-_CD45RA+_Naive_Primary_Cells.H3K27ac.Donor_62.broadPeak.bed.gz	02/08/2015	FILER hg19 template
Roadmap	hg19	NGRMP3VAFYI4H5	CD4+ CD25- CD45RA+ naive T cell	Blood	Primary cell	ChIP-seq	H3K27ac	peaks	bed narrowPeak	62959	https://tf.lisanwanglab.org/GADB/Annotationtracks/RoadMap/ChIP-seq/narrowpeak/hg19/BI.CD4+_CD25-_CD45RA+_Naive_Primary_Cells.H3K27ac.Donor_62.narrowPeak.bed.gz	11/30/2014	FILER hg19 template
Roadmap	hg19	NGRMP4ZCSNBKWN	CD4+ CD25- CD45RO+ memory cell	Blood	Primary cell	ChIP-seq	H3K27ac	peaks	bed broadPeak	262316	https://tf.lisanwanglab.org/GADB/Annotationtracks/RoadMap/ChIP-seq/broadpeak/hg19/1/BI.CD4+_CD25-_CD45RO+_Memory_Primary_Cells.H3K27ac.Donor_62.broadPeak.bed.gz	02/08/2015	FILER hg19 template
Roadmap	hg19	NGRMPC4FSQXKTF	CD4+ CD25- CD45RO+ memory cell	Blood	Primary cell	ChIP-seq	H3K27ac	peaks	bed gappedPeak	20734	https://tf.lisanwanglab.org/GADB/Annotationtracks/RoadMap/ChIP-seq/gappedpeak/hg19/BI.CD4+_CD25-_CD45RO+_Memory_Primary_Cells.H3K27ac.Donor_62.gappedPeak.bed.gz	02/08/2015	FILER hg19 template
Roadmap	hg19	NGRMPZ3KZDFSSU	CD4+ CD25- CD45RO+ memory cell	Blood	Primary cell	ChIP-seq	H3K27ac	peaks	bed narrowPeak	42578	https://tf.lisanwanglab.org/GADB/Annotationtracks/RoadMap/ChIP-seq/narrowpeak/hg19/BI.CD4+_CD25-_CD45RO+_Memory_Primary_Cells.H3K27ac.Donor_62.narrowPeak.bed.gz	11/30/2014	FILER hg19 template
Roadmap	hg19	NGRMPHO6DNYYUZ	CD4+ CD25- IL17+ Th17 cell	Blood	Primary cell	ChIP-seq	H3K27ac	peaks	bed broadPeak	273660	https://tf.lisanwanglab.org/GADB/Annotationtracks/RoadMap/ChIP-seq/broadpeak/hg19/1/BI.CD4+_CD25-_IL17+_PMA-Ionomcyin_stimulated_Th17_Primary_Cells.H3K27ac.Donor_62.broadPeak.bed.gz	02/08/2015	FILER hg19 template
Roadmap	hg19	NGRMPKWIUBIRBT	CD4+ CD25- IL17+ Th17 cell	Blood	Primary cell	ChIP-seq	H3K27ac	peaks	bed gappedPeak	31574	https://tf.lisanwanglab.org/GADB/Annotationtracks/RoadMap/ChIP-seq/gappedpeak/hg19/BI.CD4+_CD25-_IL17+_PMA-Ionomcyin_stimulated_Th17_Primary_Cells.H3K27ac.Donor_62.gappedPeak.bed.gz	02/08/2015	FILER hg19 template
Roadmap	hg19	NGRMPWUCEITQCY	CD4+ CD25- IL17+ Th17 cell	Blood	Primary cell	ChIP-seq	H3K27ac	peaks	bed narrowPeak	63413	https://tf.lisanwanglab.org/GADB/Annotationtracks/RoadMap/ChIP-seq/narrowpeak/hg19/BI.CD4+_CD25-_IL17+_PMA-Ionomcyin_stimulated_Th17_Primary_Cells.H3K27ac.Donor_62.narrowPeak.bed.gz	11/30/2014	FILER hg19 template
Roadmap	hg19	NGRMP3KIFBZGXX	CD4+ CD25- IL17- Th17 cell	Blood	Primary cell	ChIP-seq	H3K27ac	peaks	bed narrowPeak	91654	https://tf.lisanwanglab.org/GADB/Annotationtracks/RoadMap/ChIP-seq/narrowpeak/hg19/BI.CD4+_CD25-_IL17-_PMA-Ionomycin_stimulated_MACS_purified_Th_Primary_Cells.H3K27ac.Donor_62.narrowPeak.bed.gz	11/30/2014	FILER hg19 template
Roadmap	hg19	NGRMP5CUQTGMSX	CD4+ CD25- IL17- Th17 cell	Blood	Primary cell	ChIP-seq	H3K27ac	peaks	bed broadPeak	231536	https://tf.lisanwanglab.org/GADB/Annotationtracks/RoadMap/ChIP-seq/broadpeak/hg19/1/BI.CD4+_CD25-_IL17-_PMA-Ionomycin_stimulated_MACS_purified_Th_Primary_Cells.H3K27ac.Donor_332.broadPeak.bed.gz	02/08/2015	FILER hg19 template
Roadmap	hg19	NGRMPDH2BF7ZSA	CD4+ CD25- IL17- Th17 cell	Blood	Primary cell	ChIP-seq	H3K27ac	peaks	bed narrowPeak	93942	https://tf.lisanwanglab.org/GADB/Annotationtracks/RoadMap/ChIP-seq/narrowpeak/hg19/BI.CD4+_CD25-_IL17-_PMA-Ionomycin_stimulated_MACS_purified_Th_Primary_Cells.H3K27ac.Donor_332.narrowPeak.bed.gz	11/30/2014	FILER hg19 template
Roadmap	hg19	NGRMPIIOF2LX54	CD4+ CD25- IL17- Th17 cell	Blood	Primary cell	ChIP-seq	H3K27ac	peaks	bed gappedPeak	30580	https://tf.lisanwanglab.org/GADB/Annotationtracks/RoadMap/ChIP-seq/gappedpeak/hg19/BI.CD4+_CD25-_IL17-_PMA-Ionomycin_stimulated_MACS_purified_Th_Primary_Cells.H3K27ac.Donor_332.gappedPeak.bed.gz	02/08/2015	FILER hg19 template
Roadmap	hg19	NGRMPJ77A2HHVR	CD4+ CD25- IL17- Th17 cell	Blood	Primary cell	ChIP-seq	H3K27ac	peaks	bed broadPeak	122371	https://tf.lisanwanglab.org/GADB/Annotationtracks/RoadMap/ChIP-seq/broadpeak/hg19/1/BI.CD4+_CD25-_IL17-_PMA-Ionomycin_stimulated_MACS_purified_Th_Primary_Cells.H3K27ac.Donor_62.broadPeak.bed.gz	02/08/2015	FILER hg19 template
Roadmap	hg19	NGRMPPZ5WZJ5AJ	CD4+ CD25- IL17- Th17 cell	Blood	Primary cell	ChIP-seq	H3K27ac	peaks	bed gappedPeak	34733	https://tf.lisanwanglab.org/GADB/Annotationtracks/RoadMap/ChIP-seq/gappedpeak/hg19/BI.CD4+_CD25-_IL17-_PMA-Ionomycin_stimulated_MACS_purified_Th_Primary_Cells.H3K27ac.Donor_62.gappedPeak.bed.gz	02/08/2015	FILER hg19 template
Roadmap	hg19	NGRMPFGLK6764E	CD4+ CD25- Th cell	Blood	Primary cell	ChIP-seq	H3K27ac	peaks	bed broadPeak	424297	https://tf.lisanwanglab.org/GADB/Annotationtracks/RoadMap/ChIP-seq/broadpeak/hg19/1/BI.CD4+_CD25-_Th_Primary_Cells.H3K27ac.Donor_332.broadPeak.bed.gz	02/08/2015	FILER hg19 template
Roadmap	hg19	NGRMPGSW34BBLT	CD4+ CD25- Th cell	Blood	Primary cell	ChIP-seq	H3K27ac	peaks	bed gappedPeak	25880	https://tf.lisanwanglab.org/GADB/Annotationtracks/RoadMap/ChIP-seq/gappedpeak/hg19/BI.CD4+_CD25-_Th_Primary_Cells.H3K27ac.Donor_332.gappedPeak.bed.gz	02/08/2015	FILER hg19 template
Roadmap	hg19	NGRMPHN6LCEKZ7	CD4+ CD25- Th cell	Blood	Primary cell	ChIP-seq	H3K27ac	peaks	bed narrowPeak	61397	https://tf.lisanwanglab.org/GADB/Annotationtracks/RoadMap/ChIP-seq/narrowpeak/hg19/BI.CD4+_CD25-_Th_Primary_Cells.H3K27ac.Donor_332.narrowPeak.bed.gz	11/30/2014	FILER hg19 template
Roadmap	hg19	NGRMP5FDP36CKD	CD4+ CD25int CD127+ Tmem cell	Blood	Primary cell	ChIP-seq	H3K27ac	peaks	bed broadPeak	328062	https://tf.lisanwanglab.org/GADB/Annotationtracks/RoadMap/ChIP-seq/broadpeak/hg19/1/BI.CD4+_CD25int_CD127+_Tmem_Primary_Cells.H3K27ac.Donor_62.broadPeak.bed.gz	02/08/2015	FILER hg19 template
Roadmap	hg19	NGRMP6ERT3IQQI	CD4+ CD25int CD127+ Tmem cell	Blood	Primary cell	ChIP-seq	H3K27ac	peaks	bed narrowPeak	53767	https://tf.lisanwanglab.org/GADB/Annotationtracks/RoadMap/ChIP-seq/narrowpeak/hg19/BI.CD4+_CD25int_CD127+_Tmem_Primary_Cells.H3K27ac.Donor_62.narrowPeak.bed.gz	11/30/2014	FILER hg19 template
Roadmap	hg19	NGRMPDBA2YIYH4	CD4+ CD25int CD127+ Tmem cell	Blood	Primary cell	ChIP-seq	H3K27ac	peaks	bed gappedPeak	46977	https://tf.lisanwanglab.org/GADB/Annotationtracks/RoadMap/ChIP-seq/gappedpeak/hg19/BI.CD4+_CD25int_CD127+_Tmem_Primary_Cells.H3K27ac.Donor_332.gappedPeak.bed.gz	02/08/2015	FILER hg19 template
Roadmap	hg19	NGRMPHHZLS2FSN	CD4+ CD25int CD127+ Tmem cell	Blood	Primary cell	ChIP-seq	H3K27ac	peaks	bed broadPeak	436958	https://tf.lisanwanglab.org/GADB/Annotationtracks/RoadMap/ChIP-seq/broadpeak/hg19/1/BI.CD4+_CD25int_CD127+_Tmem_Primary_Cells.H3K27ac.Donor_332.broadPeak.bed.gz	02/08/2015	FILER hg19 template
Roadmap	hg19	NGRMPKMQQUSBG7	CD4+ CD25int CD127+ Tmem cell	Blood	Primary cell	ChIP-seq	H3K27ac	peaks	bed narrowPeak	93905	https://tf.lisanwanglab.org/GADB/Annotationtracks/RoadMap/ChIP-seq/narrowpeak/hg19/BI.CD4+_CD25int_CD127+_Tmem_Primary_Cells.H3K27ac.Donor_332.narrowPeak.bed.gz	11/30/2014	FILER hg19 template
Roadmap	hg19	NGRMPRPIAG6DWB	CD4+ CD25int CD127+ Tmem cell	Blood	Primary cell	ChIP-seq	H3K27ac	peaks	bed gappedPeak	31828	https://tf.lisanwanglab.org/GADB/Annotationtracks/RoadMap/ChIP-seq/gappedpeak/hg19/BI.CD4+_CD25int_CD127+_Tmem_Primary_Cells.H3K27ac.Donor_62.gappedPeak.bed.gz	02/08/2015	FILER hg19 template
Roadmap	hg19	NGRMPBSF6FNRKO	CD4+ memory	Blood	Primary cell	ChIP-seq	H3K27ac	peaks	bed narrowPeak	90472	https://tf.lisanwanglab.org/GADB/Annotationtracks/RoadMap/ChIP-seq/narrowpeak/hg19/BI.CD4_Memory_Primary_Cells.H3K27ac.Donor_100_7_pooled_leukopaks_Jan_7_2011.narrowPeak.bed.gz	11/30/2014	FILER hg19 template
Roadmap	hg19	NGRMPLRR3JX7AU	CD4+ memory	Blood	Primary cell	ChIP-seq	H3K27ac	peaks	bed narrowPeak	41440	https://tf.lisanwanglab.org/GADB/Annotationtracks/RoadMap/ChIP-seq/narrowpeak/hg19/BI.CD4_Memory_Primary_Cells.H3K27ac.Donor_101_8_pooled_leukopaks_Jan_20_2011.narrowPeak.bed.gz	11/30/2014	FILER hg19 template
Roadmap	hg19	NGRMPP4F7CMP56	CD4+ memory	Blood	Primary cell	ChIP-seq	H3K27ac	peaks	bed broadPeak	205747	https://tf.lisanwanglab.org/GADB/Annotationtracks/RoadMap/ChIP-seq/broadpeak/hg19/1/BI.CD4_Memory_Primary_Cells.H3K27ac.Donor_100_7_pooled_leukopaks_Jan_7_2011.broadPeak.bed.gz	02/08/2015	FILER hg19 template
Roadmap	hg19	NGRMPSSAVYJLJT	CD4+ memory	Blood	Primary cell	ChIP-seq	H3K27ac	peaks	bed gappedPeak	30667	https://tf.lisanwanglab.org/GADB/Annotationtracks/RoadMap/ChIP-seq/gappedpeak/hg19/BI.CD4_Memory_Primary_Cells.H3K27ac.Donor_101_8_pooled_leukopaks_Jan_20_2011.gappedPeak.bed.gz	02/08/2015	FILER hg19 template
Roadmap	hg19	NGRMPTTBD7GMC2	CD4+ memory	Blood	Primary cell	ChIP-seq	H3K27ac	peaks	bed gappedPeak	40858	https://tf.lisanwanglab.org/GADB/Annotationtracks/RoadMap/ChIP-seq/gappedpeak/hg19/BI.CD4_Memory_Primary_Cells.H3K27ac.Donor_100_7_pooled_leukopaks_Jan_7_2011.gappedPeak.bed.gz	02/08/2015	FILER hg19 template
Roadmap	hg19	NGRMPZZHLG42AQ	CD4+ memory	Blood	Primary cell	ChIP-seq	H3K27ac	peaks	bed broadPeak	533532	https://tf.lisanwanglab.org/GADB/Annotationtracks/RoadMap/ChIP-seq/broadpeak/hg19/1/BI.CD4_Memory_Primary_Cells.H3K27ac.Donor_101_8_pooled_leukopaks_Jan_20_2011.broadPeak.bed.gz	02/08/2015	FILER hg19 template
Roadmap	hg19	NGRMP5ZLLXTZ6C	CD4+ naive	Blood	Primary cell	ChIP-seq	H3K27ac	peaks	bed gappedPeak	29302	https://tf.lisanwanglab.org/GADB/Annotationtracks/RoadMap/ChIP-seq/gappedpeak/hg19/BI.CD4_Naive_Primary_Cells.H3K27ac.Donor_100_7_pooled_leukopaks_Jan_7_2011.gappedPeak.bed.gz	02/08/2015	FILER hg19 template
Roadmap	hg19	NGRMPDN676IATU	CD4+ naive	Blood	Primary cell	ChIP-seq	H3K27ac	peaks	bed broadPeak	588047	https://tf.lisanwanglab.org/GADB/Annotationtracks/RoadMap/ChIP-seq/broadpeak/hg19/1/BI.CD4_Naive_Primary_Cells.H3K27ac.Donor_100_7_pooled_leukopaks_Jan_7_2011.broadPeak.bed.gz	02/08/2015	FILER hg19 template
Roadmap	hg19	NGRMPPJQ5FN5GI	CD4+ naive	Blood	Primary cell	ChIP-seq	H3K27ac	peaks	bed gappedPeak	37613	https://tf.lisanwanglab.org/GADB/Annotationtracks/RoadMap/ChIP-seq/gappedpeak/hg19/BI.CD4_Naive_Primary_Cells.H3K27ac.Donor_101_8_pooled_leukopaks_Jan_20_2011.gappedPeak.bed.gz	02/08/2015	FILER hg19 template
Roadmap	hg19	NGRMPVPHUJLXKT	CD4+ naive	Blood	Primary cell	ChIP-seq	H3K27ac	peaks	bed narrowPeak	43651	https://tf.lisanwanglab.org/GADB/Annotationtracks/RoadMap/ChIP-seq/narrowpeak/hg19/BI.CD4_Naive_Primary_Cells.H3K27ac.Donor_100_7_pooled_leukopaks_Jan_7_2011.narrowPeak.bed.gz	11/30/2014	FILER hg19 template
Roadmap	hg19	NGRMPYRAFQEZTS	CD4+ naive	Blood	Primary cell	ChIP-seq	H3K27ac	peaks	bed narrowPeak	46514	https://tf.lisanwanglab.org/GADB/Annotationtracks/RoadMap/ChIP-seq/narrowpeak/hg19/BI.CD4_Naive_Primary_Cells.H3K27ac.Donor_101_8_pooled_leukopaks_Jan_20_2011.narrowPeak.bed.gz	11/30/2014	FILER hg19 template
Roadmap	hg19	NGRMPZOXSW6VLI	CD4+ naive	Blood	Primary cell	ChIP-seq	H3K27ac	peaks	bed broadPeak	403297	https://tf.lisanwanglab.org/GADB/Annotationtracks/RoadMap/ChIP-seq/broadpeak/hg19/1/BI.CD4_Naive_Primary_Cells.H3K27ac.Donor_101_8_pooled_leukopaks_Jan_20_2011.broadPeak.bed.gz	02/08/2015	FILER hg19 template
Roadmap	hg19	NGRMPKDXADGRN6	CD56+	Blood	Primary cell	ChIP-seq	H3K27ac	peaks	bed gappedPeak	32101	https://tf.lisanwanglab.org/GADB/Annotationtracks/RoadMap/ChIP-seq/gappedpeak/hg19/UW.CD56_Primary_Cells.H3K27ac.RO_01701.Histone.DS21716.gappedPeak.bed.gz	02/08/2015	FILER hg19 template
Roadmap	hg19	NGRMPTMOU6NOMC	CD56+	Blood	Primary cell	ChIP-seq	H3K27ac	peaks	bed broadPeak	76408	https://tf.lisanwanglab.org/GADB/Annotationtracks/RoadMap/ChIP-seq/broadpeak/hg19/1/UW.CD56_Primary_Cells.H3K27ac.RO_01701.Histone.DS21716.broadPeak.bed.gz	02/08/2015	FILER hg19 template
Roadmap	hg19	NGRMPWMIH2ZDPK	CD56+	Blood	Primary cell	ChIP-seq	H3K27ac	peaks	bed narrowPeak	66357	https://tf.lisanwanglab.org/GADB/Annotationtracks/RoadMap/ChIP-seq/narrowpeak/hg19/UW.CD56_Primary_Cells.H3K27ac.RO_01701.Histone.DS21716.narrowPeak.bed.gz	11/30/2014	FILER hg19 template
Roadmap	hg19	NGRMP7DMUIWHLL	CD56+ ectoderm cell	Stem Cell	In vitro differentiated cells	ChIP-seq	H3K27ac	peaks	bed narrowPeak	111552	https://tf.lisanwanglab.org/GADB/Annotationtracks/RoadMap/ChIP-seq/narrowpeak/hg19/BI.hESC_Derived_CD56+_Ectoderm_Cultured_Cells.H3K27ac.DNA_Lib_3194.narrowPeak.bed.gz	11/30/2014	FILER hg19 template
Roadmap	hg19	NGRMPHBGYMLRKG	CD56+ ectoderm cell	Stem Cell	In vitro differentiated cells	ChIP-seq	H3K27ac	peaks	bed broadPeak	605386	https://tf.lisanwanglab.org/GADB/Annotationtracks/RoadMap/ChIP-seq/broadpeak/hg19/2/BI.hESC_Derived_CD56+_Ectoderm_Cultured_Cells.H3K27ac.DNA_Lib_3191.broadPeak.bed.gz	02/08/2015	FILER hg19 template
Roadmap	hg19	NGRMPNSBA42G5O	CD56+ ectoderm cell	Stem Cell	In vitro differentiated cells	ChIP-seq	H3K27ac	peaks	bed narrowPeak	160753	https://tf.lisanwanglab.org/GADB/Annotationtracks/RoadMap/ChIP-seq/narrowpeak/hg19/BI.hESC_Derived_CD56+_Ectoderm_Cultured_Cells.H3K27ac.DNA_Lib_3191.narrowPeak.bed.gz	11/30/2014	FILER hg19 template
Roadmap	hg19	NGRMPPVOZIHPKC	CD56+ ectoderm cell	Stem Cell	In vitro differentiated cells	ChIP-seq	H3K27ac	peaks	bed gappedPeak	139724	https://tf.lisanwanglab.org/GADB/Annotationtracks/RoadMap/ChIP-seq/gappedpeak/hg19/BI.hESC_Derived_CD56+_Ectoderm_Cultured_Cells.H3K27ac.DNA_Lib_3191.gappedPeak.bed.gz	02/08/2015	FILER hg19 template
Roadmap	hg19	NGRMPRYEPPSA6V	CD56+ ectoderm cell	Stem Cell	In vitro differentiated cells	ChIP-seq	H3K27ac	peaks	bed gappedPeak	89032	https://tf.lisanwanglab.org/GADB/Annotationtracks/RoadMap/ChIP-seq/gappedpeak/hg19/BI.hESC_Derived_CD56+_Ectoderm_Cultured_Cells.H3K27ac.DNA_Lib_3194.gappedPeak.bed.gz	02/08/2015	FILER hg19 template
Roadmap	hg19	NGRMPVWE26HFKN	CD56+ ectoderm cell	Stem Cell	In vitro differentiated cells	ChIP-seq	H3K27ac	peaks	bed broadPeak	703704	https://tf.lisanwanglab.org/GADB/Annotationtracks/RoadMap/ChIP-seq/broadpeak/hg19/2/BI.hESC_Derived_CD56+_Ectoderm_Cultured_Cells.H3K27ac.DNA_Lib_3194.broadPeak.bed.gz	02/08/2015	FILER hg19 template
Roadmap	hg19	NGRMPFP6Y4VESM	CD56+ mesoderm cell	Stem Cell	In vitro differentiated cells	ChIP-seq	H3K27ac	peaks	bed narrowPeak	136390	https://tf.lisanwanglab.org/GADB/Annotationtracks/RoadMap/ChIP-seq/narrowpeak/hg19/BI.hESC_Derived_CD56+_Mesoderm_Cultured_Cells.H3K27ac.DNA_Lib_3195.narrowPeak.bed.gz	11/30/2014	FILER hg19 template
Roadmap	hg19	NGRMPMEJVEVMPN	CD56+ mesoderm cell	Stem Cell	In vitro differentiated cells	ChIP-seq	H3K27ac	peaks	bed broadPeak	552718	https://tf.lisanwanglab.org/GADB/Annotationtracks/RoadMap/ChIP-seq/broadpeak/hg19/2/BI.hESC_Derived_CD56+_Mesoderm_Cultured_Cells.H3K27ac.DNA_Lib_3198.broadPeak.bed.gz	02/08/2015	FILER hg19 template
Roadmap	hg19	NGRMPMRCQW66YR	CD56+ mesoderm cell	Stem Cell	In vitro differentiated cells	ChIP-seq	H3K27ac	peaks	bed broadPeak	364420	https://tf.lisanwanglab.org/GADB/Annotationtracks/RoadMap/ChIP-seq/broadpeak/hg19/2/BI.hESC_Derived_CD56+_Mesoderm_Cultured_Cells.H3K27ac.DNA_Lib_3195.broadPeak.bed.gz	02/08/2015	FILER hg19 template
Roadmap	hg19	NGRMPPA4YBKN5D	CD56+ mesoderm cell	Stem Cell	In vitro differentiated cells	ChIP-seq	H3K27ac	peaks	bed gappedPeak	92159	https://tf.lisanwanglab.org/GADB/Annotationtracks/RoadMap/ChIP-seq/gappedpeak/hg19/BI.hESC_Derived_CD56+_Mesoderm_Cultured_Cells.H3K27ac.DNA_Lib_3198.gappedPeak.bed.gz	02/08/2015	FILER hg19 template
Roadmap	hg19	NGRMPQFTYKGEMY	CD56+ mesoderm cell	Stem Cell	In vitro differentiated cells	ChIP-seq	H3K27ac	peaks	bed narrowPeak	136988	https://tf.lisanwanglab.org/GADB/Annotationtracks/RoadMap/ChIP-seq/narrowpeak/hg19/BI.hESC_Derived_CD56+_Mesoderm_Cultured_Cells.H3K27ac.DNA_Lib_3198.narrowPeak.bed.gz	11/30/2014	FILER hg19 template
Roadmap	hg19	NGRMPY6Z67CARH	CD56+ mesoderm cell	Stem Cell	In vitro differentiated cells	ChIP-seq	H3K27ac	peaks	bed gappedPeak	85763	https://tf.lisanwanglab.org/GADB/Annotationtracks/RoadMap/ChIP-seq/gappedpeak/hg19/BI.hESC_Derived_CD56+_Mesoderm_Cultured_Cells.H3K27ac.DNA_Lib_3195.gappedPeak.bed.gz	02/08/2015	FILER hg19 template
Roadmap	hg19	NGRMP43UXMFMRR	CD8+ T cell	Blood	Primary cell	ChIP-seq	H3K27ac	peaks	bed gappedPeak	31023	https://tf.lisanwanglab.org/GADB/Annotationtracks/RoadMap/ChIP-seq/gappedpeak/hg19/UW.CD8_Primary_Cells.H3K27ac.RO_01679.Histone.DS21779.gappedPeak.bed.gz	02/08/2015	FILER hg19 template
Roadmap	hg19	NGRMPJPZRA4GVR	CD8+ T cell	Blood	Primary cell	ChIP-seq	H3K27ac	peaks	bed narrowPeak	80125	https://tf.lisanwanglab.org/GADB/Annotationtracks/RoadMap/ChIP-seq/narrowpeak/hg19/UW.CD8_Primary_Cells.H3K27ac.RO_01679.Histone.DS21779.narrowPeak.bed.gz	11/30/2014	FILER hg19 template
Roadmap	hg19	NGRMPQODUWNBDG	CD8+ T cell	Blood	Primary cell	ChIP-seq	H3K27ac	peaks	bed broadPeak	213627	https://tf.lisanwanglab.org/GADB/Annotationtracks/RoadMap/ChIP-seq/broadpeak/hg19/1/UW.CD8_Primary_Cells.H3K27ac.RO_01679.Histone.DS21779.broadPeak.bed.gz	02/08/2015	FILER hg19 template
Roadmap	hg19	NGRMPOMA63PRQD	CD8+ memory T cell	Blood	Primary cell	ChIP-seq	H3K27ac	peaks	bed broadPeak	323369	https://tf.lisanwanglab.org/GADB/Annotationtracks/RoadMap/ChIP-seq/broadpeak/hg19/1/BI.CD8_Memory_Primary_Cells.H3K27ac.Donor_100_7_pooled_leukopaks_Jan_7_2011.broadPeak.bed.gz	02/08/2015	FILER hg19 template
Roadmap	hg19	NGRMPP7SGF2IN5	CD8+ memory T cell	Blood	Primary cell	ChIP-seq	H3K27ac	peaks	bed gappedPeak	29506	https://tf.lisanwanglab.org/GADB/Annotationtracks/RoadMap/ChIP-seq/gappedpeak/hg19/BI.CD8_Memory_Primary_Cells.H3K27ac.Donor_100_7_pooled_leukopaks_Jan_7_2011.gappedPeak.bed.gz	02/08/2015	FILER hg19 template
Roadmap	hg19	NGRMPTVXKDRNH6	CD8+ memory T cell	Blood	Primary cell	ChIP-seq	H3K27ac	peaks	bed narrowPeak	56293	https://tf.lisanwanglab.org/GADB/Annotationtracks/RoadMap/ChIP-seq/narrowpeak/hg19/BI.CD8_Memory_Primary_Cells.H3K27ac.Donor_100_7_pooled_leukopaks_Jan_7_2011.narrowPeak.bed.gz	11/30/2014	FILER hg19 template
Roadmap	hg19	NGRMPIBLODHM4Y	CD8+ naive T cell	Blood	Primary cell	ChIP-seq	H3K27ac	peaks	bed narrowPeak	46041	https://tf.lisanwanglab.org/GADB/Annotationtracks/RoadMap/ChIP-seq/narrowpeak/hg19/BI.CD8_Naive_Primary_Cells.H3K27ac.Donor_101_8_pooled_leukopaks_Jan_20_2011.narrowPeak.bed.gz	11/30/2014	FILER hg19 template
Roadmap	hg19	NGRMPKXGZ67UWL	CD8+ naive T cell	Blood	Primary cell	ChIP-seq	H3K27ac	peaks	bed narrowPeak	36987	https://tf.lisanwanglab.org/GADB/Annotationtracks/RoadMap/ChIP-seq/narrowpeak/hg19/BI.CD8_Naive_Primary_Cells.H3K27ac.Donor_100_7_pooled_leukopaks_Jan_7_2011.narrowPeak.bed.gz	11/30/2014	FILER hg19 template
Roadmap	hg19	NGRMPRMBK4NBFH	CD8+ naive T cell	Blood	Primary cell	ChIP-seq	H3K27ac	peaks	bed gappedPeak	27230	https://tf.lisanwanglab.org/GADB/Annotationtracks/RoadMap/ChIP-seq/gappedpeak/hg19/BI.CD8_Naive_Primary_Cells.H3K27ac.Donor_100_7_pooled_leukopaks_Jan_7_2011.gappedPeak.bed.gz	02/08/2015	FILER hg19 template
Roadmap	hg19	NGRMPVPVU6VOAD	CD8+ naive T cell	Blood	Primary cell	ChIP-seq	H3K27ac	peaks	bed gappedPeak	26944	https://tf.lisanwanglab.org/GADB/Annotationtracks/RoadMap/ChIP-seq/gappedpeak/hg19/BI.CD8_Naive_Primary_Cells.H3K27ac.Donor_101_8_pooled_leukopaks_Jan_20_2011.gappedPeak.bed.gz	02/08/2015	FILER hg19 template
Roadmap	hg19	NGRMPWZYRD3GQY	CD8+ naive T cell	Blood	Primary cell	ChIP-seq	H3K27ac	peaks	bed broadPeak	391387	https://tf.lisanwanglab.org/GADB/Annotationtracks/RoadMap/ChIP-seq/broadpeak/hg19/1/BI.CD8_Naive_Primary_Cells.H3K27ac.Donor_101_8_pooled_leukopaks_Jan_20_2011.broadPeak.bed.gz	02/08/2015	FILER hg19 template
Roadmap	hg19	NGRMPXVX6MLVGG	CD8+ naive T cell	Blood	Primary cell	ChIP-seq	H3K27ac	peaks	bed broadPeak	457102	https://tf.lisanwanglab.org/GADB/Annotationtracks/RoadMap/ChIP-seq/broadpeak/hg19/1/BI.CD8_Naive_Primary_Cells.H3K27ac.Donor_100_7_pooled_leukopaks_Jan_7_2011.broadPeak.bed.gz	02/08/2015	FILER hg19 template
Roadmap	hg19	NGRMP6XCFELRIH	Cardiac atrium	Heart	Primary tissue	ChIP-seq	H3K27ac	peaks	bed broadPeak	161313	https://tf.lisanwanglab.org/GADB/Annotationtracks/RoadMap/ChIP-seq/broadpeak/hg19/3/UCSD.Right_Atrium.H3K27ac.STL003.broadPeak.bed.gz	02/08/2015	FILER hg19 template
Roadmap	hg19	NGRMPS7VHCORUX	Cardiac atrium	Heart	Primary tissue	ChIP-seq	H3K27ac	peaks	bed narrowPeak	145159	https://tf.lisanwanglab.org/GADB/Annotationtracks/RoadMap/ChIP-seq/narrowpeak/hg19/UCSD.Right_Atrium.H3K27ac.STL003.narrowPeak.bed.gz	11/30/2014	FILER hg19 template
Roadmap	hg19	NGRMPX2YGSNODG	Cardiac atrium	Heart	Primary tissue	ChIP-seq	H3K27ac	peaks	bed gappedPeak	65741	https://tf.lisanwanglab.org/GADB/Annotationtracks/RoadMap/ChIP-seq/gappedpeak/hg19/UCSD.Right_Atrium.H3K27ac.STL003.gappedPeak.bed.gz	02/08/2015	FILER hg19 template
Roadmap	hg19	NGRMP3S2GRHTVZ	Chrondrocytes	Bone	In vitro differentiated cells	ChIP-seq	H3K27ac	peaks	bed narrowPeak	116937	https://tf.lisanwanglab.org/GADB/Annotationtracks/RoadMap/ChIP-seq/narrowpeak/hg19/BI.Chondrocytes_from_Bone_Marrow_Derived_Mesenchymal_Stem_Cell_Cultured_Cells.H3K27ac.58.narrowPeak.bed.gz	11/30/2014	FILER hg19 template
Roadmap	hg19	NGRMP6RDJI3HTF	Chrondrocytes	Bone	In vitro differentiated cells	ChIP-seq	H3K27ac	peaks	bed gappedPeak	63275	https://tf.lisanwanglab.org/GADB/Annotationtracks/RoadMap/ChIP-seq/gappedpeak/hg19/BI.Chondrocytes_from_Bone_Marrow_Derived_Mesenchymal_Stem_Cell_Cultured_Cells.H3K27ac.60.gappedPeak.bed.gz	02/08/2015	FILER hg19 template
Roadmap	hg19	NGRMP7XDVCDAF3	Chrondrocytes	Bone	In vitro differentiated cells	ChIP-seq	H3K27ac	peaks	bed narrowPeak	117014	https://tf.lisanwanglab.org/GADB/Annotationtracks/RoadMap/ChIP-seq/narrowpeak/hg19/BI.Chondrocytes_from_Bone_Marrow_Derived_Mesenchymal_Stem_Cell_Cultured_Cells.H3K27ac.59.narrowPeak.bed.gz	11/30/2014	FILER hg19 template
Roadmap	hg19	NGRMPE4JZWFT2M	Chrondrocytes	Bone	In vitro differentiated cells	ChIP-seq	H3K27ac	peaks	bed narrowPeak	113944	https://tf.lisanwanglab.org/GADB/Annotationtracks/RoadMap/ChIP-seq/narrowpeak/hg19/BI.Chondrocytes_from_Bone_Marrow_Derived_Mesenchymal_Stem_Cell_Cultured_Cells.H3K27ac.60.narrowPeak.bed.gz	11/30/2014	FILER hg19 template
Roadmap	hg19	NGRMPEH2JO7VKS	Chrondrocytes	Bone	In vitro differentiated cells	ChIP-seq	H3K27ac	peaks	bed gappedPeak	59853	https://tf.lisanwanglab.org/GADB/Annotationtracks/RoadMap/ChIP-seq/gappedpeak/hg19/BI.Chondrocytes_from_Bone_Marrow_Derived_Mesenchymal_Stem_Cell_Cultured_Cells.H3K27ac.57.gappedPeak.bed.gz	02/08/2015	FILER hg19 template
Roadmap	hg19	NGRMPFQPWPSZKS	Chrondrocytes	Bone	In vitro differentiated cells	ChIP-seq	H3K27ac	peaks	bed broadPeak	94190	https://tf.lisanwanglab.org/GADB/Annotationtracks/RoadMap/ChIP-seq/broadpeak/hg19/1/BI.Chondrocytes_from_Bone_Marrow_Derived_Mesenchymal_Stem_Cell_Cultured_Cells.H3K27ac.57.broadPeak.bed.gz	02/08/2015	FILER hg19 template
Roadmap	hg19	NGRMPGUJ5S2TOB	Chrondrocytes	Bone	In vitro differentiated cells	ChIP-seq	H3K27ac	peaks	bed broadPeak	116207	https://tf.lisanwanglab.org/GADB/Annotationtracks/RoadMap/ChIP-seq/broadpeak/hg19/1/BI.Chondrocytes_from_Bone_Marrow_Derived_Mesenchymal_Stem_Cell_Cultured_Cells.H3K27ac.59.broadPeak.bed.gz	02/08/2015	FILER hg19 template
Roadmap	hg19	NGRMPIKTW2LPJJ	Chrondrocytes	Bone	In vitro differentiated cells	ChIP-seq	H3K27ac	peaks	bed gappedPeak	65415	https://tf.lisanwanglab.org/GADB/Annotationtracks/RoadMap/ChIP-seq/gappedpeak/hg19/BI.Chondrocytes_from_Bone_Marrow_Derived_Mesenchymal_Stem_Cell_Cultured_Cells.H3K27ac.58.gappedPeak.bed.gz	02/08/2015	FILER hg19 template
Roadmap	hg19	NGRMPKU7OMB3QZ	Chrondrocytes	Bone	In vitro differentiated cells	ChIP-seq	H3K27ac	peaks	bed broadPeak	120604	https://tf.lisanwanglab.org/GADB/Annotationtracks/RoadMap/ChIP-seq/broadpeak/hg19/1/BI.Chondrocytes_from_Bone_Marrow_Derived_Mesenchymal_Stem_Cell_Cultured_Cells.H3K27ac.58.broadPeak.bed.gz	02/08/2015	FILER hg19 template
Roadmap	hg19	NGRMPNHTGHIRVC	Chrondrocytes	Bone	In vitro differentiated cells	ChIP-seq	H3K27ac	peaks	bed broadPeak	164002	https://tf.lisanwanglab.org/GADB/Annotationtracks/RoadMap/ChIP-seq/broadpeak/hg19/1/BI.Chondrocytes_from_Bone_Marrow_Derived_Mesenchymal_Stem_Cell_Cultured_Cells.H3K27ac.60.broadPeak.bed.gz	02/08/2015	FILER hg19 template
Roadmap	hg19	NGRMPW6JZ3SLM7	Chrondrocytes	Bone	In vitro differentiated cells	ChIP-seq	H3K27ac	peaks	bed gappedPeak	67355	https://tf.lisanwanglab.org/GADB/Annotationtracks/RoadMap/ChIP-seq/gappedpeak/hg19/BI.Chondrocytes_from_Bone_Marrow_Derived_Mesenchymal_Stem_Cell_Cultured_Cells.H3K27ac.59.gappedPeak.bed.gz	02/08/2015	FILER hg19 template
Roadmap	hg19	NGRMPWRESCCIJB	Chrondrocytes	Bone	In vitro differentiated cells	ChIP-seq	H3K27ac	peaks	bed narrowPeak	111582	https://tf.lisanwanglab.org/GADB/Annotationtracks/RoadMap/ChIP-seq/narrowpeak/hg19/BI.Chondrocytes_from_Bone_Marrow_Derived_Mesenchymal_Stem_Cell_Cultured_Cells.H3K27ac.57.narrowPeak.bed.gz	11/30/2014	FILER hg19 template
Roadmap	hg19	NGRMP33P5EQ2EY	Cingulate gyrus	Brain	Primary tissue	ChIP-seq	H3K27ac	peaks	bed broadPeak	209637	https://tf.lisanwanglab.org/GADB/Annotationtracks/RoadMap/ChIP-seq/broadpeak/hg19/1/BI.Brain_Cingulate_Gyrus.H3K27ac.149.broadPeak.bed.gz	02/08/2015	FILER hg19 template
Roadmap	hg19	NGRMP7QVP6KGT3	Cingulate gyrus	Brain	Primary tissue	ChIP-seq	H3K27ac	peaks	bed narrowPeak	168167	https://tf.lisanwanglab.org/GADB/Annotationtracks/RoadMap/ChIP-seq/narrowpeak/hg19/BI.Brain_Cingulate_Gyrus.H3K27ac.149.narrowPeak.bed.gz	11/30/2014	FILER hg19 template
Roadmap	hg19	NGRMPAAYPNP37U	Cingulate gyrus	Brain	Primary tissue	ChIP-seq	H3K27ac	peaks	bed narrowPeak	158144	https://tf.lisanwanglab.org/GADB/Annotationtracks/RoadMap/ChIP-seq/narrowpeak/hg19/BI.Brain_Cingulate_Gyrus.H3K27ac.112.narrowPeak.bed.gz	11/30/2014	FILER hg19 template
Roadmap	hg19	NGRMPLRB2ZGZWW	Cingulate gyrus	Brain	Primary tissue	ChIP-seq	H3K27ac	peaks	bed gappedPeak	53998	https://tf.lisanwanglab.org/GADB/Annotationtracks/RoadMap/ChIP-seq/gappedpeak/hg19/BI.Brain_Cingulate_Gyrus.H3K27ac.149.gappedPeak.bed.gz	02/08/2015	FILER hg19 template
Roadmap	hg19	NGRMPTV445XHRH	Cingulate gyrus	Brain	Primary tissue	ChIP-seq	H3K27ac	peaks	bed gappedPeak	61278	https://tf.lisanwanglab.org/GADB/Annotationtracks/RoadMap/ChIP-seq/gappedpeak/hg19/BI.Brain_Cingulate_Gyrus.H3K27ac.112.gappedPeak.bed.gz	02/08/2015	FILER hg19 template
Roadmap	hg19	NGRMPWG26PTQ64	Cingulate gyrus	Brain	Primary tissue	ChIP-seq	H3K27ac	peaks	bed broadPeak	329308	https://tf.lisanwanglab.org/GADB/Annotationtracks/RoadMap/ChIP-seq/broadpeak/hg19/1/BI.Brain_Cingulate_Gyrus.H3K27ac.112.broadPeak.bed.gz	02/08/2015	FILER hg19 template
Roadmap	hg19	NGRMP34GSMQ7BC	Esophagus	Digestive	Primary tissue	ChIP-seq	H3K27ac	peaks	bed gappedPeak	66793	https://tf.lisanwanglab.org/GADB/Annotationtracks/RoadMap/ChIP-seq/gappedpeak/hg19/UCSD.Esophagus.H3K27ac.STL003.gappedPeak.bed.gz	02/08/2015	FILER hg19 template
Roadmap	hg19	NGRMP4DWOCT2LB	Esophagus	Digestive	Primary tissue	ChIP-seq	H3K27ac	peaks	bed narrowPeak	158166	https://tf.lisanwanglab.org/GADB/Annotationtracks/RoadMap/ChIP-seq/narrowpeak/hg19/UCSD.Esophagus.H3K27ac.STL003.narrowPeak.bed.gz	11/30/2014	FILER hg19 template
Roadmap	hg19	NGRMPIXMYLGXST	Esophagus	Digestive	Primary tissue	ChIP-seq	H3K27ac	peaks	bed gappedPeak	119061	https://tf.lisanwanglab.org/GADB/Annotationtracks/RoadMap/ChIP-seq/gappedpeak/hg19/UCSD.Esophagus.H3K27ac.STL002.gappedPeak.bed.gz	02/08/2015	FILER hg19 template
Roadmap	hg19	NGRMPUNLK5IBXW	Esophagus	Digestive	Primary tissue	ChIP-seq	H3K27ac	peaks	bed broadPeak	358148	https://tf.lisanwanglab.org/GADB/Annotationtracks/RoadMap/ChIP-seq/broadpeak/hg19/2/UCSD.Esophagus.H3K27ac.STL003.broadPeak.bed.gz	02/08/2015	FILER hg19 template
Roadmap	hg19	NGRMPWF2I43N7R	Esophagus	Digestive	Primary tissue	ChIP-seq	H3K27ac	peaks	bed broadPeak	462436	https://tf.lisanwanglab.org/GADB/Annotationtracks/RoadMap/ChIP-seq/broadpeak/hg19/2/UCSD.Esophagus.H3K27ac.STL002.broadPeak.bed.gz	02/08/2015	FILER hg19 template
Roadmap	hg19	NGRMPZNLN4XBFQ	Esophagus	Digestive	Primary tissue	ChIP-seq	H3K27ac	peaks	bed narrowPeak	279005	https://tf.lisanwanglab.org/GADB/Annotationtracks/RoadMap/ChIP-seq/narrowpeak/hg19/UCSD.Esophagus.H3K27ac.STL002.narrowPeak.bed.gz	11/30/2014	FILER hg19 template
Roadmap	hg19	NGRMP35BYTDTFE	Fibroblast	Breast	Primary cell	ChIP-seq	H3K27ac	peaks	bed gappedPeak	38635	https://tf.lisanwanglab.org/GADB/Annotationtracks/RoadMap/ChIP-seq/gappedpeak/hg19/UCSF-UBC.Breast_Fibroblast_Primary_Cells.H3K27ac.RM071.gappedPeak.bed.gz	02/08/2015	FILER hg19 template
Roadmap	hg19	NGRMP6JF5IUU4V	Fibroblast	Breast	Primary cell	ChIP-seq	H3K27ac	peaks	bed broadPeak	92950	https://tf.lisanwanglab.org/GADB/Annotationtracks/RoadMap/ChIP-seq/broadpeak/hg19/1/UCSF-UBC.Breast_Fibroblast_Primary_Cells.H3K27ac.RM071.broadPeak.bed.gz	02/08/2015	FILER hg19 template
Roadmap	hg19	NGRMP7TRTP3ZOO	Fibroblast	Breast	Primary cell	ChIP-seq	H3K27ac	peaks	bed narrowPeak	63901	https://tf.lisanwanglab.org/GADB/Annotationtracks/RoadMap/ChIP-seq/narrowpeak/hg19/UCSF-UBC.Breast_Fibroblast_Primary_Cells.H3K27ac.RM071.narrowPeak.bed.gz	11/30/2014	FILER hg19 template
Roadmap	hg19	NGRMPB522HK33J	Fibroblast	Skin	Primary cell	ChIP-seq	H3K27ac	peaks	bed narrowPeak	272112	https://tf.lisanwanglab.org/GADB/Annotationtracks/RoadMap/ChIP-seq/narrowpeak/hg19/UCSF-UBC.Penis_Foreskin_Fibroblast_Primary_Cells.H3K27ac.skin01.narrowPeak.bed.gz	11/30/2014	FILER hg19 template
Roadmap	hg19	NGRMPB55ZW7FW7	Fibroblast	Skin	Primary cell	ChIP-seq	H3K27ac	peaks	bed gappedPeak	120967	https://tf.lisanwanglab.org/GADB/Annotationtracks/RoadMap/ChIP-seq/gappedpeak/hg19/UCSF-UBC.Penis_Foreskin_Fibroblast_Primary_Cells.H3K27ac.skin01.gappedPeak.bed.gz	02/08/2015	FILER hg19 template
Roadmap	hg19	NGRMPFDBPEKMP6	Fibroblast	Skin	Primary cell	ChIP-seq	H3K27ac	peaks	bed broadPeak	597001	https://tf.lisanwanglab.org/GADB/Annotationtracks/RoadMap/ChIP-seq/broadpeak/hg19/3/UCSF-UBC.Penis_Foreskin_Fibroblast_Primary_Cells.H3K27ac.skin02.broadPeak.bed.gz	02/08/2015	FILER hg19 template
Roadmap	hg19	NGRMPFWWQZZRZH	Fibroblast	Skin	Primary cell	ChIP-seq	H3K27ac	peaks	bed broadPeak	290852	https://tf.lisanwanglab.org/GADB/Annotationtracks/RoadMap/ChIP-seq/broadpeak/hg19/3/UCSF-UBC.Penis_Foreskin_Fibroblast_Primary_Cells.H3K27ac.skin03.broadPeak.bed.gz	02/08/2015	FILER hg19 template
Roadmap	hg19	NGRMPGBCOSMYXR	Fibroblast	Skin	Primary cell	ChIP-seq	H3K27ac	peaks	bed gappedPeak	121672	https://tf.lisanwanglab.org/GADB/Annotationtracks/RoadMap/ChIP-seq/gappedpeak/hg19/UCSF-UBC.Penis_Foreskin_Fibroblast_Primary_Cells.H3K27ac.skin02.gappedPeak.bed.gz	02/08/2015	FILER hg19 template
Roadmap	hg19	NGRMPJ2RHXKMOS	Fibroblast	Skin	Primary cell	ChIP-seq	H3K27ac	peaks	bed broadPeak	539429	https://tf.lisanwanglab.org/GADB/Annotationtracks/RoadMap/ChIP-seq/broadpeak/hg19/3/UCSF-UBC.Penis_Foreskin_Fibroblast_Primary_Cells.H3K27ac.skin01.broadPeak.bed.gz	02/08/2015	FILER hg19 template
Roadmap	hg19	NGRMPLTWEPOOWN	Fibroblast	Skin	Primary cell	ChIP-seq	H3K27ac	peaks	bed narrowPeak	259120	https://tf.lisanwanglab.org/GADB/Annotationtracks/RoadMap/ChIP-seq/narrowpeak/hg19/UCSF-UBC.Penis_Foreskin_Fibroblast_Primary_Cells.H3K27ac.skin02.narrowPeak.bed.gz	11/30/2014	FILER hg19 template
Roadmap	hg19	NGRMPO4KB3ADTO	Fibroblast	Skin	Primary cell	ChIP-seq	H3K27ac	peaks	bed gappedPeak	51476	https://tf.lisanwanglab.org/GADB/Annotationtracks/RoadMap/ChIP-seq/gappedpeak/hg19/UCSF-UBC.Penis_Foreskin_Fibroblast_Primary_Cells.H3K27ac.skin03.gappedPeak.bed.gz	02/08/2015	FILER hg19 template
Roadmap	hg19	NGRMPP34X3LDFK	Fibroblast	Skin	Primary cell	ChIP-seq	H3K27ac	peaks	bed narrowPeak	99860	https://tf.lisanwanglab.org/GADB/Annotationtracks/RoadMap/ChIP-seq/narrowpeak/hg19/UCSF-UBC.Penis_Foreskin_Fibroblast_Primary_Cells.H3K27ac.skin03.narrowPeak.bed.gz	11/30/2014	FILER hg19 template
Roadmap	hg19	NGRMPCRINFS4EJ	Gastric	Digestive	Primary tissue	ChIP-seq	H3K27ac	peaks	bed narrowPeak	85419	https://tf.lisanwanglab.org/GADB/Annotationtracks/RoadMap/ChIP-seq/narrowpeak/hg19/UCSD.Gastric.H3K27ac.STL003.narrowPeak.bed.gz	11/30/2014	FILER hg19 template
Roadmap	hg19	NGRMPCVRIQQTO4	Gastric	Digestive	Primary tissue	ChIP-seq	H3K27ac	peaks	bed gappedPeak	45614	https://tf.lisanwanglab.org/GADB/Annotationtracks/RoadMap/ChIP-seq/gappedpeak/hg19/UCSD.Gastric.H3K27ac.STL003.gappedPeak.bed.gz	02/08/2015	FILER hg19 template
Roadmap	hg19	NGRMPEDNCDHXVM	Gastric	Digestive	Primary tissue	ChIP-seq	H3K27ac	peaks	bed broadPeak	612120	https://tf.lisanwanglab.org/GADB/Annotationtracks/RoadMap/ChIP-seq/broadpeak/hg19/2/UCSD.Gastric.H3K27ac.STL003.broadPeak.bed.gz	02/08/2015	FILER hg19 template
Roadmap	hg19	NGRMPHMCCCNKZH	Gastric	Digestive	Primary tissue	ChIP-seq	H3K27ac	peaks	bed gappedPeak	48559	https://tf.lisanwanglab.org/GADB/Annotationtracks/RoadMap/ChIP-seq/gappedpeak/hg19/UCSD.Gastric.H3K27ac.STL001.gappedPeak.bed.gz	02/08/2015	FILER hg19 template
Roadmap	hg19	NGRMPKD6ERK6O6	Gastric	Digestive	Primary tissue	ChIP-seq	H3K27ac	peaks	bed broadPeak	369972	https://tf.lisanwanglab.org/GADB/Annotationtracks/RoadMap/ChIP-seq/broadpeak/hg19/2/UCSD.Gastric.H3K27ac.STL002.broadPeak.bed.gz	02/08/2015	FILER hg19 template
Roadmap	hg19	NGRMPN4SG3FNOY	Gastric	Digestive	Primary tissue	ChIP-seq	H3K27ac	peaks	bed broadPeak	345535	https://tf.lisanwanglab.org/GADB/Annotationtracks/RoadMap/ChIP-seq/broadpeak/hg19/2/UCSD.Gastric.H3K27ac.STL001.broadPeak.bed.gz	02/08/2015	FILER hg19 template
Roadmap	hg19	NGRMPQHFAPXN4Q	Gastric	Digestive	Primary tissue	ChIP-seq	H3K27ac	peaks	bed gappedPeak	62122	https://tf.lisanwanglab.org/GADB/Annotationtracks/RoadMap/ChIP-seq/gappedpeak/hg19/UCSD.Gastric.H3K27ac.STL002.gappedPeak.bed.gz	02/08/2015	FILER hg19 template
Roadmap	hg19	NGRMPUZNMRS43J	Gastric	Digestive	Primary tissue	ChIP-seq	H3K27ac	peaks	bed narrowPeak	136676	https://tf.lisanwanglab.org/GADB/Annotationtracks/RoadMap/ChIP-seq/narrowpeak/hg19/UCSD.Gastric.H3K27ac.STL002.narrowPeak.bed.gz	11/30/2014	FILER hg19 template
Roadmap	hg19	NGRMPZCZ6RBBUD	Gastric	Digestive	Primary tissue	ChIP-seq	H3K27ac	peaks	bed narrowPeak	113778	https://tf.lisanwanglab.org/GADB/Annotationtracks/RoadMap/ChIP-seq/narrowpeak/hg19/UCSD.Gastric.H3K27ac.STL001.narrowPeak.bed.gz	11/30/2014	FILER hg19 template
Roadmap	hg19	NGRMPDJJ7MVHID	H1-hESC	Embryo	Stem cell	ChIP-seq	H3K27ac	peaks	bed narrowPeak	167545	https://tf.lisanwanglab.org/GADB/Annotationtracks/RoadMap/ChIP-seq/narrowpeak/hg19/UCSD.H1.H3K27ac.LL313.narrowPeak.bed.gz	11/30/2014	FILER hg19 template
Roadmap	hg19	NGRMPNLWPZFAOK	H1-hESC	Embryo	Stem cell	ChIP-seq	H3K27ac	peaks	bed broadPeak	1269994	https://tf.lisanwanglab.org/GADB/Annotationtracks/RoadMap/ChIP-seq/broadpeak/hg19/2/UCSD.H1.H3K27ac.LL313.broadPeak.bed.gz	02/08/2015	FILER hg19 template
Roadmap	hg19	NGRMPOQZAGG2PX	H1-hESC	Embryo	Stem cell	ChIP-seq	H3K27ac	peaks	bed gappedPeak	108572	https://tf.lisanwanglab.org/GADB/Annotationtracks/RoadMap/ChIP-seq/gappedpeak/hg19/UCSD.H1.H3K27ac.SAK270.gappedPeak.bed.gz	02/08/2015	FILER hg19 template
Roadmap	hg19	NGRMPTS6WKHBTE	H1-hESC	Embryo	Stem cell	ChIP-seq	H3K27ac	peaks	bed gappedPeak	98659	https://tf.lisanwanglab.org/GADB/Annotationtracks/RoadMap/ChIP-seq/gappedpeak/hg19/UCSD.H1.H3K27ac.LL313.gappedPeak.bed.gz	02/08/2015	FILER hg19 template
Roadmap	hg19	NGRMPWFSSZOMTO	H1-hESC	Embryo	Stem cell	ChIP-seq	H3K27ac	peaks	bed narrowPeak	126232	https://tf.lisanwanglab.org/GADB/Annotationtracks/RoadMap/ChIP-seq/narrowpeak/hg19/UCSD.H1.H3K27ac.SAK270.narrowPeak.bed.gz	11/30/2014	FILER hg19 template
Roadmap	hg19	NGRMPZQLJ7TC3U	H1-hESC	Embryo	Stem cell	ChIP-seq	H3K27ac	peaks	bed broadPeak	792685	https://tf.lisanwanglab.org/GADB/Annotationtracks/RoadMap/ChIP-seq/broadpeak/hg19/2/UCSD.H1.H3K27ac.SAK270.broadPeak.bed.gz	02/08/2015	FILER hg19 template
Roadmap	hg19	NGRMP4PMEX636R	H9	Embryo	Stem cell	ChIP-seq	H3K27ac	peaks	bed broadPeak	1126549	https://tf.lisanwanglab.org/GADB/Annotationtracks/RoadMap/ChIP-seq/broadpeak/hg19/2/UCSD.H9.H3K27ac.SK265.broadPeak.bed.gz	02/08/2015	FILER hg19 template
Roadmap	hg19	NGRMP4SN5IYJIH	H9	Embryo	Stem cell	ChIP-seq	H3K27ac	peaks	bed narrowPeak	9333	https://tf.lisanwanglab.org/GADB/Annotationtracks/RoadMap/ChIP-seq/narrowpeak/hg19/UCSD.H9.H3K27ac.SK265.narrowPeak.bed.gz	11/30/2014	FILER hg19 template
Roadmap	hg19	NGRMPGT4OV2Z75	H9	Embryo	Stem cell	ChIP-seq	H3K27ac	peaks	bed gappedPeak	67920	https://tf.lisanwanglab.org/GADB/Annotationtracks/RoadMap/ChIP-seq/gappedpeak/hg19/UCSD.H9.H3K27ac.YL237.gappedPeak.bed.gz	02/08/2015	FILER hg19 template
Roadmap	hg19	NGRMPKYUOJ6FKG	H9	Embryo	Stem cell	ChIP-seq	H3K27ac	peaks	bed broadPeak	561249	https://tf.lisanwanglab.org/GADB/Annotationtracks/RoadMap/ChIP-seq/broadpeak/hg19/2/UCSD.H9.H3K27ac.YL237.broadPeak.bed.gz	02/08/2015	FILER hg19 template
Roadmap	hg19	NGRMPUDK3JZABD	H9	Embryo	Stem cell	ChIP-seq	H3K27ac	peaks	bed narrowPeak	77110	https://tf.lisanwanglab.org/GADB/Annotationtracks/RoadMap/ChIP-seq/narrowpeak/hg19/UCSD.H9.H3K27ac.YL237.narrowPeak.bed.gz	11/30/2014	FILER hg19 template
Roadmap	hg19	NGRMPYNSWQ54SQ	H9	Embryo	Stem cell	ChIP-seq	H3K27ac	peaks	bed gappedPeak	49979	https://tf.lisanwanglab.org/GADB/Annotationtracks/RoadMap/ChIP-seq/gappedpeak/hg19/UCSD.H9.H3K27ac.SK265.gappedPeak.bed.gz	02/08/2015	FILER hg19 template
Roadmap	hg19	NGRMPEIRJ37W63	HUES48	Embryo	Primary culture	ChIP-seq	H3K27ac	peaks	bed narrowPeak	147728	https://tf.lisanwanglab.org/GADB/Annotationtracks/RoadMap/ChIP-seq/narrowpeak/hg19/BI.HUES48.H3K27ac.DNA_Lib_2068.narrowPeak.bed.gz	11/30/2014	FILER hg19 template
Roadmap	hg19	NGRMPJIPORSE3U	HUES48	Embryo	Primary culture	ChIP-seq	H3K27ac	peaks	bed broadPeak	267770	https://tf.lisanwanglab.org/GADB/Annotationtracks/RoadMap/ChIP-seq/broadpeak/hg19/3/BI.HUES48.H3K27ac.DNA_Lib_2068.broadPeak.bed.gz	02/08/2015	FILER hg19 template
Roadmap	hg19	NGRMPPEY4ATVSD	HUES48	Embryo	Primary culture	ChIP-seq	H3K27ac	peaks	bed gappedPeak	85054	https://tf.lisanwanglab.org/GADB/Annotationtracks/RoadMap/ChIP-seq/gappedpeak/hg19/BI.HUES48.H3K27ac.DNA_Lib_2068.gappedPeak.bed.gz	02/08/2015	FILER hg19 template
Roadmap	hg19	NGRMPLTVJTON52	HUES6	Embryo	Primary culture	ChIP-seq	H3K27ac	peaks	bed gappedPeak	64285	https://tf.lisanwanglab.org/GADB/Annotationtracks/RoadMap/ChIP-seq/gappedpeak/hg19/BI.HUES6.H3K27ac.DNA_Lib_835.gappedPeak.bed.gz	02/08/2015	FILER hg19 template
Roadmap	hg19	NGRMPQC7CAPYGW	HUES6	Embryo	Primary culture	ChIP-seq	H3K27ac	peaks	bed gappedPeak	60954	https://tf.lisanwanglab.org/GADB/Annotationtracks/RoadMap/ChIP-seq/gappedpeak/hg19/BI.HUES6.H3K27ac.DNA_Lib_837.gappedPeak.bed.gz	02/08/2015	FILER hg19 template
Roadmap	hg19	NGRMPSPLJP64YP	HUES6	Embryo	Primary culture	ChIP-seq	H3K27ac	peaks	bed broadPeak	488340	https://tf.lisanwanglab.org/GADB/Annotationtracks/RoadMap/ChIP-seq/broadpeak/hg19/3/BI.HUES6.H3K27ac.DNA_Lib_837.broadPeak.bed.gz	02/08/2015	FILER hg19 template
Roadmap	hg19	NGRMPTYBQRG5OE	HUES6	Embryo	Primary culture	ChIP-seq	H3K27ac	peaks	bed narrowPeak	75721	https://tf.lisanwanglab.org/GADB/Annotationtracks/RoadMap/ChIP-seq/narrowpeak/hg19/BI.HUES6.H3K27ac.DNA_Lib_835.narrowPeak.bed.gz	11/30/2014	FILER hg19 template
Roadmap	hg19	NGRMPW7NRP75CU	HUES6	Embryo	Primary culture	ChIP-seq	H3K27ac	peaks	bed broadPeak	564318	https://tf.lisanwanglab.org/GADB/Annotationtracks/RoadMap/ChIP-seq/broadpeak/hg19/3/BI.HUES6.H3K27ac.DNA_Lib_835.broadPeak.bed.gz	02/08/2015	FILER hg19 template
Roadmap	hg19	NGRMPYMIZCPEMX	HUES6	Embryo	Primary culture	ChIP-seq	H3K27ac	peaks	bed narrowPeak	102988	https://tf.lisanwanglab.org/GADB/Annotationtracks/RoadMap/ChIP-seq/narrowpeak/hg19/BI.HUES6.H3K27ac.DNA_Lib_837.narrowPeak.bed.gz	11/30/2014	FILER hg19 template
Roadmap	hg19	NGRMP4AMTXGF7C	HUES64	Embryo	Primary culture	ChIP-seq	H3K27ac	peaks	bed narrowPeak	99266	https://tf.lisanwanglab.org/GADB/Annotationtracks/RoadMap/ChIP-seq/narrowpeak/hg19/BI.HUES64.H3K27ac.DNA_Lib_834.narrowPeak.bed.gz	11/30/2014	FILER hg19 template
Roadmap	hg19	NGRMP6PJ47M4I3	HUES64	Embryo	Primary culture	ChIP-seq	H3K27ac	peaks	bed gappedPeak	62495	https://tf.lisanwanglab.org/GADB/Annotationtracks/RoadMap/ChIP-seq/gappedpeak/hg19/BI.HUES64.H3K27ac.DNA_Lib_834.gappedPeak.bed.gz	02/08/2015	FILER hg19 template
Roadmap	hg19	NGRMPGFPFXXHIN	HUES64	Embryo	Primary culture	ChIP-seq	H3K27ac	peaks	bed narrowPeak	108650	https://tf.lisanwanglab.org/GADB/Annotationtracks/RoadMap/ChIP-seq/narrowpeak/hg19/BI.HUES64.H3K27ac.DNA_Lib_2069.narrowPeak.bed.gz	11/30/2014	FILER hg19 template
Roadmap	hg19	NGRMPLN2C6GV7C	HUES64	Embryo	Primary culture	ChIP-seq	H3K27ac	peaks	bed broadPeak	501915	https://tf.lisanwanglab.org/GADB/Annotationtracks/RoadMap/ChIP-seq/broadpeak/hg19/3/BI.HUES64.H3K27ac.DNA_Lib_834.broadPeak.bed.gz	02/08/2015	FILER hg19 template
Roadmap	hg19	NGRMPOG7DRMGWW	HUES64	Embryo	Primary culture	ChIP-seq	H3K27ac	peaks	bed gappedPeak	65819	https://tf.lisanwanglab.org/GADB/Annotationtracks/RoadMap/ChIP-seq/gappedpeak/hg19/BI.HUES64.H3K27ac.DNA_Lib_2069.gappedPeak.bed.gz	02/08/2015	FILER hg19 template
Roadmap	hg19	NGRMPUNAJWBPYQ	HUES64	Embryo	Primary culture	ChIP-seq	H3K27ac	peaks	bed broadPeak	357237	https://tf.lisanwanglab.org/GADB/Annotationtracks/RoadMap/ChIP-seq/broadpeak/hg19/3/BI.HUES64.H3K27ac.DNA_Lib_2069.broadPeak.bed.gz	02/08/2015	FILER hg19 template
Roadmap	hg19	NGRMP5E4Q64ACW	Hippocampus middle	Brain	Primary tissue	ChIP-seq	H3K27ac	peaks	bed narrowPeak	110761	https://tf.lisanwanglab.org/GADB/Annotationtracks/RoadMap/ChIP-seq/narrowpeak/hg19/BI.Brain_Hippocampus_Middle.H3K27ac.149.narrowPeak.bed.gz	11/30/2014	FILER hg19 template
Roadmap	hg19	NGRMPBETD74SC6	Hippocampus middle	Brain	Primary tissue	ChIP-seq	H3K27ac	peaks	bed narrowPeak	123426	https://tf.lisanwanglab.org/GADB/Annotationtracks/RoadMap/ChIP-seq/narrowpeak/hg19/BI.Brain_Hippocampus_Middle.H3K27ac.150.narrowPeak.bed.gz	11/30/2014	FILER hg19 template
Roadmap	hg19	NGRMPC77EU64XG	Hippocampus middle	Brain	Primary tissue	ChIP-seq	H3K27ac	peaks	bed gappedPeak	55175	https://tf.lisanwanglab.org/GADB/Annotationtracks/RoadMap/ChIP-seq/gappedpeak/hg19/BI.Brain_Hippocampus_Middle.H3K27ac.150.gappedPeak.bed.gz	02/08/2015	FILER hg19 template
Roadmap	hg19	NGRMPCUPUJ2O3K	Hippocampus middle	Brain	Primary tissue	ChIP-seq	H3K27ac	peaks	bed broadPeak	143224	https://tf.lisanwanglab.org/GADB/Annotationtracks/RoadMap/ChIP-seq/broadpeak/hg19/1/BI.Brain_Hippocampus_Middle.H3K27ac.149.broadPeak.bed.gz	02/08/2015	FILER hg19 template
Roadmap	hg19	NGRMPD6RUSVCTD	Hippocampus middle	Brain	Primary tissue	ChIP-seq	H3K27ac	peaks	bed gappedPeak	57148	https://tf.lisanwanglab.org/GADB/Annotationtracks/RoadMap/ChIP-seq/gappedpeak/hg19/BI.Brain_Hippocampus_Middle.H3K27ac.112.gappedPeak.bed.gz	02/08/2015	FILER hg19 template
Roadmap	hg19	NGRMPEECNGQA36	Hippocampus middle	Brain	Primary tissue	ChIP-seq	H3K27ac	peaks	bed gappedPeak	40768	https://tf.lisanwanglab.org/GADB/Annotationtracks/RoadMap/ChIP-seq/gappedpeak/hg19/BI.Brain_Hippocampus_Middle.H3K27ac.149.gappedPeak.bed.gz	02/08/2015	FILER hg19 template
Roadmap	hg19	NGRMPJE2EZJRW5	Hippocampus middle	Brain	Primary tissue	ChIP-seq	H3K27ac	peaks	bed broadPeak	385311	https://tf.lisanwanglab.org/GADB/Annotationtracks/RoadMap/ChIP-seq/broadpeak/hg19/1/BI.Brain_Hippocampus_Middle.H3K27ac.112.broadPeak.bed.gz	02/08/2015	FILER hg19 template
Roadmap	hg19	NGRMPSICWW2VLB	Hippocampus middle	Brain	Primary tissue	ChIP-seq	H3K27ac	peaks	bed broadPeak	155045	https://tf.lisanwanglab.org/GADB/Annotationtracks/RoadMap/ChIP-seq/broadpeak/hg19/1/BI.Brain_Hippocampus_Middle.H3K27ac.150.broadPeak.bed.gz	02/08/2015	FILER hg19 template
Roadmap	hg19	NGRMPZ7HW5C3YG	Hippocampus middle	Brain	Primary tissue	ChIP-seq	H3K27ac	peaks	bed narrowPeak	143925	https://tf.lisanwanglab.org/GADB/Annotationtracks/RoadMap/ChIP-seq/narrowpeak/hg19/BI.Brain_Hippocampus_Middle.H3K27ac.112.narrowPeak.bed.gz	11/30/2014	FILER hg19 template
Roadmap	hg19	NGRMP2U34N6EAD	IMR-90	Lung	Cell line	ChIP-seq	H3K27ac	peaks	bed narrowPeak	141176	https://tf.lisanwanglab.org/GADB/Annotationtracks/RoadMap/ChIP-seq/narrowpeak/hg19/UCSD.IMR90.H3K27ac.LL235.narrowPeak.bed.gz	11/30/2014	FILER hg19 template
Roadmap	hg19	NGRMPGCUBZEFDZ	IMR-90	Lung	Cell line	ChIP-seq	H3K27ac	peaks	bed broadPeak	453135	https://tf.lisanwanglab.org/GADB/Annotationtracks/RoadMap/ChIP-seq/broadpeak/hg19/3/UCSD.IMR90.H3K27ac.YL58.broadPeak.bed.gz	02/08/2015	FILER hg19 template
Roadmap	hg19	NGRMPKC6LIZVCS	IMR-90	Lung	Cell line	ChIP-seq	H3K27ac	peaks	bed broadPeak	262054	https://tf.lisanwanglab.org/GADB/Annotationtracks/RoadMap/ChIP-seq/broadpeak/hg19/3/UCSD.IMR90.H3K27ac.LL231.broadPeak.bed.gz	02/08/2015	FILER hg19 template
Roadmap	hg19	NGRMPLCIUXOEV4	IMR-90	Lung	Cell line	ChIP-seq	H3K27ac	peaks	bed gappedPeak	52450	https://tf.lisanwanglab.org/GADB/Annotationtracks/RoadMap/ChIP-seq/gappedpeak/hg19/UCSD.IMR90.H3K27ac.YL58.gappedPeak.bed.gz	02/08/2015	FILER hg19 template
Roadmap	hg19	NGRMPN2CUN7LGP	IMR-90	Lung	Cell line	ChIP-seq	H3K27ac	peaks	bed narrowPeak	111359	https://tf.lisanwanglab.org/GADB/Annotationtracks/RoadMap/ChIP-seq/narrowpeak/hg19/UCSD.IMR90.H3K27ac.YL58.narrowPeak.bed.gz	11/30/2014	FILER hg19 template
Roadmap	hg19	NGRMPNLQXJF5ZA	IMR-90	Lung	Cell line	ChIP-seq	H3K27ac	peaks	bed narrowPeak	178433	https://tf.lisanwanglab.org/GADB/Annotationtracks/RoadMap/ChIP-seq/narrowpeak/hg19/UCSD.IMR90.H3K27ac.LL231.narrowPeak.bed.gz	11/30/2014	FILER hg19 template
Roadmap	hg19	NGRMPQ5Q7FZR7R	IMR-90	Lung	Cell line	ChIP-seq	H3K27ac	peaks	bed gappedPeak	59738	https://tf.lisanwanglab.org/GADB/Annotationtracks/RoadMap/ChIP-seq/gappedpeak/hg19/UCSD.IMR90.H3K27ac.LL235.gappedPeak.bed.gz	02/08/2015	FILER hg19 template
Roadmap	hg19	NGRMPXOYGZ3KEY	IMR-90	Lung	Cell line	ChIP-seq	H3K27ac	peaks	bed broadPeak	143698	https://tf.lisanwanglab.org/GADB/Annotationtracks/RoadMap/ChIP-seq/broadpeak/hg19/3/UCSD.IMR90.H3K27ac.LL235.broadPeak.bed.gz	02/08/2015	FILER hg19 template
Roadmap	hg19	NGRMPXVPNJOIUV	IMR-90	Lung	Cell line	ChIP-seq	H3K27ac	peaks	bed gappedPeak	68410	https://tf.lisanwanglab.org/GADB/Annotationtracks/RoadMap/ChIP-seq/gappedpeak/hg19/UCSD.IMR90.H3K27ac.LL231.gappedPeak.bed.gz	02/08/2015	FILER hg19 template
Roadmap	hg19	NGRMP22FVHJ7GT	Inferior temporal lobe	Brain	Primary tissue	ChIP-seq	H3K27ac	peaks	bed narrowPeak	116968	https://tf.lisanwanglab.org/GADB/Annotationtracks/RoadMap/ChIP-seq/narrowpeak/hg19/BI.Brain_Inferior_Temporal_Lobe.H3K27ac.112.narrowPeak.bed.gz	11/30/2014	FILER hg19 template
Roadmap	hg19	NGRMPEH6XR3N3T	Inferior temporal lobe	Brain	Primary tissue	ChIP-seq	H3K27ac	peaks	bed narrowPeak	192659	https://tf.lisanwanglab.org/GADB/Annotationtracks/RoadMap/ChIP-seq/narrowpeak/hg19/BI.Brain_Inferior_Temporal_Lobe.H3K27ac.149.narrowPeak.bed.gz	11/30/2014	FILER hg19 template
Roadmap	hg19	NGRMPJAEFF6ZKH	Inferior temporal lobe	Brain	Primary tissue	ChIP-seq	H3K27ac	peaks	bed gappedPeak	61680	https://tf.lisanwanglab.org/GADB/Annotationtracks/RoadMap/ChIP-seq/gappedpeak/hg19/BI.Brain_Inferior_Temporal_Lobe.H3K27ac.149.gappedPeak.bed.gz	02/08/2015	FILER hg19 template
Roadmap	hg19	NGRMPKMPIJKEEL	Inferior temporal lobe	Brain	Primary tissue	ChIP-seq	H3K27ac	peaks	bed broadPeak	201716	https://tf.lisanwanglab.org/GADB/Annotationtracks/RoadMap/ChIP-seq/broadpeak/hg19/1/BI.Brain_Inferior_Temporal_Lobe.H3K27ac.149.broadPeak.bed.gz	02/08/2015	FILER hg19 template
Roadmap	hg19	NGRMPPL47SZOIP	Inferior temporal lobe	Brain	Primary tissue	ChIP-seq	H3K27ac	peaks	bed gappedPeak	48905	https://tf.lisanwanglab.org/GADB/Annotationtracks/RoadMap/ChIP-seq/gappedpeak/hg19/BI.Brain_Inferior_Temporal_Lobe.H3K27ac.112.gappedPeak.bed.gz	02/08/2015	FILER hg19 template
Roadmap	hg19	NGRMPVPMQEX3BP	Inferior temporal lobe	Brain	Primary tissue	ChIP-seq	H3K27ac	peaks	bed broadPeak	229234	https://tf.lisanwanglab.org/GADB/Annotationtracks/RoadMap/ChIP-seq/broadpeak/hg19/1/BI.Brain_Inferior_Temporal_Lobe.H3K27ac.112.broadPeak.bed.gz	02/08/2015	FILER hg19 template
Roadmap	hg19	NGRMP37ENI5B32	Keratinocyte	Skin	Primary cell	ChIP-seq	H3K27ac	peaks	bed gappedPeak	60050	https://tf.lisanwanglab.org/GADB/Annotationtracks/RoadMap/ChIP-seq/gappedpeak/hg19/UCSF-UBC.Penis_Foreskin_Keratinocyte_Primary_Cells.H3K27ac.skin03.gappedPeak.bed.gz	02/08/2015	FILER hg19 template
Roadmap	hg19	NGRMPEMB7UJDVW	Keratinocyte	Skin	Primary cell	ChIP-seq	H3K27ac	peaks	bed narrowPeak	112321	https://tf.lisanwanglab.org/GADB/Annotationtracks/RoadMap/ChIP-seq/narrowpeak/hg19/UCSF-UBC.Penis_Foreskin_Keratinocyte_Primary_Cells.H3K27ac.skin03.narrowPeak.bed.gz	11/30/2014	FILER hg19 template
Roadmap	hg19	NGRMPTRZRF7CZT	Keratinocyte	Skin	Primary cell	ChIP-seq	H3K27ac	peaks	bed broadPeak	217314	https://tf.lisanwanglab.org/GADB/Annotationtracks/RoadMap/ChIP-seq/broadpeak/hg19/3/UCSF-UBC.Penis_Foreskin_Keratinocyte_Primary_Cells.H3K27ac.skin03.broadPeak.bed.gz	02/08/2015	FILER hg19 template
Roadmap	hg19	NGRMP4LTQNS3UL	Kidney	Urinary	Primary tissue	ChIP-seq	H3K27ac	peaks	bed narrowPeak	129277	https://tf.lisanwanglab.org/GADB/Annotationtracks/RoadMap/ChIP-seq/narrowpeak/hg19/BI.Adult_Kidney.H3K27ac.27.narrowPeak.bed.gz	11/30/2014	FILER hg19 template
Roadmap	hg19	NGRMPEL4F4HRWH	Kidney	Urinary	Primary tissue	ChIP-seq	H3K27ac	peaks	bed broadPeak	502224	https://tf.lisanwanglab.org/GADB/Annotationtracks/RoadMap/ChIP-seq/broadpeak/hg19/1/BI.Adult_Kidney.H3K27ac.153.broadPeak.bed.gz	02/08/2015	FILER hg19 template
Roadmap	hg19	NGRMPF6ZFG57KG	Kidney	Urinary	Primary tissue	ChIP-seq	H3K27ac	peaks	bed broadPeak	392399	https://tf.lisanwanglab.org/GADB/Annotationtracks/RoadMap/ChIP-seq/broadpeak/hg19/1/BI.Adult_Kidney.H3K27ac.27.broadPeak.bed.gz	02/08/2015	FILER hg19 template
Roadmap	hg19	NGRMPPPN6XW6H5	Kidney	Urinary	Primary tissue	ChIP-seq	H3K27ac	peaks	bed gappedPeak	51027	https://tf.lisanwanglab.org/GADB/Annotationtracks/RoadMap/ChIP-seq/gappedpeak/hg19/BI.Adult_Kidney.H3K27ac.27.gappedPeak.bed.gz	02/08/2015	FILER hg19 template
Roadmap	hg19	NGRMPQY6WOEJ4F	Kidney	Urinary	Primary tissue	ChIP-seq	H3K27ac	peaks	bed gappedPeak	51926	https://tf.lisanwanglab.org/GADB/Annotationtracks/RoadMap/ChIP-seq/gappedpeak/hg19/BI.Adult_Kidney.H3K27ac.153.gappedPeak.bed.gz	02/08/2015	FILER hg19 template
Roadmap	hg19	NGRMPYYHRTZQG5	Kidney	Urinary	Primary tissue	ChIP-seq	H3K27ac	peaks	bed narrowPeak	118680	https://tf.lisanwanglab.org/GADB/Annotationtracks/RoadMap/ChIP-seq/narrowpeak/hg19/BI.Adult_Kidney.H3K27ac.153.narrowPeak.bed.gz	11/30/2014	FILER hg19 template
Roadmap	hg19	NGRMP3FBPATPNH	Large intestine	Digestive	Primary tissue	ChIP-seq	H3K27ac	peaks	bed narrowPeak	118596	https://tf.lisanwanglab.org/GADB/Annotationtracks/RoadMap/ChIP-seq/narrowpeak/hg19/UW.Fetal_Intestine_Large.H3K27ac.H-24595.Histone.DS21780.narrowPeak.bed.gz	11/30/2014	FILER hg19 template
Roadmap	hg19	NGRMPGNNEWW6PM	Large intestine	Digestive	Primary tissue	ChIP-seq	H3K27ac	peaks	bed broadPeak	113968	https://tf.lisanwanglab.org/GADB/Annotationtracks/RoadMap/ChIP-seq/broadpeak/hg19/2/UW.Fetal_Intestine_Large.H3K27ac.H-24595.Histone.DS21780.broadPeak.bed.gz	02/08/2015	FILER hg19 template
Roadmap	hg19	NGRMPO6UUYKXJJ	Large intestine	Digestive	Primary tissue	ChIP-seq	H3K27ac	peaks	bed gappedPeak	62258	https://tf.lisanwanglab.org/GADB/Annotationtracks/RoadMap/ChIP-seq/gappedpeak/hg19/UW.Fetal_Intestine_Large.H3K27ac.H-24595.Histone.DS21780.gappedPeak.bed.gz	02/08/2015	FILER hg19 template
Roadmap	hg19	NGRMP3WW46NNX2	Left ventricle	Heart	Primary tissue	ChIP-seq	H3K27ac	peaks	bed narrowPeak	115970	https://tf.lisanwanglab.org/GADB/Annotationtracks/RoadMap/ChIP-seq/narrowpeak/hg19/UCSD.Left_Ventricle.H3K27ac.STL011.narrowPeak.bed.gz	11/30/2014	FILER hg19 template
Roadmap	hg19	NGRMPA3PXXWDN5	Left ventricle	Heart	Primary tissue	ChIP-seq	H3K27ac	peaks	bed narrowPeak	142730	https://tf.lisanwanglab.org/GADB/Annotationtracks/RoadMap/ChIP-seq/narrowpeak/hg19/UCSD.Left_Ventricle.H3K27ac.STL001.narrowPeak.bed.gz	11/30/2014	FILER hg19 template
Roadmap	hg19	NGRMPIWCWWXKII	Left ventricle	Heart	Primary tissue	ChIP-seq	H3K27ac	peaks	bed narrowPeak	126915	https://tf.lisanwanglab.org/GADB/Annotationtracks/RoadMap/ChIP-seq/narrowpeak/hg19/UCSD.Left_Ventricle.H3K27ac.STL003.narrowPeak.bed.gz	11/30/2014	FILER hg19 template
Roadmap	hg19	NGRMPP7334QPSR	Left ventricle	Heart	Primary tissue	ChIP-seq	H3K27ac	peaks	bed broadPeak	558457	https://tf.lisanwanglab.org/GADB/Annotationtracks/RoadMap/ChIP-seq/broadpeak/hg19/3/UCSD.Left_Ventricle.H3K27ac.STL003.broadPeak.bed.gz	02/08/2015	FILER hg19 template
Roadmap	hg19	NGRMPPB2SSSG6C	Left ventricle	Heart	Primary tissue	ChIP-seq	H3K27ac	peaks	bed gappedPeak	50596	https://tf.lisanwanglab.org/GADB/Annotationtracks/RoadMap/ChIP-seq/gappedpeak/hg19/UCSD.Left_Ventricle.H3K27ac.STL011.gappedPeak.bed.gz	02/08/2015	FILER hg19 template
Roadmap	hg19	NGRMPQI2AB3UDT	Left ventricle	Heart	Primary tissue	ChIP-seq	H3K27ac	peaks	bed broadPeak	170612	https://tf.lisanwanglab.org/GADB/Annotationtracks/RoadMap/ChIP-seq/broadpeak/hg19/3/UCSD.Left_Ventricle.H3K27ac.STL001.broadPeak.bed.gz	02/08/2015	FILER hg19 template
Roadmap	hg19	NGRMPRYGQBXYYW	Left ventricle	Heart	Primary tissue	ChIP-seq	H3K27ac	peaks	bed broadPeak	252254	https://tf.lisanwanglab.org/GADB/Annotationtracks/RoadMap/ChIP-seq/broadpeak/hg19/3/UCSD.Left_Ventricle.H3K27ac.STL011.broadPeak.bed.gz	02/08/2015	FILER hg19 template
Roadmap	hg19	NGRMPS3RMN5T4V	Left ventricle	Heart	Primary tissue	ChIP-seq	H3K27ac	peaks	bed gappedPeak	59214	https://tf.lisanwanglab.org/GADB/Annotationtracks/RoadMap/ChIP-seq/gappedpeak/hg19/UCSD.Left_Ventricle.H3K27ac.STL003.gappedPeak.bed.gz	02/08/2015	FILER hg19 template
Roadmap	hg19	NGRMPSULWNRSWR	Left ventricle	Heart	Primary tissue	ChIP-seq	H3K27ac	peaks	bed gappedPeak	56609	https://tf.lisanwanglab.org/GADB/Annotationtracks/RoadMap/ChIP-seq/gappedpeak/hg19/UCSD.Left_Ventricle.H3K27ac.STL001.gappedPeak.bed.gz	02/08/2015	FILER hg19 template
Roadmap	hg19	NGRMP3J5ONS7MW	Liver	Liver	Primary tissue	ChIP-seq	H3K27ac	peaks	bed gappedPeak	44581	https://tf.lisanwanglab.org/GADB/Annotationtracks/RoadMap/ChIP-seq/gappedpeak/hg19/BI.Adult_Liver.H3K27ac.4.gappedPeak.bed.gz	02/08/2015	FILER hg19 template
Roadmap	hg19	NGRMPFGMSQAZLF	Liver	Liver	Primary tissue	ChIP-seq	H3K27ac	peaks	bed narrowPeak	89455	https://tf.lisanwanglab.org/GADB/Annotationtracks/RoadMap/ChIP-seq/narrowpeak/hg19/BI.Adult_Liver.H3K27ac.4.narrowPeak.bed.gz	11/30/2014	FILER hg19 template
Roadmap	hg19	NGRMPGJ5NAA2YF	Liver	Liver	Primary tissue	ChIP-seq	H3K27ac	peaks	bed broadPeak	109547	https://tf.lisanwanglab.org/GADB/Annotationtracks/RoadMap/ChIP-seq/broadpeak/hg19/1/BI.Adult_Liver.H3K27ac.4.broadPeak.bed.gz	02/08/2015	FILER hg19 template
Roadmap	hg19	NGRMPQSZJQTECP	Liver	Liver	Primary tissue	ChIP-seq	H3K27ac	peaks	bed gappedPeak	51227	https://tf.lisanwanglab.org/GADB/Annotationtracks/RoadMap/ChIP-seq/gappedpeak/hg19/BI.Adult_Liver.H3K27ac.3.gappedPeak.bed.gz	02/08/2015	FILER hg19 template
Roadmap	hg19	NGRMPXOA5B34CD	Liver	Liver	Primary tissue	ChIP-seq	H3K27ac	peaks	bed narrowPeak	116589	https://tf.lisanwanglab.org/GADB/Annotationtracks/RoadMap/ChIP-seq/narrowpeak/hg19/BI.Adult_Liver.H3K27ac.3.narrowPeak.bed.gz	11/30/2014	FILER hg19 template
Roadmap	hg19	NGRMPYUW4RYSEK	Liver	Liver	Primary tissue	ChIP-seq	H3K27ac	peaks	bed broadPeak	259298	https://tf.lisanwanglab.org/GADB/Annotationtracks/RoadMap/ChIP-seq/broadpeak/hg19/1/BI.Adult_Liver.H3K27ac.3.broadPeak.bed.gz	02/08/2015	FILER hg19 template
Roadmap	hg19	NGRMPC4JEG6JZS	Lung	Lung	Primary tissue	ChIP-seq	H3K27ac	peaks	bed gappedPeak	105850	https://tf.lisanwanglab.org/GADB/Annotationtracks/RoadMap/ChIP-seq/gappedpeak/hg19/UCSD.Lung.H3K27ac.STL002.gappedPeak.bed.gz	02/08/2015	FILER hg19 template
Roadmap	hg19	NGRMPEGKK6CPUD	Lung	Lung	Primary tissue	ChIP-seq	H3K27ac	peaks	bed narrowPeak	222024	https://tf.lisanwanglab.org/GADB/Annotationtracks/RoadMap/ChIP-seq/narrowpeak/hg19/UCSD.Lung.H3K27ac.STL002.narrowPeak.bed.gz	11/30/2014	FILER hg19 template
Roadmap	hg19	NGRMPI4PCBOHEG	Lung	Lung	Primary tissue	ChIP-seq	H3K27ac	peaks	bed narrowPeak	140312	https://tf.lisanwanglab.org/GADB/Annotationtracks/RoadMap/ChIP-seq/narrowpeak/hg19/UCSD.Lung.H3K27ac.STL001.narrowPeak.bed.gz	11/30/2014	FILER hg19 template
Roadmap	hg19	NGRMPONAV236FG	Lung	Lung	Primary tissue	ChIP-seq	H3K27ac	peaks	bed gappedPeak	59479	https://tf.lisanwanglab.org/GADB/Annotationtracks/RoadMap/ChIP-seq/gappedpeak/hg19/UCSD.Lung.H3K27ac.STL001.gappedPeak.bed.gz	02/08/2015	FILER hg19 template
Roadmap	hg19	NGRMPRPWTG3T3O	Lung	Lung	Primary tissue	ChIP-seq	H3K27ac	peaks	bed broadPeak	259533	https://tf.lisanwanglab.org/GADB/Annotationtracks/RoadMap/ChIP-seq/broadpeak/hg19/3/UCSD.Lung.H3K27ac.STL001.broadPeak.bed.gz	02/08/2015	FILER hg19 template
Roadmap	hg19	NGRMPTYGC7A3WU	Lung	Lung	Primary tissue	ChIP-seq	H3K27ac	peaks	bed broadPeak	568584	https://tf.lisanwanglab.org/GADB/Annotationtracks/RoadMap/ChIP-seq/broadpeak/hg19/3/UCSD.Lung.H3K27ac.STL002.broadPeak.bed.gz	02/08/2015	FILER hg19 template
Roadmap	hg19	NGRMP5KZGR622V	Melanocyte	Skin	Primary cell	ChIP-seq	H3K27ac	peaks	bed broadPeak	487160	https://tf.lisanwanglab.org/GADB/Annotationtracks/RoadMap/ChIP-seq/broadpeak/hg19/3/UCSF-UBC.Penis_Foreskin_Melanocyte_Primary_Cells.H3K27ac.skin01.broadPeak.bed.gz	02/08/2015	FILER hg19 template
Roadmap	hg19	NGRMPB6AJFNXGX	Melanocyte	Skin	Primary cell	ChIP-seq	H3K27ac	peaks	bed narrowPeak	211609	https://tf.lisanwanglab.org/GADB/Annotationtracks/RoadMap/ChIP-seq/narrowpeak/hg19/UCSF-UBC.Penis_Foreskin_Melanocyte_Primary_Cells.H3K27ac.skin03.narrowPeak.bed.gz	11/30/2014	FILER hg19 template
Roadmap	hg19	NGRMPJ2KSDMBWF	Melanocyte	Skin	Primary cell	ChIP-seq	H3K27ac	peaks	bed gappedPeak	107995	https://tf.lisanwanglab.org/GADB/Annotationtracks/RoadMap/ChIP-seq/gappedpeak/hg19/UCSF-UBC.Penis_Foreskin_Melanocyte_Primary_Cells.H3K27ac.skin03.gappedPeak.bed.gz	02/08/2015	FILER hg19 template
Roadmap	hg19	NGRMPJNPBZFM2X	Melanocyte	Skin	Primary cell	ChIP-seq	H3K27ac	peaks	bed broadPeak	514625	https://tf.lisanwanglab.org/GADB/Annotationtracks/RoadMap/ChIP-seq/broadpeak/hg19/3/UCSF-UBC.Penis_Foreskin_Melanocyte_Primary_Cells.H3K27ac.skin03.broadPeak.bed.gz	02/08/2015	FILER hg19 template
Roadmap	hg19	NGRMPTRAILKWWJ	Melanocyte	Skin	Primary cell	ChIP-seq	H3K27ac	peaks	bed gappedPeak	44327	https://tf.lisanwanglab.org/GADB/Annotationtracks/RoadMap/ChIP-seq/gappedpeak/hg19/UCSF-UBC.Penis_Foreskin_Melanocyte_Primary_Cells.H3K27ac.skin01.gappedPeak.bed.gz	02/08/2015	FILER hg19 template
Roadmap	hg19	NGRMPWPXPE6DVV	Melanocyte	Skin	Primary cell	ChIP-seq	H3K27ac	peaks	bed narrowPeak	41254	https://tf.lisanwanglab.org/GADB/Annotationtracks/RoadMap/ChIP-seq/narrowpeak/hg19/UCSF-UBC.Penis_Foreskin_Melanocyte_Primary_Cells.H3K27ac.skin01.narrowPeak.bed.gz	11/30/2014	FILER hg19 template
Roadmap	hg19	NGRMP3EQBX5WVT	Mesenchymal stem cell	Connective Tissue	Stem cell	ChIP-seq	H3K27ac	peaks	bed gappedPeak	60852	https://tf.lisanwanglab.org/GADB/Annotationtracks/RoadMap/ChIP-seq/gappedpeak/hg19/BI.Bone_Marrow_Derived_Mesenchymal_Stem_Cell_Cultured_Cells.H3K27ac.57.gappedPeak.bed.gz	02/08/2015	FILER hg19 template
Roadmap	hg19	NGRMP4BSVA24DO	Mesenchymal stem cell	Connective Tissue	Stem cell	ChIP-seq	H3K27ac	peaks	bed narrowPeak	173834	https://tf.lisanwanglab.org/GADB/Annotationtracks/RoadMap/ChIP-seq/narrowpeak/hg19/UCSD.H1_Derived_Mesenchymal_Stem_Cells.H3K27ac.SK438.narrowPeak.bed.gz	11/30/2014	FILER hg19 template
Roadmap	hg19	NGRMP6NJULQYLS	Mesenchymal stem cell	Connective Tissue	Stem cell	ChIP-seq	H3K27ac	peaks	bed narrowPeak	116913	https://tf.lisanwanglab.org/GADB/Annotationtracks/RoadMap/ChIP-seq/narrowpeak/hg19/UCSD.H1_Derived_Mesenchymal_Stem_Cells.H3K27ac.SK436.narrowPeak.bed.gz	11/30/2014	FILER hg19 template
Roadmap	hg19	NGRMPDHYINF3WA	Mesenchymal stem cell	Connective Tissue	Stem cell	ChIP-seq	H3K27ac	peaks	bed gappedPeak	61357	https://tf.lisanwanglab.org/GADB/Annotationtracks/RoadMap/ChIP-seq/gappedpeak/hg19/BI.Bone_Marrow_Derived_Mesenchymal_Stem_Cell_Cultured_Cells.H3K27ac.60.gappedPeak.bed.gz	02/08/2015	FILER hg19 template
Roadmap	hg19	NGRMPGIQDGKC5O	Mesenchymal stem cell	Connective Tissue	Stem cell	ChIP-seq	H3K27ac	peaks	bed broadPeak	641655	https://tf.lisanwanglab.org/GADB/Annotationtracks/RoadMap/ChIP-seq/broadpeak/hg19/2/UCSD.H1_Derived_Mesenchymal_Stem_Cells.H3K27ac.SK438.broadPeak.bed.gz	02/08/2015	FILER hg19 template
Roadmap	hg19	NGRMPISIR6BHFQ	Mesenchymal stem cell	Connective Tissue	Stem cell	ChIP-seq	H3K27ac	peaks	bed narrowPeak	105339	https://tf.lisanwanglab.org/GADB/Annotationtracks/RoadMap/ChIP-seq/narrowpeak/hg19/BI.Bone_Marrow_Derived_Mesenchymal_Stem_Cell_Cultured_Cells.H3K27ac.57.narrowPeak.bed.gz	11/30/2014	FILER hg19 template
Roadmap	hg19	NGRMPJTW7PUUMK	Mesenchymal stem cell	Connective Tissue	Stem cell	ChIP-seq	H3K27ac	peaks	bed narrowPeak	98189	https://tf.lisanwanglab.org/GADB/Annotationtracks/RoadMap/ChIP-seq/narrowpeak/hg19/BI.Bone_Marrow_Derived_Mesenchymal_Stem_Cell_Cultured_Cells.H3K27ac.60.narrowPeak.bed.gz	11/30/2014	FILER hg19 template
Roadmap	hg19	NGRMPLME63OOOL	Mesenchymal stem cell	Connective Tissue	Stem cell	ChIP-seq	H3K27ac	peaks	bed broadPeak	114826	https://tf.lisanwanglab.org/GADB/Annotationtracks/RoadMap/ChIP-seq/broadpeak/hg19/1/BI.Bone_Marrow_Derived_Mesenchymal_Stem_Cell_Cultured_Cells.H3K27ac.57.broadPeak.bed.gz	02/08/2015	FILER hg19 template
Roadmap	hg19	NGRMPMGBSXI5JE	Mesenchymal stem cell	Connective Tissue	Stem cell	ChIP-seq	H3K27ac	peaks	bed narrowPeak	101582	https://tf.lisanwanglab.org/GADB/Annotationtracks/RoadMap/ChIP-seq/narrowpeak/hg19/BI.Bone_Marrow_Derived_Mesenchymal_Stem_Cell_Cultured_Cells.H3K27ac.59.narrowPeak.bed.gz	11/30/2014	FILER hg19 template
Roadmap	hg19	NGRMPODOXNDFUT	Mesenchymal stem cell	Connective Tissue	Stem cell	ChIP-seq	H3K27ac	peaks	bed gappedPeak	67071	https://tf.lisanwanglab.org/GADB/Annotationtracks/RoadMap/ChIP-seq/gappedpeak/hg19/BI.Bone_Marrow_Derived_Mesenchymal_Stem_Cell_Cultured_Cells.H3K27ac.59.gappedPeak.bed.gz	02/08/2015	FILER hg19 template
Roadmap	hg19	NGRMPOQGVST2PJ	Mesenchymal stem cell	Connective Tissue	Stem cell	ChIP-seq	H3K27ac	peaks	bed gappedPeak	57129	https://tf.lisanwanglab.org/GADB/Annotationtracks/RoadMap/ChIP-seq/gappedpeak/hg19/UCSD.H1_Derived_Mesenchymal_Stem_Cells.H3K27ac.SK436.gappedPeak.bed.gz	02/08/2015	FILER hg19 template
Roadmap	hg19	NGRMPPCKZWOMAI	Mesenchymal stem cell	Connective Tissue	Stem cell	ChIP-seq	H3K27ac	peaks	bed gappedPeak	92032	https://tf.lisanwanglab.org/GADB/Annotationtracks/RoadMap/ChIP-seq/gappedpeak/hg19/UCSD.H1_Derived_Mesenchymal_Stem_Cells.H3K27ac.SK438.gappedPeak.bed.gz	02/08/2015	FILER hg19 template
Roadmap	hg19	NGRMPQMEKXNJUK	Mesenchymal stem cell	Connective Tissue	Stem cell	ChIP-seq	H3K27ac	peaks	bed broadPeak	352543	https://tf.lisanwanglab.org/GADB/Annotationtracks/RoadMap/ChIP-seq/broadpeak/hg19/2/UCSD.H1_Derived_Mesenchymal_Stem_Cells.H3K27ac.SK436.broadPeak.bed.gz	02/08/2015	FILER hg19 template
Roadmap	hg19	NGRMPVCBV5SHLN	Mesenchymal stem cell	Connective Tissue	Stem cell	ChIP-seq	H3K27ac	peaks	bed gappedPeak	61333	https://tf.lisanwanglab.org/GADB/Annotationtracks/RoadMap/ChIP-seq/gappedpeak/hg19/BI.Bone_Marrow_Derived_Mesenchymal_Stem_Cell_Cultured_Cells.H3K27ac.58.gappedPeak.bed.gz	02/08/2015	FILER hg19 template
Roadmap	hg19	NGRMPXOMJPRGTA	Mesenchymal stem cell	Connective Tissue	Stem cell	ChIP-seq	H3K27ac	peaks	bed broadPeak	90041	https://tf.lisanwanglab.org/GADB/Annotationtracks/RoadMap/ChIP-seq/broadpeak/hg19/1/BI.Bone_Marrow_Derived_Mesenchymal_Stem_Cell_Cultured_Cells.H3K27ac.60.broadPeak.bed.gz	02/08/2015	FILER hg19 template
Roadmap	hg19	NGRMPXRWVYRROR	Mesenchymal stem cell	Connective Tissue	Stem cell	ChIP-seq	H3K27ac	peaks	bed broadPeak	93575	https://tf.lisanwanglab.org/GADB/Annotationtracks/RoadMap/ChIP-seq/broadpeak/hg19/1/BI.Bone_Marrow_Derived_Mesenchymal_Stem_Cell_Cultured_Cells.H3K27ac.59.broadPeak.bed.gz	02/08/2015	FILER hg19 template
Roadmap	hg19	NGRMPZHFAZFTZD	Mesenchymal stem cell	Connective Tissue	Stem cell	ChIP-seq	H3K27ac	peaks	bed broadPeak	92726	https://tf.lisanwanglab.org/GADB/Annotationtracks/RoadMap/ChIP-seq/broadpeak/hg19/1/BI.Bone_Marrow_Derived_Mesenchymal_Stem_Cell_Cultured_Cells.H3K27ac.58.broadPeak.bed.gz	02/08/2015	FILER hg19 template
Roadmap	hg19	NGRMPZY4RQCV4A	Mesenchymal stem cell	Connective Tissue	Stem cell	ChIP-seq	H3K27ac	peaks	bed narrowPeak	101407	https://tf.lisanwanglab.org/GADB/Annotationtracks/RoadMap/ChIP-seq/narrowpeak/hg19/BI.Bone_Marrow_Derived_Mesenchymal_Stem_Cell_Cultured_Cells.H3K27ac.58.narrowPeak.bed.gz	11/30/2014	FILER hg19 template
Roadmap	hg19	NGRMP2BFKP4DLK	Mesendoderm	Embryo	In vitro differentiated cells	ChIP-seq	H3K27ac	peaks	bed broadPeak	974916	https://tf.lisanwanglab.org/GADB/Annotationtracks/RoadMap/ChIP-seq/broadpeak/hg19/2/UCSD.H1_BMP4_Derived_Trophoblast_Cultured_Cells.H3K27ac.SK447.broadPeak.bed.gz	02/08/2015	FILER hg19 template
Roadmap	hg19	NGRMP2QOKY6LHU	Mesendoderm	Embryo	In vitro differentiated cells	ChIP-seq	H3K27ac	peaks	bed gappedPeak	89212	https://tf.lisanwanglab.org/GADB/Annotationtracks/RoadMap/ChIP-seq/gappedpeak/hg19/UCSD.H1_BMP4_Derived_Trophoblast_Cultured_Cells.H3K27ac.SK447.gappedPeak.bed.gz	02/08/2015	FILER hg19 template
Roadmap	hg19	NGRMP64F5TG42N	Mesendoderm	Embryo	In vitro differentiated cells	ChIP-seq	H3K27ac	peaks	bed broadPeak	1393392	https://tf.lisanwanglab.org/GADB/Annotationtracks/RoadMap/ChIP-seq/broadpeak/hg19/2/UCSD.H1_BMP4_Derived_Mesendoderm_Cultured_Cells.H3K27ac.SK340.broadPeak.bed.gz	02/08/2015	FILER hg19 template
Roadmap	hg19	NGRMP6F7JO7LGQ	Mesendoderm	Embryo	In vitro differentiated cells	ChIP-seq	H3K27ac	peaks	bed gappedPeak	134796	https://tf.lisanwanglab.org/GADB/Annotationtracks/RoadMap/ChIP-seq/gappedpeak/hg19/UCSD.H1_BMP4_Derived_Trophoblast_Cultured_Cells.H3K27ac.SK449.gappedPeak.bed.gz	02/08/2015	FILER hg19 template
Roadmap	hg19	NGRMPEA7LYK6TU	Mesendoderm	Embryo	In vitro differentiated cells	ChIP-seq	H3K27ac	peaks	bed broadPeak	440753	https://tf.lisanwanglab.org/GADB/Annotationtracks/RoadMap/ChIP-seq/broadpeak/hg19/2/UCSD.H1_BMP4_Derived_Mesendoderm_Cultured_Cells.H3K27ac.AK147.broadPeak.bed.gz	02/08/2015	FILER hg19 template
Roadmap	hg19	NGRMPF73U2VUCJ	Mesendoderm	Embryo	In vitro differentiated cells	ChIP-seq	H3K27ac	peaks	bed narrowPeak	132612	https://tf.lisanwanglab.org/GADB/Annotationtracks/RoadMap/ChIP-seq/narrowpeak/hg19/UCSD.H1_BMP4_Derived_Mesendoderm_Cultured_Cells.H3K27ac.AK313.narrowPeak.bed.gz	11/30/2014	FILER hg19 template
Roadmap	hg19	NGRMPHAZZBASS2	Mesendoderm	Embryo	In vitro differentiated cells	ChIP-seq	H3K27ac	peaks	bed narrowPeak	160142	https://tf.lisanwanglab.org/GADB/Annotationtracks/RoadMap/ChIP-seq/narrowpeak/hg19/UCSD.H1_BMP4_Derived_Mesendoderm_Cultured_Cells.H3K27ac.AK310.narrowPeak.bed.gz	11/30/2014	FILER hg19 template
Roadmap	hg19	NGRMPHN3PITBN4	Mesendoderm	Embryo	In vitro differentiated cells	ChIP-seq	H3K27ac	peaks	bed broadPeak	1376122	https://tf.lisanwanglab.org/GADB/Annotationtracks/RoadMap/ChIP-seq/broadpeak/hg19/2/UCSD.H1_BMP4_Derived_Trophoblast_Cultured_Cells.H3K27ac.SK449.broadPeak.bed.gz	02/08/2015	FILER hg19 template
Roadmap	hg19	NGRMPID3PUDGPR	Mesendoderm	Embryo	In vitro differentiated cells	ChIP-seq	H3K27ac	peaks	bed narrowPeak	36684	https://tf.lisanwanglab.org/GADB/Annotationtracks/RoadMap/ChIP-seq/narrowpeak/hg19/UCSD.H1_BMP4_Derived_Trophoblast_Cultured_Cells.H3K27ac.SK449.narrowPeak.bed.gz	11/30/2014	FILER hg19 template
Roadmap	hg19	NGRMPKT6C7MY2A	Mesendoderm	Embryo	In vitro differentiated cells	ChIP-seq	H3K27ac	peaks	bed narrowPeak	104652	https://tf.lisanwanglab.org/GADB/Annotationtracks/RoadMap/ChIP-seq/narrowpeak/hg19/UCSD.H1_BMP4_Derived_Trophoblast_Cultured_Cells.H3K27ac.SK447.narrowPeak.bed.gz	11/30/2014	FILER hg19 template
Roadmap	hg19	NGRMPMDIRWR67N	Mesendoderm	Embryo	In vitro differentiated cells	ChIP-seq	H3K27ac	peaks	bed gappedPeak	74443	https://tf.lisanwanglab.org/GADB/Annotationtracks/RoadMap/ChIP-seq/gappedpeak/hg19/UCSD.H1_BMP4_Derived_Mesendoderm_Cultured_Cells.H3K27ac.AK313.gappedPeak.bed.gz	02/08/2015	FILER hg19 template
Roadmap	hg19	NGRMPN4KVBMJNT	Mesendoderm	Embryo	In vitro differentiated cells	ChIP-seq	H3K27ac	peaks	bed gappedPeak	63157	https://tf.lisanwanglab.org/GADB/Annotationtracks/RoadMap/ChIP-seq/gappedpeak/hg19/UCSD.H1_BMP4_Derived_Trophoblast_Cultured_Cells.H3K27ac.AK316.gappedPeak.bed.gz	02/08/2015	FILER hg19 template
Roadmap	hg19	NGRMPOFKYQVHY5	Mesendoderm	Embryo	In vitro differentiated cells	ChIP-seq	H3K27ac	peaks	bed broadPeak	466618	https://tf.lisanwanglab.org/GADB/Annotationtracks/RoadMap/ChIP-seq/broadpeak/hg19/2/UCSD.H1_BMP4_Derived_Mesendoderm_Cultured_Cells.H3K27ac.AK313.broadPeak.bed.gz	02/08/2015	FILER hg19 template
Roadmap	hg19	NGRMPQIDNVUWGK	Mesendoderm	Embryo	In vitro differentiated cells	ChIP-seq	H3K27ac	peaks	bed narrowPeak	204074	https://tf.lisanwanglab.org/GADB/Annotationtracks/RoadMap/ChIP-seq/narrowpeak/hg19/UCSD.H1_BMP4_Derived_Mesendoderm_Cultured_Cells.H3K27ac.AK147.narrowPeak.bed.gz	11/30/2014	FILER hg19 template
Roadmap	hg19	NGRMPSPKQTXNAF	Mesendoderm	Embryo	In vitro differentiated cells	ChIP-seq	H3K27ac	peaks	bed broadPeak	334347	https://tf.lisanwanglab.org/GADB/Annotationtracks/RoadMap/ChIP-seq/broadpeak/hg19/2/UCSD.H1_BMP4_Derived_Trophoblast_Cultured_Cells.H3K27ac.AK316.broadPeak.bed.gz	02/08/2015	FILER hg19 template
Roadmap	hg19	NGRMPTQT3SQIE4	Mesendoderm	Embryo	In vitro differentiated cells	ChIP-seq	H3K27ac	peaks	bed broadPeak	554094	https://tf.lisanwanglab.org/GADB/Annotationtracks/RoadMap/ChIP-seq/broadpeak/hg19/2/UCSD.H1_BMP4_Derived_Mesendoderm_Cultured_Cells.H3K27ac.AK310.broadPeak.bed.gz	02/08/2015	FILER hg19 template
Roadmap	hg19	NGRMPTS5VADWCX	Mesendoderm	Embryo	In vitro differentiated cells	ChIP-seq	H3K27ac	peaks	bed narrowPeak	73130	https://tf.lisanwanglab.org/GADB/Annotationtracks/RoadMap/ChIP-seq/narrowpeak/hg19/UCSD.H1_BMP4_Derived_Mesendoderm_Cultured_Cells.H3K27ac.SK340.narrowPeak.bed.gz	11/30/2014	FILER hg19 template
Roadmap	hg19	NGRMPU66TMHSGI	Mesendoderm	Embryo	In vitro differentiated cells	ChIP-seq	H3K27ac	peaks	bed gappedPeak	96405	https://tf.lisanwanglab.org/GADB/Annotationtracks/RoadMap/ChIP-seq/gappedpeak/hg19/UCSD.H1_BMP4_Derived_Mesendoderm_Cultured_Cells.H3K27ac.AK310.gappedPeak.bed.gz	02/08/2015	FILER hg19 template
Roadmap	hg19	NGRMPVK5M2LQ3V	Mesendoderm	Embryo	In vitro differentiated cells	ChIP-seq	H3K27ac	peaks	bed narrowPeak	117313	https://tf.lisanwanglab.org/GADB/Annotationtracks/RoadMap/ChIP-seq/narrowpeak/hg19/UCSD.H1_BMP4_Derived_Trophoblast_Cultured_Cells.H3K27ac.AK316.narrowPeak.bed.gz	11/30/2014	FILER hg19 template
Roadmap	hg19	NGRMPWEYZSOLI6	Mesendoderm	Embryo	In vitro differentiated cells	ChIP-seq	H3K27ac	peaks	bed gappedPeak	101977	https://tf.lisanwanglab.org/GADB/Annotationtracks/RoadMap/ChIP-seq/gappedpeak/hg19/UCSD.H1_BMP4_Derived_Mesendoderm_Cultured_Cells.H3K27ac.AK147.gappedPeak.bed.gz	02/08/2015	FILER hg19 template
Roadmap	hg19	NGRMPZWSQCMCAB	Mesendoderm	Embryo	In vitro differentiated cells	ChIP-seq	H3K27ac	peaks	bed gappedPeak	202935	https://tf.lisanwanglab.org/GADB/Annotationtracks/RoadMap/ChIP-seq/gappedpeak/hg19/UCSD.H1_BMP4_Derived_Mesendoderm_Cultured_Cells.H3K27ac.SK340.gappedPeak.bed.gz	02/08/2015	FILER hg19 template
Roadmap	hg19	NGRMP35YP63M5A	Mid frontal lobe	Brain	Primary tissue	ChIP-seq	H3K27ac	peaks	bed gappedPeak	52691	https://tf.lisanwanglab.org/GADB/Annotationtracks/RoadMap/ChIP-seq/gappedpeak/hg19/BI.Brain_Mid_Frontal_Lobe.H3K27ac.149.gappedPeak.bed.gz	02/08/2015	FILER hg19 template
Roadmap	hg19	NGRMP3AJXCA4RP	Mid frontal lobe	Brain	Primary tissue	ChIP-seq	H3K27ac	peaks	bed gappedPeak	66850	https://tf.lisanwanglab.org/GADB/Annotationtracks/RoadMap/ChIP-seq/gappedpeak/hg19/BI.Brain_Mid_Frontal_Lobe.H3K27ac.112.gappedPeak.bed.gz	02/08/2015	FILER hg19 template
Roadmap	hg19	NGRMPKCJDMRTB4	Mid frontal lobe	Brain	Primary tissue	ChIP-seq	H3K27ac	peaks	bed narrowPeak	150038	https://tf.lisanwanglab.org/GADB/Annotationtracks/RoadMap/ChIP-seq/narrowpeak/hg19/BI.Brain_Mid_Frontal_Lobe.H3K27ac.149.narrowPeak.bed.gz	11/30/2014	FILER hg19 template
Roadmap	hg19	NGRMPMBQQINLYY	Mid frontal lobe	Brain	Primary tissue	ChIP-seq	H3K27ac	peaks	bed narrowPeak	175237	https://tf.lisanwanglab.org/GADB/Annotationtracks/RoadMap/ChIP-seq/narrowpeak/hg19/BI.Brain_Mid_Frontal_Lobe.H3K27ac.112.narrowPeak.bed.gz	11/30/2014	FILER hg19 template
Roadmap	hg19	NGRMPNWZGXZHLT	Mid frontal lobe	Brain	Primary tissue	ChIP-seq	H3K27ac	peaks	bed broadPeak	187876	https://tf.lisanwanglab.org/GADB/Annotationtracks/RoadMap/ChIP-seq/broadpeak/hg19/1/BI.Brain_Mid_Frontal_Lobe.H3K27ac.149.broadPeak.bed.gz	02/08/2015	FILER hg19 template
Roadmap	hg19	NGRMPVFHHEFCD2	Mid frontal lobe	Brain	Primary tissue	ChIP-seq	H3K27ac	peaks	bed broadPeak	431715	https://tf.lisanwanglab.org/GADB/Annotationtracks/RoadMap/ChIP-seq/broadpeak/hg19/1/BI.Brain_Mid_Frontal_Lobe.H3K27ac.112.broadPeak.bed.gz	02/08/2015	FILER hg19 template
Roadmap	hg19	NGRMP264ZJUBKD	Mobilized CD34+	Blood	Primary cell	ChIP-seq	H3K27ac	peaks	bed broadPeak	628286	https://tf.lisanwanglab.org/GADB/Annotationtracks/RoadMap/ChIP-seq/broadpeak/hg19/3/BI.Mobilized_CD34_Primary_Cells.H3K27ac.RO_01480.broadPeak.bed.gz	02/08/2015	FILER hg19 template
Roadmap	hg19	NGRMP3NWWIQ6BV	Mobilized CD34+	Blood	Primary cell	ChIP-seq	H3K27ac	peaks	bed narrowPeak	124591	https://tf.lisanwanglab.org/GADB/Annotationtracks/RoadMap/ChIP-seq/narrowpeak/hg19/BI.Mobilized_CD34_Primary_Cells.H3K27ac.RO_01536.narrowPeak.bed.gz	11/30/2014	FILER hg19 template
Roadmap	hg19	NGRMP5CKSC7JXH	Mobilized CD34+	Blood	Primary cell	ChIP-seq	H3K27ac	peaks	bed broadPeak	586509	https://tf.lisanwanglab.org/GADB/Annotationtracks/RoadMap/ChIP-seq/broadpeak/hg19/3/BI.Mobilized_CD34_Primary_Cells.H3K27ac.RO_01549.broadPeak.bed.gz	02/08/2015	FILER hg19 template
Roadmap	hg19	NGRMPAI5K5GQLD	Mobilized CD34+	Blood	Primary cell	ChIP-seq	H3K27ac	peaks	bed broadPeak	296176	https://tf.lisanwanglab.org/GADB/Annotationtracks/RoadMap/ChIP-seq/broadpeak/hg19/3/BI.Mobilized_CD34_Primary_Cells.H3K27ac.RO_01536.broadPeak.bed.gz	02/08/2015	FILER hg19 template
Roadmap	hg19	NGRMPCLWJ6O5EN	Mobilized CD34+	Blood	Primary cell	ChIP-seq	H3K27ac	peaks	bed narrowPeak	70521	https://tf.lisanwanglab.org/GADB/Annotationtracks/RoadMap/ChIP-seq/narrowpeak/hg19/BI.Mobilized_CD34_Primary_Cells.H3K27ac.RO_01549.narrowPeak.bed.gz	11/30/2014	FILER hg19 template
Roadmap	hg19	NGRMPCNF6GMCJD	Mobilized CD34+	Blood	Primary cell	ChIP-seq	H3K27ac	peaks	bed gappedPeak	57293	https://tf.lisanwanglab.org/GADB/Annotationtracks/RoadMap/ChIP-seq/gappedpeak/hg19/BI.Mobilized_CD34_Primary_Cells.H3K27ac.RO_01480.gappedPeak.bed.gz	02/08/2015	FILER hg19 template
Roadmap	hg19	NGRMPFKOLKYIWS	Mobilized CD34+	Blood	Primary cell	ChIP-seq	H3K27ac	peaks	bed gappedPeak	58927	https://tf.lisanwanglab.org/GADB/Annotationtracks/RoadMap/ChIP-seq/gappedpeak/hg19/BI.Mobilized_CD34_Primary_Cells.H3K27ac.RO_01536.gappedPeak.bed.gz	02/08/2015	FILER hg19 template
Roadmap	hg19	NGRMPS7IN6CKMN	Mobilized CD34+	Blood	Primary cell	ChIP-seq	H3K27ac	peaks	bed gappedPeak	48388	https://tf.lisanwanglab.org/GADB/Annotationtracks/RoadMap/ChIP-seq/gappedpeak/hg19/BI.Mobilized_CD34_Primary_Cells.H3K27ac.RO_01549.gappedPeak.bed.gz	02/08/2015	FILER hg19 template
Roadmap	hg19	NGRMPXTOEY4IFE	Mobilized CD34+	Blood	Primary cell	ChIP-seq	H3K27ac	peaks	bed narrowPeak	78742	https://tf.lisanwanglab.org/GADB/Annotationtracks/RoadMap/ChIP-seq/narrowpeak/hg19/BI.Mobilized_CD34_Primary_Cells.H3K27ac.RO_01480.narrowPeak.bed.gz	11/30/2014	FILER hg19 template
Roadmap	hg19	NGRMP7D6YQXWXD	Mucosa	Digestive	Primary tissue	ChIP-seq	H3K27ac	peaks	bed gappedPeak	45068	https://tf.lisanwanglab.org/GADB/Annotationtracks/RoadMap/ChIP-seq/gappedpeak/hg19/BI.Duodenum_Mucosa.H3K27ac.159.gappedPeak.bed.gz	02/08/2015	FILER hg19 template
Roadmap	hg19	NGRMPCCE7XLJJY	Mucosa	Digestive	Primary tissue	ChIP-seq	H3K27ac	peaks	bed broadPeak	219765	https://tf.lisanwanglab.org/GADB/Annotationtracks/RoadMap/ChIP-seq/broadpeak/hg19/3/BI.Rectal_Mucosa.H3K27ac.31.broadPeak.bed.gz	02/08/2015	FILER hg19 template
Roadmap	hg19	NGRMPCDF26YJIE	Mucosa	Digestive	Primary tissue	ChIP-seq	H3K27ac	peaks	bed broadPeak	449275	https://tf.lisanwanglab.org/GADB/Annotationtracks/RoadMap/ChIP-seq/broadpeak/hg19/2/BI.Colonic_Mucosa.H3K27ac.32.broadPeak.bed.gz	02/08/2015	FILER hg19 template
Roadmap	hg19	NGRMPCTPT7TIJ3	Mucosa	Digestive	Primary tissue	ChIP-seq	H3K27ac	peaks	bed narrowPeak	129781	https://tf.lisanwanglab.org/GADB/Annotationtracks/RoadMap/ChIP-seq/narrowpeak/hg19/BI.Rectal_Mucosa.H3K27ac.29.narrowPeak.bed.gz	11/30/2014	FILER hg19 template
Roadmap	hg19	NGRMPDGHGODXGD	Mucosa	Digestive	Primary tissue	ChIP-seq	H3K27ac	peaks	bed gappedPeak	56619	https://tf.lisanwanglab.org/GADB/Annotationtracks/RoadMap/ChIP-seq/gappedpeak/hg19/BI.Colonic_Mucosa.H3K27ac.32.gappedPeak.bed.gz	02/08/2015	FILER hg19 template
Roadmap	hg19	NGRMPDYC2FBDFN	Mucosa	Digestive	Primary tissue	ChIP-seq	H3K27ac	peaks	bed gappedPeak	59375	https://tf.lisanwanglab.org/GADB/Annotationtracks/RoadMap/ChIP-seq/gappedpeak/hg19/BI.Rectal_Mucosa.H3K27ac.29.gappedPeak.bed.gz	02/08/2015	FILER hg19 template
Roadmap	hg19	NGRMPKQGDWLXSW	Mucosa	Digestive	Primary tissue	ChIP-seq	H3K27ac	peaks	bed narrowPeak	140637	https://tf.lisanwanglab.org/GADB/Annotationtracks/RoadMap/ChIP-seq/narrowpeak/hg19/BI.Colonic_Mucosa.H3K27ac.32.narrowPeak.bed.gz	11/30/2014	FILER hg19 template
Roadmap	hg19	NGRMPP2HQINOR5	Mucosa	Digestive	Primary tissue	ChIP-seq	H3K27ac	peaks	bed broadPeak	436134	https://tf.lisanwanglab.org/GADB/Annotationtracks/RoadMap/ChIP-seq/broadpeak/hg19/2/BI.Colonic_Mucosa.H3K27ac.155.broadPeak.bed.gz	02/08/2015	FILER hg19 template
Roadmap	hg19	NGRMPRTG2RYWT3	Mucosa	Digestive	Primary tissue	ChIP-seq	H3K27ac	peaks	bed gappedPeak	51969	https://tf.lisanwanglab.org/GADB/Annotationtracks/RoadMap/ChIP-seq/gappedpeak/hg19/BI.Colonic_Mucosa.H3K27ac.155.gappedPeak.bed.gz	02/08/2015	FILER hg19 template
Roadmap	hg19	NGRMPSWGPPECR3	Mucosa	Digestive	Primary tissue	ChIP-seq	H3K27ac	peaks	bed broadPeak	690191	https://tf.lisanwanglab.org/GADB/Annotationtracks/RoadMap/ChIP-seq/broadpeak/hg19/2/BI.Duodenum_Mucosa.H3K27ac.159.broadPeak.bed.gz	02/08/2015	FILER hg19 template
Roadmap	hg19	NGRMPVVOH5WIKX	Mucosa	Digestive	Primary tissue	ChIP-seq	H3K27ac	peaks	bed narrowPeak	123545	https://tf.lisanwanglab.org/GADB/Annotationtracks/RoadMap/ChIP-seq/narrowpeak/hg19/BI.Colonic_Mucosa.H3K27ac.155.narrowPeak.bed.gz	11/30/2014	FILER hg19 template
Roadmap	hg19	NGRMPXHKFYNU7H	Mucosa	Digestive	Primary tissue	ChIP-seq	H3K27ac	peaks	bed gappedPeak	59088	https://tf.lisanwanglab.org/GADB/Annotationtracks/RoadMap/ChIP-seq/gappedpeak/hg19/BI.Rectal_Mucosa.H3K27ac.31.gappedPeak.bed.gz	02/08/2015	FILER hg19 template
Roadmap	hg19	NGRMPY4SJPQ6FC	Mucosa	Digestive	Primary tissue	ChIP-seq	H3K27ac	peaks	bed narrowPeak	124121	https://tf.lisanwanglab.org/GADB/Annotationtracks/RoadMap/ChIP-seq/narrowpeak/hg19/BI.Rectal_Mucosa.H3K27ac.31.narrowPeak.bed.gz	11/30/2014	FILER hg19 template
Roadmap	hg19	NGRMPZK3PQA2ZM	Mucosa	Digestive	Primary tissue	ChIP-seq	H3K27ac	peaks	bed narrowPeak	85971	https://tf.lisanwanglab.org/GADB/Annotationtracks/RoadMap/ChIP-seq/narrowpeak/hg19/BI.Duodenum_Mucosa.H3K27ac.159.narrowPeak.bed.gz	11/30/2014	FILER hg19 template
Roadmap	hg19	NGRMPZYG6OQPKX	Mucosa	Digestive	Primary tissue	ChIP-seq	H3K27ac	peaks	bed broadPeak	210737	https://tf.lisanwanglab.org/GADB/Annotationtracks/RoadMap/ChIP-seq/broadpeak/hg19/3/BI.Rectal_Mucosa.H3K27ac.29.broadPeak.bed.gz	02/08/2015	FILER hg19 template
Roadmap	hg19	NGRMP57H4DHU6L	Muscle	Skeletal Muscle	Primary tissue	ChIP-seq	H3K27ac	peaks	bed narrowPeak	108240	https://tf.lisanwanglab.org/GADB/Annotationtracks/RoadMap/ChIP-seq/narrowpeak/hg19/UW.Fetal_Muscle_Trunk.H3K27ac.H-24851.Histone.DS23303.narrowPeak.bed.gz	11/30/2014	FILER hg19 template
Roadmap	hg19	NGRMPB7I4K3PST	Muscle	Skeletal Muscle	Primary tissue	ChIP-seq	H3K27ac	peaks	bed broadPeak	139778	https://tf.lisanwanglab.org/GADB/Annotationtracks/RoadMap/ChIP-seq/broadpeak/hg19/2/UW.Fetal_Muscle_Leg.H3K27ac.H-24644.Histone.DS21782.broadPeak.bed.gz	02/08/2015	FILER hg19 template
Roadmap	hg19	NGRMPBKWYDPMMA	Muscle	Skeletal Muscle	Primary tissue	ChIP-seq	H3K27ac	peaks	bed gappedPeak	69173	https://tf.lisanwanglab.org/GADB/Annotationtracks/RoadMap/ChIP-seq/gappedpeak/hg19/UW.Fetal_Muscle_Leg.H3K27ac.H-24644.Histone.DS21782.gappedPeak.bed.gz	02/08/2015	FILER hg19 template
Roadmap	hg19	NGRMPDZVACOKSO	Muscle	Skeletal Muscle	Primary tissue	ChIP-seq	H3K27ac	peaks	bed narrowPeak	145158	https://tf.lisanwanglab.org/GADB/Annotationtracks/RoadMap/ChIP-seq/narrowpeak/hg19/UW.Fetal_Muscle_Leg.H3K27ac.H-24644.Histone.DS21782.narrowPeak.bed.gz	11/30/2014	FILER hg19 template
Roadmap	hg19	NGRMPLYVDKAXIY	Muscle	Skeletal Muscle	Primary tissue	ChIP-seq	H3K27ac	peaks	bed gappedPeak	58089	https://tf.lisanwanglab.org/GADB/Annotationtracks/RoadMap/ChIP-seq/gappedpeak/hg19/UW.Fetal_Muscle_Trunk.H3K27ac.H-24851.Histone.DS23303.gappedPeak.bed.gz	02/08/2015	FILER hg19 template
Roadmap	hg19	NGRMP2FNI4QC76	Neuronal progenitor cell	Stem Cell	In vitro differentiated cells	ChIP-seq	H3K27ac	peaks	bed narrowPeak	34591	https://tf.lisanwanglab.org/GADB/Annotationtracks/RoadMap/ChIP-seq/narrowpeak/hg19/UCSD.H1_Derived_Neuronal_Progenitor_Cultured_Cells.H3K27ac.AK319.narrowPeak.bed.gz	11/30/2014	FILER hg19 template
Roadmap	hg19	NGRMP4DDJSBVOK	Neuronal progenitor cell	Stem Cell	In vitro differentiated cells	ChIP-seq	H3K27ac	peaks	bed broadPeak	743417	https://tf.lisanwanglab.org/GADB/Annotationtracks/RoadMap/ChIP-seq/broadpeak/hg19/2/UCSD.H1_Derived_Neuronal_Progenitor_Cultured_Cells.H3K27ac.AK319.broadPeak.bed.gz	02/08/2015	FILER hg19 template
Roadmap	hg19	NGRMP4QAMQ6TS3	Neuronal progenitor cell	Stem Cell	In vitro differentiated cells	ChIP-seq	H3K27ac	peaks	bed gappedPeak	76192	https://tf.lisanwanglab.org/GADB/Annotationtracks/RoadMap/ChIP-seq/gappedpeak/hg19/UCSD.H1_Derived_Neuronal_Progenitor_Cultured_Cells.H3K27ac.AK220.gappedPeak.bed.gz	02/08/2015	FILER hg19 template
Roadmap	hg19	NGRMP5WJYFT6XB	Neuronal progenitor cell	Stem Cell	In vitro differentiated cells	ChIP-seq	H3K27ac	peaks	bed narrowPeak	73282	https://tf.lisanwanglab.org/GADB/Annotationtracks/RoadMap/ChIP-seq/narrowpeak/hg19/UCSD.H1_Derived_Neuronal_Progenitor_Cultured_Cells.H3K27ac.SK451.narrowPeak.bed.gz	11/30/2014	FILER hg19 template
Roadmap	hg19	NGRMP662MUYZJA	Neuronal progenitor cell	Stem Cell	In vitro differentiated cells	ChIP-seq	H3K27ac	peaks	bed narrowPeak	97029	https://tf.lisanwanglab.org/GADB/Annotationtracks/RoadMap/ChIP-seq/narrowpeak/hg19/UCSD.H1_Derived_Neuronal_Progenitor_Cultured_Cells.H3K27ac.AK220.narrowPeak.bed.gz	11/30/2014	FILER hg19 template
Roadmap	hg19	NGRMP6UZ56MNR5	Neuronal progenitor cell	Stem Cell	In vitro differentiated cells	ChIP-seq	H3K27ac	peaks	bed broadPeak	1015402	https://tf.lisanwanglab.org/GADB/Annotationtracks/RoadMap/ChIP-seq/broadpeak/hg19/2/UCSD.H1_Derived_Neuronal_Progenitor_Cultured_Cells.H3K27ac.SK451.broadPeak.bed.gz	02/08/2015	FILER hg19 template
Roadmap	hg19	NGRMPBHJOGSZ2C	Neuronal progenitor cell	Stem Cell	In vitro differentiated cells	ChIP-seq	H3K27ac	peaks	bed narrowPeak	68426	https://tf.lisanwanglab.org/GADB/Annotationtracks/RoadMap/ChIP-seq/narrowpeak/hg19/UCSD.H1_Derived_Neuronal_Progenitor_Cultured_Cells.H3K27ac.AK408.narrowPeak.bed.gz	11/30/2014	FILER hg19 template
Roadmap	hg19	NGRMPEASS6JUVG	Neuronal progenitor cell	Stem Cell	In vitro differentiated cells	ChIP-seq	H3K27ac	peaks	bed gappedPeak	33106	https://tf.lisanwanglab.org/GADB/Annotationtracks/RoadMap/ChIP-seq/gappedpeak/hg19/UCSD.H1_Derived_Neuronal_Progenitor_Cultured_Cells.H3K27ac.AK319.gappedPeak.bed.gz	02/08/2015	FILER hg19 template
Roadmap	hg19	NGRMPKCLVGB3RI	Neuronal progenitor cell	Stem Cell	In vitro differentiated cells	ChIP-seq	H3K27ac	peaks	bed gappedPeak	55124	https://tf.lisanwanglab.org/GADB/Annotationtracks/RoadMap/ChIP-seq/gappedpeak/hg19/UCSD.H1_Derived_Neuronal_Progenitor_Cultured_Cells.H3K27ac.AK408.gappedPeak.bed.gz	02/08/2015	FILER hg19 template
Roadmap	hg19	NGRMPOT6CL5DKQ	Neuronal progenitor cell	Stem Cell	In vitro differentiated cells	ChIP-seq	H3K27ac	peaks	bed narrowPeak	77590	https://tf.lisanwanglab.org/GADB/Annotationtracks/RoadMap/ChIP-seq/narrowpeak/hg19/UCSD.H1_Derived_Neuronal_Progenitor_Cultured_Cells.H3K27ac.SK504.narrowPeak.bed.gz	11/30/2014	FILER hg19 template
Roadmap	hg19	NGRMPSJ5QGNMMK	Neuronal progenitor cell	Stem Cell	In vitro differentiated cells	ChIP-seq	H3K27ac	peaks	bed gappedPeak	78496	https://tf.lisanwanglab.org/GADB/Annotationtracks/RoadMap/ChIP-seq/gappedpeak/hg19/UCSD.H1_Derived_Neuronal_Progenitor_Cultured_Cells.H3K27ac.SK504.gappedPeak.bed.gz	02/08/2015	FILER hg19 template
Roadmap	hg19	NGRMPSXOOSDZHP	Neuronal progenitor cell	Stem Cell	In vitro differentiated cells	ChIP-seq	H3K27ac	peaks	bed broadPeak	969174	https://tf.lisanwanglab.org/GADB/Annotationtracks/RoadMap/ChIP-seq/broadpeak/hg19/2/UCSD.H1_Derived_Neuronal_Progenitor_Cultured_Cells.H3K27ac.SK504.broadPeak.bed.gz	02/08/2015	FILER hg19 template
Roadmap	hg19	NGRMPUQGLVXREK	Neuronal progenitor cell	Stem Cell	In vitro differentiated cells	ChIP-seq	H3K27ac	peaks	bed gappedPeak	120944	https://tf.lisanwanglab.org/GADB/Annotationtracks/RoadMap/ChIP-seq/gappedpeak/hg19/UCSD.H1_Derived_Neuronal_Progenitor_Cultured_Cells.H3K27ac.SK451.gappedPeak.bed.gz	02/08/2015	FILER hg19 template
Roadmap	hg19	NGRMPWJUCG2CFZ	Neuronal progenitor cell	Stem Cell	In vitro differentiated cells	ChIP-seq	H3K27ac	peaks	bed broadPeak	786615	https://tf.lisanwanglab.org/GADB/Annotationtracks/RoadMap/ChIP-seq/broadpeak/hg19/2/UCSD.H1_Derived_Neuronal_Progenitor_Cultured_Cells.H3K27ac.AK408.broadPeak.bed.gz	02/08/2015	FILER hg19 template
Roadmap	hg19	NGRMPYPFPNJSSN	Neuronal progenitor cell	Stem Cell	In vitro differentiated cells	ChIP-seq	H3K27ac	peaks	bed broadPeak	893546	https://tf.lisanwanglab.org/GADB/Annotationtracks/RoadMap/ChIP-seq/broadpeak/hg19/2/UCSD.H1_Derived_Neuronal_Progenitor_Cultured_Cells.H3K27ac.AK220.broadPeak.bed.gz	02/08/2015	FILER hg19 template
Roadmap	hg19	NGRMP2SWQOBUCM	Neurosphere cultured cell ganglionic eminence derived	Brain	Stem cell	ChIP-seq	H3K27ac	peaks	bed gappedPeak	58103	https://tf.lisanwanglab.org/GADB/Annotationtracks/RoadMap/ChIP-seq/gappedpeak/hg19/UCSF-UBC.Neurosphere_Cultured_Cells_Ganglionic_Eminence_Derived.H3K27ac.HuFNSC04.gappedPeak.bed.gz	02/08/2015	FILER hg19 template
Roadmap	hg19	NGRMPAQADIMTLK	Neurosphere cultured cell ganglionic eminence derived	Brain	Stem cell	ChIP-seq	H3K27ac	peaks	bed narrowPeak	117571	https://tf.lisanwanglab.org/GADB/Annotationtracks/RoadMap/ChIP-seq/narrowpeak/hg19/UCSF-UBC.Neurosphere_Cultured_Cells_Ganglionic_Eminence_Derived.H3K27ac.HuFNSC04.narrowPeak.bed.gz	11/30/2014	FILER hg19 template
Roadmap	hg19	NGRMPGZCBK3CPW	Neurosphere cultured cell ganglionic eminence derived	Brain	Stem cell	ChIP-seq	H3K27ac	peaks	bed broadPeak	197545	https://tf.lisanwanglab.org/GADB/Annotationtracks/RoadMap/ChIP-seq/broadpeak/hg19/3/UCSF-UBC.Neurosphere_Cultured_Cells_Ganglionic_Eminence_Derived.H3K27ac.HuFNSC04.broadPeak.bed.gz	02/08/2015	FILER hg19 template
Roadmap	hg19	NGRMPCWM4VYJML	Ovary	Female Reproductive	Primary tissue	ChIP-seq	H3K27ac	peaks	bed broadPeak	657486	https://tf.lisanwanglab.org/GADB/Annotationtracks/RoadMap/ChIP-seq/broadpeak/hg19/3/UCSD.Ovary.H3K27ac.STL002.broadPeak.bed.gz	02/08/2015	FILER hg19 template
Roadmap	hg19	NGRMPWWJGTLSNM	Ovary	Female Reproductive	Primary tissue	ChIP-seq	H3K27ac	peaks	bed gappedPeak	97437	https://tf.lisanwanglab.org/GADB/Annotationtracks/RoadMap/ChIP-seq/gappedpeak/hg19/UCSD.Ovary.H3K27ac.STL002.gappedPeak.bed.gz	02/08/2015	FILER hg19 template
Roadmap	hg19	NGRMPXN3GXJWV3	Ovary	Female Reproductive	Primary tissue	ChIP-seq	H3K27ac	peaks	bed narrowPeak	160482	https://tf.lisanwanglab.org/GADB/Annotationtracks/RoadMap/ChIP-seq/narrowpeak/hg19/UCSD.Ovary.H3K27ac.STL002.narrowPeak.bed.gz	11/30/2014	FILER hg19 template
Roadmap	hg19	NGRMP7GTI6RJNC	Pancreas	Digestive	Primary tissue	ChIP-seq	H3K27ac	peaks	bed broadPeak	699935	https://tf.lisanwanglab.org/GADB/Annotationtracks/RoadMap/ChIP-seq/broadpeak/hg19/3/UCSD.Pancreas.H3K27ac.STL003.broadPeak.bed.gz	02/08/2015	FILER hg19 template
Roadmap	hg19	NGRMPDQB64ET7G	Pancreas	Digestive	Primary tissue	ChIP-seq	H3K27ac	peaks	bed gappedPeak	56659	https://tf.lisanwanglab.org/GADB/Annotationtracks/RoadMap/ChIP-seq/gappedpeak/hg19/UCSD.Pancreas.H3K27ac.STL003.gappedPeak.bed.gz	02/08/2015	FILER hg19 template
Roadmap	hg19	NGRMPTEFFX6EXD	Pancreas	Digestive	Primary tissue	ChIP-seq	H3K27ac	peaks	bed narrowPeak	194695	https://tf.lisanwanglab.org/GADB/Annotationtracks/RoadMap/ChIP-seq/narrowpeak/hg19/UCSD.Pancreas.H3K27ac.STL002.narrowPeak.bed.gz	11/30/2014	FILER hg19 template
Roadmap	hg19	NGRMPVWQ2R7YHW	Pancreas	Digestive	Primary tissue	ChIP-seq	H3K27ac	peaks	bed gappedPeak	192277	https://tf.lisanwanglab.org/GADB/Annotationtracks/RoadMap/ChIP-seq/gappedpeak/hg19/UCSD.Pancreas.H3K27ac.STL002.gappedPeak.bed.gz	02/08/2015	FILER hg19 template
Roadmap	hg19	NGRMPWXEMZHN7E	Pancreas	Digestive	Primary tissue	ChIP-seq	H3K27ac	peaks	bed broadPeak	1364046	https://tf.lisanwanglab.org/GADB/Annotationtracks/RoadMap/ChIP-seq/broadpeak/hg19/3/UCSD.Pancreas.H3K27ac.STL002.broadPeak.bed.gz	02/08/2015	FILER hg19 template
Roadmap	hg19	NGRMPZCF2MX3FF	Pancreas	Digestive	Primary tissue	ChIP-seq	H3K27ac	peaks	bed narrowPeak	79170	https://tf.lisanwanglab.org/GADB/Annotationtracks/RoadMap/ChIP-seq/narrowpeak/hg19/UCSD.Pancreas.H3K27ac.STL003.narrowPeak.bed.gz	11/30/2014	FILER hg19 template
Roadmap	hg19	NGRMP4RYV6VDDD	Pancreatic islets	Digestive	Primary tissue	ChIP-seq	H3K27ac	peaks	bed broadPeak	474396	https://tf.lisanwanglab.org/GADB/Annotationtracks/RoadMap/ChIP-seq/broadpeak/hg19/3/UCSF-UBC.Pancreatic_Islets.H3K27ac.ZD4_273.broadPeak.bed.gz	02/08/2015	FILER hg19 template
Roadmap	hg19	NGRMPG7T3IEKDK	Pancreatic islets	Digestive	Primary tissue	ChIP-seq	H3K27ac	peaks	bed gappedPeak	55934	https://tf.lisanwanglab.org/GADB/Annotationtracks/RoadMap/ChIP-seq/gappedpeak/hg19/UCSF-UBC.Pancreatic_Islets.H3K27ac.ZD4_273.gappedPeak.bed.gz	02/08/2015	FILER hg19 template
Roadmap	hg19	NGRMPKBU636OM6	Pancreatic islets	Digestive	Primary tissue	ChIP-seq	H3K27ac	peaks	bed broadPeak	221852	https://tf.lisanwanglab.org/GADB/Annotationtracks/RoadMap/ChIP-seq/broadpeak/hg19/3/UCSF-UBC.Pancreatic_Islets.H3K27ac.ZGI_213.broadPeak.bed.gz	02/08/2015	FILER hg19 template
Roadmap	hg19	NGRMPPEAVHPOXL	Pancreatic islets	Digestive	Primary tissue	ChIP-seq	H3K27ac	peaks	bed gappedPeak	70772	https://tf.lisanwanglab.org/GADB/Annotationtracks/RoadMap/ChIP-seq/gappedpeak/hg19/UCSF-UBC.Pancreatic_Islets.H3K27ac.ZGI_213.gappedPeak.bed.gz	02/08/2015	FILER hg19 template
Roadmap	hg19	NGRMPUXPO3534X	Pancreatic islets	Digestive	Primary tissue	ChIP-seq	H3K27ac	peaks	bed narrowPeak	169607	https://tf.lisanwanglab.org/GADB/Annotationtracks/RoadMap/ChIP-seq/narrowpeak/hg19/UCSF-UBC.Pancreatic_Islets.H3K27ac.ZD4_273.narrowPeak.bed.gz	11/30/2014	FILER hg19 template
Roadmap	hg19	NGRMPV6SZXHYUS	Pancreatic islets	Digestive	Primary tissue	ChIP-seq	H3K27ac	peaks	bed narrowPeak	255243	https://tf.lisanwanglab.org/GADB/Annotationtracks/RoadMap/ChIP-seq/narrowpeak/hg19/UCSF-UBC.Pancreatic_Islets.H3K27ac.ZGI_213.narrowPeak.bed.gz	11/30/2014	FILER hg19 template
Roadmap	hg19	NGRMP25E4NIILZ	Peripheral blood mononuclear cell	Blood	Primary cell	ChIP-seq	H3K27ac	peaks	bed broadPeak	539193	https://tf.lisanwanglab.org/GADB/Annotationtracks/RoadMap/ChIP-seq/broadpeak/hg19/3/UCSF-UBC.Peripheral_Blood_Mononuclear_Primary_Cells.H3K27ac.TC015.broadPeak.bed.gz	02/08/2015	FILER hg19 template
Roadmap	hg19	NGRMPALSFI5SPI	Peripheral blood mononuclear cell	Blood	Primary cell	ChIP-seq	H3K27ac	peaks	bed gappedPeak	34022	https://tf.lisanwanglab.org/GADB/Annotationtracks/RoadMap/ChIP-seq/gappedpeak/hg19/UCSF-UBC.Peripheral_Blood_Mononuclear_Primary_Cells.H3K27ac.TC015.gappedPeak.bed.gz	02/08/2015	FILER hg19 template
Roadmap	hg19	NGRMPBLXKLZETX	Peripheral blood mononuclear cell	Blood	Primary cell	ChIP-seq	H3K27ac	peaks	bed narrowPeak	62083	https://tf.lisanwanglab.org/GADB/Annotationtracks/RoadMap/ChIP-seq/narrowpeak/hg19/UCSF-UBC.Peripheral_Blood_Mononuclear_Primary_Cells.H3K27ac.TC015.narrowPeak.bed.gz	11/30/2014	FILER hg19 template
Roadmap	hg19	NGRMPGJQQUJEV2	Peripheral blood mononuclear cell	Blood	Primary cell	ChIP-seq	H3K27ac	peaks	bed gappedPeak	40919	https://tf.lisanwanglab.org/GADB/Annotationtracks/RoadMap/ChIP-seq/gappedpeak/hg19/UCSF-UBC.Peripheral_Blood_Mononuclear_Primary_Cells.H3K27ac.TC016.gappedPeak.bed.gz	02/08/2015	FILER hg19 template
Roadmap	hg19	NGRMPKCLYR33VC	Peripheral blood mononuclear cell	Blood	Primary cell	ChIP-seq	H3K27ac	peaks	bed narrowPeak	74814	https://tf.lisanwanglab.org/GADB/Annotationtracks/RoadMap/ChIP-seq/narrowpeak/hg19/UCSF-UBC.Peripheral_Blood_Mononuclear_Primary_Cells.H3K27ac.TC016.narrowPeak.bed.gz	11/30/2014	FILER hg19 template
Roadmap	hg19	NGRMPZYJYCF6RR	Peripheral blood mononuclear cell	Blood	Primary cell	ChIP-seq	H3K27ac	peaks	bed broadPeak	565158	https://tf.lisanwanglab.org/GADB/Annotationtracks/RoadMap/ChIP-seq/broadpeak/hg19/3/UCSF-UBC.Peripheral_Blood_Mononuclear_Primary_Cells.H3K27ac.TC016.broadPeak.bed.gz	02/08/2015	FILER hg19 template
Roadmap	hg19	NGRMP7H77UADBL	Placenta	Placenta	Primary tissue	ChIP-seq	H3K27ac	peaks	bed broadPeak	121028	https://tf.lisanwanglab.org/GADB/Annotationtracks/RoadMap/ChIP-seq/broadpeak/hg19/2/UW.Fetal_Placenta.H3K27ac.H-24996.Histone.DS23301.broadPeak.bed.gz	02/08/2015	FILER hg19 template
Roadmap	hg19	NGRMPD7W7IUMA4	Placenta	Placenta	Primary tissue	ChIP-seq	H3K27ac	peaks	bed narrowPeak	110430	https://tf.lisanwanglab.org/GADB/Annotationtracks/RoadMap/ChIP-seq/narrowpeak/hg19/UW.Fetal_Placenta.H3K27ac.H-24996.Histone.DS23301.narrowPeak.bed.gz	11/30/2014	FILER hg19 template
Roadmap	hg19	NGRMPUCMQHDFRE	Placenta	Placenta	Primary tissue	ChIP-seq	H3K27ac	peaks	bed gappedPeak	46197	https://tf.lisanwanglab.org/GADB/Annotationtracks/RoadMap/ChIP-seq/gappedpeak/hg19/UW.Fetal_Placenta.H3K27ac.H-24996.Histone.DS23301.gappedPeak.bed.gz	02/08/2015	FILER hg19 template
Roadmap	hg19	NGRMP7LX5MXMZ7	Placenta amnion	Placenta	Primary tissue	ChIP-seq	H3K27ac	peaks	bed broadPeak	294605	https://tf.lisanwanglab.org/GADB/Annotationtracks/RoadMap/ChIP-seq/broadpeak/hg19/3/UCSF-UBC.Placenta_Amnion.H3K27ac.CTL02.broadPeak.bed.gz	02/08/2015	FILER hg19 template
Roadmap	hg19	NGRMPBAUF2W5KM	Placenta amnion	Placenta	Primary tissue	ChIP-seq	H3K27ac	peaks	bed gappedPeak	40572	https://tf.lisanwanglab.org/GADB/Annotationtracks/RoadMap/ChIP-seq/gappedpeak/hg19/UCSF-UBC.Placenta_Amnion.H3K27ac.CTL02.gappedPeak.bed.gz	02/08/2015	FILER hg19 template
Roadmap	hg19	NGRMPO2K6FCY2S	Placenta amnion	Placenta	Primary tissue	ChIP-seq	H3K27ac	peaks	bed narrowPeak	60182	https://tf.lisanwanglab.org/GADB/Annotationtracks/RoadMap/ChIP-seq/narrowpeak/hg19/UCSF-UBC.Placenta_Amnion.H3K27ac.CTL02.narrowPeak.bed.gz	11/30/2014	FILER hg19 template
Roadmap	hg19	NGRMPCD23SE4YU	Placenta chorion smooth	Placenta	Primary tissue	ChIP-seq	H3K27ac	peaks	bed gappedPeak	53313	https://tf.lisanwanglab.org/GADB/Annotationtracks/RoadMap/ChIP-seq/gappedpeak/hg19/UCSF-UBC.Placenta_Chorion_Smooth.H3K27ac.CTL02.gappedPeak.bed.gz	02/08/2015	FILER hg19 template
Roadmap	hg19	NGRMPN2LNOPO5L	Placenta chorion smooth	Placenta	Primary tissue	ChIP-seq	H3K27ac	peaks	bed broadPeak	320409	https://tf.lisanwanglab.org/GADB/Annotationtracks/RoadMap/ChIP-seq/broadpeak/hg19/3/UCSF-UBC.Placenta_Chorion_Smooth.H3K27ac.CTL02.broadPeak.bed.gz	02/08/2015	FILER hg19 template
Roadmap	hg19	NGRMPQPHUWRWNM	Placenta chorion smooth	Placenta	Primary tissue	ChIP-seq	H3K27ac	peaks	bed narrowPeak	163494	https://tf.lisanwanglab.org/GADB/Annotationtracks/RoadMap/ChIP-seq/narrowpeak/hg19/UCSF-UBC.Placenta_Chorion_Smooth.H3K27ac.CTL02.narrowPeak.bed.gz	11/30/2014	FILER hg19 template
Roadmap	hg19	NGRMP32D7BIRDG	Psoas muscle	Skeletal Muscle	Primary tissue	ChIP-seq	H3K27ac	peaks	bed broadPeak	282547	https://tf.lisanwanglab.org/GADB/Annotationtracks/RoadMap/ChIP-seq/broadpeak/hg19/3/UCSD.Psoas_Muscle.H3K27ac.STL002.broadPeak.bed.gz	02/08/2015	FILER hg19 template
Roadmap	hg19	NGRMP54RR4MMZY	Psoas muscle	Skeletal Muscle	Primary tissue	ChIP-seq	H3K27ac	peaks	bed broadPeak	551458	https://tf.lisanwanglab.org/GADB/Annotationtracks/RoadMap/ChIP-seq/broadpeak/hg19/3/UCSD.Psoas_Muscle.H3K27ac.STL003.broadPeak.bed.gz	02/08/2015	FILER hg19 template
Roadmap	hg19	NGRMP6VUXDOHX4	Psoas muscle	Skeletal Muscle	Primary tissue	ChIP-seq	H3K27ac	peaks	bed narrowPeak	123245	https://tf.lisanwanglab.org/GADB/Annotationtracks/RoadMap/ChIP-seq/narrowpeak/hg19/UCSD.Psoas_Muscle.H3K27ac.STL003.narrowPeak.bed.gz	11/30/2014	FILER hg19 template
Roadmap	hg19	NGRMPAYUWQOWVK	Psoas muscle	Skeletal Muscle	Primary tissue	ChIP-seq	H3K27ac	peaks	bed gappedPeak	55859	https://tf.lisanwanglab.org/GADB/Annotationtracks/RoadMap/ChIP-seq/gappedpeak/hg19/UCSD.Psoas_Muscle.H3K27ac.STL003.gappedPeak.bed.gz	02/08/2015	FILER hg19 template
Roadmap	hg19	NGRMPEMMHDCHJF	Psoas muscle	Skeletal Muscle	Primary tissue	ChIP-seq	H3K27ac	peaks	bed narrowPeak	108161	https://tf.lisanwanglab.org/GADB/Annotationtracks/RoadMap/ChIP-seq/narrowpeak/hg19/UCSD.Psoas_Muscle.H3K27ac.STL002.narrowPeak.bed.gz	11/30/2014	FILER hg19 template
Roadmap	hg19	NGRMPHPCIOGI35	Psoas muscle	Skeletal Muscle	Primary tissue	ChIP-seq	H3K27ac	peaks	bed gappedPeak	145746	https://tf.lisanwanglab.org/GADB/Annotationtracks/RoadMap/ChIP-seq/gappedpeak/hg19/UCSD.Psoas_Muscle.H3K27ac.STL001.gappedPeak.bed.gz	02/08/2015	FILER hg19 template
Roadmap	hg19	NGRMPIOZU5FRYB	Psoas muscle	Skeletal Muscle	Primary tissue	ChIP-seq	H3K27ac	peaks	bed gappedPeak	48856	https://tf.lisanwanglab.org/GADB/Annotationtracks/RoadMap/ChIP-seq/gappedpeak/hg19/UCSD.Psoas_Muscle.H3K27ac.STL002.gappedPeak.bed.gz	02/08/2015	FILER hg19 template
Roadmap	hg19	NGRMPQMTU7VJRN	Psoas muscle	Skeletal Muscle	Primary tissue	ChIP-seq	H3K27ac	peaks	bed broadPeak	1143255	https://tf.lisanwanglab.org/GADB/Annotationtracks/RoadMap/ChIP-seq/broadpeak/hg19/3/UCSD.Psoas_Muscle.H3K27ac.STL001.broadPeak.bed.gz	02/08/2015	FILER hg19 template
Roadmap	hg19	NGRMPSCXG47Q6S	Psoas muscle	Skeletal Muscle	Primary tissue	ChIP-seq	H3K27ac	peaks	bed narrowPeak	145183	https://tf.lisanwanglab.org/GADB/Annotationtracks/RoadMap/ChIP-seq/narrowpeak/hg19/UCSD.Psoas_Muscle.H3K27ac.STL001.narrowPeak.bed.gz	11/30/2014	FILER hg19 template
Roadmap	hg19	NGRMP23EPRUBPY	Sigmoid colon	Digestive	Primary tissue	ChIP-seq	H3K27ac	peaks	bed broadPeak	167224	https://tf.lisanwanglab.org/GADB/Annotationtracks/RoadMap/ChIP-seq/broadpeak/hg19/3/UCSD.Sigmoid_Colon.H3K27ac.STL003.broadPeak.bed.gz	02/08/2015	FILER hg19 template
Roadmap	hg19	NGRMPMRRYYASRH	Sigmoid colon	Digestive	Primary tissue	ChIP-seq	H3K27ac	peaks	bed narrowPeak	212409	https://tf.lisanwanglab.org/GADB/Annotationtracks/RoadMap/ChIP-seq/narrowpeak/hg19/UCSD.Sigmoid_Colon.H3K27ac.STL001.narrowPeak.bed.gz	11/30/2014	FILER hg19 template
Roadmap	hg19	NGRMPMZFQT57U3	Sigmoid colon	Digestive	Primary tissue	ChIP-seq	H3K27ac	peaks	bed gappedPeak	58385	https://tf.lisanwanglab.org/GADB/Annotationtracks/RoadMap/ChIP-seq/gappedpeak/hg19/UCSD.Sigmoid_Colon.H3K27ac.STL003.gappedPeak.bed.gz	02/08/2015	FILER hg19 template
Roadmap	hg19	NGRMPN247A4GKA	Sigmoid colon	Digestive	Primary tissue	ChIP-seq	H3K27ac	peaks	bed narrowPeak	123189	https://tf.lisanwanglab.org/GADB/Annotationtracks/RoadMap/ChIP-seq/narrowpeak/hg19/UCSD.Sigmoid_Colon.H3K27ac.STL003.narrowPeak.bed.gz	11/30/2014	FILER hg19 template
Roadmap	hg19	NGRMPRCIOGCPXX	Sigmoid colon	Digestive	Primary tissue	ChIP-seq	H3K27ac	peaks	bed gappedPeak	84005	https://tf.lisanwanglab.org/GADB/Annotationtracks/RoadMap/ChIP-seq/gappedpeak/hg19/UCSD.Sigmoid_Colon.H3K27ac.STL001.gappedPeak.bed.gz	02/08/2015	FILER hg19 template
Roadmap	hg19	NGRMPTI7Z7KL6R	Sigmoid colon	Digestive	Primary tissue	ChIP-seq	H3K27ac	peaks	bed broadPeak	449700	https://tf.lisanwanglab.org/GADB/Annotationtracks/RoadMap/ChIP-seq/broadpeak/hg19/3/UCSD.Sigmoid_Colon.H3K27ac.STL001.broadPeak.bed.gz	02/08/2015	FILER hg19 template
Roadmap	hg19	NGRMPBCCLRYDM2	Skeletal muscle	Skeletal Muscle	Primary tissue	ChIP-seq	H3K27ac	peaks	bed broadPeak	113503	https://tf.lisanwanglab.org/GADB/Annotationtracks/RoadMap/ChIP-seq/broadpeak/hg19/3/BI.Skeletal_Muscle.H3K27ac.62.broadPeak.bed.gz	02/08/2015	FILER hg19 template
Roadmap	hg19	NGRMPJR6F2DRPB	Skeletal muscle	Skeletal Muscle	Primary tissue	ChIP-seq	H3K27ac	peaks	bed narrowPeak	110385	https://tf.lisanwanglab.org/GADB/Annotationtracks/RoadMap/ChIP-seq/narrowpeak/hg19/BI.Skeletal_Muscle.H3K27ac.62.narrowPeak.bed.gz	11/30/2014	FILER hg19 template
Roadmap	hg19	NGRMPUOAXQ7UYH	Skeletal muscle	Skeletal Muscle	Primary tissue	ChIP-seq	H3K27ac	peaks	bed broadPeak	293741	https://tf.lisanwanglab.org/GADB/Annotationtracks/RoadMap/ChIP-seq/broadpeak/hg19/2/UW.Fetal_Muscle_Trunk.H3K27ac.H-24851.Histone.DS23303.broadPeak.bed.gz	02/08/2015	FILER hg19 template
Roadmap	hg19	NGRMPXOHV73TEU	Skeletal muscle	Skeletal Muscle	Primary tissue	ChIP-seq	H3K27ac	peaks	bed gappedPeak	52047	https://tf.lisanwanglab.org/GADB/Annotationtracks/RoadMap/ChIP-seq/gappedpeak/hg19/BI.Skeletal_Muscle.H3K27ac.62.gappedPeak.bed.gz	02/08/2015	FILER hg19 template
Roadmap	hg19	NGRMPCAYWNJGV5	Small intestine	Digestive	Primary tissue	ChIP-seq	H3K27ac	peaks	bed broadPeak	848549	https://tf.lisanwanglab.org/GADB/Annotationtracks/RoadMap/ChIP-seq/broadpeak/hg19/3/UCSD.Small_Intestine.H3K27ac.STL003.broadPeak.bed.gz	02/08/2015	FILER hg19 template
Roadmap	hg19	NGRMPFEAEAK2HO	Small intestine	Digestive	Primary tissue	ChIP-seq	H3K27ac	peaks	bed narrowPeak	192673	https://tf.lisanwanglab.org/GADB/Annotationtracks/RoadMap/ChIP-seq/narrowpeak/hg19/UCSD.Small_Intestine.H3K27ac.STL003.narrowPeak.bed.gz	11/30/2014	FILER hg19 template
Roadmap	hg19	NGRMPHVMYRE6GY	Small intestine	Digestive	Primary tissue	ChIP-seq	H3K27ac	peaks	bed gappedPeak	141247	https://tf.lisanwanglab.org/GADB/Annotationtracks/RoadMap/ChIP-seq/gappedpeak/hg19/UCSD.Small_Intestine.H3K27ac.STL003.gappedPeak.bed.gz	02/08/2015	FILER hg19 template
Roadmap	hg19	NGRMPI2BZAIDGA	Small intestine	Digestive	Primary tissue	ChIP-seq	H3K27ac	peaks	bed gappedPeak	44199	https://tf.lisanwanglab.org/GADB/Annotationtracks/RoadMap/ChIP-seq/gappedpeak/hg19/UCSD.Small_Intestine.H3K27ac.STL002.gappedPeak.bed.gz	02/08/2015	FILER hg19 template
Roadmap	hg19	NGRMPLCAHGR4I5	Small intestine	Digestive	Primary tissue	ChIP-seq	H3K27ac	peaks	bed narrowPeak	126525	https://tf.lisanwanglab.org/GADB/Annotationtracks/RoadMap/ChIP-seq/narrowpeak/hg19/UW.Fetal_Intestine_Small.H3K27ac.H-24595.Histone.DS21781.narrowPeak.bed.gz	11/30/2014	FILER hg19 template
Roadmap	hg19	NGRMPNFOFZXRSH	Small intestine	Digestive	Primary tissue	ChIP-seq	H3K27ac	peaks	bed broadPeak	129785	https://tf.lisanwanglab.org/GADB/Annotationtracks/RoadMap/ChIP-seq/broadpeak/hg19/2/UW.Fetal_Intestine_Small.H3K27ac.H-24595.Histone.DS21781.broadPeak.bed.gz	02/08/2015	FILER hg19 template
Roadmap	hg19	NGRMPR22DHGCV4	Small intestine	Digestive	Primary tissue	ChIP-seq	H3K27ac	peaks	bed gappedPeak	78173	https://tf.lisanwanglab.org/GADB/Annotationtracks/RoadMap/ChIP-seq/gappedpeak/hg19/UCSD.Small_Intestine.H3K27ac.STL001.gappedPeak.bed.gz	02/08/2015	FILER hg19 template
Roadmap	hg19	NGRMPR3ELEX7DO	Small intestine	Digestive	Primary tissue	ChIP-seq	H3K27ac	peaks	bed gappedPeak	64473	https://tf.lisanwanglab.org/GADB/Annotationtracks/RoadMap/ChIP-seq/gappedpeak/hg19/UW.Fetal_Intestine_Small.H3K27ac.H-24595.Histone.DS21781.gappedPeak.bed.gz	02/08/2015	FILER hg19 template
Roadmap	hg19	NGRMPUJXP42NTO	Small intestine	Digestive	Primary tissue	ChIP-seq	H3K27ac	peaks	bed broadPeak	266350	https://tf.lisanwanglab.org/GADB/Annotationtracks/RoadMap/ChIP-seq/broadpeak/hg19/3/UCSD.Small_Intestine.H3K27ac.STL001.broadPeak.bed.gz	02/08/2015	FILER hg19 template
Roadmap	hg19	NGRMPVXXNTOPRV	Small intestine	Digestive	Primary tissue	ChIP-seq	H3K27ac	peaks	bed broadPeak	526135	https://tf.lisanwanglab.org/GADB/Annotationtracks/RoadMap/ChIP-seq/broadpeak/hg19/3/UCSD.Small_Intestine.H3K27ac.STL002.broadPeak.bed.gz	02/08/2015	FILER hg19 template
Roadmap	hg19	NGRMPWAAXPARXA	Small intestine	Digestive	Primary tissue	ChIP-seq	H3K27ac	peaks	bed narrowPeak	190231	https://tf.lisanwanglab.org/GADB/Annotationtracks/RoadMap/ChIP-seq/narrowpeak/hg19/UCSD.Small_Intestine.H3K27ac.STL001.narrowPeak.bed.gz	11/30/2014	FILER hg19 template
Roadmap	hg19	NGRMPZQYN7LL24	Small intestine	Digestive	Primary tissue	ChIP-seq	H3K27ac	peaks	bed narrowPeak	96710	https://tf.lisanwanglab.org/GADB/Annotationtracks/RoadMap/ChIP-seq/narrowpeak/hg19/UCSD.Small_Intestine.H3K27ac.STL002.narrowPeak.bed.gz	11/30/2014	FILER hg19 template
Roadmap	hg19	NGRMPNZBA4S6H7	Smooth muscle cell	Digestive	Primary tissue	ChIP-seq	H3K27ac	peaks	bed broadPeak	508227	https://tf.lisanwanglab.org/GADB/Annotationtracks/RoadMap/ChIP-seq/broadpeak/hg19/1/BI.Colon_Smooth_Muscle.H3K27ac.156.broadPeak.bed.gz	02/08/2015	FILER hg19 template
Roadmap	hg19	NGRMPSKPXJVLEK	Smooth muscle cell	Digestive	Primary tissue	ChIP-seq	H3K27ac	peaks	bed gappedPeak	54165	https://tf.lisanwanglab.org/GADB/Annotationtracks/RoadMap/ChIP-seq/gappedpeak/hg19/BI.Colon_Smooth_Muscle.H3K27ac.156.gappedPeak.bed.gz	02/08/2015	FILER hg19 template
Roadmap	hg19	NGRMPTUUMKTQ3B	Smooth muscle cell	Digestive	Primary tissue	ChIP-seq	H3K27ac	peaks	bed narrowPeak	139671	https://tf.lisanwanglab.org/GADB/Annotationtracks/RoadMap/ChIP-seq/narrowpeak/hg19/BI.Colon_Smooth_Muscle.H3K27ac.156.narrowPeak.bed.gz	11/30/2014	FILER hg19 template
Roadmap	hg19	NGRMP2SPZEDILC	Smooth muscle tissue	Digestive	Primary tissue	ChIP-seq	H3K27ac	peaks	bed gappedPeak	41892	https://tf.lisanwanglab.org/GADB/Annotationtracks/RoadMap/ChIP-seq/gappedpeak/hg19/BI.Stomach_Smooth_Muscle.H3K27ac.28.gappedPeak.bed.gz	02/08/2015	FILER hg19 template
Roadmap	hg19	NGRMP6N2TO2M6L	Smooth muscle tissue	Digestive	Primary tissue	ChIP-seq	H3K27ac	peaks	bed narrowPeak	113572	https://tf.lisanwanglab.org/GADB/Annotationtracks/RoadMap/ChIP-seq/narrowpeak/hg19/BI.Rectal_Smooth_Muscle.H3K27ac.30.narrowPeak.bed.gz	11/30/2014	FILER hg19 template
Roadmap	hg19	NGRMP7GC5FY75T	Smooth muscle tissue	Digestive	Primary tissue	ChIP-seq	H3K27ac	peaks	bed broadPeak	287787	https://tf.lisanwanglab.org/GADB/Annotationtracks/RoadMap/ChIP-seq/broadpeak/hg19/2/BI.Duodenum_Smooth_Muscle.H3K27ac.160.broadPeak.bed.gz	02/08/2015	FILER hg19 template
Roadmap	hg19	NGRMPG2QOWXNID	Smooth muscle tissue	Digestive	Primary tissue	ChIP-seq	H3K27ac	peaks	bed broadPeak	226472	https://tf.lisanwanglab.org/GADB/Annotationtracks/RoadMap/ChIP-seq/broadpeak/hg19/3/BI.Rectal_Smooth_Muscle.H3K27ac.30.broadPeak.bed.gz	02/08/2015	FILER hg19 template
Roadmap	hg19	NGRMPJBWCSO7E4	Smooth muscle tissue	Digestive	Primary tissue	ChIP-seq	H3K27ac	peaks	bed narrowPeak	99107	https://tf.lisanwanglab.org/GADB/Annotationtracks/RoadMap/ChIP-seq/narrowpeak/hg19/BI.Stomach_Smooth_Muscle.H3K27ac.28.narrowPeak.bed.gz	11/30/2014	FILER hg19 template
Roadmap	hg19	NGRMPJUINUPNHL	Smooth muscle tissue	Digestive	Primary tissue	ChIP-seq	H3K27ac	peaks	bed gappedPeak	49013	https://tf.lisanwanglab.org/GADB/Annotationtracks/RoadMap/ChIP-seq/gappedpeak/hg19/BI.Rectal_Smooth_Muscle.H3K27ac.30.gappedPeak.bed.gz	02/08/2015	FILER hg19 template
Roadmap	hg19	NGRMPV2QEKPFIE	Smooth muscle tissue	Digestive	Primary tissue	ChIP-seq	H3K27ac	peaks	bed broadPeak	224078	https://tf.lisanwanglab.org/GADB/Annotationtracks/RoadMap/ChIP-seq/broadpeak/hg19/3/BI.Stomach_Smooth_Muscle.H3K27ac.28.broadPeak.bed.gz	02/08/2015	FILER hg19 template
Roadmap	hg19	NGRMPXII4MHPMY	Smooth muscle tissue	Digestive	Primary tissue	ChIP-seq	H3K27ac	peaks	bed narrowPeak	121039	https://tf.lisanwanglab.org/GADB/Annotationtracks/RoadMap/ChIP-seq/narrowpeak/hg19/BI.Duodenum_Smooth_Muscle.H3K27ac.160.narrowPeak.bed.gz	11/30/2014	FILER hg19 template
Roadmap	hg19	NGRMPZK54ZWS6P	Smooth muscle tissue	Digestive	Primary tissue	ChIP-seq	H3K27ac	peaks	bed gappedPeak	54039	https://tf.lisanwanglab.org/GADB/Annotationtracks/RoadMap/ChIP-seq/gappedpeak/hg19/BI.Duodenum_Smooth_Muscle.H3K27ac.160.gappedPeak.bed.gz	02/08/2015	FILER hg19 template
Roadmap	hg19	NGRMP4FGTSNENG	Spleen	Immune Organ	Primary tissue	ChIP-seq	H3K27ac	peaks	bed narrowPeak	124962	https://tf.lisanwanglab.org/GADB/Annotationtracks/RoadMap/ChIP-seq/narrowpeak/hg19/UCSD.Spleen.H3K27ac.STL003.narrowPeak.bed.gz	11/30/2014	FILER hg19 template
Roadmap	hg19	NGRMP7Z35FNB2Y	Spleen	Immune Organ	Primary tissue	ChIP-seq	H3K27ac	peaks	bed gappedPeak	42489	https://tf.lisanwanglab.org/GADB/Annotationtracks/RoadMap/ChIP-seq/gappedpeak/hg19/UCSD.Spleen.H3K27ac.STL001.gappedPeak.bed.gz	02/08/2015	FILER hg19 template
Roadmap	hg19	NGRMPD7W7P7BLR	Spleen	Immune Organ	Primary tissue	ChIP-seq	H3K27ac	peaks	bed gappedPeak	58265	https://tf.lisanwanglab.org/GADB/Annotationtracks/RoadMap/ChIP-seq/gappedpeak/hg19/UCSD.Spleen.H3K27ac.STL003.gappedPeak.bed.gz	02/08/2015	FILER hg19 template
Roadmap	hg19	NGRMPDIL2RA64H	Spleen	Immune Organ	Primary tissue	ChIP-seq	H3K27ac	peaks	bed narrowPeak	83147	https://tf.lisanwanglab.org/GADB/Annotationtracks/RoadMap/ChIP-seq/narrowpeak/hg19/UCSD.Spleen.H3K27ac.STL001.narrowPeak.bed.gz	11/30/2014	FILER hg19 template
Roadmap	hg19	NGRMPENUR4VYKJ	Spleen	Immune Organ	Primary tissue	ChIP-seq	H3K27ac	peaks	bed narrowPeak	152753	https://tf.lisanwanglab.org/GADB/Annotationtracks/RoadMap/ChIP-seq/narrowpeak/hg19/UCSD.Spleen.H3K27ac.STL002.narrowPeak.bed.gz	11/30/2014	FILER hg19 template
Roadmap	hg19	NGRMPEUAKJZWMG	Spleen	Immune Organ	Primary tissue	ChIP-seq	H3K27ac	peaks	bed broadPeak	192930	https://tf.lisanwanglab.org/GADB/Annotationtracks/RoadMap/ChIP-seq/broadpeak/hg19/3/UCSD.Spleen.H3K27ac.STL001.broadPeak.bed.gz	02/08/2015	FILER hg19 template
Roadmap	hg19	NGRMPPZ5PJ3KQW	Spleen	Immune Organ	Primary tissue	ChIP-seq	H3K27ac	peaks	bed gappedPeak	70954	https://tf.lisanwanglab.org/GADB/Annotationtracks/RoadMap/ChIP-seq/gappedpeak/hg19/UCSD.Spleen.H3K27ac.STL002.gappedPeak.bed.gz	02/08/2015	FILER hg19 template
Roadmap	hg19	NGRMPT5N2ZZUL5	Spleen	Immune Organ	Primary tissue	ChIP-seq	H3K27ac	peaks	bed broadPeak	262472	https://tf.lisanwanglab.org/GADB/Annotationtracks/RoadMap/ChIP-seq/broadpeak/hg19/3/UCSD.Spleen.H3K27ac.STL003.broadPeak.bed.gz	02/08/2015	FILER hg19 template
Roadmap	hg19	NGRMPY4MEGUZJX	Spleen	Immune Organ	Primary tissue	ChIP-seq	H3K27ac	peaks	bed broadPeak	186289	https://tf.lisanwanglab.org/GADB/Annotationtracks/RoadMap/ChIP-seq/broadpeak/hg19/3/UCSD.Spleen.H3K27ac.STL002.broadPeak.bed.gz	02/08/2015	FILER hg19 template
Roadmap	hg19	NGRMP2OEBHTJ2C	Stomach	Digestive	Primary tissue	ChIP-seq	H3K27ac	peaks	bed narrowPeak	137802	https://tf.lisanwanglab.org/GADB/Annotationtracks/RoadMap/ChIP-seq/narrowpeak/hg19/UW.Fetal_Stomach.H3K27ac.H-24683.Histone.DS22929.narrowPeak.bed.gz	11/30/2014	FILER hg19 template
Roadmap	hg19	NGRMPKOJ63BO22	Stomach	Digestive	Primary tissue	ChIP-seq	H3K27ac	peaks	bed broadPeak	142932	https://tf.lisanwanglab.org/GADB/Annotationtracks/RoadMap/ChIP-seq/broadpeak/hg19/2/UW.Fetal_Stomach.H3K27ac.H-24683.Histone.DS22929.broadPeak.bed.gz	02/08/2015	FILER hg19 template
Roadmap	hg19	NGRMPR6SSJZNWJ	Stomach	Digestive	Primary tissue	ChIP-seq	H3K27ac	peaks	bed gappedPeak	71055	https://tf.lisanwanglab.org/GADB/Annotationtracks/RoadMap/ChIP-seq/gappedpeak/hg19/UW.Fetal_Stomach.H3K27ac.H-24683.Histone.DS22929.gappedPeak.bed.gz	02/08/2015	FILER hg19 template
Roadmap	hg19	NGRMPB7XCTPNZN	Substantia nigra	Brain	Primary tissue	ChIP-seq	H3K27ac	peaks	bed narrowPeak	98962	https://tf.lisanwanglab.org/GADB/Annotationtracks/RoadMap/ChIP-seq/narrowpeak/hg19/BI.Brain_Substantia_Nigra.H3K27ac.149.DNA_Lib_1847.narrowPeak.bed.gz	11/30/2014	FILER hg19 template
Roadmap	hg19	NGRMPDRB37NCCT	Substantia nigra	Brain	Primary tissue	ChIP-seq	H3K27ac	peaks	bed broadPeak	257264	https://tf.lisanwanglab.org/GADB/Annotationtracks/RoadMap/ChIP-seq/broadpeak/hg19/1/BI.Brain_Substantia_Nigra.H3K27ac.149.DNA_Lib_1847.broadPeak.bed.gz	02/08/2015	FILER hg19 template
Roadmap	hg19	NGRMPLUXDKBOJT	Substantia nigra	Brain	Primary tissue	ChIP-seq	H3K27ac	peaks	bed gappedPeak	40753	https://tf.lisanwanglab.org/GADB/Annotationtracks/RoadMap/ChIP-seq/gappedpeak/hg19/BI.Brain_Substantia_Nigra.H3K27ac.149.DNA_Lib_1847.gappedPeak.bed.gz	02/08/2015	FILER hg19 template
Roadmap	hg19	NGRMPPQSDSB63Y	Substantia nigra	Brain	Primary tissue	ChIP-seq	H3K27ac	peaks	bed gappedPeak	47542	https://tf.lisanwanglab.org/GADB/Annotationtracks/RoadMap/ChIP-seq/gappedpeak/hg19/BI.Brain_Substantia_Nigra.H3K27ac.149.gappedPeak.bed.gz	02/08/2015	FILER hg19 template
Roadmap	hg19	NGRMPXGO2VJNRF	Substantia nigra	Brain	Primary tissue	ChIP-seq	H3K27ac	peaks	bed broadPeak	157051	https://tf.lisanwanglab.org/GADB/Annotationtracks/RoadMap/ChIP-seq/broadpeak/hg19/1/BI.Brain_Substantia_Nigra.H3K27ac.149.broadPeak.bed.gz	02/08/2015	FILER hg19 template
Roadmap	hg19	NGRMPZSUUL5FEG	Substantia nigra	Brain	Primary tissue	ChIP-seq	H3K27ac	peaks	bed narrowPeak	128318	https://tf.lisanwanglab.org/GADB/Annotationtracks/RoadMap/ChIP-seq/narrowpeak/hg19/BI.Brain_Substantia_Nigra.H3K27ac.149.narrowPeak.bed.gz	11/30/2014	FILER hg19 template
Roadmap	hg19	NGRMP4AD5ZLYKO	Thymus	Immune Organ	Primary tissue	ChIP-seq	H3K27ac	peaks	bed gappedPeak	46210	https://tf.lisanwanglab.org/GADB/Annotationtracks/RoadMap/ChIP-seq/gappedpeak/hg19/UW.Fetal_Thymus.H3K27ac.H-24644.Histone.DS21783.gappedPeak.bed.gz	02/08/2015	FILER hg19 template
Roadmap	hg19	NGRMP4B3VP7KDN	Thymus	Immune Organ	Primary tissue	ChIP-seq	H3K27ac	peaks	bed broadPeak	327552	https://tf.lisanwanglab.org/GADB/Annotationtracks/RoadMap/ChIP-seq/broadpeak/hg19/3/UCSD.Thymus.H3K27ac.STL001.broadPeak.bed.gz	02/08/2015	FILER hg19 template
Roadmap	hg19	NGRMP7WJGZ3WEY	Thymus	Immune Organ	Primary tissue	ChIP-seq	H3K27ac	peaks	bed narrowPeak	89154	https://tf.lisanwanglab.org/GADB/Annotationtracks/RoadMap/ChIP-seq/narrowpeak/hg19/UCSD.Thymus.H3K27ac.STL001.narrowPeak.bed.gz	11/30/2014	FILER hg19 template
Roadmap	hg19	NGRMPMRFR7DBAL	Thymus	Immune Organ	Primary tissue	ChIP-seq	H3K27ac	peaks	bed narrowPeak	89837	https://tf.lisanwanglab.org/GADB/Annotationtracks/RoadMap/ChIP-seq/narrowpeak/hg19/UW.Fetal_Thymus.H3K27ac.H-24644.Histone.DS21783.narrowPeak.bed.gz	11/30/2014	FILER hg19 template
Roadmap	hg19	NGRMPONTFGOSAT	Thymus	Immune Organ	Primary tissue	ChIP-seq	H3K27ac	peaks	bed broadPeak	189740	https://tf.lisanwanglab.org/GADB/Annotationtracks/RoadMap/ChIP-seq/broadpeak/hg19/2/UW.Fetal_Thymus.H3K27ac.H-24644.Histone.DS21783.broadPeak.bed.gz	02/08/2015	FILER hg19 template
Roadmap	hg19	NGRMPREJPG6GFW	Thymus	Immune Organ	Primary tissue	ChIP-seq	H3K27ac	peaks	bed gappedPeak	56401	https://tf.lisanwanglab.org/GADB/Annotationtracks/RoadMap/ChIP-seq/gappedpeak/hg19/UCSD.Thymus.H3K27ac.STL001.gappedPeak.bed.gz	02/08/2015	FILER hg19 template
Roadmap	hg19	NGRMPHE3OGFTIY	Urinary bladder	Urinary	Primary tissue	ChIP-seq	H3K27ac	peaks	bed narrowPeak	101681	https://tf.lisanwanglab.org/GADB/Annotationtracks/RoadMap/ChIP-seq/narrowpeak/hg19/UCSD.Bladder.H3K27ac.STL003.narrowPeak.bed.gz	11/30/2014	FILER hg19 template
Roadmap	hg19	NGRMPQMNDDYWCF	Urinary bladder	Urinary	Primary tissue	ChIP-seq	H3K27ac	peaks	bed gappedPeak	73923	https://tf.lisanwanglab.org/GADB/Annotationtracks/RoadMap/ChIP-seq/gappedpeak/hg19/UCSD.Bladder.H3K27ac.STL003.gappedPeak.bed.gz	02/08/2015	FILER hg19 template
Roadmap	hg19	NGRMPRCXMU2ZBR	Urinary bladder	Urinary	Primary tissue	ChIP-seq	H3K27ac	peaks	bed broadPeak	768878	https://tf.lisanwanglab.org/GADB/Annotationtracks/RoadMap/ChIP-seq/broadpeak/hg19/1/UCSD.Bladder.H3K27ac.STL003.broadPeak.bed.gz	02/08/2015	FILER hg19 template
Roadmap	hg19	NGRMPD3CNGXRRJ	Ventricle	Heart	Primary tissue	ChIP-seq	H3K27ac	peaks	bed broadPeak	845345	https://tf.lisanwanglab.org/GADB/Annotationtracks/RoadMap/ChIP-seq/broadpeak/hg19/3/UCSD.Right_Ventricle.H3K27ac.STL001.broadPeak.bed.gz	02/08/2015	FILER hg19 template
Roadmap	hg19	NGRMPIBWUYGPG7	Ventricle	Heart	Primary tissue	ChIP-seq	H3K27ac	peaks	bed gappedPeak	144650	https://tf.lisanwanglab.org/GADB/Annotationtracks/RoadMap/ChIP-seq/gappedpeak/hg19/UCSD.Right_Ventricle.H3K27ac.STL001.gappedPeak.bed.gz	02/08/2015	FILER hg19 template
Roadmap	hg19	NGRMPZ3JOWSUFG	Ventricle	Heart	Primary tissue	ChIP-seq	H3K27ac	peaks	bed narrowPeak	284128	https://tf.lisanwanglab.org/GADB/Annotationtracks/RoadMap/ChIP-seq/narrowpeak/hg19/UCSD.Right_Ventricle.H3K27ac.STL001.narrowPeak.bed.gz	11/30/2014	FILER hg19 template
Roadmap	hg19	NGRMP5GGQXT746	iPS DF 19	iPSC	Primary culture	ChIP-seq	H3K27ac	peaks	bed gappedPeak	204642	https://tf.lisanwanglab.org/GADB/Annotationtracks/RoadMap/ChIP-seq/gappedpeak/hg19/UCSD.iPS_DF_19.11.H3K27ac.SK402.gappedPeak.bed.gz	02/08/2015	FILER hg19 template
Roadmap	hg19	NGRMPCLU3P6H5F	iPS DF 19	iPSC	Primary culture	ChIP-seq	H3K27ac	peaks	bed narrowPeak	57400	https://tf.lisanwanglab.org/GADB/Annotationtracks/RoadMap/ChIP-seq/narrowpeak/hg19/UCSD.iPS_DF_19.11.H3K27ac.SK434.narrowPeak.bed.gz	11/30/2014	FILER hg19 template
Roadmap	hg19	NGRMPH4JTJFSAP	iPS DF 19	iPSC	Primary culture	ChIP-seq	H3K27ac	peaks	bed broadPeak	348690	https://tf.lisanwanglab.org/GADB/Annotationtracks/RoadMap/ChIP-seq/broadpeak/hg19/3/UCSD.iPS_DF_19.11.H3K27ac.SK395.broadPeak.bed.gz	02/08/2015	FILER hg19 template
Roadmap	hg19	NGRMPHQI5RB5UY	iPS DF 19	iPSC	Primary culture	ChIP-seq	H3K27ac	peaks	bed narrowPeak	244307	https://tf.lisanwanglab.org/GADB/Annotationtracks/RoadMap/ChIP-seq/narrowpeak/hg19/UCSD.iPS_DF_19.11.H3K27ac.SK402.narrowPeak.bed.gz	11/30/2014	FILER hg19 template
Roadmap	hg19	NGRMPJWUTRBDZK	iPS DF 19	iPSC	Primary culture	ChIP-seq	H3K27ac	peaks	bed narrowPeak	96107	https://tf.lisanwanglab.org/GADB/Annotationtracks/RoadMap/ChIP-seq/narrowpeak/hg19/UCSD.iPS_DF_19.11.H3K27ac.SK395.narrowPeak.bed.gz	11/30/2014	FILER hg19 template
Roadmap	hg19	NGRMPKUWT6JI7Q	iPS DF 19	iPSC	Primary culture	ChIP-seq	H3K27ac	peaks	bed broadPeak	1066660	https://tf.lisanwanglab.org/GADB/Annotationtracks/RoadMap/ChIP-seq/broadpeak/hg19/3/UCSD.iPS_DF_19.11.H3K27ac.SK402.broadPeak.bed.gz	02/08/2015	FILER hg19 template
Roadmap	hg19	NGRMPOKUQZT6LO	iPS DF 19	iPSC	Primary culture	ChIP-seq	H3K27ac	peaks	bed gappedPeak	64806	https://tf.lisanwanglab.org/GADB/Annotationtracks/RoadMap/ChIP-seq/gappedpeak/hg19/UCSD.iPS_DF_19.11.H3K27ac.SK395.gappedPeak.bed.gz	02/08/2015	FILER hg19 template
Roadmap	hg19	NGRMPTR7ZUMWJO	iPS DF 19	iPSC	Primary culture	ChIP-seq	H3K27ac	peaks	bed broadPeak	535191	https://tf.lisanwanglab.org/GADB/Annotationtracks/RoadMap/ChIP-seq/broadpeak/hg19/3/UCSD.iPS_DF_19.11.H3K27ac.SK434.broadPeak.bed.gz	02/08/2015	FILER hg19 template
Roadmap	hg19	NGRMPXDYMS6NHK	iPS DF 19	iPSC	Primary culture	ChIP-seq	H3K27ac	peaks	bed gappedPeak	45566	https://tf.lisanwanglab.org/GADB/Annotationtracks/RoadMap/ChIP-seq/gappedpeak/hg19/UCSD.iPS_DF_19.11.H3K27ac.SK434.gappedPeak.bed.gz	02/08/2015	FILER hg19 template
Roadmap	hg19	NGRMPPMXN3T7NP	iPS DF 6	iPSC	Primary culture	ChIP-seq	H3K27ac	peaks	bed gappedPeak	88701	https://tf.lisanwanglab.org/GADB/Annotationtracks/RoadMap/ChIP-seq/gappedpeak/hg19/UCSD.iPS_DF_6.9.H3K27ac.SK432.gappedPeak.bed.gz	02/08/2015	FILER hg19 template
Roadmap	hg19	NGRMPRNJYEHUI4	iPS DF 6	iPSC	Primary culture	ChIP-seq	H3K27ac	peaks	bed narrowPeak	38006	https://tf.lisanwanglab.org/GADB/Annotationtracks/RoadMap/ChIP-seq/narrowpeak/hg19/UCSD.iPS_DF_6.9.H3K27ac.SK432.narrowPeak.bed.gz	11/30/2014	FILER hg19 template
Roadmap	hg19	NGRMPULGW7DHSV	iPS DF 6	iPSC	Primary culture	ChIP-seq	H3K27ac	peaks	bed broadPeak	1466166	https://tf.lisanwanglab.org/GADB/Annotationtracks/RoadMap/ChIP-seq/broadpeak/hg19/3/UCSD.iPS_DF_6.9.H3K27ac.SK432.broadPeak.bed.gz	02/08/2015	FILER hg19 template
Roadmap	hg19	NGRMPGQNHIPKM6	iPS-18a	iPSC	Primary culture	ChIP-seq	H3K27ac	peaks	bed narrowPeak	42500	https://tf.lisanwanglab.org/GADB/Annotationtracks/RoadMap/ChIP-seq/narrowpeak/hg19/BI.iPS-18a.H3K27ac.DNA_Lib_349.narrowPeak.bed.gz	11/30/2014	FILER hg19 template
Roadmap	hg19	NGRMPUEDBRLY3A	iPS-18a	iPSC	Primary culture	ChIP-seq	H3K27ac	peaks	bed broadPeak	328821	https://tf.lisanwanglab.org/GADB/Annotationtracks/RoadMap/ChIP-seq/broadpeak/hg19/3/BI.iPS-18a.H3K27ac.DNA_Lib_349.broadPeak.bed.gz	02/08/2015	FILER hg19 template
Roadmap	hg19	NGRMPVL3CLYYRK	iPS-18a	iPSC	Primary culture	ChIP-seq	H3K27ac	peaks	bed gappedPeak	33424	https://tf.lisanwanglab.org/GADB/Annotationtracks/RoadMap/ChIP-seq/gappedpeak/hg19/BI.iPS-18a.H3K27ac.DNA_Lib_349.gappedPeak.bed.gz	02/08/2015	FILER hg19 template
Roadmap	hg19	NGRMP6AKZZRBTS	iPS-20b	iPSC	Primary culture	ChIP-seq	H3K27ac	peaks	bed gappedPeak	56360	https://tf.lisanwanglab.org/GADB/Annotationtracks/RoadMap/ChIP-seq/gappedpeak/hg19/BI.iPS-20b.H3K27ac.DNA_Lib_357.gappedPeak.bed.gz	02/08/2015	FILER hg19 template
Roadmap	hg19	NGRMPBEEZPJVY7	iPS-20b	iPSC	Primary culture	ChIP-seq	H3K27ac	peaks	bed broadPeak	413052	https://tf.lisanwanglab.org/GADB/Annotationtracks/RoadMap/ChIP-seq/broadpeak/hg19/3/BI.iPS-20b.H3K27ac.DNA_Lib_357.broadPeak.bed.gz	02/08/2015	FILER hg19 template
Roadmap	hg19	NGRMPGKNGSNMAG	iPS-20b	iPSC	Primary culture	ChIP-seq	H3K27ac	peaks	bed narrowPeak	96847	https://tf.lisanwanglab.org/GADB/Annotationtracks/RoadMap/ChIP-seq/narrowpeak/hg19/BI.iPS-20b.H3K27ac.DNA_Lib_357.narrowPeak.bed.gz	11/30/2014	FILER hg19 template
BLUEPRINT	hg38	NGBLPBWQZJYZR3	B cell	Blood	Primary cell	ChIP-seq	H3K27ac	peaks	bed6	91109	https://filer2.niagads.org/Annotationtracks/IHEC/IHEC_Blueprint/ChIP-seq/bed6/hg38/57190.Blueprint.ERS715363.H3K27ac.peak_calls.bed.gz		live FILER2 browser
BLUEPRINT	hg38	NGBLPBX5YJVUVE	B cell	Blood	Primary cell	ChIP-seq	H3K27ac	peaks	bed6	92304	https://filer2.niagads.org/Annotationtracks/IHEC/IHEC_Blueprint/ChIP-seq/bed6/hg38/57650.Blueprint.ERS852687.H3K27ac.peak_calls.bed.gz		live FILER2 browser
BLUEPRINT	hg38	NGBLPCYBOAHMRR	B cell	Blood	Primary cell	ChIP-seq	H3K27ac	peaks	bed6	115526	https://filer2.niagads.org/Annotationtracks/IHEC/IHEC_Blueprint/ChIP-seq/bed6/hg38/62205.Blueprint.ERS663732.H3K27ac.peak_calls.bed.gz		live FILER2 browser
BLUEPRINT	hg38	NGBLPBICQMGH5J	BL-2	Bone	Cell line	ChIP-seq	H3K27ac	peaks	bed6	48410	https://filer2.niagads.org/Annotationtracks/IHEC/IHEC_Blueprint/ChIP-seq/bed6/hg38/60198.Blueprint.ERS333897.H3K27ac.peak_calls.bed.gz		live FILER2 browser
BLUEPRINT	hg38	NGBLP2QLOWS4O3	Blood	Blood	Primary tissue	ChIP-seq	H3K27ac	peaks	bed6	115409	https://filer2.niagads.org/Annotationtracks/IHEC/IHEC_Blueprint/ChIP-seq/bed6/hg38/57212.Blueprint.ERS728715.H3K27ac.peak_calls.bed.gz		live FILER2 browser
BLUEPRINT	hg38	NGBLP2ZKXGGGZG	Blood	Blood	Primary tissue	ChIP-seq	H3K27ac	peaks	bed6	71989	https://filer2.niagads.org/Annotationtracks/IHEC/IHEC_Blueprint/ChIP-seq/bed6/hg38/58867.Blueprint.ERS1030017.H3K27ac.peak_calls.bed.gz		live FILER2 browser
BLUEPRINT	hg38	NGBLP3HXCOHMOA	Blood	Blood	Primary tissue	ChIP-seq	H3K27ac	peaks	bed6	138263	https://filer2.niagads.org/Annotationtracks/IHEC/IHEC_Blueprint/ChIP-seq/bed6/hg38/58966.Blueprint.ERS1044747.H3K27ac.peak_calls.bed.gz		live FILER2 browser
BLUEPRINT	hg38	NGBLP3OOLRWUER	Blood	Blood	Primary tissue	ChIP-seq	H3K27ac	peaks	bed6	91750	https://filer2.niagads.org/Annotationtracks/IHEC/IHEC_Blueprint/ChIP-seq/bed6/hg38/58957.Blueprint.ERS1028011.H3K27ac.peak_calls.bed.gz		live FILER2 browser
BLUEPRINT	hg38	NGBLP3RV5HJIYY	Blood	Blood	Primary tissue	ChIP-seq	H3K27ac	peaks	bed6	82787	https://filer2.niagads.org/Annotationtracks/IHEC/IHEC_Blueprint/ChIP-seq/bed6/hg38/59177.Blueprint.ERS1044119.H3K27ac.peak_calls.bed.gz		live FILER2 browser
BLUEPRINT	hg38	NGBLP3SZESL6Y7	Blood	Blood	Primary tissue	ChIP-seq	H3K27ac	peaks	bed6	93798	https://filer2.niagads.org/Annotationtracks/IHEC/IHEC_Blueprint/ChIP-seq/bed6/hg38/58930.Blueprint.ERS1030009.H3K27ac.peak_calls.bed.gz		live FILER2 browser
BLUEPRINT	hg38	NGBLP3YOAJX7P5	Blood	Blood	Primary tissue	ChIP-seq	H3K27ac	peaks	bed6	95844	https://filer2.niagads.org/Annotationtracks/IHEC/IHEC_Blueprint/ChIP-seq/bed6/hg38/58808.Blueprint.ERS1030010.H3K27ac.peak_calls.bed.gz		live FILER2 browser
BLUEPRINT	hg38	NGBLP45EQVVFVN	Blood	Blood	Primary tissue	ChIP-seq	H3K27ac	peaks	bed6	86709	https://filer2.niagads.org/Annotationtracks/IHEC/IHEC_Blueprint/ChIP-seq/bed6/hg38/58865.Blueprint.ERS1030013.H3K27ac.peak_calls.bed.gz		live FILER2 browser
BLUEPRINT	hg38	NGBLP4H5WMIQKR	Blood	Blood	Primary tissue	ChIP-seq	H3K27ac	peaks	bed6	118942	https://filer2.niagads.org/Annotationtracks/IHEC/IHEC_Blueprint/ChIP-seq/bed6/hg38/59016.Blueprint.ERS1043995.H3K27ac.peak_calls.bed.gz		live FILER2 browser
BLUEPRINT	hg38	NGBLP4HCU3V4LI	Blood	Blood	Primary tissue	ChIP-seq	H3K27ac	peaks	bed6	43766	https://filer2.niagads.org/Annotationtracks/IHEC/IHEC_Blueprint/ChIP-seq/bed6/hg38/59193.Blueprint.ERS1044704.H3K27ac.peak_calls.bed.gz		live FILER2 browser
BLUEPRINT	hg38	NGBLP4S2HRKVJQ	Blood	Blood	Primary tissue	ChIP-seq	H3K27ac	peaks	bed6	84227	https://filer2.niagads.org/Annotationtracks/IHEC/IHEC_Blueprint/ChIP-seq/bed6/hg38/59152.Blueprint.ERS1044751.H3K27ac.peak_calls.bed.gz		live FILER2 browser
BLUEPRINT	hg38	NGBLPBE4RAHW7C	Blood	Blood	Primary tissue	ChIP-seq	H3K27ac	peaks	bed6	80346	https://filer2.niagads.org/Annotationtracks/IHEC/IHEC_Blueprint/ChIP-seq/bed6/hg38/58953.Blueprint.ERS1030060.H3K27ac.peak_calls.bed.gz		live FILER2 browser
BLUEPRINT	hg38	NGBLPBJKPELRUE	Blood	Blood	Primary tissue	ChIP-seq	H3K27ac	peaks	bed6	99248	https://filer2.niagads.org/Annotationtracks/IHEC/IHEC_Blueprint/ChIP-seq/bed6/hg38/58937.Blueprint.ERS1030003.H3K27ac.peak_calls.bed.gz		live FILER2 browser
BLUEPRINT	hg38	NGBLPBX53FHMP6	Blood	Blood	Primary tissue	ChIP-seq	H3K27ac	peaks	bed6	75862	https://filer2.niagads.org/Annotationtracks/IHEC/IHEC_Blueprint/ChIP-seq/bed6/hg38/59291.Blueprint.ERS1044779.H3K27ac.peak_calls.bed.gz		live FILER2 browser
BLUEPRINT	hg38	NGBLPBY3IGLE43	Blood	Blood	Primary tissue	ChIP-seq	H3K27ac	peaks	bed6	83802	https://filer2.niagads.org/Annotationtracks/IHEC/IHEC_Blueprint/ChIP-seq/bed6/hg38/59160.Blueprint.ERS1044736.H3K27ac.peak_calls.bed.gz		live FILER2 browser
BLUEPRINT	hg38	NGBLPCGNYL6STX	Blood	Blood	Primary tissue	ChIP-seq	H3K27ac	peaks	bed6	89062	https://filer2.niagads.org/Annotationtracks/IHEC/IHEC_Blueprint/ChIP-seq/bed6/hg38/59301.Blueprint.ERS1044692.H3K27ac.peak_calls.bed.gz		live FILER2 browser
BLUEPRINT	hg38	NGBLPCHTXYNSAS	Blood	Blood	Primary tissue	ChIP-seq	H3K27ac	peaks	bed6	67179	https://filer2.niagads.org/Annotationtracks/IHEC/IHEC_Blueprint/ChIP-seq/bed6/hg38/58810.Blueprint.ERS1030018.H3K27ac.peak_calls.bed.gz		live FILER2 browser
BLUEPRINT	hg38	NGBLPCTULKWMRT	Blood	Blood	Primary tissue	ChIP-seq	H3K27ac	peaks	bed6	87453	https://filer2.niagads.org/Annotationtracks/IHEC/IHEC_Blueprint/ChIP-seq/bed6/hg38/57529.Blueprint.ERS886069.H3K27ac.peak_calls.bed.gz		live FILER2 browser
BLUEPRINT	hg38	NGBLPCUAYZ5VAH	Blood	Blood	Primary tissue	ChIP-seq	H3K27ac	peaks	bed6	87310	https://filer2.niagads.org/Annotationtracks/IHEC/IHEC_Blueprint/ChIP-seq/bed6/hg38/57812.Blueprint.ERS852689.H3K27ac.peak_calls.bed.gz		live FILER2 browser
BLUEPRINT	hg38	NGBLPCV4XQYXLQ	Blood	Blood	Primary tissue	ChIP-seq	H3K27ac	peaks	bed6	85939	https://filer2.niagads.org/Annotationtracks/IHEC/IHEC_Blueprint/ChIP-seq/bed6/hg38/58877.Blueprint.ERS1030027.H3K27ac.peak_calls.bed.gz		live FILER2 browser
BLUEPRINT	hg38	NGBLPD7TLWBDMJ	Blood	Blood	Primary tissue	ChIP-seq	H3K27ac	peaks	bed6	94338	https://filer2.niagads.org/Annotationtracks/IHEC/IHEC_Blueprint/ChIP-seq/bed6/hg38/59189.Blueprint.ERS1044700.H3K27ac.peak_calls.bed.gz		live FILER2 browser
BLUEPRINT	hg38	NGBLPDYDXMS3D6	Blood	Blood	Primary tissue	ChIP-seq	H3K27ac	peaks	bed6	70090	https://filer2.niagads.org/Annotationtracks/IHEC/IHEC_Blueprint/ChIP-seq/bed6/hg38/59299.Blueprint.ERS1044708.H3K27ac.peak_calls.bed.gz		live FILER2 browser
BLUEPRINT	hg38	NGBLPE2JSVIVXS	Blood	Blood	Primary tissue	ChIP-seq	H3K27ac	peaks	bed6	39253	https://filer2.niagads.org/Annotationtracks/IHEC/IHEC_Blueprint/ChIP-seq/bed6/hg38/59336.Blueprint.ERS1044775.H3K27ac.peak_calls.bed.gz		live FILER2 browser
BLUEPRINT	hg38	NGBLPEA2WX3XML	Blood	Blood	Primary tissue	ChIP-seq	H3K27ac	peaks	bed6	125068	https://filer2.niagads.org/Annotationtracks/IHEC/IHEC_Blueprint/ChIP-seq/bed6/hg38/59404.Blueprint.ERS1044727.H3K27ac.peak_calls.bed.gz		live FILER2 browser
BLUEPRINT	hg38	NGBLPJ7BRAE6OX	Blood	Blood	Primary tissue	ChIP-seq	H3K27ac	peaks	bed6	68302	https://filer2.niagads.org/Annotationtracks/IHEC/IHEC_Blueprint/ChIP-seq/bed6/hg38/59201.Blueprint.ERS1044721.H3K27ac.peak_calls.bed.gz		live FILER2 browser
BLUEPRINT	hg38	NGBLPJAC4JT6O4	Blood	Blood	Primary tissue	ChIP-seq	H3K27ac	peaks	bed6	66900	https://filer2.niagads.org/Annotationtracks/IHEC/IHEC_Blueprint/ChIP-seq/bed6/hg38/59165.Blueprint.ERS1044789.H3K27ac.peak_calls.bed.gz		live FILER2 browser
BLUEPRINT	hg38	NGBLPJC3ZR6HSQ	Blood	Blood	Primary tissue	ChIP-seq	H3K27ac	peaks	bed6	89235	https://filer2.niagads.org/Annotationtracks/IHEC/IHEC_Blueprint/ChIP-seq/bed6/hg38/59293.Blueprint.ERS1044757.H3K27ac.peak_calls.bed.gz		live FILER2 browser
BLUEPRINT	hg38	NGBLPJCFVUBDPV	Blood	Blood	Primary tissue	ChIP-seq	H3K27ac	peaks	bed6	93812	https://filer2.niagads.org/Annotationtracks/IHEC/IHEC_Blueprint/ChIP-seq/bed6/hg38/59314.Blueprint.ERS1044742.H3K27ac.peak_calls.bed.gz		live FILER2 browser
BLUEPRINT	hg38	NGBLPJHWW63WM3	Blood	Blood	Primary tissue	ChIP-seq	H3K27ac	peaks	bed6	114519	https://filer2.niagads.org/Annotationtracks/IHEC/IHEC_Blueprint/ChIP-seq/bed6/hg38/59338.Blueprint.ERS1030051.H3K27ac.peak_calls.bed.gz		live FILER2 browser
BLUEPRINT	hg38	NGBLPJOOQPQIPE	Blood	Blood	Primary tissue	ChIP-seq	H3K27ac	peaks	bed6	93500	https://filer2.niagads.org/Annotationtracks/IHEC/IHEC_Blueprint/ChIP-seq/bed6/hg38/59167.Blueprint.ERS1044786.H3K27ac.peak_calls.bed.gz		live FILER2 browser
BLUEPRINT	hg38	NGBLPJZXRKO634	Blood	Blood	Primary tissue	ChIP-seq	H3K27ac	peaks	bed6	91661	https://filer2.niagads.org/Annotationtracks/IHEC/IHEC_Blueprint/ChIP-seq/bed6/hg38/58863.Blueprint.ERS1030045.H3K27ac.peak_calls.bed.gz		live FILER2 browser
BLUEPRINT	hg38	NGBLPK2RB47GFD	Blood	Blood	Primary tissue	ChIP-seq	H3K27ac	peaks	bed6	72628	https://filer2.niagads.org/Annotationtracks/IHEC/IHEC_Blueprint/ChIP-seq/bed6/hg38/59289.Blueprint.ERS1044734.H3K27ac.peak_calls.bed.gz		live FILER2 browser
BLUEPRINT	hg38	NGBLPK2YJF2FSR	Blood	Blood	Primary tissue	ChIP-seq	H3K27ac	peaks	bed6	81728	https://filer2.niagads.org/Annotationtracks/IHEC/IHEC_Blueprint/ChIP-seq/bed6/hg38/59295.Blueprint.ERS1044792.H3K27ac.peak_calls.bed.gz		live FILER2 browser
BLUEPRINT	hg38	NGBLPK5IGC2T4E	Blood	Blood	Primary tissue	ChIP-seq	H3K27ac	peaks	bed6	71785	https://filer2.niagads.org/Annotationtracks/IHEC/IHEC_Blueprint/ChIP-seq/bed6/hg38/58762.Blueprint.ERS1030012.H3K27ac.peak_calls.bed.gz		live FILER2 browser
BLUEPRINT	hg38	NGBLPKE6DUER2U	Blood	Blood	Primary tissue	ChIP-seq	H3K27ac	peaks	bed6	83636	https://filer2.niagads.org/Annotationtracks/IHEC/IHEC_Blueprint/ChIP-seq/bed6/hg38/59325.Blueprint.ERS1044694.H3K27ac.peak_calls.bed.gz		live FILER2 browser
BLUEPRINT	hg38	NGBLPKHHYB7WKB	Blood	Blood	Primary tissue	ChIP-seq	H3K27ac	peaks	bed6	34539	https://filer2.niagads.org/Annotationtracks/IHEC/IHEC_Blueprint/ChIP-seq/bed6/hg38/59158.Blueprint.ERS1044725.H3K27ac.peak_calls.bed.gz		live FILER2 browser
BLUEPRINT	hg38	NGBLPKOJ3P5FIL	Blood	Blood	Primary tissue	ChIP-seq	H3K27ac	peaks	bed6	73923	https://filer2.niagads.org/Annotationtracks/IHEC/IHEC_Blueprint/ChIP-seq/bed6/hg38/59018.Blueprint.ERS1030047.H3K27ac.peak_calls.bed.gz		live FILER2 browser
BLUEPRINT	hg38	NGBLPKWZUYNQC2	Blood	Blood	Primary tissue	ChIP-seq	H3K27ac	peaks	bed6	114847	https://filer2.niagads.org/Annotationtracks/IHEC/IHEC_Blueprint/ChIP-seq/bed6/hg38/59406.Blueprint.ERS1044718.H3K27ac.peak_calls.bed.gz		live FILER2 browser
BLUEPRINT	hg38	NGBLPL2S4WDNZJ	Blood	Blood	Primary tissue	ChIP-seq	H3K27ac	peaks	bed6	44608	https://filer2.niagads.org/Annotationtracks/IHEC/IHEC_Blueprint/ChIP-seq/bed6/hg38/58764.Blueprint.ERS1030040.H3K27ac.peak_calls.bed.gz		live FILER2 browser
BLUEPRINT	hg38	NGBLPLY6AY3IQX	Blood	Blood	Primary tissue	ChIP-seq	H3K27ac	peaks	bed6	68505	https://filer2.niagads.org/Annotationtracks/IHEC/IHEC_Blueprint/ChIP-seq/bed6/hg38/59209.Blueprint.ERS1049143.H3K27ac.peak_calls.bed.gz		live FILER2 browser
BLUEPRINT	hg38	NGBLPRE6HKT7BU	Blood	Blood	Primary tissue	ChIP-seq	H3K27ac	peaks	bed6	51311	https://filer2.niagads.org/Annotationtracks/IHEC/IHEC_Blueprint/ChIP-seq/bed6/hg38/57818.Blueprint.ERS852690.H3K27ac.peak_calls.bed.gz		live FILER2 browser
BLUEPRINT	hg38	NGBLPRG4QROQIN	Blood	Blood	Primary tissue	ChIP-seq	H3K27ac	peaks	bed6	80132	https://filer2.niagads.org/Annotationtracks/IHEC/IHEC_Blueprint/ChIP-seq/bed6/hg38/58806.Blueprint.ERS1029987.H3K27ac.peak_calls.bed.gz		live FILER2 browser
BLUEPRINT	hg38	NGBLPRKCGIMOPF	Blood	Blood	Primary tissue	ChIP-seq	H3K27ac	peaks	bed6	35467	https://filer2.niagads.org/Annotationtracks/IHEC/IHEC_Blueprint/ChIP-seq/bed6/hg38/59398.Blueprint.ERS1030044.H3K27ac.peak_calls.bed.gz		live FILER2 browser
BLUEPRINT	hg38	NGBLPRXZYANQRQ	Blood	Blood	Primary tissue	ChIP-seq	H3K27ac	peaks	bed6	88098	https://filer2.niagads.org/Annotationtracks/IHEC/IHEC_Blueprint/ChIP-seq/bed6/hg38/58919.Blueprint.ERS1030066.H3K27ac.peak_calls.bed.gz		live FILER2 browser
BLUEPRINT	hg38	NGBLPS7B66CDLR	Blood	Blood	Primary tissue	ChIP-seq	H3K27ac	peaks	bed6	72133	https://filer2.niagads.org/Annotationtracks/IHEC/IHEC_Blueprint/ChIP-seq/bed6/hg38/58939.Blueprint.ERS1030059.H3K27ac.peak_calls.bed.gz		live FILER2 browser
BLUEPRINT	hg38	NGBLPSV7O5JZ3R	Blood	Blood	Primary tissue	ChIP-seq	H3K27ac	peaks	bed6	75588	https://filer2.niagads.org/Annotationtracks/IHEC/IHEC_Blueprint/ChIP-seq/bed6/hg38/58941.Blueprint.ERS1030022.H3K27ac.peak_calls.bed.gz		live FILER2 browser
BLUEPRINT	hg38	NGBLPTGZKII243	Blood	Blood	Primary tissue	ChIP-seq	H3K27ac	peaks	bed6	76812	https://filer2.niagads.org/Annotationtracks/IHEC/IHEC_Blueprint/ChIP-seq/bed6/hg38/58959.Blueprint.ERS1028012.H3K27ac.peak_calls.bed.gz		live FILER2 browser
BLUEPRINT	hg38	NGBLPTKWSHVW3U	Blood	Blood	Primary tissue	ChIP-seq	H3K27ac	peaks	bed6	71696	https://filer2.niagads.org/Annotationtracks/IHEC/IHEC_Blueprint/ChIP-seq/bed6/hg38/59156.Blueprint.ERS1044788.H3K27ac.peak_calls.bed.gz		live FILER2 browser
BLUEPRINT	hg38	NGBLPTLJVTBOF4	Blood	Blood	Primary tissue	ChIP-seq	H3K27ac	peaks	bed6	57853	https://filer2.niagads.org/Annotationtracks/IHEC/IHEC_Blueprint/ChIP-seq/bed6/hg38/59199.Blueprint.ERS1044712.H3K27ac.peak_calls.bed.gz		live FILER2 browser
BLUEPRINT	hg38	NGBLPYSGBHE7GT	Blood	Blood	Primary tissue	ChIP-seq	H3K27ac	peaks	bed6	93682	https://filer2.niagads.org/Annotationtracks/IHEC/IHEC_Blueprint/ChIP-seq/bed6/hg38/59014.Blueprint.ERS1029992.H3K27ac.peak_calls.bed.gz		live FILER2 browser
BLUEPRINT	hg38	NGBLPZ3AL6OVN3	Blood	Blood	Primary tissue	ChIP-seq	H3K27ac	peaks	bed6	114292	https://filer2.niagads.org/Annotationtracks/IHEC/IHEC_Blueprint/ChIP-seq/bed6/hg38/62113.Blueprint.ERS663734.H3K27ac.peak_calls.bed.gz		live FILER2 browser
BLUEPRINT	hg38	NGBLPZA5H3IVFF	Blood	Blood	Primary tissue	ChIP-seq	H3K27ac	peaks	bed6	28520	https://filer2.niagads.org/Annotationtracks/IHEC/IHEC_Blueprint/ChIP-seq/bed6/hg38/58951.Blueprint.ERS1030057.H3K27ac.peak_calls.bed.gz		live FILER2 browser
BLUEPRINT	hg38	NGBLPZNJJ5YG2R	Bone marrow	Bone	Primary tissue	ChIP-seq	H3K27ac	peaks	bed6	65219	https://filer2.niagads.org/Annotationtracks/IHEC/IHEC_Blueprint/ChIP-seq/bed6/hg38/59554.Blueprint.ERS1107574.H3K27ac.peak_calls.bed.gz		live FILER2 browser
BLUEPRINT	hg38	NGBLP3F3OYERZL	CD14+CD16- monocyte	Blood	Primary cell	ChIP-seq	H3K27ac	peaks	bed6	41754	https://filer2.niagads.org/Annotationtracks/IHEC/IHEC_Blueprint/ChIP-seq/bed6/hg38/59797.Blueprint.ERS150390.H3K27ac.peak_calls.bed.gz		live FILER2 browser
BLUEPRINT	hg38	NGBLPBPSKJEAA6	CD14+CD16- monocyte	Blood	Primary cell	ChIP-seq	H3K27ac	peaks	bed6	58607	https://filer2.niagads.org/Annotationtracks/IHEC/IHEC_Blueprint/ChIP-seq/bed6/hg38/61299.Blueprint.ERS150413.H3K27ac.peak_calls.bed.gz		live FILER2 browser
BLUEPRINT	hg38	NGBLPSH3BE7IB6	CD14+CD16- monocyte	Blood	Primary cell	ChIP-seq	H3K27ac	peaks	bed6	30856	https://filer2.niagads.org/Annotationtracks/IHEC/IHEC_Blueprint/ChIP-seq/bed6/hg38/59739.Blueprint.ERS150369.H3K27ac.peak_calls.bed.gz		live FILER2 browser
BLUEPRINT	hg38	NGBLPTHCB5KCOG	CD14+CD16- monocyte	Blood	Primary cell	ChIP-seq	H3K27ac	peaks	bed6	115414	https://filer2.niagads.org/Annotationtracks/IHEC/IHEC_Blueprint/ChIP-seq/bed6/hg38/61295.Blueprint.ERS206567.H3K27ac.peak_calls.bed.gz		live FILER2 browser
BLUEPRINT	hg38	NGBLPS5VYBCJYG	CD34- CD41+ CD42+ megakaryocyte	Blood	Primary culture	ChIP-seq	H3K27ac	peaks	bed6	21026	https://filer2.niagads.org/Annotationtracks/IHEC/IHEC_Blueprint/ChIP-seq/bed6/hg38/60927.Blueprint.ERS257244.H3K27ac.peak_calls.bed.gz		live FILER2 browser
BLUEPRINT	hg38	NGBLP4DI7BX5SL	CD4+ alpha-beta T cell	Blood	Primary cell	ChIP-seq	H3K27ac	peaks	bed6	14626	https://filer2.niagads.org/Annotationtracks/IHEC/IHEC_Blueprint/ChIP-seq/bed6/hg38/59848.Blueprint.ERS164472.H3K27ac.peak_calls.bed.gz		live FILER2 browser
BLUEPRINT	hg38	NGBLPRQMNM7L5K	CD4+ alpha-beta T cell	Blood	Primary cell	ChIP-seq	H3K27ac	peaks	bed6	32474	https://filer2.niagads.org/Annotationtracks/IHEC/IHEC_Blueprint/ChIP-seq/bed6/hg38/60629.Blueprint.ERS257432.H3K27ac.peak_calls.bed.gz		live FILER2 browser
BLUEPRINT	hg38	NGBLPZIG5EHYLE	CD4+ alpha-beta T cell	Blood	Primary cell	ChIP-seq	H3K27ac	peaks	bed6	33614	https://filer2.niagads.org/Annotationtracks/IHEC/IHEC_Blueprint/ChIP-seq/bed6/hg38/60798.Blueprint.ERS337160.H3K27ac.peak_calls.bed.gz		live FILER2 browser
BLUEPRINT	hg38	NGBLP3WX5M4KSD	CD8+ alpha-beta T cell	Blood	Primary cell	ChIP-seq	H3K27ac	peaks	bed6	83124	https://filer2.niagads.org/Annotationtracks/IHEC/IHEC_Blueprint/ChIP-seq/bed6/hg38/61361.Blueprint.ERS206391.H3K27ac.peak_calls.bed.gz		live FILER2 browser
BLUEPRINT	hg38	NGBLPCM3Q6OOGQ	CD8+ alpha-beta T cell	Blood	Primary cell	ChIP-seq	H3K27ac	peaks	bed6	53609	https://filer2.niagads.org/Annotationtracks/IHEC/IHEC_Blueprint/ChIP-seq/bed6/hg38/57793.Blueprint.ERS206389.H3K27ac.peak_calls.bed.gz		live FILER2 browser
BLUEPRINT	hg38	NGBLPKNKTTQRTR	CD8+ alpha-beta T cell	Blood	Primary cell	ChIP-seq	H3K27ac	peaks	bed6	18223	https://filer2.niagads.org/Annotationtracks/IHEC/IHEC_Blueprint/ChIP-seq/bed6/hg38/61239.Blueprint.ERS358697.H3K27ac.peak_calls.bed.gz		live FILER2 browser
BLUEPRINT	hg38	NGBLPTJC5DBYN6	DG-75	Blood	Cell line	ChIP-seq	H3K27ac	peaks	bed6	45846	https://filer2.niagads.org/Annotationtracks/IHEC/IHEC_Blueprint/ChIP-seq/bed6/hg38/60200.Blueprint.ERS333899.H3K27ac.peak_calls.bed.gz		live FILER2 browser
BLUEPRINT	hg38	NGBLP22HOI5MVP	Dendritic cell	Blood	Primary cell	ChIP-seq	H3K27ac	peaks	bed6	85254	https://filer2.niagads.org/Annotationtracks/IHEC/IHEC_Blueprint/ChIP-seq/bed6/hg38/58488.Blueprint.ERS1044647.H3K27ac.peak_calls.bed.gz		live FILER2 browser
BLUEPRINT	hg38	NGBLPL4TSYV3SE	Dendritic cell	Blood	Primary cell	ChIP-seq	H3K27ac	peaks	bed6	99708	https://filer2.niagads.org/Annotationtracks/IHEC/IHEC_Blueprint/ChIP-seq/bed6/hg38/58600.Blueprint.ERS1044649.H3K27ac.peak_calls.bed.gz		live FILER2 browser
BLUEPRINT	hg38	NGBLPSVVKSQB22	Dendritic cell	Blood	Primary cell	ChIP-seq	H3K27ac	peaks	bed6	76308	https://filer2.niagads.org/Annotationtracks/IHEC/IHEC_Blueprint/ChIP-seq/bed6/hg38/58590.Blueprint.ERS1044648.H3K27ac.peak_calls.bed.gz		live FILER2 browser
BLUEPRINT	hg38	NGBLPYSTMVM24T	Dendritic cell	Blood	Primary culture	ChIP-seq	H3K27ac	peaks	bed6	85610	https://filer2.niagads.org/Annotationtracks/IHEC/IHEC_Blueprint/ChIP-seq/bed6/hg38/57476.Blueprint.ERS697064.H3K27ac.peak_calls.bed.gz		live FILER2 browser
BLUEPRINT	hg38	NGBLPJRBFDBLLW	Endothelial cell	Umbilical Cord	Primary culture	ChIP-seq	H3K27ac	peaks	bed6	78627	https://filer2.niagads.org/Annotationtracks/IHEC/IHEC_Blueprint/ChIP-seq/bed6/hg38/60895.Blueprint.ERS358674.H3K27ac.peak_calls.bed.gz		live FILER2 browser
BLUEPRINT	hg38	NGBLPYTDDU6ENG	Endothelial cell	Umbilical Cord	Primary culture	ChIP-seq	H3K27ac	peaks	bed6	85230	https://filer2.niagads.org/Annotationtracks/IHEC/IHEC_Blueprint/ChIP-seq/bed6/hg38/60947.Blueprint.ERS377497.H3K27ac.peak_calls.bed.gz		live FILER2 browser
BLUEPRINT	hg38	NGBLPT4ZS3A5AX	Endothelial progenitor cell	Blood	Primary cell	ChIP-seq	H3K27ac	peaks	bed6	107422	https://filer2.niagads.org/Annotationtracks/IHEC/IHEC_Blueprint/ChIP-seq/bed6/hg38/57575.Blueprint.ERS697025.H3K27ac.peak_calls.bed.gz		live FILER2 browser
BLUEPRINT	hg38	NGBLPE3YAQG2NG	Eosinophils	Blood	Primary cell	ChIP-seq	H3K27ac	peaks	bed6	3235	https://filer2.niagads.org/Annotationtracks/IHEC/IHEC_Blueprint/ChIP-seq/bed6/hg38/61215.Blueprint.ERS257387.H3K27ac.peak_calls.bed.gz		live FILER2 browser
BLUEPRINT	hg38	NGBLP23ICFIDUF	Lymph node	Immune Organ	Primary tissue	ChIP-seq	H3K27ac	peaks	bed6	42551	https://filer2.niagads.org/Annotationtracks/IHEC/IHEC_Blueprint/ChIP-seq/bed6/hg38/57480.Blueprint.ERS886070.H3K27ac.peak_calls.bed.gz		live FILER2 browser
BLUEPRINT	hg38	NGBLP2IVOCF6Y7	Lymph node	Immune Organ	Primary tissue	ChIP-seq	H3K27ac	peaks	bed6	42499	https://filer2.niagads.org/Annotationtracks/IHEC/IHEC_Blueprint/ChIP-seq/bed6/hg38/57608.Blueprint.ERS886071.H3K27ac.peak_calls.bed.gz		live FILER2 browser
BLUEPRINT	hg38	NGBLP35ONW2KN2	Lymph node	Immune Organ	Primary tissue	ChIP-seq	H3K27ac	peaks	bed6	91970	https://filer2.niagads.org/Annotationtracks/IHEC/IHEC_Blueprint/ChIP-seq/bed6/hg38/57696.Blueprint.ERS886074.H3K27ac.peak_calls.bed.gz		live FILER2 browser
BLUEPRINT	hg38	NGBLPC57L4DVIS	Lymph node	Immune Organ	Primary tissue	ChIP-seq	H3K27ac	peaks	bed6	48798	https://filer2.niagads.org/Annotationtracks/IHEC/IHEC_Blueprint/ChIP-seq/bed6/hg38/57614.Blueprint.ERS886073.H3K27ac.peak_calls.bed.gz		live FILER2 browser
BLUEPRINT	hg38	NGBLPRUKY55TXJ	Lymph node	Immune Organ	Primary tissue	ChIP-seq	H3K27ac	peaks	bed6	51112	https://filer2.niagads.org/Annotationtracks/IHEC/IHEC_Blueprint/ChIP-seq/bed6/hg38/57484.Blueprint.ERS886078.H3K27ac.peak_calls.bed.gz		live FILER2 browser
BLUEPRINT	hg38	NGBLPTNXCFUCJM	Lymph node	Immune Organ	Primary tissue	ChIP-seq	H3K27ac	peaks	bed6	60225	https://filer2.niagads.org/Annotationtracks/IHEC/IHEC_Blueprint/ChIP-seq/bed6/hg38/57702.Blueprint.ERS886080.H3K27ac.peak_calls.bed.gz		live FILER2 browser
BLUEPRINT	hg38	NGBLPSCSHOLQBE	Lymphocyte - B lineage	Blood	Primary cell	ChIP-seq	H3K27ac	peaks	bed6	67849	https://filer2.niagads.org/Annotationtracks/IHEC/IHEC_Blueprint/ChIP-seq/bed6/hg38/62101.Blueprint.ERS655112.H3K27ac.peak_calls.bed.gz		live FILER2 browser
BLUEPRINT	hg38	NGBLP2Y2UQSX5K	Macrophage	Blood	Primary culture	ChIP-seq	H3K27ac	peaks	bed6	74444	https://filer2.niagads.org/Annotationtracks/IHEC/IHEC_Blueprint/ChIP-seq/bed6/hg38/60647.Blueprint.ERS222302.H3K27ac.peak_calls.bed.gz		live FILER2 browser
BLUEPRINT	hg38	NGBLP4IU4AW7C2	Macrophage	Blood	Primary culture	ChIP-seq	H3K27ac	peaks	bed6	57436	https://filer2.niagads.org/Annotationtracks/IHEC/IHEC_Blueprint/ChIP-seq/bed6/hg38/61501.Blueprint.ERS317193.H3K27ac.peak_calls.bed.gz		live FILER2 browser
BLUEPRINT	hg38	NGBLP4R3LON367	Macrophage	Blood	Primary culture	ChIP-seq	H3K27ac	peaks	bed6	52991	https://filer2.niagads.org/Annotationtracks/IHEC/IHEC_Blueprint/ChIP-seq/bed6/hg38/61166.Blueprint.ERS534015.H3K27ac.peak_calls.bed.gz		live FILER2 browser
BLUEPRINT	hg38	NGBLP4TXCJSH6P	Macrophage	Blood	Primary culture	ChIP-seq	H3K27ac	peaks	bed6	39292	https://filer2.niagads.org/Annotationtracks/IHEC/IHEC_Blueprint/ChIP-seq/bed6/hg38/60854.Blueprint.ERS358696.H3K27ac.peak_calls.bed.gz		live FILER2 browser
BLUEPRINT	hg38	NGBLPBSD3FTNG4	Macrophage	Blood	Primary culture	ChIP-seq	H3K27ac	peaks	bed6	75341	https://filer2.niagads.org/Annotationtracks/IHEC/IHEC_Blueprint/ChIP-seq/bed6/hg38/60693.Blueprint.ERS222313.H3K27ac.peak_calls.bed.gz		live FILER2 browser
BLUEPRINT	hg38	NGBLPBSFO32SIG	Macrophage	Blood	Primary culture	ChIP-seq	H3K27ac	peaks	bed6	26791	https://filer2.niagads.org/Annotationtracks/IHEC/IHEC_Blueprint/ChIP-seq/bed6/hg38/60439.Blueprint.ERS222371.H3K27ac.peak_calls.bed.gz		live FILER2 browser
BLUEPRINT	hg38	NGBLPCYGQMLDBH	Macrophage	Blood	Primary culture	ChIP-seq	H3K27ac	peaks	bed6	40998	https://filer2.niagads.org/Annotationtracks/IHEC/IHEC_Blueprint/ChIP-seq/bed6/hg38/60613.Blueprint.ERS257336.H3K27ac.peak_calls.bed.gz		live FILER2 browser
BLUEPRINT	hg38	NGBLPJBSYGDBU3	Macrophage	Blood	Primary culture	ChIP-seq	H3K27ac	peaks	bed6	41087	https://filer2.niagads.org/Annotationtracks/IHEC/IHEC_Blueprint/ChIP-seq/bed6/hg38/60310.Blueprint.ERS214737.H3K27ac.peak_calls.bed.gz		live FILER2 browser
BLUEPRINT	hg38	NGBLPLCIAHLGIY	Macrophage	Blood	Primary culture	ChIP-seq	H3K27ac	peaks	bed6	61580	https://filer2.niagads.org/Annotationtracks/IHEC/IHEC_Blueprint/ChIP-seq/bed6/hg38/61172.Blueprint.ERS534016.H3K27ac.peak_calls.bed.gz		live FILER2 browser
BLUEPRINT	hg38	NGBLPM2U6ZEM5Y	Macrophage	Blood	Primary culture	ChIP-seq	H3K27ac	peaks	bed6	20525	https://filer2.niagads.org/Annotationtracks/IHEC/IHEC_Blueprint/ChIP-seq/bed6/hg38/61439.Blueprint.ERS206577.H3K27ac.peak_calls.bed.gz		live FILER2 browser
BLUEPRINT	hg38	NGBLPRDROKWIUN	Macrophage	Blood	Primary culture	ChIP-seq	H3K27ac	peaks	bed6	26779	https://filer2.niagads.org/Annotationtracks/IHEC/IHEC_Blueprint/ChIP-seq/bed6/hg38/60627.Blueprint.ERS257378.H3K27ac.peak_calls.bed.gz		live FILER2 browser
BLUEPRINT	hg38	NGBLPRPKBJUTHG	Macrophage	Blood	Primary culture	ChIP-seq	H3K27ac	peaks	bed6	79599	https://filer2.niagads.org/Annotationtracks/IHEC/IHEC_Blueprint/ChIP-seq/bed6/hg38/61487.Blueprint.ERS358671.H3K27ac.peak_calls.bed.gz		live FILER2 browser
BLUEPRINT	hg38	NGBLPSKNN5HCG2	Macrophage	Blood	Primary culture	ChIP-seq	H3K27ac	peaks	bed6	24858	https://filer2.niagads.org/Annotationtracks/IHEC/IHEC_Blueprint/ChIP-seq/bed6/hg38/60359.Blueprint.ERS227675.H3K27ac.peak_calls.bed.gz		live FILER2 browser
BLUEPRINT	hg38	NGBLPSMYQHZG2X	Macrophage	Blood	Primary culture	ChIP-seq	H3K27ac	peaks	bed6	81562	https://filer2.niagads.org/Annotationtracks/IHEC/IHEC_Blueprint/ChIP-seq/bed6/hg38/58814.Blueprint.ERS902490.H3K27ac.peak_calls.bed.gz		live FILER2 browser
BLUEPRINT	hg38	NGBLPTSYM5FMJJ	Macrophage	Blood	Primary culture	ChIP-seq	H3K27ac	peaks	bed6	69891	https://filer2.niagads.org/Annotationtracks/IHEC/IHEC_Blueprint/ChIP-seq/bed6/hg38/61132.Blueprint.ERS534010.H3K27ac.peak_calls.bed.gz		live FILER2 browser
BLUEPRINT	hg38	NGBLPZWUS474K3	Macrophage	Blood	Primary culture	ChIP-seq	H3K27ac	peaks	bed6	85189	https://filer2.niagads.org/Annotationtracks/IHEC/IHEC_Blueprint/ChIP-seq/bed6/hg38/61493.Blueprint.ERS422353.H3K27ac.peak_calls.bed.gz		live FILER2 browser
BLUEPRINT	hg38	NGBLPRK73PZUCO	Memory B cell	Blood	Primary cell	ChIP-seq	H3K27ac	peaks	bed6	67209	https://filer2.niagads.org/Annotationtracks/IHEC/IHEC_Blueprint/ChIP-seq/bed6/hg38/57493.Blueprint.ERS643304.H3K27ac.peak_calls.bed.gz		live FILER2 browser
BLUEPRINT	hg38	NGBLP2AWLV25GB	Monocyte	Blood	Primary cell	ChIP-seq	H3K27ac	peaks	bed6	78531	https://filer2.niagads.org/Annotationtracks/IHEC/IHEC_Blueprint/ChIP-seq/bed6/hg38/59143.Blueprint.ERS1044029.H3K27ac.peak_calls.bed.gz		live FILER2 browser
BLUEPRINT	hg38	NGBLP2CUAI32ZR	Monocyte	Blood	Primary cell	ChIP-seq	H3K27ac	peaks	bed6	98000	https://filer2.niagads.org/Annotationtracks/IHEC/IHEC_Blueprint/ChIP-seq/bed6/hg38/58851.Blueprint.ERS1044027.H3K27ac.peak_calls.bed.gz		live FILER2 browser
BLUEPRINT	hg38	NGBLP2UI72OFUV	Monocyte	Blood	Primary cell	ChIP-seq	H3K27ac	peaks	bed6	90101	https://filer2.niagads.org/Annotationtracks/IHEC/IHEC_Blueprint/ChIP-seq/bed6/hg38/58548.Blueprint.ERS1044020.H3K27ac.peak_calls.bed.gz		live FILER2 browser
BLUEPRINT	hg38	NGBLP3OH4Y7CV6	Monocyte	Blood	Primary cell	ChIP-seq	H3K27ac	peaks	bed6	84455	https://filer2.niagads.org/Annotationtracks/IHEC/IHEC_Blueprint/ChIP-seq/bed6/hg38/58855.Blueprint.ERS1044030.H3K27ac.peak_calls.bed.gz		live FILER2 browser
BLUEPRINT	hg38	NGBLPBTRNM7T6I	Monocyte	Blood	Primary cell	ChIP-seq	H3K27ac	peaks	bed6	84477	https://filer2.niagads.org/Annotationtracks/IHEC/IHEC_Blueprint/ChIP-seq/bed6/hg38/58678.Blueprint.ERS1044002.H3K27ac.peak_calls.bed.gz		live FILER2 browser
BLUEPRINT	hg38	NGBLPCHLYC2NPD	Monocyte	Blood	Primary cell	ChIP-seq	H3K27ac	peaks	bed6	85024	https://filer2.niagads.org/Annotationtracks/IHEC/IHEC_Blueprint/ChIP-seq/bed6/hg38/58494.Blueprint.ERS1044015.H3K27ac.peak_calls.bed.gz		live FILER2 browser
BLUEPRINT	hg38	NGBLPR6NBYKUEK	Monocyte	Blood	Primary cell	ChIP-seq	H3K27ac	peaks	bed6	84168	https://filer2.niagads.org/Annotationtracks/IHEC/IHEC_Blueprint/ChIP-seq/bed6/hg38/58454.Blueprint.ERS1044003.H3K27ac.peak_calls.bed.gz		live FILER2 browser
BLUEPRINT	hg38	NGBLPRVVF3UEK6	Monocyte	Blood	Primary cell	ChIP-seq	H3K27ac	peaks	bed6	83478	https://filer2.niagads.org/Annotationtracks/IHEC/IHEC_Blueprint/ChIP-seq/bed6/hg38/58680.Blueprint.ERS1044005.H3K27ac.peak_calls.bed.gz		live FILER2 browser
BLUEPRINT	hg38	NGBLPSYUNRDA6X	Monocyte	Blood	Primary cell	ChIP-seq	H3K27ac	peaks	bed6	92316	https://filer2.niagads.org/Annotationtracks/IHEC/IHEC_Blueprint/ChIP-seq/bed6/hg38/58492.Blueprint.ERS1044014.H3K27ac.peak_calls.bed.gz		live FILER2 browser
BLUEPRINT	hg38	NGBLPT76VEUVWY	Monocyte	Blood	Primary cell	ChIP-seq	H3K27ac	peaks	bed6	61501	https://filer2.niagads.org/Annotationtracks/IHEC/IHEC_Blueprint/ChIP-seq/bed6/hg38/58682.Blueprint.ERS1044006.H3K27ac.peak_calls.bed.gz		live FILER2 browser
BLUEPRINT	hg38	NGBLPTT3PIKJ5J	Monocyte	Blood	Primary cell	ChIP-seq	H3K27ac	peaks	bed6	74815	https://filer2.niagads.org/Annotationtracks/IHEC/IHEC_Blueprint/ChIP-seq/bed6/hg38/58560.Blueprint.ERS1044022.H3K27ac.peak_calls.bed.gz		live FILER2 browser
BLUEPRINT	hg38	NGBLPYW6EYN7NK	Monocyte	Blood	Primary cell	ChIP-seq	H3K27ac	peaks	bed6	80203	https://filer2.niagads.org/Annotationtracks/IHEC/IHEC_Blueprint/ChIP-seq/bed6/hg38/59147.Blueprint.ERS1044028.H3K27ac.peak_calls.bed.gz		live FILER2 browser
BLUEPRINT	hg38	NGBLPZ3GY7N7BE	Monocyte	Blood	Primary cell	ChIP-seq	H3K27ac	peaks	bed6	82287	https://filer2.niagads.org/Annotationtracks/IHEC/IHEC_Blueprint/ChIP-seq/bed6/hg38/58566.Blueprint.ERS1044023.H3K27ac.peak_calls.bed.gz		live FILER2 browser
BLUEPRINT	hg38	NGBLP27RNLAK5B	Myeloid cell	Blood	Primary cell	ChIP-seq	H3K27ac	peaks	bed6	146475	https://filer2.niagads.org/Annotationtracks/IHEC/IHEC_Blueprint/ChIP-seq/bed6/hg38/62097.Blueprint.ERS655114.H3K27ac.peak_calls.bed.gz		live FILER2 browser
BLUEPRINT	hg38	NGBLP2ECERAEJX	Myeloid cell	Blood	Primary cell	ChIP-seq	H3K27ac	peaks	bed6	150633	https://filer2.niagads.org/Annotationtracks/IHEC/IHEC_Blueprint/ChIP-seq/bed6/hg38/59287.Blueprint.ERS1077460.H3K27ac.peak_calls.bed.gz		live FILER2 browser
BLUEPRINT	hg38	NGBLP2IN4Z3XTH	Myeloid cell	Blood	Primary cell	ChIP-seq	H3K27ac	peaks	bed6	7894	https://filer2.niagads.org/Annotationtracks/IHEC/IHEC_Blueprint/ChIP-seq/bed6/hg38/62471.Blueprint.ERS655120.H3K27ac.peak_calls.bed.gz		live FILER2 browser
BLUEPRINT	hg38	NGBLP2IQUOCMRL	Myeloid cell	Blood	Primary cell	ChIP-seq	H3K27ac	peaks	bed6	95179	https://filer2.niagads.org/Annotationtracks/IHEC/IHEC_Blueprint/ChIP-seq/bed6/hg38/57312.Blueprint.ERS754000.H3K27ac.peak_calls.bed.gz		live FILER2 browser
BLUEPRINT	hg38	NGBLP2PNRYPTIK	Myeloid cell	Blood	Primary cell	ChIP-seq	H3K27ac	peaks	bed6	73011	https://filer2.niagads.org/Annotationtracks/IHEC/IHEC_Blueprint/ChIP-seq/bed6/hg38/59261.Blueprint.ERS1077456.H3K27ac.peak_calls.bed.gz		live FILER2 browser
BLUEPRINT	hg38	NGBLP34ZAD7VVV	Myeloid cell	Blood	Primary cell	ChIP-seq	H3K27ac	peaks	bed6	3090	https://filer2.niagads.org/Annotationtracks/IHEC/IHEC_Blueprint/ChIP-seq/bed6/hg38/62646.Blueprint.ERS655119.H3K27ac.peak_calls.bed.gz		live FILER2 browser
BLUEPRINT	hg38	NGBLP4B4JZXPX6	Myeloid cell	Blood	Primary cell	ChIP-seq	H3K27ac	peaks	bed6	60861	https://filer2.niagads.org/Annotationtracks/IHEC/IHEC_Blueprint/ChIP-seq/bed6/hg38/58728.Blueprint.ERS1027408.H3K27ac.peak_calls.bed.gz		live FILER2 browser
BLUEPRINT	hg38	NGBLP4P2K5ESGV	Myeloid cell	Blood	Primary cell	ChIP-seq	H3K27ac	peaks	bed6	71931	https://filer2.niagads.org/Annotationtracks/IHEC/IHEC_Blueprint/ChIP-seq/bed6/hg38/60619.Blueprint.ERS365962.H3K27ac.peak_calls.bed.gz		live FILER2 browser
BLUEPRINT	hg38	NGBLPCKKJMV2FD	Myeloid cell	Blood	Primary cell	ChIP-seq	H3K27ac	peaks	bed6	57840	https://filer2.niagads.org/Annotationtracks/IHEC/IHEC_Blueprint/ChIP-seq/bed6/hg38/60063.Blueprint.ERS255947.H3K27ac.peak_calls.bed.gz		live FILER2 browser
BLUEPRINT	hg38	NGBLPCKLQF5GFC	Myeloid cell	Blood	Primary cell	ChIP-seq	H3K27ac	peaks	bed6	45427	https://filer2.niagads.org/Annotationtracks/IHEC/IHEC_Blueprint/ChIP-seq/bed6/hg38/58394.Blueprint.ERS1027405.H3K27ac.peak_calls.bed.gz		live FILER2 browser
BLUEPRINT	hg38	NGBLPD4CVIUOWC	Myeloid cell	Blood	Primary cell	ChIP-seq	H3K27ac	peaks	bed6	66937	https://filer2.niagads.org/Annotationtracks/IHEC/IHEC_Blueprint/ChIP-seq/bed6/hg38/60836.Blueprint.ERS365966.H3K27ac.peak_calls.bed.gz		live FILER2 browser
BLUEPRINT	hg38	NGBLPE7RYMGZIF	Myeloid cell	Blood	Primary cell	ChIP-seq	H3K27ac	peaks	bed6	116193	https://filer2.niagads.org/Annotationtracks/IHEC/IHEC_Blueprint/ChIP-seq/bed6/hg38/62555.Blueprint.ERS699843.H3K27ac.peak_calls.bed.gz		live FILER2 browser
BLUEPRINT	hg38	NGBLPJAZKAVC3W	Myeloid cell	Blood	Primary cell	ChIP-seq	H3K27ac	peaks	bed6	99023	https://filer2.niagads.org/Annotationtracks/IHEC/IHEC_Blueprint/ChIP-seq/bed6/hg38/59283.Blueprint.ERS1077461.H3K27ac.peak_calls.bed.gz		live FILER2 browser
BLUEPRINT	hg38	NGBLPJTMVNDWHI	Myeloid cell	Blood	Primary cell	ChIP-seq	H3K27ac	peaks	bed6	101366	https://filer2.niagads.org/Annotationtracks/IHEC/IHEC_Blueprint/ChIP-seq/bed6/hg38/57283.Blueprint.ERS753997.H3K27ac.peak_calls.bed.gz		live FILER2 browser
BLUEPRINT	hg38	NGBLPJTTYBVR6G	Myeloid cell	Blood	Primary cell	ChIP-seq	H3K27ac	peaks	bed6	52488	https://filer2.niagads.org/Annotationtracks/IHEC/IHEC_Blueprint/ChIP-seq/bed6/hg38/60061.Blueprint.ERS255955.H3K27ac.peak_calls.bed.gz		live FILER2 browser
BLUEPRINT	hg38	NGBLPLD5FF5OQV	Myeloid cell	Blood	Primary cell	ChIP-seq	H3K27ac	peaks	bed6	85630	https://filer2.niagads.org/Annotationtracks/IHEC/IHEC_Blueprint/ChIP-seq/bed6/hg38/59275.Blueprint.ERS1027409.H3K27ac.peak_calls.bed.gz		live FILER2 browser
BLUEPRINT	hg38	NGBLPLETTBPACN	Myeloid cell	Blood	Primary cell	ChIP-seq	H3K27ac	peaks	bed6	109325	https://filer2.niagads.org/Annotationtracks/IHEC/IHEC_Blueprint/ChIP-seq/bed6/hg38/60141.Blueprint.ERS255954.H3K27ac.peak_calls.bed.gz		live FILER2 browser
BLUEPRINT	hg38	NGBLPLI7YAB5B5	Myeloid cell	Blood	Primary cell	ChIP-seq	H3K27ac	peaks	bed6	127400	https://filer2.niagads.org/Annotationtracks/IHEC/IHEC_Blueprint/ChIP-seq/bed6/hg38/57372.Blueprint.ERS753998.H3K27ac.peak_calls.bed.gz		live FILER2 browser
BLUEPRINT	hg38	NGBLPRIKZETJGA	Myeloid cell	Blood	Primary cell	ChIP-seq	H3K27ac	peaks	bed6	122723	https://filer2.niagads.org/Annotationtracks/IHEC/IHEC_Blueprint/ChIP-seq/bed6/hg38/59265.Blueprint.ERS1077457.H3K27ac.peak_calls.bed.gz		live FILER2 browser
BLUEPRINT	hg38	NGBLPRODH2WCSU	Myeloid cell	Blood	Primary cell	ChIP-seq	H3K27ac	peaks	bed6	85776	https://filer2.niagads.org/Annotationtracks/IHEC/IHEC_Blueprint/ChIP-seq/bed6/hg38/57228.Blueprint.ERS729252.H3K27ac.peak_calls.bed.gz		live FILER2 browser
BLUEPRINT	hg38	NGBLPRWP7CD4ON	Myeloid cell	Blood	Primary cell	ChIP-seq	H3K27ac	peaks	bed6	93233	https://filer2.niagads.org/Annotationtracks/IHEC/IHEC_Blueprint/ChIP-seq/bed6/hg38/60328.Blueprint.ERS255945.H3K27ac.peak_calls.bed.gz		live FILER2 browser
BLUEPRINT	hg38	NGBLPSFYBAOLLC	Myeloid cell	Blood	Primary cell	ChIP-seq	H3K27ac	peaks	bed6	134408	https://filer2.niagads.org/Annotationtracks/IHEC/IHEC_Blueprint/ChIP-seq/bed6/hg38/62618.Blueprint.ERS699846.H3K27ac.peak_calls.bed.gz		live FILER2 browser
BLUEPRINT	hg38	NGBLPSHG7F55OP	Myeloid cell	Blood	Primary cell	ChIP-seq	H3K27ac	peaks	bed6	61791	https://filer2.niagads.org/Annotationtracks/IHEC/IHEC_Blueprint/ChIP-seq/bed6/hg38/60842.Blueprint.ERS365964.H3K27ac.peak_calls.bed.gz		live FILER2 browser
BLUEPRINT	hg38	NGBLPTSALNXYH3	Myeloid cell	Blood	Primary cell	ChIP-seq	H3K27ac	peaks	bed6	127947	https://filer2.niagads.org/Annotationtracks/IHEC/IHEC_Blueprint/ChIP-seq/bed6/hg38/60714.Blueprint.ERS365967.H3K27ac.peak_calls.bed.gz		live FILER2 browser
BLUEPRINT	hg38	NGBLPU3GYJ5NTI	Myeloid cell	Blood	Primary cell	ChIP-seq	H3K27ac	peaks	bed6	74830	https://filer2.niagads.org/Annotationtracks/IHEC/IHEC_Blueprint/ChIP-seq/bed6/hg38/60621.Blueprint.ERS365963.H3K27ac.peak_calls.bed.gz		live FILER2 browser
BLUEPRINT	hg38	NGBLPYUJLRSL57	Myeloid cell	Blood	Primary cell	ChIP-seq	H3K27ac	peaks	bed6	96119	https://filer2.niagads.org/Annotationtracks/IHEC/IHEC_Blueprint/ChIP-seq/bed6/hg38/57268.Blueprint.ERS729251.H3K27ac.peak_calls.bed.gz		live FILER2 browser
BLUEPRINT	hg38	NGBLPYZCAAZJW2	Myeloid cell	Blood	Primary cell	ChIP-seq	H3K27ac	peaks	bed6	88386	https://filer2.niagads.org/Annotationtracks/IHEC/IHEC_Blueprint/ChIP-seq/bed6/hg38/62644.Blueprint.ERS255951.H3K27ac.peak_calls.bed.gz		live FILER2 browser
BLUEPRINT	hg38	NGBLPYZNEQAEFZ	Myeloid cell	Blood	Primary cell	ChIP-seq	H3K27ac	peaks	bed6	11723	https://filer2.niagads.org/Annotationtracks/IHEC/IHEC_Blueprint/ChIP-seq/bed6/hg38/60858.Blueprint.ERS353039.H3K27ac.peak_calls.bed.gz		live FILER2 browser
BLUEPRINT	hg38	NGBLPZOJJYUY7M	Myeloid cell	Blood	Primary cell	ChIP-seq	H3K27ac	peaks	bed6	133357	https://filer2.niagads.org/Annotationtracks/IHEC/IHEC_Blueprint/ChIP-seq/bed6/hg38/60330.Blueprint.ERS255952.H3K27ac.peak_calls.bed.gz		live FILER2 browser
BLUEPRINT	hg38	NGBLPZOMJJMALV	Myeloid cell	Blood	Primary cell	ChIP-seq	H3K27ac	peaks	bed6	69201	https://filer2.niagads.org/Annotationtracks/IHEC/IHEC_Blueprint/ChIP-seq/bed6/hg38/57308.Blueprint.ERS753999.H3K27ac.peak_calls.bed.gz		live FILER2 browser
BLUEPRINT	hg38	NGBLPZZ3OOO4DX	Myeloid cell	Blood	Primary cell	ChIP-seq	H3K27ac	peaks	bed6	69925	https://filer2.niagads.org/Annotationtracks/IHEC/IHEC_Blueprint/ChIP-seq/bed6/hg38/62485.Blueprint.ERS693841.H3K27ac.peak_calls.bed.gz		live FILER2 browser
BLUEPRINT	hg38	NGBLPKQ2QAUJWT	Naive B cell	Blood	Primary cell	ChIP-seq	H3K27ac	peaks	bed6	55883	https://filer2.niagads.org/Annotationtracks/IHEC/IHEC_Blueprint/ChIP-seq/bed6/hg38/61972.Blueprint.ERS257253.H3K27ac.peak_calls.bed.gz		live FILER2 browser
BLUEPRINT	hg38	NGBLPL3BDZZIHM	Naive B cell	Blood	Primary cell	ChIP-seq	H3K27ac	peaks	bed6	4398	https://filer2.niagads.org/Annotationtracks/IHEC/IHEC_Blueprint/ChIP-seq/bed6/hg38/60796.Blueprint.ERS214724.H3K27ac.peak_calls.bed.gz		live FILER2 browser
BLUEPRINT	hg38	NGBLPLYMNITYTI	Naive B cell	Blood	Primary cell	ChIP-seq	H3K27ac	peaks	bed6	50596	https://filer2.niagads.org/Annotationtracks/IHEC/IHEC_Blueprint/ChIP-seq/bed6/hg38/62284.Blueprint.ERS663727.H3K27ac.peak_calls.bed.gz		live FILER2 browser
BLUEPRINT	hg38	NGBLPR7X6LW37Y	Naive B cell	Blood	Primary cell	ChIP-seq	H3K27ac	peaks	bed6	114562	https://filer2.niagads.org/Annotationtracks/IHEC/IHEC_Blueprint/ChIP-seq/bed6/hg38/57194.Blueprint.ERS715365.H3K27ac.peak_calls.bed.gz		live FILER2 browser
BLUEPRINT	hg38	NGBLPTU6CEXSGA	Natural killer cell	Blood	Primary cell	ChIP-seq	H3K27ac	peaks	bed6	16631	https://filer2.niagads.org/Annotationtracks/IHEC/IHEC_Blueprint/ChIP-seq/bed6/hg38/60893.Blueprint.ERS257333.H3K27ac.peak_calls.bed.gz		live FILER2 browser
BLUEPRINT	hg38	NGBLP3LR36XMWB	Neutrophil	Bone	Primary cell	ChIP-seq	H3K27ac	peaks	bed6	62144	https://filer2.niagads.org/Annotationtracks/IHEC/IHEC_Blueprint/ChIP-seq/bed6/hg38/61858.Blueprint.ERS462585.H3K27ac.peak_calls.bed.gz		live FILER2 browser
BLUEPRINT	hg38	NGBLPDUUF2K63V	Neutrophil	Blood	Primary cell	ChIP-seq	H3K27ac	peaks	bed6	60438	https://filer2.niagads.org/Annotationtracks/IHEC/IHEC_Blueprint/ChIP-seq/bed6/hg38/61808.Blueprint.ERS631533.H3K27ac.peak_calls.bed.gz		live FILER2 browser
BLUEPRINT	hg38	NGBLPLHV3T6YKF	Neutrophil	Blood	Primary cell	ChIP-seq	H3K27ac	peaks	bed6	52204	https://filer2.niagads.org/Annotationtracks/IHEC/IHEC_Blueprint/ChIP-seq/bed6/hg38/61968.Blueprint.ERS640350.H3K27ac.peak_calls.bed.gz		live FILER2 browser
BLUEPRINT	hg38	NGBLPLQNWR5NG4	Neutrophil	Blood	Primary cell	ChIP-seq	H3K27ac	peaks	bed6	48432	https://filer2.niagads.org/Annotationtracks/IHEC/IHEC_Blueprint/ChIP-seq/bed6/hg38/59564.Blueprint.ERS150368.H3K27ac.peak_calls.bed.gz		live FILER2 browser
BLUEPRINT	hg38	NGBLPRCTUXCZTX	Neutrophil	Blood	Primary cell	ChIP-seq	H3K27ac	peaks	bed6	74230	https://filer2.niagads.org/Annotationtracks/IHEC/IHEC_Blueprint/ChIP-seq/bed6/hg38/61810.Blueprint.ERS631535.H3K27ac.peak_calls.bed.gz		live FILER2 browser
BLUEPRINT	hg38	NGBLPRPR67OEJV	Neutrophil	Blood	Primary cell	ChIP-seq	H3K27ac	peaks	bed6	69445	https://filer2.niagads.org/Annotationtracks/IHEC/IHEC_Blueprint/ChIP-seq/bed6/hg38/59782.Blueprint.ERS164468.H3K27ac.peak_calls.bed.gz		live FILER2 browser
BLUEPRINT	hg38	NGBLPTWW4HY3B7	Neutrophil	Blood	Primary cell	ChIP-seq	H3K27ac	peaks	bed6	58838	https://filer2.niagads.org/Annotationtracks/IHEC/IHEC_Blueprint/ChIP-seq/bed6/hg38/62356.Blueprint.ERS462587.H3K27ac.peak_calls.bed.gz		live FILER2 browser
BLUEPRINT	hg38	NGBLPZDFBP35W3	Neutrophil	Blood	Primary cell	ChIP-seq	H3K27ac	peaks	bed6	77174	https://filer2.niagads.org/Annotationtracks/IHEC/IHEC_Blueprint/ChIP-seq/bed6/hg38/61885.Blueprint.ERS462582.H3K27ac.peak_calls.bed.gz		live FILER2 browser
BLUEPRINT	hg38	NGBLPSO7HTY5VF	Neutrophilic metamyelocyte	Bone	Primary cell	ChIP-seq	H3K27ac	peaks	bed6	48369	https://filer2.niagads.org/Annotationtracks/IHEC/IHEC_Blueprint/ChIP-seq/bed6/hg38/61860.Blueprint.ERS631530.H3K27ac.peak_calls.bed.gz		live FILER2 browser
BLUEPRINT	hg38	NGBLP2G6GW5YJN	Neutrophilic myelocyte	Bone	Primary cell	ChIP-seq	H3K27ac	peaks	bed6	65245	https://filer2.niagads.org/Annotationtracks/IHEC/IHEC_Blueprint/ChIP-seq/bed6/hg38/61854.Blueprint.ERS462584.H3K27ac.peak_calls.bed.gz		live FILER2 browser
BLUEPRINT	hg38	NGBLP4K4IXYD3K	Osteoclast	Blood	Primary cell	ChIP-seq	H3K27ac	peaks	bed6	91507	https://filer2.niagads.org/Annotationtracks/IHEC/IHEC_Blueprint/ChIP-seq/bed6/hg38/58718.Blueprint.ERS1044652.H3K27ac.peak_calls.bed.gz		live FILER2 browser
BLUEPRINT	hg38	NGBLP22U5BMHOA	Peripheral mononucleated cell	Blood	Primary cell	ChIP-seq	H3K27ac	peaks	bed6	123478	https://filer2.niagads.org/Annotationtracks/IHEC/IHEC_Blueprint/ChIP-seq/bed6/hg38/62573.Blueprint.ERS699840.H3K27ac.peak_calls.bed.gz		live FILER2 browser
BLUEPRINT	hg38	NGBLP2UGW5NIVW	Precursor B cell	Bone	Primary cell	ChIP-seq	H3K27ac	peaks	bed6	67890	https://filer2.niagads.org/Annotationtracks/IHEC/IHEC_Blueprint/ChIP-seq/bed6/hg38/59108.Blueprint.ERS1044109.H3K27ac.peak_calls.bed.gz		live FILER2 browser
BLUEPRINT	hg38	NGBLPCR4YT3ION	Precursor B cell	Bone	Primary cell	ChIP-seq	H3K27ac	peaks	bed6	70147	https://filer2.niagads.org/Annotationtracks/IHEC/IHEC_Blueprint/ChIP-seq/bed6/hg38/58700.Blueprint.ERS1044114.H3K27ac.peak_calls.bed.gz		live FILER2 browser
BLUEPRINT	hg38	NGBLPD7OTGVEDK	Precursor B cell	Bone	Primary cell	ChIP-seq	H3K27ac	peaks	bed6	23024	https://filer2.niagads.org/Annotationtracks/IHEC/IHEC_Blueprint/ChIP-seq/bed6/hg38/58706.Blueprint.ERS1044116.H3K27ac.peak_calls.bed.gz		live FILER2 browser
BLUEPRINT	hg38	NGBLPDBKASNAQF	Precursor B cell	Bone	Primary cell	ChIP-seq	H3K27ac	peaks	bed6	35814	https://filer2.niagads.org/Annotationtracks/IHEC/IHEC_Blueprint/ChIP-seq/bed6/hg38/58704.Blueprint.ERS1044112.H3K27ac.peak_calls.bed.gz		live FILER2 browser
BLUEPRINT	hg38	NGBLPKF6JPVVLH	Precursor B cell	Bone	Primary cell	ChIP-seq	H3K27ac	peaks	bed6	55321	https://filer2.niagads.org/Annotationtracks/IHEC/IHEC_Blueprint/ChIP-seq/bed6/hg38/58676.Blueprint.ERS1044118.H3K27ac.peak_calls.bed.gz		live FILER2 browser
BLUEPRINT	hg38	NGBLPLJ34A77DB	Precursor B cell	Bone	Primary cell	ChIP-seq	H3K27ac	peaks	bed6	44442	https://filer2.niagads.org/Annotationtracks/IHEC/IHEC_Blueprint/ChIP-seq/bed6/hg38/59102.Blueprint.ERS1044106.H3K27ac.peak_calls.bed.gz		live FILER2 browser
BLUEPRINT	hg38	NGBLPSXNZRVI4V	Precursor B cell	Bone	Primary cell	ChIP-seq	H3K27ac	peaks	bed6	52062	https://filer2.niagads.org/Annotationtracks/IHEC/IHEC_Blueprint/ChIP-seq/bed6/hg38/58826.Blueprint.ERS1044107.H3K27ac.peak_calls.bed.gz		live FILER2 browser
BLUEPRINT	hg38	NGBLPZ3FLCLIJV	Precursor B cell	Bone	Primary cell	ChIP-seq	H3K27ac	peaks	bed6	21214	https://filer2.niagads.org/Annotationtracks/IHEC/IHEC_Blueprint/ChIP-seq/bed6/hg38/58742.Blueprint.ERS1044117.H3K27ac.peak_calls.bed.gz		live FILER2 browser
BLUEPRINT	hg38	NGBLPZFLHMG7PP	SU-DHL-5	Immune Organ	Cell line	ChIP-seq	H3K27ac	peaks	bed6	50341	https://filer2.niagads.org/Annotationtracks/IHEC/IHEC_Blueprint/ChIP-seq/bed6/hg38/60222.Blueprint.ERS333901.H3K27ac.peak_calls.bed.gz		live FILER2 browser
BLUEPRINT	hg38	NGBLP4S5QIEGWE	U-266	Blood	Cell line	ChIP-seq	H3K27ac	peaks	bed6	52983	https://filer2.niagads.org/Annotationtracks/IHEC/IHEC_Blueprint/ChIP-seq/bed6/hg38/60202.Blueprint.ERS333898.H3K27ac.peak_calls.bed.gz		live FILER2 browser
BLUEPRINT	hg38	NGBLPBTFPRLIRE	Z-138	Bone	Cell line	ChIP-seq	H3K27ac	peaks	bed6	74007	https://filer2.niagads.org/Annotationtracks/IHEC/IHEC_Blueprint/ChIP-seq/bed6/hg38/62374.Blueprint.ERS333896.H3K27ac.peak_calls.bed.gz		live FILER2 browser
