repository	dataset_id	file_accession	target	assembly	file_format	output_type	output_category	download_url	retrieved_at_utc
Roadmap Epigenomics	E003		H3K27ac	hg19	narrowPeak	consolidated narrow peaks	annotation	https://egg2.wustl.edu/roadmap/data/byFileType/peaks/consolidated/narrowPeak/E003-H3K27ac.narrowPeak.gz	2026-07-24T19:57:09+00:00
Roadmap Epigenomics	E004		H3K27ac	hg19	narrowPeak	consolidated narrow peaks	annotation	https://egg2.wustl.edu/roadmap/data/byFileType/peaks/consolidated/narrowPeak/E004-H3K27ac.narrowPeak.gz	2026-07-24T19:57:09+00:00
Roadmap Epigenomics	E005		H3K27ac	hg19	narrowPeak	consolidated narrow peaks	annotation	https://egg2.wustl.edu/roadmap/data/byFileType/peaks/consolidated/narrowPeak/E005-H3K27ac.narrowPeak.gz	2026-07-24T19:57:09+00:00
Roadmap Epigenomics	E006		H3K27ac	hg19	narrowPeak	consolidated narrow peaks	annotation	https://egg2.wustl.edu/roadmap/data/byFileType/peaks/consolidated/narrowPeak/E006-H3K27ac.narrowPeak.gz	2026-07-24T19:57:09+00:00
Roadmap Epigenomics	E007		H3K27ac	hg19	narrowPeak	consolidated narrow peaks	annotation	https://egg2.wustl.edu/roadmap/data/byFileType/peaks/consolidated/narrowPeak/E007-H3K27ac.narrowPeak.gz	2026-07-24T19:57:09+00:00
Roadmap Epigenomics	E008		H3K27ac	hg19	narrowPeak	consolidated narrow peaks	annotation	https://egg2.wustl.edu/roadmap/data/byFileType/peaks/consolidated/narrowPeak/E008-H3K27ac.narrowPeak.gz	2026-07-24T19:57:09+00:00
Roadmap Epigenomics	E011		H3K27ac	hg19	narrowPeak	consolidated narrow peaks	annotation	https://egg2.wustl.edu/roadmap/data/byFileType/peaks/consolidated/narrowPeak/E011-H3K27ac.narrowPeak.gz	2026-07-24T19:57:09+00:00
Roadmap Epigenomics	E012		H3K27ac	hg19	narrowPeak	consolidated narrow peaks	annotation	https://egg2.wustl.edu/roadmap/data/byFileType/peaks/consolidated/narrowPeak/E012-H3K27ac.narrowPeak.gz	2026-07-24T19:57:09+00:00
Roadmap Epigenomics	E013		H3K27ac	hg19	narrowPeak	consolidated narrow peaks	annotation	https://egg2.wustl.edu/roadmap/data/byFileType/peaks/consolidated/narrowPeak/E013-H3K27ac.narrowPeak.gz	2026-07-24T19:57:09+00:00
Roadmap Epigenomics	E014		H3K27ac	hg19	narrowPeak	consolidated narrow peaks	annotation	https://egg2.wustl.edu/roadmap/data/byFileType/peaks/consolidated/narrowPeak/E014-H3K27ac.narrowPeak.gz	2026-07-24T19:57:09+00:00
Roadmap Epigenomics	E015		H3K27ac	hg19	narrowPeak	consolidated narrow peaks	annotation	https://egg2.wustl.edu/roadmap/data/byFileType/peaks/consolidated/narrowPeak/E015-H3K27ac.narrowPeak.gz	2026-07-24T19:57:09+00:00
Roadmap Epigenomics	E016		H3K27ac	hg19	narrowPeak	consolidated narrow peaks	annotation	https://egg2.wustl.edu/roadmap/data/byFileType/peaks/consolidated/narrowPeak/E016-H3K27ac.narrowPeak.gz	2026-07-24T19:57:09+00:00
Roadmap Epigenomics	E017		H3K27ac	hg19	narrowPeak	consolidated narrow peaks	annotation	https://egg2.wustl.edu/roadmap/data/byFileType/peaks/consolidated/narrowPeak/E017-H3K27ac.narrowPeak.gz	2026-07-24T19:57:09+00:00
Roadmap Epigenomics	E019		H3K27ac	hg19	narrowPeak	consolidated narrow peaks	annotation	https://egg2.wustl.edu/roadmap/data/byFileType/peaks/consolidated/narrowPeak/E019-H3K27ac.narrowPeak.gz	2026-07-24T19:57:09+00:00
Roadmap Epigenomics	E020		H3K27ac	hg19	narrowPeak	consolidated narrow peaks	annotation	https://egg2.wustl.edu/roadmap/data/byFileType/peaks/consolidated/narrowPeak/E020-H3K27ac.narrowPeak.gz	2026-07-24T19:57:09+00:00
Roadmap Epigenomics	E021		H3K27ac	hg19	narrowPeak	consolidated narrow peaks	annotation	https://egg2.wustl.edu/roadmap/data/byFileType/peaks/consolidated/narrowPeak/E021-H3K27ac.narrowPeak.gz	2026-07-24T19:57:09+00:00
Roadmap Epigenomics	E022		H3K27ac	hg19	narrowPeak	consolidated narrow peaks	annotation	https://egg2.wustl.edu/roadmap/data/byFileType/peaks/consolidated/narrowPeak/E022-H3K27ac.narrowPeak.gz	2026-07-24T19:57:09+00:00
Roadmap Epigenomics	E026		H3K27ac	hg19	narrowPeak	consolidated narrow peaks	annotation	https://egg2.wustl.edu/roadmap/data/byFileType/peaks/consolidated/narrowPeak/E026-H3K27ac.narrowPeak.gz	2026-07-24T19:57:09+00:00
Roadmap Epigenomics	E029		H3K27ac	hg19	narrowPeak	consolidated narrow peaks	annotation	https://egg2.wustl.edu/roadmap/data/byFileType/peaks/consolidated/narrowPeak/E029-H3K27ac.narrowPeak.gz	2026-07-24T19:57:09+00:00
Roadmap Epigenomics	E032		H3K27ac	hg19	narrowPeak	consolidated narrow peaks	annotation	https://egg2.wustl.edu/roadmap/data/byFileType/peaks/consolidated/narrowPeak/E032-H3K27ac.narrowPeak.gz	2026-07-24T19:57:09+00:00
Roadmap Epigenomics	E034		H3K27ac	hg19	narrowPeak	consolidated narrow peaks	annotation	https://egg2.wustl.edu/roadmap/data/byFileType/peaks/consolidated/narrowPeak/E034-H3K27ac.narrowPeak.gz	2026-07-24T19:57:09+00:00
Roadmap Epigenomics	E037		H3K27ac	hg19	narrowPeak	consolidated narrow peaks	annotation	https://egg2.wustl.edu/roadmap/data/byFileType/peaks/consolidated/narrowPeak/E037-H3K27ac.narrowPeak.gz	2026-07-24T19:57:09+00:00
Roadmap Epigenomics	E038		H3K27ac	hg19	narrowPeak	consolidated narrow peaks	annotation	https://egg2.wustl.edu/roadmap/data/byFileType/peaks/consolidated/narrowPeak/E038-H3K27ac.narrowPeak.gz	2026-07-24T19:57:09+00:00
Roadmap Epigenomics	E039		H3K27ac	hg19	narrowPeak	consolidated narrow peaks	annotation	https://egg2.wustl.edu/roadmap/data/byFileType/peaks/consolidated/narrowPeak/E039-H3K27ac.narrowPeak.gz	2026-07-24T19:57:09+00:00
Roadmap Epigenomics	E040		H3K27ac	hg19	narrowPeak	consolidated narrow peaks	annotation	https://egg2.wustl.edu/roadmap/data/byFileType/peaks/consolidated/narrowPeak/E040-H3K27ac.narrowPeak.gz	2026-07-24T19:57:09+00:00
Roadmap Epigenomics	E041		H3K27ac	hg19	narrowPeak	consolidated narrow peaks	annotation	https://egg2.wustl.edu/roadmap/data/byFileType/peaks/consolidated/narrowPeak/E041-H3K27ac.narrowPeak.gz	2026-07-24T19:57:09+00:00
Roadmap Epigenomics	E042		H3K27ac	hg19	narrowPeak	consolidated narrow peaks	annotation	https://egg2.wustl.edu/roadmap/data/byFileType/peaks/consolidated/narrowPeak/E042-H3K27ac.narrowPeak.gz	2026-07-24T19:57:09+00:00
Roadmap Epigenomics	E043		H3K27ac	hg19	narrowPeak	consolidated narrow peaks	annotation	https://egg2.wustl.edu/roadmap/data/byFileType/peaks/consolidated/narrowPeak/E043-H3K27ac.narrowPeak.gz	2026-07-24T19:57:09+00:00
Roadmap Epigenomics	E044		H3K27ac	hg19	narrowPeak	consolidated narrow peaks	annotation	https://egg2.wustl.edu/roadmap/data/byFileType/peaks/consolidated/narrowPeak/E044-H3K27ac.narrowPeak.gz	2026-07-24T19:57:09+00:00
Roadmap Epigenomics	E045		H3K27ac	hg19	narrowPeak	consolidated narrow peaks	annotation	https://egg2.wustl.edu/roadmap/data/byFileType/peaks/consolidated/narrowPeak/E045-H3K27ac.narrowPeak.gz	2026-07-24T19:57:09+00:00
Roadmap Epigenomics	E046		H3K27ac	hg19	narrowPeak	consolidated narrow peaks	annotation	https://egg2.wustl.edu/roadmap/data/byFileType/peaks/consolidated/narrowPeak/E046-H3K27ac.narrowPeak.gz	2026-07-24T19:57:09+00:00
Roadmap Epigenomics	E047		H3K27ac	hg19	narrowPeak	consolidated narrow peaks	annotation	https://egg2.wustl.edu/roadmap/data/byFileType/peaks/consolidated/narrowPeak/E047-H3K27ac.narrowPeak.gz	2026-07-24T19:57:09+00:00
Roadmap Epigenomics	E048		H3K27ac	hg19	narrowPeak	consolidated narrow peaks	annotation	https://egg2.wustl.edu/roadmap/data/byFileType/peaks/consolidated/narrowPeak/E048-H3K27ac.narrowPeak.gz	2026-07-24T19:57:09+00:00
Roadmap Epigenomics	E049		H3K27ac	hg19	narrowPeak	consolidated narrow peaks	annotation	https://egg2.wustl.edu/roadmap/data/byFileType/peaks/consolidated/narrowPeak/E049-H3K27ac.narrowPeak.gz	2026-07-24T19:57:09+00:00
Roadmap Epigenomics	E050		H3K27ac	hg19	narrowPeak	consolidated narrow peaks	annotation	https://egg2.wustl.edu/roadmap/data/byFileType/peaks/consolidated/narrowPeak/E050-H3K27ac.narrowPeak.gz	2026-07-24T19:57:09+00:00
Roadmap Epigenomics	E055		H3K27ac	hg19	narrowPeak	consolidated narrow peaks	annotation	https://egg2.wustl.edu/roadmap/data/byFileType/peaks/consolidated/narrowPeak/E055-H3K27ac.narrowPeak.gz	2026-07-24T19:57:09+00:00
Roadmap Epigenomics	E056		H3K27ac	hg19	narrowPeak	consolidated narrow peaks	annotation	https://egg2.wustl.edu/roadmap/data/byFileType/peaks/consolidated/narrowPeak/E056-H3K27ac.narrowPeak.gz	2026-07-24T19:57:09+00:00
Roadmap Epigenomics	E058		H3K27ac	hg19	narrowPeak	consolidated narrow peaks	annotation	https://egg2.wustl.edu/roadmap/data/byFileType/peaks/consolidated/narrowPeak/E058-H3K27ac.narrowPeak.gz	2026-07-24T19:57:09+00:00
Roadmap Epigenomics	E059		H3K27ac	hg19	narrowPeak	consolidated narrow peaks	annotation	https://egg2.wustl.edu/roadmap/data/byFileType/peaks/consolidated/narrowPeak/E059-H3K27ac.narrowPeak.gz	2026-07-24T19:57:09+00:00
Roadmap Epigenomics	E061		H3K27ac	hg19	narrowPeak	consolidated narrow peaks	annotation	https://egg2.wustl.edu/roadmap/data/byFileType/peaks/consolidated/narrowPeak/E061-H3K27ac.narrowPeak.gz	2026-07-24T19:57:09+00:00
Roadmap Epigenomics	E062		H3K27ac	hg19	narrowPeak	consolidated narrow peaks	annotation	https://egg2.wustl.edu/roadmap/data/byFileType/peaks/consolidated/narrowPeak/E062-H3K27ac.narrowPeak.gz	2026-07-24T19:57:09+00:00
Roadmap Epigenomics	E063		H3K27ac	hg19	narrowPeak	consolidated narrow peaks	annotation	https://egg2.wustl.edu/roadmap/data/byFileType/peaks/consolidated/narrowPeak/E063-H3K27ac.narrowPeak.gz	2026-07-24T19:57:09+00:00
Roadmap Epigenomics	E065		H3K27ac	hg19	narrowPeak	consolidated narrow peaks	annotation	https://egg2.wustl.edu/roadmap/data/byFileType/peaks/consolidated/narrowPeak/E065-H3K27ac.narrowPeak.gz	2026-07-24T19:57:09+00:00
Roadmap Epigenomics	E066		H3K27ac	hg19	narrowPeak	consolidated narrow peaks	annotation	https://egg2.wustl.edu/roadmap/data/byFileType/peaks/consolidated/narrowPeak/E066-H3K27ac.narrowPeak.gz	2026-07-24T19:57:09+00:00
Roadmap Epigenomics	E067		H3K27ac	hg19	narrowPeak	consolidated narrow peaks	annotation	https://egg2.wustl.edu/roadmap/data/byFileType/peaks/consolidated/narrowPeak/E067-H3K27ac.narrowPeak.gz	2026-07-24T19:57:09+00:00
Roadmap Epigenomics	E068		H3K27ac	hg19	narrowPeak	consolidated narrow peaks	annotation	https://egg2.wustl.edu/roadmap/data/byFileType/peaks/consolidated/narrowPeak/E068-H3K27ac.narrowPeak.gz	2026-07-24T19:57:09+00:00
Roadmap Epigenomics	E069		H3K27ac	hg19	narrowPeak	consolidated narrow peaks	annotation	https://egg2.wustl.edu/roadmap/data/byFileType/peaks/consolidated/narrowPeak/E069-H3K27ac.narrowPeak.gz	2026-07-24T19:57:09+00:00
Roadmap Epigenomics	E071		H3K27ac	hg19	narrowPeak	consolidated narrow peaks	annotation	https://egg2.wustl.edu/roadmap/data/byFileType/peaks/consolidated/narrowPeak/E071-H3K27ac.narrowPeak.gz	2026-07-24T19:57:09+00:00
Roadmap Epigenomics	E072		H3K27ac	hg19	narrowPeak	consolidated narrow peaks	annotation	https://egg2.wustl.edu/roadmap/data/byFileType/peaks/consolidated/narrowPeak/E072-H3K27ac.narrowPeak.gz	2026-07-24T19:57:09+00:00
Roadmap Epigenomics	E073		H3K27ac	hg19	narrowPeak	consolidated narrow peaks	annotation	https://egg2.wustl.edu/roadmap/data/byFileType/peaks/consolidated/narrowPeak/E073-H3K27ac.narrowPeak.gz	2026-07-24T19:57:09+00:00
Roadmap Epigenomics	E074		H3K27ac	hg19	narrowPeak	consolidated narrow peaks	annotation	https://egg2.wustl.edu/roadmap/data/byFileType/peaks/consolidated/narrowPeak/E074-H3K27ac.narrowPeak.gz	2026-07-24T19:57:09+00:00
Roadmap Epigenomics	E075		H3K27ac	hg19	narrowPeak	consolidated narrow peaks	annotation	https://egg2.wustl.edu/roadmap/data/byFileType/peaks/consolidated/narrowPeak/E075-H3K27ac.narrowPeak.gz	2026-07-24T19:57:09+00:00
Roadmap Epigenomics	E076		H3K27ac	hg19	narrowPeak	consolidated narrow peaks	annotation	https://egg2.wustl.edu/roadmap/data/byFileType/peaks/consolidated/narrowPeak/E076-H3K27ac.narrowPeak.gz	2026-07-24T19:57:09+00:00
Roadmap Epigenomics	E078		H3K27ac	hg19	narrowPeak	consolidated narrow peaks	annotation	https://egg2.wustl.edu/roadmap/data/byFileType/peaks/consolidated/narrowPeak/E078-H3K27ac.narrowPeak.gz	2026-07-24T19:57:09+00:00
Roadmap Epigenomics	E079		H3K27ac	hg19	narrowPeak	consolidated narrow peaks	annotation	https://egg2.wustl.edu/roadmap/data/byFileType/peaks/consolidated/narrowPeak/E079-H3K27ac.narrowPeak.gz	2026-07-24T19:57:09+00:00
Roadmap Epigenomics	E080		H3K27ac	hg19	narrowPeak	consolidated narrow peaks	annotation	https://egg2.wustl.edu/roadmap/data/byFileType/peaks/consolidated/narrowPeak/E080-H3K27ac.narrowPeak.gz	2026-07-24T19:57:09+00:00
Roadmap Epigenomics	E084		H3K27ac	hg19	narrowPeak	consolidated narrow peaks	annotation	https://egg2.wustl.edu/roadmap/data/byFileType/peaks/consolidated/narrowPeak/E084-H3K27ac.narrowPeak.gz	2026-07-24T19:57:09+00:00
Roadmap Epigenomics	E085		H3K27ac	hg19	narrowPeak	consolidated narrow peaks	annotation	https://egg2.wustl.edu/roadmap/data/byFileType/peaks/consolidated/narrowPeak/E085-H3K27ac.narrowPeak.gz	2026-07-24T19:57:09+00:00
Roadmap Epigenomics	E087		H3K27ac	hg19	narrowPeak	consolidated narrow peaks	annotation	https://egg2.wustl.edu/roadmap/data/byFileType/peaks/consolidated/narrowPeak/E087-H3K27ac.narrowPeak.gz	2026-07-24T19:57:09+00:00
Roadmap Epigenomics	E089		H3K27ac	hg19	narrowPeak	consolidated narrow peaks	annotation	https://egg2.wustl.edu/roadmap/data/byFileType/peaks/consolidated/narrowPeak/E089-H3K27ac.narrowPeak.gz	2026-07-24T19:57:09+00:00
Roadmap Epigenomics	E090		H3K27ac	hg19	narrowPeak	consolidated narrow peaks	annotation	https://egg2.wustl.edu/roadmap/data/byFileType/peaks/consolidated/narrowPeak/E090-H3K27ac.narrowPeak.gz	2026-07-24T19:57:09+00:00
Roadmap Epigenomics	E091		H3K27ac	hg19	narrowPeak	consolidated narrow peaks	annotation	https://egg2.wustl.edu/roadmap/data/byFileType/peaks/consolidated/narrowPeak/E091-H3K27ac.narrowPeak.gz	2026-07-24T19:57:09+00:00
Roadmap Epigenomics	E092		H3K27ac	hg19	narrowPeak	consolidated narrow peaks	annotation	https://egg2.wustl.edu/roadmap/data/byFileType/peaks/consolidated/narrowPeak/E092-H3K27ac.narrowPeak.gz	2026-07-24T19:57:09+00:00
Roadmap Epigenomics	E093		H3K27ac	hg19	narrowPeak	consolidated narrow peaks	annotation	https://egg2.wustl.edu/roadmap/data/byFileType/peaks/consolidated/narrowPeak/E093-H3K27ac.narrowPeak.gz	2026-07-24T19:57:09+00:00
Roadmap Epigenomics	E094		H3K27ac	hg19	narrowPeak	consolidated narrow peaks	annotation	https://egg2.wustl.edu/roadmap/data/byFileType/peaks/consolidated/narrowPeak/E094-H3K27ac.narrowPeak.gz	2026-07-24T19:57:09+00:00
Roadmap Epigenomics	E095		H3K27ac	hg19	narrowPeak	consolidated narrow peaks	annotation	https://egg2.wustl.edu/roadmap/data/byFileType/peaks/consolidated/narrowPeak/E095-H3K27ac.narrowPeak.gz	2026-07-24T19:57:09+00:00
Roadmap Epigenomics	E096		H3K27ac	hg19	narrowPeak	consolidated narrow peaks	annotation	https://egg2.wustl.edu/roadmap/data/byFileType/peaks/consolidated/narrowPeak/E096-H3K27ac.narrowPeak.gz	2026-07-24T19:57:09+00:00
Roadmap Epigenomics	E097		H3K27ac	hg19	narrowPeak	consolidated narrow peaks	annotation	https://egg2.wustl.edu/roadmap/data/byFileType/peaks/consolidated/narrowPeak/E097-H3K27ac.narrowPeak.gz	2026-07-24T19:57:09+00:00
Roadmap Epigenomics	E098		H3K27ac	hg19	narrowPeak	consolidated narrow peaks	annotation	https://egg2.wustl.edu/roadmap/data/byFileType/peaks/consolidated/narrowPeak/E098-H3K27ac.narrowPeak.gz	2026-07-24T19:57:09+00:00
Roadmap Epigenomics	E099		H3K27ac	hg19	narrowPeak	consolidated narrow peaks	annotation	https://egg2.wustl.edu/roadmap/data/byFileType/peaks/consolidated/narrowPeak/E099-H3K27ac.narrowPeak.gz	2026-07-24T19:57:09+00:00
Roadmap Epigenomics	E100		H3K27ac	hg19	narrowPeak	consolidated narrow peaks	annotation	https://egg2.wustl.edu/roadmap/data/byFileType/peaks/consolidated/narrowPeak/E100-H3K27ac.narrowPeak.gz	2026-07-24T19:57:09+00:00
Roadmap Epigenomics	E101		H3K27ac	hg19	narrowPeak	consolidated narrow peaks	annotation	https://egg2.wustl.edu/roadmap/data/byFileType/peaks/consolidated/narrowPeak/E101-H3K27ac.narrowPeak.gz	2026-07-24T19:57:09+00:00
Roadmap Epigenomics	E102		H3K27ac	hg19	narrowPeak	consolidated narrow peaks	annotation	https://egg2.wustl.edu/roadmap/data/byFileType/peaks/consolidated/narrowPeak/E102-H3K27ac.narrowPeak.gz	2026-07-24T19:57:09+00:00
Roadmap Epigenomics	E103		H3K27ac	hg19	narrowPeak	consolidated narrow peaks	annotation	https://egg2.wustl.edu/roadmap/data/byFileType/peaks/consolidated/narrowPeak/E103-H3K27ac.narrowPeak.gz	2026-07-24T19:57:09+00:00
Roadmap Epigenomics	E104		H3K27ac	hg19	narrowPeak	consolidated narrow peaks	annotation	https://egg2.wustl.edu/roadmap/data/byFileType/peaks/consolidated/narrowPeak/E104-H3K27ac.narrowPeak.gz	2026-07-24T19:57:09+00:00
Roadmap Epigenomics	E105		H3K27ac	hg19	narrowPeak	consolidated narrow peaks	annotation	https://egg2.wustl.edu/roadmap/data/byFileType/peaks/consolidated/narrowPeak/E105-H3K27ac.narrowPeak.gz	2026-07-24T19:57:09+00:00
Roadmap Epigenomics	E106		H3K27ac	hg19	narrowPeak	consolidated narrow peaks	annotation	https://egg2.wustl.edu/roadmap/data/byFileType/peaks/consolidated/narrowPeak/E106-H3K27ac.narrowPeak.gz	2026-07-24T19:57:09+00:00
Roadmap Epigenomics	E108		H3K27ac	hg19	narrowPeak	consolidated narrow peaks	annotation	https://egg2.wustl.edu/roadmap/data/byFileType/peaks/consolidated/narrowPeak/E108-H3K27ac.narrowPeak.gz	2026-07-24T19:57:09+00:00
Roadmap Epigenomics	E109		H3K27ac	hg19	narrowPeak	consolidated narrow peaks	annotation	https://egg2.wustl.edu/roadmap/data/byFileType/peaks/consolidated/narrowPeak/E109-H3K27ac.narrowPeak.gz	2026-07-24T19:57:09+00:00
Roadmap Epigenomics	E111		H3K27ac	hg19	narrowPeak	consolidated narrow peaks	annotation	https://egg2.wustl.edu/roadmap/data/byFileType/peaks/consolidated/narrowPeak/E111-H3K27ac.narrowPeak.gz	2026-07-24T19:57:09+00:00
Roadmap Epigenomics	E112		H3K27ac	hg19	narrowPeak	consolidated narrow peaks	annotation	https://egg2.wustl.edu/roadmap/data/byFileType/peaks/consolidated/narrowPeak/E112-H3K27ac.narrowPeak.gz	2026-07-24T19:57:09+00:00
Roadmap Epigenomics	E113		H3K27ac	hg19	narrowPeak	consolidated narrow peaks	annotation	https://egg2.wustl.edu/roadmap/data/byFileType/peaks/consolidated/narrowPeak/E113-H3K27ac.narrowPeak.gz	2026-07-24T19:57:09+00:00
Roadmap Epigenomics	E114		H3K27ac	hg19	narrowPeak	consolidated narrow peaks	annotation	https://egg2.wustl.edu/roadmap/data/byFileType/peaks/consolidated/narrowPeak/E114-H3K27ac.narrowPeak.gz	2026-07-24T19:57:09+00:00
Roadmap Epigenomics	E115		H3K27ac	hg19	narrowPeak	consolidated narrow peaks	annotation	https://egg2.wustl.edu/roadmap/data/byFileType/peaks/consolidated/narrowPeak/E115-H3K27ac.narrowPeak.gz	2026-07-24T19:57:09+00:00
Roadmap Epigenomics	E116		H3K27ac	hg19	narrowPeak	consolidated narrow peaks	annotation	https://egg2.wustl.edu/roadmap/data/byFileType/peaks/consolidated/narrowPeak/E116-H3K27ac.narrowPeak.gz	2026-07-24T19:57:09+00:00
Roadmap Epigenomics	E117		H3K27ac	hg19	narrowPeak	consolidated narrow peaks	annotation	https://egg2.wustl.edu/roadmap/data/byFileType/peaks/consolidated/narrowPeak/E117-H3K27ac.narrowPeak.gz	2026-07-24T19:57:09+00:00
Roadmap Epigenomics	E118		H3K27ac	hg19	narrowPeak	consolidated narrow peaks	annotation	https://egg2.wustl.edu/roadmap/data/byFileType/peaks/consolidated/narrowPeak/E118-H3K27ac.narrowPeak.gz	2026-07-24T19:57:09+00:00
Roadmap Epigenomics	E119		H3K27ac	hg19	narrowPeak	consolidated narrow peaks	annotation	https://egg2.wustl.edu/roadmap/data/byFileType/peaks/consolidated/narrowPeak/E119-H3K27ac.narrowPeak.gz	2026-07-24T19:57:09+00:00
Roadmap Epigenomics	E120		H3K27ac	hg19	narrowPeak	consolidated narrow peaks	annotation	https://egg2.wustl.edu/roadmap/data/byFileType/peaks/consolidated/narrowPeak/E120-H3K27ac.narrowPeak.gz	2026-07-24T19:57:09+00:00
Roadmap Epigenomics	E121		H3K27ac	hg19	narrowPeak	consolidated narrow peaks	annotation	https://egg2.wustl.edu/roadmap/data/byFileType/peaks/consolidated/narrowPeak/E121-H3K27ac.narrowPeak.gz	2026-07-24T19:57:09+00:00
Roadmap Epigenomics	E122		H3K27ac	hg19	narrowPeak	consolidated narrow peaks	annotation	https://egg2.wustl.edu/roadmap/data/byFileType/peaks/consolidated/narrowPeak/E122-H3K27ac.narrowPeak.gz	2026-07-24T19:57:09+00:00
Roadmap Epigenomics	E123		H3K27ac	hg19	narrowPeak	consolidated narrow peaks	annotation	https://egg2.wustl.edu/roadmap/data/byFileType/peaks/consolidated/narrowPeak/E123-H3K27ac.narrowPeak.gz	2026-07-24T19:57:09+00:00
Roadmap Epigenomics	E124		H3K27ac	hg19	narrowPeak	consolidated narrow peaks	annotation	https://egg2.wustl.edu/roadmap/data/byFileType/peaks/consolidated/narrowPeak/E124-H3K27ac.narrowPeak.gz	2026-07-24T19:57:09+00:00
Roadmap Epigenomics	E125		H3K27ac	hg19	narrowPeak	consolidated narrow peaks	annotation	https://egg2.wustl.edu/roadmap/data/byFileType/peaks/consolidated/narrowPeak/E125-H3K27ac.narrowPeak.gz	2026-07-24T19:57:09+00:00
Roadmap Epigenomics	E126		H3K27ac	hg19	narrowPeak	consolidated narrow peaks	annotation	https://egg2.wustl.edu/roadmap/data/byFileType/peaks/consolidated/narrowPeak/E126-H3K27ac.narrowPeak.gz	2026-07-24T19:57:09+00:00
Roadmap Epigenomics	E127		H3K27ac	hg19	narrowPeak	consolidated narrow peaks	annotation	https://egg2.wustl.edu/roadmap/data/byFileType/peaks/consolidated/narrowPeak/E127-H3K27ac.narrowPeak.gz	2026-07-24T19:57:09+00:00
Roadmap Epigenomics	E128		H3K27ac	hg19	narrowPeak	consolidated narrow peaks	annotation	https://egg2.wustl.edu/roadmap/data/byFileType/peaks/consolidated/narrowPeak/E128-H3K27ac.narrowPeak.gz	2026-07-24T19:57:09+00:00
Roadmap Epigenomics	E129		H3K27ac	hg19	narrowPeak	consolidated narrow peaks	annotation	https://egg2.wustl.edu/roadmap/data/byFileType/peaks/consolidated/narrowPeak/E129-H3K27ac.narrowPeak.gz	2026-07-24T19:57:09+00:00
ENCODE	ENCSR000AKC	ENCFF367KIF	H3K27ac	GRCh38	bed narrowPeak	replicated peaks	annotation	https://www.encodeproject.org/files/ENCFF367KIF/@@download/ENCFF367KIF.bed.gz	2026-07-24T19:57:09+00:00
ENCODE	ENCSR000AKP	ENCFF038DDS	H3K27ac	GRCh38	bed narrowPeak	replicated peaks	annotation	https://www.encodeproject.org/files/ENCFF038DDS/@@download/ENCFF038DDS.bed.gz	2026-07-24T19:57:09+00:00
ENCODE	ENCSR000ALB	ENCFF426QFH	H3K27ac	GRCh38	bed narrowPeak	replicated peaks	annotation	https://www.encodeproject.org/files/ENCFF426QFH/@@download/ENCFF426QFH.bed.gz	2026-07-24T19:57:09+00:00
ENCODE	ENCSR000ALK	ENCFF397SDI	H3K27ac	GRCh38	bed narrowPeak	replicated peaks	annotation	https://www.encodeproject.org/files/ENCFF397SDI/@@download/ENCFF397SDI.bed.gz	2026-07-24T19:57:09+00:00
ENCODE	ENCSR000ALW	ENCFF547WSF	H3K27ac	GRCh38	bed narrowPeak	replicated peaks	annotation	https://www.encodeproject.org/files/ENCFF547WSF/@@download/ENCFF547WSF.bed.gz	2026-07-24T19:57:09+00:00
ENCODE	ENCSR000AMO	ENCFF886SZT	H3K27ac	GRCh38	bed narrowPeak	replicated peaks	annotation	https://www.encodeproject.org/files/ENCFF886SZT/@@download/ENCFF886SZT.bed.gz	2026-07-24T19:57:09+00:00
ENCODE	ENCSR000AMR	ENCFF731CHG	H3K27ac	GRCh38	bed narrowPeak	replicated peaks	annotation	https://www.encodeproject.org/files/ENCFF731CHG/@@download/ENCFF731CHG.bed.gz	2026-07-24T19:57:09+00:00
ENCODE	ENCSR000ANF	ENCFF617TNZ	H3K27ac	GRCh38	bed narrowPeak	replicated peaks	annotation	https://www.encodeproject.org/files/ENCFF617TNZ/@@download/ENCFF617TNZ.bed.gz	2026-07-24T19:57:09+00:00
ENCODE	ENCSR000ANP	ENCFF162HPV	H3K27ac	GRCh38	bed narrowPeak	replicated peaks	annotation	https://www.encodeproject.org/files/ENCFF162HPV/@@download/ENCFF162HPV.bed.gz	2026-07-24T19:57:09+00:00
ENCODE	ENCSR000ANV	ENCFF626ZXA	H3K27ac	GRCh38	bed narrowPeak	replicated peaks	annotation	https://www.encodeproject.org/files/ENCFF626ZXA/@@download/ENCFF626ZXA.bed.gz	2026-07-24T19:57:09+00:00
ENCODE	ENCSR000AOC	ENCFF392EDT	H3K27ac	GRCh38	bed narrowPeak	replicated peaks	annotation	https://www.encodeproject.org/files/ENCFF392EDT/@@download/ENCFF392EDT.bed.gz	2026-07-24T19:57:09+00:00
ENCODE	ENCSR000AOQ	ENCFF676YVX	H3K27ac	GRCh38	bed narrowPeak	replicated peaks	annotation	https://www.encodeproject.org/files/ENCFF676YVX/@@download/ENCFF676YVX.bed.gz	2026-07-24T19:57:09+00:00
ENCODE	ENCSR000APH	ENCFF799LFQ	H3K27ac	GRCh38	bed narrowPeak	replicated peaks	annotation	https://www.encodeproject.org/files/ENCFF799LFQ/@@download/ENCFF799LFQ.bed.gz	2026-07-24T19:57:09+00:00
ENCODE	ENCSR000APN	ENCFF920FLS	H3K27ac	GRCh38	bed narrowPeak	replicated peaks	annotation	https://www.encodeproject.org/files/ENCFF920FLS/@@download/ENCFF920FLS.bed.gz	2026-07-24T19:57:09+00:00
ENCODE	ENCSR000AQW	ENCFF813BXP	H3K27ac	GRCh38	bed narrowPeak	replicated peaks	annotation	https://www.encodeproject.org/files/ENCFF813BXP/@@download/ENCFF813BXP.bed.gz	2026-07-24T19:57:09+00:00
ENCODE	ENCSR000ASJ	ENCFF560PQQ	H3K27ac	GRCh38	bed narrowPeak	replicated peaks	annotation	https://www.encodeproject.org/files/ENCFF560PQQ/@@download/ENCFF560PQQ.bed.gz	2026-07-24T19:57:09+00:00
ENCODE	ENCSR000AUI	ENCFF498VPQ	H3K27ac	GRCh38	bed narrowPeak	replicated peaks	annotation	https://www.encodeproject.org/files/ENCFF498VPQ/@@download/ENCFF498VPQ.bed.gz	2026-07-24T19:57:09+00:00
ENCODE	ENCSR000AUP	ENCFF696LOT	H3K27ac	GRCh38	bed narrowPeak	replicated peaks	annotation	https://www.encodeproject.org/files/ENCFF696LOT/@@download/ENCFF696LOT.bed.gz	2026-07-24T19:57:09+00:00
ENCODE	ENCSR000AVF	ENCFF739VAP	H3K27ac	GRCh38	bed narrowPeak	replicated peaks	annotation	https://www.encodeproject.org/files/ENCFF739VAP/@@download/ENCFF739VAP.bed.gz	2026-07-24T19:57:09+00:00
ENCODE	ENCSR000DPL	ENCFF645LAB	H3K27ac	GRCh38	bed narrowPeak	pseudoreplicated peaks	annotation	https://www.encodeproject.org/files/ENCFF645LAB/@@download/ENCFF645LAB.bed.gz	2026-07-24T19:57:09+00:00
ENCODE	ENCSR000EUT	ENCFF083ADY	H3K27ac	GRCh38	bed narrowPeak	replicated peaks	annotation	https://www.encodeproject.org/files/ENCFF083ADY/@@download/ENCFF083ADY.bed.gz	2026-07-24T19:57:09+00:00
ENCODE	ENCSR000EWR	ENCFF024TEH	H3K27ac	GRCh38	bed narrowPeak	replicated peaks	annotation	https://www.encodeproject.org/files/ENCFF024TEH/@@download/ENCFF024TEH.bed.gz	2026-07-24T19:57:09+00:00
ENCODE	ENCSR000EXK	ENCFF396BLZ	H3K27ac	GRCh38	bed narrowPeak	replicated peaks	annotation	https://www.encodeproject.org/files/ENCFF396BLZ/@@download/ENCFF396BLZ.bed.gz	2026-07-24T19:57:09+00:00
ENCODE	ENCSR000FCH	ENCFF451UZW	H3K27ac	GRCh38	bed narrowPeak	replicated peaks	annotation	https://www.encodeproject.org/files/ENCFF451UZW/@@download/ENCFF451UZW.bed.gz	2026-07-24T19:57:09+00:00
ENCODE	ENCSR000FCU	ENCFF933TFH	H3K27ac	GRCh38	bed narrowPeak	replicated peaks	annotation	https://www.encodeproject.org/files/ENCFF933TFH/@@download/ENCFF933TFH.bed.gz	2026-07-24T19:57:09+00:00
ENCODE	ENCSR000NPF	ENCFF287NJM	H3K27ac	GRCh38	bed narrowPeak	replicated peaks	annotation	https://www.encodeproject.org/files/ENCFF287NJM/@@download/ENCFF287NJM.bed.gz	2026-07-24T19:57:09+00:00
ENCODE	ENCSR001SHB	ENCFF598JDA	H3K27ac	GRCh38	bed narrowPeak	pseudoreplicated peaks	annotation	https://www.encodeproject.org/files/ENCFF598JDA/@@download/ENCFF598JDA.bed.gz	2026-07-24T19:57:09+00:00
ENCODE	ENCSR002YRE	ENCFF730BVO	H3K27ac	GRCh38	bed narrowPeak	replicated peaks	annotation	https://www.encodeproject.org/files/ENCFF730BVO/@@download/ENCFF730BVO.bed.gz	2026-07-24T19:57:09+00:00
ENCODE	ENCSR004EKY	ENCFF433RKE	H3K27ac	GRCh38	bed narrowPeak	pseudoreplicated peaks	annotation	https://www.encodeproject.org/files/ENCFF433RKE/@@download/ENCFF433RKE.bed.gz	2026-07-24T19:57:09+00:00
ENCODE	ENCSR004HIE	ENCFF610ZPW	H3K27ac	GRCh38	bed narrowPeak	pseudoreplicated peaks	annotation	https://www.encodeproject.org/files/ENCFF610ZPW/@@download/ENCFF610ZPW.bed.gz	2026-07-24T19:57:09+00:00
ENCODE	ENCSR004YQD	ENCFF311BUM	H3K27ac	GRCh38	bed narrowPeak	pseudoreplicated peaks	annotation	https://www.encodeproject.org/files/ENCFF311BUM/@@download/ENCFF311BUM.bed.gz	2026-07-24T19:57:09+00:00
ENCODE	ENCSR006ANF	ENCFF303KLN	H3K27ac	GRCh38	bed narrowPeak	pseudoreplicated peaks	annotation	https://www.encodeproject.org/files/ENCFF303KLN/@@download/ENCFF303KLN.bed.gz	2026-07-24T19:57:09+00:00
ENCODE	ENCSR007HLH	ENCFF321NYQ	H3K27ac	GRCh38	bed narrowPeak	pseudoreplicated peaks	annotation	https://www.encodeproject.org/files/ENCFF321NYQ/@@download/ENCFF321NYQ.bed.gz	2026-07-24T19:57:09+00:00
ENCODE	ENCSR007YOT	ENCFF276VWQ	H3K27ac	GRCh38	bed narrowPeak	replicated peaks	annotation	https://www.encodeproject.org/files/ENCFF276VWQ/@@download/ENCFF276VWQ.bed.gz	2026-07-24T19:57:09+00:00
ENCODE	ENCSR010OVI	ENCFF091CDR	H3K27ac	GRCh38	bed narrowPeak	pseudoreplicated peaks	annotation	https://www.encodeproject.org/files/ENCFF091CDR/@@download/ENCFF091CDR.bed.gz	2026-07-24T19:57:09+00:00
ENCODE	ENCSR011BHU	ENCFF216XRU	H3K27ac	GRCh38	bed narrowPeak	pseudoreplicated peaks	annotation	https://www.encodeproject.org/files/ENCFF216XRU/@@download/ENCFF216XRU.bed.gz	2026-07-24T19:57:09+00:00
ENCODE	ENCSR011MGQ	ENCFF772EKS	H3K27ac	GRCh38	bed narrowPeak	pseudoreplicated peaks	annotation	https://www.encodeproject.org/files/ENCFF772EKS/@@download/ENCFF772EKS.bed.gz	2026-07-24T19:57:09+00:00
ENCODE	ENCSR012PII	ENCFF544QYY	H3K27ac	GRCh38	bed narrowPeak	pseudoreplicated peaks	annotation	https://www.encodeproject.org/files/ENCFF544QYY/@@download/ENCFF544QYY.bed.gz	2026-07-24T19:57:09+00:00
ENCODE	ENCSR013KEC	ENCFF268FCW	H3K27ac	GRCh38	bed narrowPeak	replicated peaks	annotation	https://www.encodeproject.org/files/ENCFF268FCW/@@download/ENCFF268FCW.bed.gz	2026-07-24T19:57:09+00:00
ENCODE	ENCSR014TDK	ENCFF859DLP	H3K27ac	GRCh38	bed narrowPeak	pseudoreplicated peaks	annotation	https://www.encodeproject.org/files/ENCFF859DLP/@@download/ENCFF859DLP.bed.gz	2026-07-24T19:57:09+00:00
ENCODE	ENCSR015GFK	ENCFF289XTV	H3K27ac	GRCh38	bed narrowPeak	replicated peaks	annotation	https://www.encodeproject.org/files/ENCFF289XTV/@@download/ENCFF289XTV.bed.gz	2026-07-24T19:57:09+00:00
ENCODE	ENCSR016XBE	ENCFF771GDF	H3K27ac	GRCh38	bed narrowPeak	pseudoreplicated peaks	annotation	https://www.encodeproject.org/files/ENCFF771GDF/@@download/ENCFF771GDF.bed.gz	2026-07-24T19:57:09+00:00
ENCODE	ENCSR025KPY	ENCFF508PQT	H3K27ac	GRCh38	bed narrowPeak	pseudoreplicated peaks	annotation	https://www.encodeproject.org/files/ENCFF508PQT/@@download/ENCFF508PQT.bed.gz	2026-07-24T19:57:09+00:00
ENCODE	ENCSR027BPE	ENCFF150UES	H3K27ac	GRCh38	bed narrowPeak	pseudoreplicated peaks	annotation	https://www.encodeproject.org/files/ENCFF150UES/@@download/ENCFF150UES.bed.gz	2026-07-24T19:57:09+00:00
ENCODE	ENCSR028NXO	ENCFF908ALW	H3K27ac	GRCh38	bed narrowPeak	pseudoreplicated peaks	annotation	https://www.encodeproject.org/files/ENCFF908ALW/@@download/ENCFF908ALW.bed.gz	2026-07-24T19:57:09+00:00
ENCODE	ENCSR028QEA	ENCFF825OIT	H3K27ac	GRCh38	bed narrowPeak	pseudoreplicated peaks	annotation	https://www.encodeproject.org/files/ENCFF825OIT/@@download/ENCFF825OIT.bed.gz	2026-07-24T19:57:09+00:00
ENCODE	ENCSR029SIG	ENCFF335ROB	H3K27ac	GRCh38	bed narrowPeak	pseudoreplicated peaks	annotation	https://www.encodeproject.org/files/ENCFF335ROB/@@download/ENCFF335ROB.bed.gz	2026-07-24T19:57:09+00:00
ENCODE	ENCSR034RQV	ENCFF084SZQ	H3K27ac	GRCh38	bed narrowPeak	pseudoreplicated peaks	annotation	https://www.encodeproject.org/files/ENCFF084SZQ/@@download/ENCFF084SZQ.bed.gz	2026-07-24T19:57:09+00:00
ENCODE	ENCSR034ZKE	ENCFF190SES	H3K27ac	GRCh38	bed narrowPeak	pseudoreplicated peaks	annotation	https://www.encodeproject.org/files/ENCFF190SES/@@download/ENCFF190SES.bed.gz	2026-07-24T19:57:09+00:00
ENCODE	ENCSR039AHR	ENCFF795TNK	H3K27ac	GRCh38	bed narrowPeak	pseudoreplicated peaks	annotation	https://www.encodeproject.org/files/ENCFF795TNK/@@download/ENCFF795TNK.bed.gz	2026-07-24T19:57:09+00:00
ENCODE	ENCSR041UZZ	ENCFF498QFU	H3K27ac	GRCh38	bed narrowPeak	pseudoreplicated peaks	annotation	https://www.encodeproject.org/files/ENCFF498QFU/@@download/ENCFF498QFU.bed.gz	2026-07-24T19:57:09+00:00
ENCODE	ENCSR051QLZ	ENCFF189UQY	H3K27ac	GRCh38	bed narrowPeak	pseudoreplicated peaks	annotation	https://www.encodeproject.org/files/ENCFF189UQY/@@download/ENCFF189UQY.bed.gz	2026-07-24T19:57:09+00:00
ENCODE	ENCSR054BKO	ENCFF515VMS	H3K27ac	GRCh38	bed narrowPeak	pseudoreplicated peaks	annotation	https://www.encodeproject.org/files/ENCFF515VMS/@@download/ENCFF515VMS.bed.gz	2026-07-24T19:57:09+00:00
ENCODE	ENCSR059MVB	ENCFF566SEB	H3K27ac	GRCh38	bed narrowPeak	replicated peaks	annotation	https://www.encodeproject.org/files/ENCFF566SEB/@@download/ENCFF566SEB.bed.gz	2026-07-24T19:57:09+00:00
ENCODE	ENCSR061IAQ	ENCFF036IXW	H3K27ac	GRCh38	bed narrowPeak	pseudoreplicated peaks	annotation	https://www.encodeproject.org/files/ENCFF036IXW/@@download/ENCFF036IXW.bed.gz	2026-07-24T19:57:09+00:00
ENCODE	ENCSR066GUY	ENCFF682RZK	H3K27ac	GRCh38	bed narrowPeak	pseudoreplicated peaks	annotation	https://www.encodeproject.org/files/ENCFF682RZK/@@download/ENCFF682RZK.bed.gz	2026-07-24T19:57:09+00:00
ENCODE	ENCSR067BGS	ENCFF756JDB	H3K27ac	GRCh38	bed narrowPeak	pseudoreplicated peaks	annotation	https://www.encodeproject.org/files/ENCFF756JDB/@@download/ENCFF756JDB.bed.gz	2026-07-24T19:57:09+00:00
ENCODE	ENCSR069EGE	ENCFF850KFX	H3K27ac	GRCh38	bed narrowPeak	replicated peaks	annotation	https://www.encodeproject.org/files/ENCFF850KFX/@@download/ENCFF850KFX.bed.gz	2026-07-24T19:57:09+00:00
ENCODE	ENCSR069UMW	ENCFF094LHG	H3K27ac	GRCh38	bed narrowPeak	pseudoreplicated peaks	annotation	https://www.encodeproject.org/files/ENCFF094LHG/@@download/ENCFF094LHG.bed.gz	2026-07-24T19:57:09+00:00
ENCODE	ENCSR074ECR	ENCFF267XRX	H3K27ac	GRCh38	bed narrowPeak	pseudoreplicated peaks	annotation	https://www.encodeproject.org/files/ENCFF267XRX/@@download/ENCFF267XRX.bed.gz	2026-07-24T19:57:09+00:00
ENCODE	ENCSR078LIZ	ENCFF549AXK	H3K27ac	GRCh38	bed narrowPeak	pseudoreplicated peaks	annotation	https://www.encodeproject.org/files/ENCFF549AXK/@@download/ENCFF549AXK.bed.gz	2026-07-24T19:57:09+00:00
ENCODE	ENCSR081OTO	ENCFF538COX	H3K27ac	GRCh38	bed narrowPeak	pseudoreplicated peaks	annotation	https://www.encodeproject.org/files/ENCFF538COX/@@download/ENCFF538COX.bed.gz	2026-07-24T19:57:09+00:00
ENCODE	ENCSR082SHT	ENCFF154CXY	H3K27ac	GRCh38	bed narrowPeak	pseudoreplicated peaks	annotation	https://www.encodeproject.org/files/ENCFF154CXY/@@download/ENCFF154CXY.bed.gz	2026-07-24T19:57:09+00:00
ENCODE	ENCSR086QZY	ENCFF115DDQ	H3K27ac	GRCh38	bed narrowPeak	pseudoreplicated peaks	annotation	https://www.encodeproject.org/files/ENCFF115DDQ/@@download/ENCFF115DDQ.bed.gz	2026-07-24T19:57:09+00:00
ENCODE	ENCSR086XCT	ENCFF233IPB	H3K27ac	GRCh38	bed narrowPeak	pseudoreplicated peaks	annotation	https://www.encodeproject.org/files/ENCFF233IPB/@@download/ENCFF233IPB.bed.gz	2026-07-24T19:57:09+00:00
ENCODE	ENCSR091KXI	ENCFF776HHA	H3K27ac	GRCh38	bed narrowPeak	pseudoreplicated peaks	annotation	https://www.encodeproject.org/files/ENCFF776HHA/@@download/ENCFF776HHA.bed.gz	2026-07-24T19:57:09+00:00
ENCODE	ENCSR094VJC	ENCFF511YRX	H3K27ac	GRCh38	bed narrowPeak	pseudoreplicated peaks	annotation	https://www.encodeproject.org/files/ENCFF511YRX/@@download/ENCFF511YRX.bed.gz	2026-07-24T19:57:09+00:00
ENCODE	ENCSR095YMD	ENCFF484GTZ	H3K27ac	GRCh38	bed narrowPeak	pseudoreplicated peaks	annotation	https://www.encodeproject.org/files/ENCFF484GTZ/@@download/ENCFF484GTZ.bed.gz	2026-07-24T19:57:09+00:00
ENCODE	ENCSR102XUM	ENCFF402QHS	H3K27ac	GRCh38	bed narrowPeak	pseudoreplicated peaks	annotation	https://www.encodeproject.org/files/ENCFF402QHS/@@download/ENCFF402QHS.bed.gz	2026-07-24T19:57:09+00:00
ENCODE	ENCSR105EMQ	ENCFF494RUZ	H3K27ac	GRCh38	bed narrowPeak	pseudoreplicated peaks	annotation	https://www.encodeproject.org/files/ENCFF494RUZ/@@download/ENCFF494RUZ.bed.gz	2026-07-24T19:57:09+00:00
ENCODE	ENCSR105VFR	ENCFF055NHF	H3K27ac	GRCh38	bed narrowPeak	pseudoreplicated peaks	annotation	https://www.encodeproject.org/files/ENCFF055NHF/@@download/ENCFF055NHF.bed.gz	2026-07-24T19:57:09+00:00
ENCODE	ENCSR108NVQ	ENCFF378HMM	H3K27ac	GRCh38	bed narrowPeak	pseudoreplicated peaks	annotation	https://www.encodeproject.org/files/ENCFF378HMM/@@download/ENCFF378HMM.bed.gz	2026-07-24T19:57:09+00:00
ENCODE	ENCSR111QCU	ENCFF718IQW	H3K27ac	GRCh38	bed narrowPeak	pseudoreplicated peaks	annotation	https://www.encodeproject.org/files/ENCFF718IQW/@@download/ENCFF718IQW.bed.gz	2026-07-24T19:57:09+00:00
ENCODE	ENCSR116MKX	ENCFF745ROB	H3K27ac	GRCh38	bed narrowPeak	pseudoreplicated peaks	annotation	https://www.encodeproject.org/files/ENCFF745ROB/@@download/ENCFF745ROB.bed.gz	2026-07-24T19:57:09+00:00
ENCODE	ENCSR119XNK	ENCFF688VIT	H3K27ac	GRCh38	bed narrowPeak	pseudoreplicated peaks	annotation	https://www.encodeproject.org/files/ENCFF688VIT/@@download/ENCFF688VIT.bed.gz	2026-07-24T19:57:09+00:00
ENCODE	ENCSR120WKZ	ENCFF340YIB	H3K27ac	GRCh38	bed narrowPeak	pseudoreplicated peaks	annotation	https://www.encodeproject.org/files/ENCFF340YIB/@@download/ENCFF340YIB.bed.gz	2026-07-24T19:57:09+00:00
ENCODE	ENCSR123HEE	ENCFF618UDS	H3K27ac	GRCh38	bed narrowPeak	pseudoreplicated peaks	annotation	https://www.encodeproject.org/files/ENCFF618UDS/@@download/ENCFF618UDS.bed.gz	2026-07-24T19:57:09+00:00
ENCODE	ENCSR124VOE	ENCFF173PCX	H3K27ac	GRCh38	bed narrowPeak	replicated peaks	annotation	https://www.encodeproject.org/files/ENCFF173PCX/@@download/ENCFF173PCX.bed.gz	2026-07-24T19:57:09+00:00
ENCODE	ENCSR125KVG	ENCFF509IXE	H3K27ac	GRCh38	bed narrowPeak	pseudoreplicated peaks	annotation	https://www.encodeproject.org/files/ENCFF509IXE/@@download/ENCFF509IXE.bed.gz	2026-07-24T19:57:09+00:00
ENCODE	ENCSR131DVD	ENCFF171NJQ	H3K27ac	GRCh38	bed narrowPeak	replicated peaks	annotation	https://www.encodeproject.org/files/ENCFF171NJQ/@@download/ENCFF171NJQ.bed.gz	2026-07-24T19:57:09+00:00
ENCODE	ENCSR133NBJ	ENCFF177QOB	H3K27ac	GRCh38	bed narrowPeak	pseudoreplicated peaks	annotation	https://www.encodeproject.org/files/ENCFF177QOB/@@download/ENCFF177QOB.bed.gz	2026-07-24T19:57:09+00:00
ENCODE	ENCSR136KIM	ENCFF318GXB	H3K27ac	GRCh38	bed narrowPeak	pseudoreplicated peaks	annotation	https://www.encodeproject.org/files/ENCFF318GXB/@@download/ENCFF318GXB.bed.gz	2026-07-24T19:57:09+00:00
ENCODE	ENCSR136ZQZ	ENCFF848ZCZ	H3K27ac	GRCh38	bed narrowPeak	pseudoreplicated peaks	annotation	https://www.encodeproject.org/files/ENCFF848ZCZ/@@download/ENCFF848ZCZ.bed.gz	2026-07-24T19:57:09+00:00
ENCODE	ENCSR137ZID	ENCFF498SSN	H3K27ac	GRCh38	bed narrowPeak	pseudoreplicated peaks	annotation	https://www.encodeproject.org/files/ENCFF498SSN/@@download/ENCFF498SSN.bed.gz	2026-07-24T19:57:09+00:00
ENCODE	ENCSR138DOM	ENCFF702NIL	H3K27ac	GRCh38	bed narrowPeak	pseudoreplicated peaks	annotation	https://www.encodeproject.org/files/ENCFF702NIL/@@download/ENCFF702NIL.bed.gz	2026-07-24T19:57:09+00:00
ENCODE	ENCSR138TQF	ENCFF955SXY	H3K27ac	GRCh38	bed narrowPeak	pseudoreplicated peaks	annotation	https://www.encodeproject.org/files/ENCFF955SXY/@@download/ENCFF955SXY.bed.gz	2026-07-24T19:57:09+00:00
ENCODE	ENCSR143XNJ	ENCFF803GAG	H3K27ac	GRCh38	bed narrowPeak	pseudoreplicated peaks	annotation	https://www.encodeproject.org/files/ENCFF803GAG/@@download/ENCFF803GAG.bed.gz	2026-07-24T19:57:09+00:00
ENCODE	ENCSR150QXE	ENCFF094TOI	H3K27ac	GRCh38	bed narrowPeak	pseudoreplicated peaks	annotation	https://www.encodeproject.org/files/ENCFF094TOI/@@download/ENCFF094TOI.bed.gz	2026-07-24T19:57:09+00:00
ENCODE	ENCSR152MAZ	ENCFF283LVU	H3K27ac	GRCh38	bed narrowPeak	pseudoreplicated peaks	annotation	https://www.encodeproject.org/files/ENCFF283LVU/@@download/ENCFF283LVU.bed.gz	2026-07-24T19:57:09+00:00
ENCODE	ENCSR156MYA	ENCFF924OGR	H3K27ac	GRCh38	bed narrowPeak	pseudoreplicated peaks	annotation	https://www.encodeproject.org/files/ENCFF924OGR/@@download/ENCFF924OGR.bed.gz	2026-07-24T19:57:09+00:00
ENCODE	ENCSR156XNC	ENCFF376BEW	H3K27ac	GRCh38	bed narrowPeak	pseudoreplicated peaks	annotation	https://www.encodeproject.org/files/ENCFF376BEW/@@download/ENCFF376BEW.bed.gz	2026-07-24T19:57:09+00:00
ENCODE	ENCSR165CDY	ENCFF340SAM	H3K27ac	GRCh38	bed narrowPeak	replicated peaks	annotation	https://www.encodeproject.org/files/ENCFF340SAM/@@download/ENCFF340SAM.bed.gz	2026-07-24T19:57:09+00:00
ENCODE	ENCSR170MAJ	ENCFF158FZE	H3K27ac	GRCh38	bed narrowPeak	pseudoreplicated peaks	annotation	https://www.encodeproject.org/files/ENCFF158FZE/@@download/ENCFF158FZE.bed.gz	2026-07-24T19:57:09+00:00
ENCODE	ENCSR174GMQ	ENCFF442MTS	H3K27ac	GRCh38	bed narrowPeak	pseudoreplicated peaks	annotation	https://www.encodeproject.org/files/ENCFF442MTS/@@download/ENCFF442MTS.bed.gz	2026-07-24T19:57:09+00:00
ENCODE	ENCSR175ABH	ENCFF219NRR	H3K27ac	GRCh38	bed narrowPeak	pseudoreplicated peaks	annotation	https://www.encodeproject.org/files/ENCFF219NRR/@@download/ENCFF219NRR.bed.gz	2026-07-24T19:57:09+00:00
ENCODE	ENCSR175XPY	ENCFF523FZB	H3K27ac	GRCh38	bed narrowPeak	pseudoreplicated peaks	annotation	https://www.encodeproject.org/files/ENCFF523FZB/@@download/ENCFF523FZB.bed.gz	2026-07-24T19:57:09+00:00
ENCODE	ENCSR177QFY	ENCFF985YQH	H3K27ac	GRCh38	bed narrowPeak	replicated peaks	annotation	https://www.encodeproject.org/files/ENCFF985YQH/@@download/ENCFF985YQH.bed.gz	2026-07-24T19:57:09+00:00
ENCODE	ENCSR180YHA	ENCFF480ZIG	H3K27ac	GRCh38	bed narrowPeak	pseudoreplicated peaks	annotation	https://www.encodeproject.org/files/ENCFF480ZIG/@@download/ENCFF480ZIG.bed.gz	2026-07-24T19:57:09+00:00
ENCODE	ENCSR181OHF	ENCFF307QYO	H3K27ac	GRCh38	bed narrowPeak	pseudoreplicated peaks	annotation	https://www.encodeproject.org/files/ENCFF307QYO/@@download/ENCFF307QYO.bed.gz	2026-07-24T19:57:09+00:00
ENCODE	ENCSR189JIH	ENCFF317AKQ	H3K27ac	GRCh38	bed narrowPeak	pseudoreplicated peaks	annotation	https://www.encodeproject.org/files/ENCFF317AKQ/@@download/ENCFF317AKQ.bed.gz	2026-07-24T19:57:09+00:00
ENCODE	ENCSR189QAD	ENCFF826XYT	H3K27ac	GRCh38	bed narrowPeak	pseudoreplicated peaks	annotation	https://www.encodeproject.org/files/ENCFF826XYT/@@download/ENCFF826XYT.bed.gz	2026-07-24T19:57:09+00:00
ENCODE	ENCSR191ZQT	ENCFF059WXH	H3K27ac	GRCh38	bed narrowPeak	pseudoreplicated peaks	annotation	https://www.encodeproject.org/files/ENCFF059WXH/@@download/ENCFF059WXH.bed.gz	2026-07-24T19:57:09+00:00
ENCODE	ENCSR194KGO	ENCFF346GZD	H3K27ac	GRCh38	bed narrowPeak	pseudoreplicated peaks	annotation	https://www.encodeproject.org/files/ENCFF346GZD/@@download/ENCFF346GZD.bed.gz	2026-07-24T19:57:09+00:00
ENCODE	ENCSR195CFR	ENCFF685EHR	H3K27ac	GRCh38	bed narrowPeak	pseudoreplicated peaks	annotation	https://www.encodeproject.org/files/ENCFF685EHR/@@download/ENCFF685EHR.bed.gz	2026-07-24T19:57:09+00:00
ENCODE	ENCSR195JWZ	ENCFF977VRL	H3K27ac	GRCh38	bed narrowPeak	pseudoreplicated peaks	annotation	https://www.encodeproject.org/files/ENCFF977VRL/@@download/ENCFF977VRL.bed.gz	2026-07-24T19:57:09+00:00
ENCODE	ENCSR200ETW	ENCFF435HDB	H3K27ac	GRCh38	bed narrowPeak	replicated peaks	annotation	https://www.encodeproject.org/files/ENCFF435HDB/@@download/ENCFF435HDB.bed.gz	2026-07-24T19:57:09+00:00
ENCODE	ENCSR200JVJ	ENCFF384SYD	H3K27ac	GRCh38	bed narrowPeak	pseudoreplicated peaks	annotation	https://www.encodeproject.org/files/ENCFF384SYD/@@download/ENCFF384SYD.bed.gz	2026-07-24T19:57:09+00:00
ENCODE	ENCSR203KCB	ENCFF065ZDX	H3K27ac	GRCh38	bed narrowPeak	pseudoreplicated peaks	annotation	https://www.encodeproject.org/files/ENCFF065ZDX/@@download/ENCFF065ZDX.bed.gz	2026-07-24T19:57:09+00:00
ENCODE	ENCSR203KEU	ENCFF628MEK	H3K27ac	GRCh38	bed narrowPeak	replicated peaks	annotation	https://www.encodeproject.org/files/ENCFF628MEK/@@download/ENCFF628MEK.bed.gz	2026-07-24T19:57:09+00:00
ENCODE	ENCSR204OJS	ENCFF270YSJ	H3K27ac	GRCh38	bed narrowPeak	pseudoreplicated peaks	annotation	https://www.encodeproject.org/files/ENCFF270YSJ/@@download/ENCFF270YSJ.bed.gz	2026-07-24T19:57:09+00:00
ENCODE	ENCSR204TAU	ENCFF171IFG	H3K27ac	GRCh38	bed narrowPeak	pseudoreplicated peaks	annotation	https://www.encodeproject.org/files/ENCFF171IFG/@@download/ENCFF171IFG.bed.gz	2026-07-24T19:57:09+00:00
ENCODE	ENCSR207ABA	ENCFF003TGC	H3K27ac	GRCh38	bed narrowPeak	pseudoreplicated peaks	annotation	https://www.encodeproject.org/files/ENCFF003TGC/@@download/ENCFF003TGC.bed.gz	2026-07-24T19:57:09+00:00
ENCODE	ENCSR207FYD	ENCFF300SDH	H3K27ac	GRCh38	bed narrowPeak	pseudoreplicated peaks	annotation	https://www.encodeproject.org/files/ENCFF300SDH/@@download/ENCFF300SDH.bed.gz	2026-07-24T19:57:09+00:00
ENCODE	ENCSR208QRN	ENCFF671OTP	H3K27ac	GRCh38	bed narrowPeak	replicated peaks	annotation	https://www.encodeproject.org/files/ENCFF671OTP/@@download/ENCFF671OTP.bed.gz	2026-07-24T19:57:09+00:00
ENCODE	ENCSR209QGZ	ENCFF835MQW	H3K27ac	GRCh38	bed narrowPeak	pseudoreplicated peaks	annotation	https://www.encodeproject.org/files/ENCFF835MQW/@@download/ENCFF835MQW.bed.gz	2026-07-24T19:57:09+00:00
ENCODE	ENCSR210ZPC	ENCFF002NFJ	H3K27ac	GRCh38	bed narrowPeak	replicated peaks	annotation	https://www.encodeproject.org/files/ENCFF002NFJ/@@download/ENCFF002NFJ.bed.gz	2026-07-24T19:57:09+00:00
ENCODE	ENCSR213SMK	ENCFF077GUP	H3K27ac	GRCh38	bed narrowPeak	pseudoreplicated peaks	annotation	https://www.encodeproject.org/files/ENCFF077GUP/@@download/ENCFF077GUP.bed.gz	2026-07-24T19:57:09+00:00
ENCODE	ENCSR214UZE	ENCFF379RWI	H3K27ac	GRCh38	bed narrowPeak	pseudoreplicated peaks	annotation	https://www.encodeproject.org/files/ENCFF379RWI/@@download/ENCFF379RWI.bed.gz	2026-07-24T19:57:09+00:00
ENCODE	ENCSR217SDT	ENCFF175UON	H3K27ac	GRCh38	bed narrowPeak	pseudoreplicated peaks	annotation	https://www.encodeproject.org/files/ENCFF175UON/@@download/ENCFF175UON.bed.gz	2026-07-24T19:57:09+00:00
ENCODE	ENCSR220TRW	ENCFF272ROP	H3K27ac	GRCh38	bed narrowPeak	pseudoreplicated peaks	annotation	https://www.encodeproject.org/files/ENCFF272ROP/@@download/ENCFF272ROP.bed.gz	2026-07-24T19:57:09+00:00
ENCODE	ENCSR222QLW	ENCFF963JHV	H3K27ac	GRCh38	bed narrowPeak	pseudoreplicated peaks	annotation	https://www.encodeproject.org/files/ENCFF963JHV/@@download/ENCFF963JHV.bed.gz	2026-07-24T19:57:09+00:00
ENCODE	ENCSR223UPC	ENCFF607YSA	H3K27ac	GRCh38	bed narrowPeak	pseudoreplicated peaks	annotation	https://www.encodeproject.org/files/ENCFF607YSA/@@download/ENCFF607YSA.bed.gz	2026-07-24T19:57:09+00:00
ENCODE	ENCSR227FYJ	ENCFF374VCX	H3K27ac	GRCh38	bed narrowPeak	pseudoreplicated peaks	annotation	https://www.encodeproject.org/files/ENCFF374VCX/@@download/ENCFF374VCX.bed.gz	2026-07-24T19:57:09+00:00
ENCODE	ENCSR230BWN	ENCFF512JNT	H3K27ac	GRCh38	bed narrowPeak	pseudoreplicated peaks	annotation	https://www.encodeproject.org/files/ENCFF512JNT/@@download/ENCFF512JNT.bed.gz	2026-07-24T19:57:09+00:00
ENCODE	ENCSR230IMS	ENCFF976KNB	H3K27ac	GRCh38	bed narrowPeak	pseudoreplicated peaks	annotation	https://www.encodeproject.org/files/ENCFF976KNB/@@download/ENCFF976KNB.bed.gz	2026-07-24T19:57:09+00:00
ENCODE	ENCSR233RWF	ENCFF970PFD	H3K27ac	GRCh38	bed narrowPeak	pseudoreplicated peaks	annotation	https://www.encodeproject.org/files/ENCFF970PFD/@@download/ENCFF970PFD.bed.gz	2026-07-24T19:57:09+00:00
ENCODE	ENCSR235KRX	ENCFF594VVB	H3K27ac	GRCh38	bed narrowPeak	pseudoreplicated peaks	annotation	https://www.encodeproject.org/files/ENCFF594VVB/@@download/ENCFF594VVB.bed.gz	2026-07-24T19:57:09+00:00
ENCODE	ENCSR235ZBF	ENCFF661WLX	H3K27ac	GRCh38	bed narrowPeak	pseudoreplicated peaks	annotation	https://www.encodeproject.org/files/ENCFF661WLX/@@download/ENCFF661WLX.bed.gz	2026-07-24T19:57:09+00:00
ENCODE	ENCSR240GDT	ENCFF749JEY	H3K27ac	GRCh38	bed narrowPeak	pseudoreplicated peaks	annotation	https://www.encodeproject.org/files/ENCFF749JEY/@@download/ENCFF749JEY.bed.gz	2026-07-24T19:57:09+00:00
ENCODE	ENCSR242AHB	ENCFF077BWP	H3K27ac	GRCh38	bed narrowPeak	pseudoreplicated peaks	annotation	https://www.encodeproject.org/files/ENCFF077BWP/@@download/ENCFF077BWP.bed.gz	2026-07-24T19:57:09+00:00
ENCODE	ENCSR242TBH	ENCFF219QRU	H3K27ac	GRCh38	bed narrowPeak	pseudoreplicated peaks	annotation	https://www.encodeproject.org/files/ENCFF219QRU/@@download/ENCFF219QRU.bed.gz	2026-07-24T19:57:09+00:00
ENCODE	ENCSR245GEV	ENCFF714JDQ	H3K27ac	GRCh38	bed narrowPeak	pseudoreplicated peaks	annotation	https://www.encodeproject.org/files/ENCFF714JDQ/@@download/ENCFF714JDQ.bed.gz	2026-07-24T19:57:09+00:00
ENCODE	ENCSR249IKQ	ENCFF460DVR	H3K27ac	GRCh38	bed narrowPeak	pseudoreplicated peaks	annotation	https://www.encodeproject.org/files/ENCFF460DVR/@@download/ENCFF460DVR.bed.gz	2026-07-24T19:57:09+00:00
ENCODE	ENCSR249INE	ENCFF531DLB	H3K27ac	GRCh38	bed narrowPeak	replicated peaks	annotation	https://www.encodeproject.org/files/ENCFF531DLB/@@download/ENCFF531DLB.bed.gz	2026-07-24T19:57:09+00:00
ENCODE	ENCSR250EHC	ENCFF551MDA	H3K27ac	GRCh38	bed narrowPeak	pseudoreplicated peaks	annotation	https://www.encodeproject.org/files/ENCFF551MDA/@@download/ENCFF551MDA.bed.gz	2026-07-24T19:57:09+00:00
ENCODE	ENCSR250NHD	ENCFF779CYV	H3K27ac	GRCh38	bed narrowPeak	pseudoreplicated peaks	annotation	https://www.encodeproject.org/files/ENCFF779CYV/@@download/ENCFF779CYV.bed.gz	2026-07-24T19:57:09+00:00
ENCODE	ENCSR251PPB	ENCFF010VMY	H3K27ac	GRCh38	bed narrowPeak	pseudoreplicated peaks	annotation	https://www.encodeproject.org/files/ENCFF010VMY/@@download/ENCFF010VMY.bed.gz	2026-07-24T19:57:09+00:00
ENCODE	ENCSR262JRZ	ENCFF810ZTP	H3K27ac	GRCh38	bed narrowPeak	pseudoreplicated peaks	annotation	https://www.encodeproject.org/files/ENCFF810ZTP/@@download/ENCFF810ZTP.bed.gz	2026-07-24T19:57:09+00:00
ENCODE	ENCSR267YXV	ENCFF775EFB	H3K27ac	GRCh38	bed narrowPeak	replicated peaks	annotation	https://www.encodeproject.org/files/ENCFF775EFB/@@download/ENCFF775EFB.bed.gz	2026-07-24T19:57:09+00:00
ENCODE	ENCSR268JQE	ENCFF554TER	H3K27ac	GRCh38	bed narrowPeak	pseudoreplicated peaks	annotation	https://www.encodeproject.org/files/ENCFF554TER/@@download/ENCFF554TER.bed.gz	2026-07-24T19:57:09+00:00
ENCODE	ENCSR268ZCF	ENCFF067IPT	H3K27ac	GRCh38	bed narrowPeak	pseudoreplicated peaks	annotation	https://www.encodeproject.org/files/ENCFF067IPT/@@download/ENCFF067IPT.bed.gz	2026-07-24T19:57:09+00:00
ENCODE	ENCSR278JAH	ENCFF289MDK	H3K27ac	GRCh38	bed narrowPeak	pseudoreplicated peaks	annotation	https://www.encodeproject.org/files/ENCFF289MDK/@@download/ENCFF289MDK.bed.gz	2026-07-24T19:57:09+00:00
ENCODE	ENCSR279KIX	ENCFF588AEO	H3K27ac	GRCh38	bed narrowPeak	replicated peaks	annotation	https://www.encodeproject.org/files/ENCFF588AEO/@@download/ENCFF588AEO.bed.gz	2026-07-24T19:57:09+00:00
ENCODE	ENCSR285NFQ	ENCFF022SXH	H3K27ac	GRCh38	bed narrowPeak	pseudoreplicated peaks	annotation	https://www.encodeproject.org/files/ENCFF022SXH/@@download/ENCFF022SXH.bed.gz	2026-07-24T19:57:09+00:00
ENCODE	ENCSR299EQJ	ENCFF861YME	H3K27ac	GRCh38	bed narrowPeak	pseudoreplicated peaks	annotation	https://www.encodeproject.org/files/ENCFF861YME/@@download/ENCFF861YME.bed.gz	2026-07-24T19:57:09+00:00
ENCODE	ENCSR303IKJ	ENCFF591XBH	H3K27ac	GRCh38	bed narrowPeak	pseudoreplicated peaks	annotation	https://www.encodeproject.org/files/ENCFF591XBH/@@download/ENCFF591XBH.bed.gz	2026-07-24T19:57:09+00:00
ENCODE	ENCSR305ISQ	ENCFF299NWK	H3K27ac	GRCh38	bed narrowPeak	pseudoreplicated peaks	annotation	https://www.encodeproject.org/files/ENCFF299NWK/@@download/ENCFF299NWK.bed.gz	2026-07-24T19:57:09+00:00
ENCODE	ENCSR307DQT	ENCFF245TXP	H3K27ac	GRCh38	bed narrowPeak	replicated peaks	annotation	https://www.encodeproject.org/files/ENCFF245TXP/@@download/ENCFF245TXP.bed.gz	2026-07-24T19:57:09+00:00
ENCODE	ENCSR312HLG	ENCFF817IVB	H3K27ac	GRCh38	bed narrowPeak	pseudoreplicated peaks	annotation	https://www.encodeproject.org/files/ENCFF817IVB/@@download/ENCFF817IVB.bed.gz	2026-07-24T19:57:09+00:00
ENCODE	ENCSR313CEH	ENCFF448PFH	H3K27ac	GRCh38	bed narrowPeak	pseudoreplicated peaks	annotation	https://www.encodeproject.org/files/ENCFF448PFH/@@download/ENCFF448PFH.bed.gz	2026-07-24T19:57:09+00:00
ENCODE	ENCSR314BEX	ENCFF440VKC	H3K27ac	GRCh38	bed narrowPeak	pseudoreplicated peaks	annotation	https://www.encodeproject.org/files/ENCFF440VKC/@@download/ENCFF440VKC.bed.gz	2026-07-24T19:57:09+00:00
ENCODE	ENCSR315IRO	ENCFF234HQO	H3K27ac	GRCh38	bed narrowPeak	pseudoreplicated peaks	annotation	https://www.encodeproject.org/files/ENCFF234HQO/@@download/ENCFF234HQO.bed.gz	2026-07-24T19:57:09+00:00
ENCODE	ENCSR315UUP	ENCFF788DLD	H3K27ac	GRCh38	bed narrowPeak	pseudoreplicated peaks	annotation	https://www.encodeproject.org/files/ENCFF788DLD/@@download/ENCFF788DLD.bed.gz	2026-07-24T19:57:09+00:00
ENCODE	ENCSR316LNO	ENCFF405WAW	H3K27ac	GRCh38	bed narrowPeak	replicated peaks	annotation	https://www.encodeproject.org/files/ENCFF405WAW/@@download/ENCFF405WAW.bed.gz	2026-07-24T19:57:09+00:00
ENCODE	ENCSR318HUC	ENCFF263VGS	H3K27ac	GRCh38	bed narrowPeak	pseudoreplicated peaks	annotation	https://www.encodeproject.org/files/ENCFF263VGS/@@download/ENCFF263VGS.bed.gz	2026-07-24T19:57:09+00:00
ENCODE	ENCSR321KDV	ENCFF875LMK	H3K27ac	GRCh38	bed narrowPeak	pseudoreplicated peaks	annotation	https://www.encodeproject.org/files/ENCFF875LMK/@@download/ENCFF875LMK.bed.gz	2026-07-24T19:57:09+00:00
ENCODE	ENCSR321LKT	ENCFF221NOB	H3K27ac	GRCh38	bed narrowPeak	pseudoreplicated peaks	annotation	https://www.encodeproject.org/files/ENCFF221NOB/@@download/ENCFF221NOB.bed.gz	2026-07-24T19:57:09+00:00
ENCODE	ENCSR322TJD	ENCFF686UBD	H3K27ac	GRCh38	bed narrowPeak	pseudoreplicated peaks	annotation	https://www.encodeproject.org/files/ENCFF686UBD/@@download/ENCFF686UBD.bed.gz	2026-07-24T19:57:09+00:00
ENCODE	ENCSR324JDC	ENCFF659NCA	H3K27ac	GRCh38	bed narrowPeak	pseudoreplicated peaks	annotation	https://www.encodeproject.org/files/ENCFF659NCA/@@download/ENCFF659NCA.bed.gz	2026-07-24T19:57:09+00:00
ENCODE	ENCSR325VCV	ENCFF389RXK	H3K27ac	GRCh38	bed narrowPeak	pseudoreplicated peaks	annotation	https://www.encodeproject.org/files/ENCFF389RXK/@@download/ENCFF389RXK.bed.gz	2026-07-24T19:57:09+00:00
ENCODE	ENCSR326YRW	ENCFF672SGH	H3K27ac	GRCh38	bed narrowPeak	pseudoreplicated peaks	annotation	https://www.encodeproject.org/files/ENCFF672SGH/@@download/ENCFF672SGH.bed.gz	2026-07-24T19:57:09+00:00
ENCODE	ENCSR327XTS	ENCFF051OAR	H3K27ac	GRCh38	bed narrowPeak	pseudoreplicated peaks	annotation	https://www.encodeproject.org/files/ENCFF051OAR/@@download/ENCFF051OAR.bed.gz	2026-07-24T19:57:09+00:00
ENCODE	ENCSR329FXI	ENCFF216VYV	H3K27ac	GRCh38	bed narrowPeak	pseudoreplicated peaks	annotation	https://www.encodeproject.org/files/ENCFF216VYV/@@download/ENCFF216VYV.bed.gz	2026-07-24T19:57:09+00:00
ENCODE	ENCSR334DRN	ENCFF462XVH	H3K27ac	GRCh38	bed narrowPeak	pseudoreplicated peaks	annotation	https://www.encodeproject.org/files/ENCFF462XVH/@@download/ENCFF462XVH.bed.gz	2026-07-24T19:57:09+00:00
ENCODE	ENCSR339XMR	ENCFF423CQD	H3K27ac	GRCh38	bed narrowPeak	pseudoreplicated peaks	annotation	https://www.encodeproject.org/files/ENCFF423CQD/@@download/ENCFF423CQD.bed.gz	2026-07-24T19:57:09+00:00
ENCODE	ENCSR340NAL	ENCFF728KHA	H3K27ac	GRCh38	bed narrowPeak	pseudoreplicated peaks	annotation	https://www.encodeproject.org/files/ENCFF728KHA/@@download/ENCFF728KHA.bed.gz	2026-07-24T19:57:09+00:00
ENCODE	ENCSR340OJR	ENCFF878EFJ	H3K27ac	GRCh38	bed narrowPeak	pseudoreplicated peaks	annotation	https://www.encodeproject.org/files/ENCFF878EFJ/@@download/ENCFF878EFJ.bed.gz	2026-07-24T19:57:09+00:00
ENCODE	ENCSR340ZTB	ENCFF289XOR	H3K27ac	GRCh38	bed narrowPeak	pseudoreplicated peaks	annotation	https://www.encodeproject.org/files/ENCFF289XOR/@@download/ENCFF289XOR.bed.gz	2026-07-24T19:57:09+00:00
ENCODE	ENCSR342KXD	ENCFF600QTP	H3K27ac	GRCh38	bed narrowPeak	pseudoreplicated peaks	annotation	https://www.encodeproject.org/files/ENCFF600QTP/@@download/ENCFF600QTP.bed.gz	2026-07-24T19:57:09+00:00
ENCODE	ENCSR343DFX	ENCFF758DTU	H3K27ac	GRCh38	bed narrowPeak	pseudoreplicated peaks	annotation	https://www.encodeproject.org/files/ENCFF758DTU/@@download/ENCFF758DTU.bed.gz	2026-07-24T19:57:09+00:00
ENCODE	ENCSR344PHP	ENCFF712CHB	H3K27ac	GRCh38	bed narrowPeak	pseudoreplicated peaks	annotation	https://www.encodeproject.org/files/ENCFF712CHB/@@download/ENCFF712CHB.bed.gz	2026-07-24T19:57:09+00:00
ENCODE	ENCSR346FVK	ENCFF051JUI	H3K27ac	GRCh38	bed narrowPeak	pseudoreplicated peaks	annotation	https://www.encodeproject.org/files/ENCFF051JUI/@@download/ENCFF051JUI.bed.gz	2026-07-24T19:57:09+00:00
ENCODE	ENCSR349VAW	ENCFF058RVC	H3K27ac	GRCh38	bed narrowPeak	pseudoreplicated peaks	annotation	https://www.encodeproject.org/files/ENCFF058RVC/@@download/ENCFF058RVC.bed.gz	2026-07-24T19:57:09+00:00
ENCODE	ENCSR350EFV	ENCFF942KPN	H3K27ac	GRCh38	bed narrowPeak	pseudoreplicated peaks	annotation	https://www.encodeproject.org/files/ENCFF942KPN/@@download/ENCFF942KPN.bed.gz	2026-07-24T19:57:09+00:00
ENCODE	ENCSR355GNZ	ENCFF907LMU	H3K27ac	GRCh38	bed narrowPeak	pseudoreplicated peaks	annotation	https://www.encodeproject.org/files/ENCFF907LMU/@@download/ENCFF907LMU.bed.gz	2026-07-24T19:57:09+00:00
ENCODE	ENCSR355UYP	ENCFF663DTI	H3K27ac	GRCh38	bed narrowPeak	pseudoreplicated peaks	annotation	https://www.encodeproject.org/files/ENCFF663DTI/@@download/ENCFF663DTI.bed.gz	2026-07-24T19:57:09+00:00
ENCODE	ENCSR367WYJ	ENCFF110BLF	H3K27ac	GRCh38	bed narrowPeak	pseudoreplicated peaks	annotation	https://www.encodeproject.org/files/ENCFF110BLF/@@download/ENCFF110BLF.bed.gz	2026-07-24T19:57:09+00:00
ENCODE	ENCSR368CYW	ENCFF553MQN	H3K27ac	GRCh38	bed narrowPeak	pseudoreplicated peaks	annotation	https://www.encodeproject.org/files/ENCFF553MQN/@@download/ENCFF553MQN.bed.gz	2026-07-24T19:57:09+00:00
ENCODE	ENCSR370OQJ	ENCFF797XLL	H3K27ac	GRCh38	bed narrowPeak	pseudoreplicated peaks	annotation	https://www.encodeproject.org/files/ENCFF797XLL/@@download/ENCFF797XLL.bed.gz	2026-07-24T19:57:09+00:00
ENCODE	ENCSR379DNM	ENCFF474VLR	H3K27ac	GRCh38	bed narrowPeak	pseudoreplicated peaks	annotation	https://www.encodeproject.org/files/ENCFF474VLR/@@download/ENCFF474VLR.bed.gz	2026-07-24T19:57:09+00:00
ENCODE	ENCSR379WXM	ENCFF691JCE	H3K27ac	GRCh38	bed narrowPeak	pseudoreplicated peaks	annotation	https://www.encodeproject.org/files/ENCFF691JCE/@@download/ENCFF691JCE.bed.gz	2026-07-24T19:57:09+00:00
ENCODE	ENCSR380KOO	ENCFF454RCC	H3K27ac	GRCh38	bed narrowPeak	pseudoreplicated peaks	annotation	https://www.encodeproject.org/files/ENCFF454RCC/@@download/ENCFF454RCC.bed.gz	2026-07-24T19:57:09+00:00
ENCODE	ENCSR386CKJ	ENCFF240EGF	H3K27ac	GRCh38	bed narrowPeak	pseudoreplicated peaks	annotation	https://www.encodeproject.org/files/ENCFF240EGF/@@download/ENCFF240EGF.bed.gz	2026-07-24T19:57:09+00:00
ENCODE	ENCSR391EQV	ENCFF240LSH	H3K27ac	GRCh38	bed narrowPeak	pseudoreplicated peaks	annotation	https://www.encodeproject.org/files/ENCFF240LSH/@@download/ENCFF240LSH.bed.gz	2026-07-24T19:57:09+00:00
ENCODE	ENCSR391NPE	ENCFF058TAP	H3K27ac	GRCh38	bed narrowPeak	replicated peaks	annotation	https://www.encodeproject.org/files/ENCFF058TAP/@@download/ENCFF058TAP.bed.gz	2026-07-24T19:57:09+00:00
ENCODE	ENCSR397NQK	ENCFF230KBG	H3K27ac	GRCh38	bed narrowPeak	pseudoreplicated peaks	annotation	https://www.encodeproject.org/files/ENCFF230KBG/@@download/ENCFF230KBG.bed.gz	2026-07-24T19:57:09+00:00
ENCODE	ENCSR400XSW	ENCFF148PQV	H3K27ac	GRCh38	bed narrowPeak	pseudoreplicated peaks	annotation	https://www.encodeproject.org/files/ENCFF148PQV/@@download/ENCFF148PQV.bed.gz	2026-07-24T19:57:09+00:00
ENCODE	ENCSR401KZW	ENCFF862CEW	H3K27ac	GRCh38	bed narrowPeak	pseudoreplicated peaks	annotation	https://www.encodeproject.org/files/ENCFF862CEW/@@download/ENCFF862CEW.bed.gz	2026-07-24T19:57:09+00:00
ENCODE	ENCSR402HFW	ENCFF064KHS	H3K27ac	GRCh38	bed narrowPeak	pseudoreplicated peaks	annotation	https://www.encodeproject.org/files/ENCFF064KHS/@@download/ENCFF064KHS.bed.gz	2026-07-24T19:57:09+00:00
ENCODE	ENCSR402JWL	ENCFF610WJV	H3K27ac	GRCh38	bed narrowPeak	pseudoreplicated peaks	annotation	https://www.encodeproject.org/files/ENCFF610WJV/@@download/ENCFF610WJV.bed.gz	2026-07-24T19:57:09+00:00
ENCODE	ENCSR403PZH	ENCFF283JME	H3K27ac	GRCh38	bed narrowPeak	pseudoreplicated peaks	annotation	https://www.encodeproject.org/files/ENCFF283JME/@@download/ENCFF283JME.bed.gz	2026-07-24T19:57:09+00:00
ENCODE	ENCSR405ESP	ENCFF193BKF	H3K27ac	GRCh38	bed narrowPeak	pseudoreplicated peaks	annotation	https://www.encodeproject.org/files/ENCFF193BKF/@@download/ENCFF193BKF.bed.gz	2026-07-24T19:57:09+00:00
ENCODE	ENCSR405FZE	ENCFF400TER	H3K27ac	GRCh38	bed narrowPeak	pseudoreplicated peaks	annotation	https://www.encodeproject.org/files/ENCFF400TER/@@download/ENCFF400TER.bed.gz	2026-07-24T19:57:09+00:00
ENCODE	ENCSR413QLR	ENCFF765OXM	H3K27ac	GRCh38	bed narrowPeak	pseudoreplicated peaks	annotation	https://www.encodeproject.org/files/ENCFF765OXM/@@download/ENCFF765OXM.bed.gz	2026-07-24T19:57:09+00:00
ENCODE	ENCSR413YCI	ENCFF015EZJ	H3K27ac	GRCh38	bed narrowPeak	pseudoreplicated peaks	annotation	https://www.encodeproject.org/files/ENCFF015EZJ/@@download/ENCFF015EZJ.bed.gz	2026-07-24T19:57:09+00:00
ENCODE	ENCSR419BNY	ENCFF654RND	H3K27ac	GRCh38	bed narrowPeak	pseudoreplicated peaks	annotation	https://www.encodeproject.org/files/ENCFF654RND/@@download/ENCFF654RND.bed.gz	2026-07-24T19:57:09+00:00
ENCODE	ENCSR424IJM	ENCFF045ADI	H3K27ac	GRCh38	bed narrowPeak	pseudoreplicated peaks	annotation	https://www.encodeproject.org/files/ENCFF045ADI/@@download/ENCFF045ADI.bed.gz	2026-07-24T19:57:09+00:00
ENCODE	ENCSR425FUS	ENCFF518ICW	H3K27ac	GRCh38	bed narrowPeak	pseudoreplicated peaks	annotation	https://www.encodeproject.org/files/ENCFF518ICW/@@download/ENCFF518ICW.bed.gz	2026-07-24T19:57:09+00:00
ENCODE	ENCSR425PQI	ENCFF059KOC	H3K27ac	GRCh38	bed narrowPeak	replicated peaks	annotation	https://www.encodeproject.org/files/ENCFF059KOC/@@download/ENCFF059KOC.bed.gz	2026-07-24T19:57:09+00:00
ENCODE	ENCSR426VHO	ENCFF892GEV	H3K27ac	GRCh38	bed narrowPeak	replicated peaks	annotation	https://www.encodeproject.org/files/ENCFF892GEV/@@download/ENCFF892GEV.bed.gz	2026-07-24T19:57:09+00:00
ENCODE	ENCSR429YAE	ENCFF693NFF	H3K27ac	GRCh38	bed narrowPeak	pseudoreplicated peaks	annotation	https://www.encodeproject.org/files/ENCFF693NFF/@@download/ENCFF693NFF.bed.gz	2026-07-24T19:57:09+00:00
ENCODE	ENCSR430RVP	ENCFF636SIY	H3K27ac	GRCh38	bed narrowPeak	pseudoreplicated peaks	annotation	https://www.encodeproject.org/files/ENCFF636SIY/@@download/ENCFF636SIY.bed.gz	2026-07-24T19:57:09+00:00
ENCODE	ENCSR432DPY	ENCFF848IRP	H3K27ac	GRCh38	bed narrowPeak	pseudoreplicated peaks	annotation	https://www.encodeproject.org/files/ENCFF848IRP/@@download/ENCFF848IRP.bed.gz	2026-07-24T19:57:09+00:00
ENCODE	ENCSR435JKM	ENCFF981WDM	H3K27ac	GRCh38	bed narrowPeak	pseudoreplicated peaks	annotation	https://www.encodeproject.org/files/ENCFF981WDM/@@download/ENCFF981WDM.bed.gz	2026-07-24T19:57:09+00:00
ENCODE	ENCSR436JNB	ENCFF927GAF	H3K27ac	GRCh38	bed narrowPeak	pseudoreplicated peaks	annotation	https://www.encodeproject.org/files/ENCFF927GAF/@@download/ENCFF927GAF.bed.gz	2026-07-24T19:57:09+00:00
ENCODE	ENCSR437QMD	ENCFF055FKA	H3K27ac	GRCh38	bed narrowPeak	pseudoreplicated peaks	annotation	https://www.encodeproject.org/files/ENCFF055FKA/@@download/ENCFF055FKA.bed.gz	2026-07-24T19:57:09+00:00
ENCODE	ENCSR438KQU	ENCFF595CLG	H3K27ac	GRCh38	bed narrowPeak	pseudoreplicated peaks	annotation	https://www.encodeproject.org/files/ENCFF595CLG/@@download/ENCFF595CLG.bed.gz	2026-07-24T19:57:09+00:00
ENCODE	ENCSR438SPO	ENCFF584JKX	H3K27ac	GRCh38	bed narrowPeak	pseudoreplicated peaks	annotation	https://www.encodeproject.org/files/ENCFF584JKX/@@download/ENCFF584JKX.bed.gz	2026-07-24T19:57:09+00:00
ENCODE	ENCSR440PMP	ENCFF597KVF	H3K27ac	GRCh38	bed narrowPeak	pseudoreplicated peaks	annotation	https://www.encodeproject.org/files/ENCFF597KVF/@@download/ENCFF597KVF.bed.gz	2026-07-24T19:57:09+00:00
ENCODE	ENCSR443UYU	ENCFF618VAN	H3K27ac	GRCh38	bed narrowPeak	pseudoreplicated peaks	annotation	https://www.encodeproject.org/files/ENCFF618VAN/@@download/ENCFF618VAN.bed.gz	2026-07-24T19:57:09+00:00
ENCODE	ENCSR447OHF	ENCFF641CMM	H3K27ac	GRCh38	bed narrowPeak	pseudoreplicated peaks	annotation	https://www.encodeproject.org/files/ENCFF641CMM/@@download/ENCFF641CMM.bed.gz	2026-07-24T19:57:09+00:00
ENCODE	ENCSR447ZGY	ENCFF459PFF	H3K27ac	GRCh38	bed narrowPeak	replicated peaks	annotation	https://www.encodeproject.org/files/ENCFF459PFF/@@download/ENCFF459PFF.bed.gz	2026-07-24T19:57:09+00:00
ENCODE	ENCSR449AUD	ENCFF693JGW	H3K27ac	GRCh38	bed narrowPeak	pseudoreplicated peaks	annotation	https://www.encodeproject.org/files/ENCFF693JGW/@@download/ENCFF693JGW.bed.gz	2026-07-24T19:57:09+00:00
ENCODE	ENCSR449AXO	ENCFF407DWP	H3K27ac	GRCh38	bed narrowPeak	replicated peaks	annotation	https://www.encodeproject.org/files/ENCFF407DWP/@@download/ENCFF407DWP.bed.gz	2026-07-24T19:57:09+00:00
ENCODE	ENCSR451WXC	ENCFF603FVA	H3K27ac	GRCh38	bed narrowPeak	pseudoreplicated peaks	annotation	https://www.encodeproject.org/files/ENCFF603FVA/@@download/ENCFF603FVA.bed.gz	2026-07-24T19:57:09+00:00
ENCODE	ENCSR453MUW	ENCFF678MSJ	H3K27ac	GRCh38	bed narrowPeak	pseudoreplicated peaks	annotation	https://www.encodeproject.org/files/ENCFF678MSJ/@@download/ENCFF678MSJ.bed.gz	2026-07-24T19:57:09+00:00
ENCODE	ENCSR454VRA	ENCFF581EXO	H3K27ac	GRCh38	bed narrowPeak	pseudoreplicated peaks	annotation	https://www.encodeproject.org/files/ENCFF581EXO/@@download/ENCFF581EXO.bed.gz	2026-07-24T19:57:09+00:00
ENCODE	ENCSR458RRZ	ENCFF813EXR	H3K27ac	GRCh38	bed narrowPeak	pseudoreplicated peaks	annotation	https://www.encodeproject.org/files/ENCFF813EXR/@@download/ENCFF813EXR.bed.gz	2026-07-24T19:57:09+00:00
ENCODE	ENCSR461GYN	ENCFF089YVE	H3K27ac	GRCh38	bed narrowPeak	pseudoreplicated peaks	annotation	https://www.encodeproject.org/files/ENCFF089YVE/@@download/ENCFF089YVE.bed.gz	2026-07-24T19:57:09+00:00
ENCODE	ENCSR463NAD	ENCFF300MWH	H3K27ac	GRCh38	bed narrowPeak	pseudoreplicated peaks	annotation	https://www.encodeproject.org/files/ENCFF300MWH/@@download/ENCFF300MWH.bed.gz	2026-07-24T19:57:09+00:00
ENCODE	ENCSR473PNT	ENCFF459UTL	H3K27ac	GRCh38	bed narrowPeak	replicated peaks	annotation	https://www.encodeproject.org/files/ENCFF459UTL/@@download/ENCFF459UTL.bed.gz	2026-07-24T19:57:09+00:00
ENCODE	ENCSR480OHP	ENCFF926NKP	H3K27ac	GRCh38	bed narrowPeak	pseudoreplicated peaks	annotation	https://www.encodeproject.org/files/ENCFF926NKP/@@download/ENCFF926NKP.bed.gz	2026-07-24T19:57:09+00:00
ENCODE	ENCSR489LNU	ENCFF788KZX	H3K27ac	GRCh38	bed narrowPeak	pseudoreplicated peaks	annotation	https://www.encodeproject.org/files/ENCFF788KZX/@@download/ENCFF788KZX.bed.gz	2026-07-24T19:57:09+00:00
ENCODE	ENCSR492PXH	ENCFF459QWJ	H3K27ac	GRCh38	bed narrowPeak	pseudoreplicated peaks	annotation	https://www.encodeproject.org/files/ENCFF459QWJ/@@download/ENCFF459QWJ.bed.gz	2026-07-24T19:57:09+00:00
ENCODE	ENCSR494MDB	ENCFF253UKG	H3K27ac	GRCh38	bed narrowPeak	pseudoreplicated peaks	annotation	https://www.encodeproject.org/files/ENCFF253UKG/@@download/ENCFF253UKG.bed.gz	2026-07-24T19:57:09+00:00
ENCODE	ENCSR494WCX	ENCFF683QWQ	H3K27ac	GRCh38	bed narrowPeak	pseudoreplicated peaks	annotation	https://www.encodeproject.org/files/ENCFF683QWQ/@@download/ENCFF683QWQ.bed.gz	2026-07-24T19:57:09+00:00
ENCODE	ENCSR495HIT	ENCFF676LJR	H3K27ac	GRCh38	bed narrowPeak	pseudoreplicated peaks	annotation	https://www.encodeproject.org/files/ENCFF676LJR/@@download/ENCFF676LJR.bed.gz	2026-07-24T19:57:09+00:00
ENCODE	ENCSR498NGT	ENCFF730HDE	H3K27ac	GRCh38	bed narrowPeak	pseudoreplicated peaks	annotation	https://www.encodeproject.org/files/ENCFF730HDE/@@download/ENCFF730HDE.bed.gz	2026-07-24T19:57:09+00:00
ENCODE	ENCSR498ZRC	ENCFF684BWJ	H3K27ac	GRCh38	bed narrowPeak	pseudoreplicated peaks	annotation	https://www.encodeproject.org/files/ENCFF684BWJ/@@download/ENCFF684BWJ.bed.gz	2026-07-24T19:57:09+00:00
ENCODE	ENCSR499IIR	ENCFF499RFX	H3K27ac	GRCh38	bed narrowPeak	pseudoreplicated peaks	annotation	https://www.encodeproject.org/files/ENCFF499RFX/@@download/ENCFF499RFX.bed.gz	2026-07-24T19:57:09+00:00
ENCODE	ENCSR500YBS	ENCFF098WLV	H3K27ac	GRCh38	bed narrowPeak	pseudoreplicated peaks	annotation	https://www.encodeproject.org/files/ENCFF098WLV/@@download/ENCFF098WLV.bed.gz	2026-07-24T19:57:09+00:00
ENCODE	ENCSR505OPZ	ENCFF749RHX	H3K27ac	GRCh38	bed narrowPeak	replicated peaks	annotation	https://www.encodeproject.org/files/ENCFF749RHX/@@download/ENCFF749RHX.bed.gz	2026-07-24T19:57:09+00:00
ENCODE	ENCSR505YFA	ENCFF359SII	H3K27ac	GRCh38	bed narrowPeak	pseudoreplicated peaks	annotation	https://www.encodeproject.org/files/ENCFF359SII/@@download/ENCFF359SII.bed.gz	2026-07-24T19:57:09+00:00
ENCODE	ENCSR506FPQ	ENCFF165QMM	H3K27ac	GRCh38	bed narrowPeak	pseudoreplicated peaks	annotation	https://www.encodeproject.org/files/ENCFF165QMM/@@download/ENCFF165QMM.bed.gz	2026-07-24T19:57:09+00:00
ENCODE	ENCSR507SRD	ENCFF972AZZ	H3K27ac	GRCh38	bed narrowPeak	pseudoreplicated peaks	annotation	https://www.encodeproject.org/files/ENCFF972AZZ/@@download/ENCFF972AZZ.bed.gz	2026-07-24T19:57:09+00:00
ENCODE	ENCSR507UDH	ENCFF244MRN	H3K27ac	GRCh38	bed narrowPeak	replicated peaks	annotation	https://www.encodeproject.org/files/ENCFF244MRN/@@download/ENCFF244MRN.bed.gz	2026-07-24T19:57:09+00:00
ENCODE	ENCSR510RPC	ENCFF846LAZ	H3K27ac	GRCh38	bed narrowPeak	pseudoreplicated peaks	annotation	https://www.encodeproject.org/files/ENCFF846LAZ/@@download/ENCFF846LAZ.bed.gz	2026-07-24T19:57:09+00:00
ENCODE	ENCSR516LQO	ENCFF236TNX	H3K27ac	GRCh38	bed narrowPeak	pseudoreplicated peaks	annotation	https://www.encodeproject.org/files/ENCFF236TNX/@@download/ENCFF236TNX.bed.gz	2026-07-24T19:57:09+00:00
ENCODE	ENCSR517NSQ	ENCFF336ETH	H3K27ac	GRCh38	bed narrowPeak	pseudoreplicated peaks	annotation	https://www.encodeproject.org/files/ENCFF336ETH/@@download/ENCFF336ETH.bed.gz	2026-07-24T19:57:09+00:00
ENCODE	ENCSR519CFV	ENCFF057LJS	H3K27ac	GRCh38	bed narrowPeak	pseudoreplicated peaks	annotation	https://www.encodeproject.org/files/ENCFF057LJS/@@download/ENCFF057LJS.bed.gz	2026-07-24T19:57:09+00:00
ENCODE	ENCSR520BIM	ENCFF292JKC	H3K27ac	GRCh38	bed narrowPeak	replicated peaks	annotation	https://www.encodeproject.org/files/ENCFF292JKC/@@download/ENCFF292JKC.bed.gz	2026-07-24T19:57:09+00:00
ENCODE	ENCSR520KVD	ENCFF721ZGP	H3K27ac	GRCh38	bed narrowPeak	pseudoreplicated peaks	annotation	https://www.encodeproject.org/files/ENCFF721ZGP/@@download/ENCFF721ZGP.bed.gz	2026-07-24T19:57:09+00:00
ENCODE	ENCSR522MTS	ENCFF397PJU	H3K27ac	GRCh38	bed narrowPeak	pseudoreplicated peaks	annotation	https://www.encodeproject.org/files/ENCFF397PJU/@@download/ENCFF397PJU.bed.gz	2026-07-24T19:57:09+00:00
ENCODE	ENCSR524MPL	ENCFF319KZD	H3K27ac	GRCh38	bed narrowPeak	pseudoreplicated peaks	annotation	https://www.encodeproject.org/files/ENCFF319KZD/@@download/ENCFF319KZD.bed.gz	2026-07-24T19:57:09+00:00
ENCODE	ENCSR526RGE	ENCFF192EUQ	H3K27ac	GRCh38	bed narrowPeak	pseudoreplicated peaks	annotation	https://www.encodeproject.org/files/ENCFF192EUQ/@@download/ENCFF192EUQ.bed.gz	2026-07-24T19:57:09+00:00
ENCODE	ENCSR531VWS	ENCFF639KHG	H3K27ac	GRCh38	bed narrowPeak	pseudoreplicated peaks	annotation	https://www.encodeproject.org/files/ENCFF639KHG/@@download/ENCFF639KHG.bed.gz	2026-07-24T19:57:09+00:00
ENCODE	ENCSR532SRK	ENCFF337DEA	H3K27ac	GRCh38	bed narrowPeak	pseudoreplicated peaks	annotation	https://www.encodeproject.org/files/ENCFF337DEA/@@download/ENCFF337DEA.bed.gz	2026-07-24T19:57:09+00:00
ENCODE	ENCSR535GFO	ENCFF377PYQ	H3K27ac	GRCh38	bed narrowPeak	replicated peaks	annotation	https://www.encodeproject.org/files/ENCFF377PYQ/@@download/ENCFF377PYQ.bed.gz	2026-07-24T19:57:09+00:00
ENCODE	ENCSR540ADS	ENCFF562MSH	H3K27ac	GRCh38	bed narrowPeak	pseudoreplicated peaks	annotation	https://www.encodeproject.org/files/ENCFF562MSH/@@download/ENCFF562MSH.bed.gz	2026-07-24T19:57:09+00:00
ENCODE	ENCSR540KQC	ENCFF707MQP	H3K27ac	GRCh38	bed narrowPeak	pseudoreplicated peaks	annotation	https://www.encodeproject.org/files/ENCFF707MQP/@@download/ENCFF707MQP.bed.gz	2026-07-24T19:57:09+00:00
ENCODE	ENCSR543CPW	ENCFF434KGU	H3K27ac	GRCh38	bed narrowPeak	pseudoreplicated peaks	annotation	https://www.encodeproject.org/files/ENCFF434KGU/@@download/ENCFF434KGU.bed.gz	2026-07-24T19:57:09+00:00
ENCODE	ENCSR543ZVZ	ENCFF207OTC	H3K27ac	GRCh38	bed narrowPeak	pseudoreplicated peaks	annotation	https://www.encodeproject.org/files/ENCFF207OTC/@@download/ENCFF207OTC.bed.gz	2026-07-24T19:57:09+00:00
ENCODE	ENCSR546SDM	ENCFF901AMN	H3K27ac	GRCh38	bed narrowPeak	pseudoreplicated peaks	annotation	https://www.encodeproject.org/files/ENCFF901AMN/@@download/ENCFF901AMN.bed.gz	2026-07-24T19:57:09+00:00
ENCODE	ENCSR549ZDH	ENCFF595JKW	H3K27ac	GRCh38	bed narrowPeak	pseudoreplicated peaks	annotation	https://www.encodeproject.org/files/ENCFF595JKW/@@download/ENCFF595JKW.bed.gz	2026-07-24T19:57:09+00:00
ENCODE	ENCSR550WUX	ENCFF767HEP	H3K27ac	GRCh38	bed narrowPeak	pseudoreplicated peaks	annotation	https://www.encodeproject.org/files/ENCFF767HEP/@@download/ENCFF767HEP.bed.gz	2026-07-24T19:57:09+00:00
ENCODE	ENCSR554HDT	ENCFF169QSG	H3K27ac	GRCh38	bed narrowPeak	pseudoreplicated peaks	annotation	https://www.encodeproject.org/files/ENCFF169QSG/@@download/ENCFF169QSG.bed.gz	2026-07-24T19:57:09+00:00
ENCODE	ENCSR555HJT	ENCFF761QUK	H3K27ac	GRCh38	bed narrowPeak	pseudoreplicated peaks	annotation	https://www.encodeproject.org/files/ENCFF761QUK/@@download/ENCFF761QUK.bed.gz	2026-07-24T19:57:09+00:00
ENCODE	ENCSR557DFM	ENCFF543XLN	H3K27ac	GRCh38	bed narrowPeak	pseudoreplicated peaks	annotation	https://www.encodeproject.org/files/ENCFF543XLN/@@download/ENCFF543XLN.bed.gz	2026-07-24T19:57:09+00:00
ENCODE	ENCSR560BEL	ENCFF987KRH	H3K27ac	GRCh38	bed narrowPeak	pseudoreplicated peaks	annotation	https://www.encodeproject.org/files/ENCFF987KRH/@@download/ENCFF987KRH.bed.gz	2026-07-24T19:57:09+00:00
ENCODE	ENCSR561KOM	ENCFF449ITG	H3K27ac	GRCh38	bed narrowPeak	pseudoreplicated peaks	annotation	https://www.encodeproject.org/files/ENCFF449ITG/@@download/ENCFF449ITG.bed.gz	2026-07-24T19:57:09+00:00
ENCODE	ENCSR561VNL	ENCFF104GTG	H3K27ac	GRCh38	bed narrowPeak	pseudoreplicated peaks	annotation	https://www.encodeproject.org/files/ENCFF104GTG/@@download/ENCFF104GTG.bed.gz	2026-07-24T19:57:09+00:00
ENCODE	ENCSR561YSH	ENCFF096HVY	H3K27ac	GRCh38	bed narrowPeak	pseudoreplicated peaks	annotation	https://www.encodeproject.org/files/ENCFF096HVY/@@download/ENCFF096HVY.bed.gz	2026-07-24T19:57:09+00:00
ENCODE	ENCSR564IGJ	ENCFF790UBM	H3K27ac	GRCh38	bed narrowPeak	replicated peaks	annotation	https://www.encodeproject.org/files/ENCFF790UBM/@@download/ENCFF790UBM.bed.gz	2026-07-24T19:57:09+00:00
ENCODE	ENCSR564WJA	ENCFF805FFP	H3K27ac	GRCh38	bed narrowPeak	pseudoreplicated peaks	annotation	https://www.encodeproject.org/files/ENCFF805FFP/@@download/ENCFF805FFP.bed.gz	2026-07-24T19:57:09+00:00
ENCODE	ENCSR569IBY	ENCFF795VML	H3K27ac	GRCh38	bed narrowPeak	pseudoreplicated peaks	annotation	https://www.encodeproject.org/files/ENCFF795VML/@@download/ENCFF795VML.bed.gz	2026-07-24T19:57:09+00:00
ENCODE	ENCSR577GVS	ENCFF382WGI	H3K27ac	GRCh38	bed narrowPeak	pseudoreplicated peaks	annotation	https://www.encodeproject.org/files/ENCFF382WGI/@@download/ENCFF382WGI.bed.gz	2026-07-24T19:57:09+00:00
ENCODE	ENCSR579YLO	ENCFF660FJP	H3K27ac	GRCh38	bed narrowPeak	pseudoreplicated peaks	annotation	https://www.encodeproject.org/files/ENCFF660FJP/@@download/ENCFF660FJP.bed.gz	2026-07-24T19:57:09+00:00
ENCODE	ENCSR581KPP	ENCFF461TWG	H3K27ac	GRCh38	bed narrowPeak	pseudoreplicated peaks	annotation	https://www.encodeproject.org/files/ENCFF461TWG/@@download/ENCFF461TWG.bed.gz	2026-07-24T19:57:09+00:00
ENCODE	ENCSR582UTE	ENCFF268OSV	H3K27ac	GRCh38	bed narrowPeak	pseudoreplicated peaks	annotation	https://www.encodeproject.org/files/ENCFF268OSV/@@download/ENCFF268OSV.bed.gz	2026-07-24T19:57:09+00:00
ENCODE	ENCSR593INW	ENCFF150QLH	H3K27ac	GRCh38	bed narrowPeak	replicated peaks	annotation	https://www.encodeproject.org/files/ENCFF150QLH/@@download/ENCFF150QLH.bed.gz	2026-07-24T19:57:09+00:00
ENCODE	ENCSR593KDJ	ENCFF777LYB	H3K27ac	GRCh38	bed narrowPeak	pseudoreplicated peaks	annotation	https://www.encodeproject.org/files/ENCFF777LYB/@@download/ENCFF777LYB.bed.gz	2026-07-24T19:57:09+00:00
ENCODE	ENCSR596PFU	ENCFF573CFJ	H3K27ac	GRCh38	bed narrowPeak	pseudoreplicated peaks	annotation	https://www.encodeproject.org/files/ENCFF573CFJ/@@download/ENCFF573CFJ.bed.gz	2026-07-24T19:57:09+00:00
ENCODE	ENCSR597BWL	ENCFF120SGY	H3K27ac	GRCh38	bed narrowPeak	replicated peaks	annotation	https://www.encodeproject.org/files/ENCFF120SGY/@@download/ENCFF120SGY.bed.gz	2026-07-24T19:57:09+00:00
ENCODE	ENCSR597RXN	ENCFF933DUA	H3K27ac	GRCh38	bed narrowPeak	pseudoreplicated peaks	annotation	https://www.encodeproject.org/files/ENCFF933DUA/@@download/ENCFF933DUA.bed.gz	2026-07-24T19:57:09+00:00
ENCODE	ENCSR597UDW	ENCFF773MWG	H3K27ac	GRCh38	bed narrowPeak	replicated peaks	annotation	https://www.encodeproject.org/files/ENCFF773MWG/@@download/ENCFF773MWG.bed.gz	2026-07-24T19:57:09+00:00
ENCODE	ENCSR597ULV	ENCFF776KYJ	H3K27ac	GRCh38	bed narrowPeak	replicated peaks	annotation	https://www.encodeproject.org/files/ENCFF776KYJ/@@download/ENCFF776KYJ.bed.gz	2026-07-24T19:57:09+00:00
ENCODE	ENCSR600TOW	ENCFF133RJS	H3K27ac	GRCh38	bed narrowPeak	pseudoreplicated peaks	annotation	https://www.encodeproject.org/files/ENCFF133RJS/@@download/ENCFF133RJS.bed.gz	2026-07-24T19:57:09+00:00
ENCODE	ENCSR601VHO	ENCFF213UNL	H3K27ac	GRCh38	bed narrowPeak	pseudoreplicated peaks	annotation	https://www.encodeproject.org/files/ENCFF213UNL/@@download/ENCFF213UNL.bed.gz	2026-07-24T19:57:09+00:00
ENCODE	ENCSR604JDV	ENCFF838BLK	H3K27ac	GRCh38	bed narrowPeak	pseudoreplicated peaks	annotation	https://www.encodeproject.org/files/ENCFF838BLK/@@download/ENCFF838BLK.bed.gz	2026-07-24T19:57:09+00:00
ENCODE	ENCSR606WJA	ENCFF967HWJ	H3K27ac	GRCh38	bed narrowPeak	pseudoreplicated peaks	annotation	https://www.encodeproject.org/files/ENCFF967HWJ/@@download/ENCFF967HWJ.bed.gz	2026-07-24T19:57:09+00:00
ENCODE	ENCSR607IHY	ENCFF812QHM	H3K27ac	GRCh38	bed narrowPeak	pseudoreplicated peaks	annotation	https://www.encodeproject.org/files/ENCFF812QHM/@@download/ENCFF812QHM.bed.gz	2026-07-24T19:57:09+00:00
ENCODE	ENCSR608XIG	ENCFF592RKH	H3K27ac	GRCh38	bed narrowPeak	pseudoreplicated peaks	annotation	https://www.encodeproject.org/files/ENCFF592RKH/@@download/ENCFF592RKH.bed.gz	2026-07-24T19:57:09+00:00
ENCODE	ENCSR612BWE	ENCFF769XNX	H3K27ac	GRCh38	bed narrowPeak	pseudoreplicated peaks	annotation	https://www.encodeproject.org/files/ENCFF769XNX/@@download/ENCFF769XNX.bed.gz	2026-07-24T19:57:09+00:00
ENCODE	ENCSR614NPG	ENCFF709DOX	H3K27ac	GRCh38	bed narrowPeak	pseudoreplicated peaks	annotation	https://www.encodeproject.org/files/ENCFF709DOX/@@download/ENCFF709DOX.bed.gz	2026-07-24T19:57:09+00:00
ENCODE	ENCSR615HXA	ENCFF842HJX	H3K27ac	GRCh38	bed narrowPeak	pseudoreplicated peaks	annotation	https://www.encodeproject.org/files/ENCFF842HJX/@@download/ENCFF842HJX.bed.gz	2026-07-24T19:57:09+00:00
ENCODE	ENCSR619POC	ENCFF950ZZI	H3K27ac	GRCh38	bed narrowPeak	pseudoreplicated peaks	annotation	https://www.encodeproject.org/files/ENCFF950ZZI/@@download/ENCFF950ZZI.bed.gz	2026-07-24T19:57:09+00:00
ENCODE	ENCSR619TOU	ENCFF586OIU	H3K27ac	GRCh38	bed narrowPeak	pseudoreplicated peaks	annotation	https://www.encodeproject.org/files/ENCFF586OIU/@@download/ENCFF586OIU.bed.gz	2026-07-24T19:57:09+00:00
ENCODE	ENCSR620AZM	ENCFF412NPA	H3K27ac	GRCh38	bed narrowPeak	pseudoreplicated peaks	annotation	https://www.encodeproject.org/files/ENCFF412NPA/@@download/ENCFF412NPA.bed.gz	2026-07-24T19:57:09+00:00
ENCODE	ENCSR637ISS	ENCFF176RUI	H3K27ac	GRCh38	bed narrowPeak	replicated peaks	annotation	https://www.encodeproject.org/files/ENCFF176RUI/@@download/ENCFF176RUI.bed.gz	2026-07-24T19:57:09+00:00
ENCODE	ENCSR640XRV	ENCFF364FXO	H3K27ac	GRCh38	bed narrowPeak	replicated peaks	annotation	https://www.encodeproject.org/files/ENCFF364FXO/@@download/ENCFF364FXO.bed.gz	2026-07-24T19:57:09+00:00
ENCODE	ENCSR641QPH	ENCFF229NLK	H3K27ac	GRCh38	bed narrowPeak	pseudoreplicated peaks	annotation	https://www.encodeproject.org/files/ENCFF229NLK/@@download/ENCFF229NLK.bed.gz	2026-07-24T19:57:09+00:00
ENCODE	ENCSR641SDI	ENCFF380BKA	H3K27ac	GRCh38	bed narrowPeak	pseudoreplicated peaks	annotation	https://www.encodeproject.org/files/ENCFF380BKA/@@download/ENCFF380BKA.bed.gz	2026-07-24T19:57:09+00:00
ENCODE	ENCSR641YLG	ENCFF787FST	H3K27ac	GRCh38	bed narrowPeak	pseudoreplicated peaks	annotation	https://www.encodeproject.org/files/ENCFF787FST/@@download/ENCFF787FST.bed.gz	2026-07-24T19:57:09+00:00
ENCODE	ENCSR642HHF	ENCFF852GEC	H3K27ac	GRCh38	bed narrowPeak	pseudoreplicated peaks	annotation	https://www.encodeproject.org/files/ENCFF852GEC/@@download/ENCFF852GEC.bed.gz	2026-07-24T19:57:09+00:00
ENCODE	ENCSR643TBI	ENCFF876HSB	H3K27ac	GRCh38	bed narrowPeak	pseudoreplicated peaks	annotation	https://www.encodeproject.org/files/ENCFF876HSB/@@download/ENCFF876HSB.bed.gz	2026-07-24T19:57:09+00:00
ENCODE	ENCSR645MXO	ENCFF570DDI	H3K27ac	GRCh38	bed narrowPeak	pseudoreplicated peaks	annotation	https://www.encodeproject.org/files/ENCFF570DDI/@@download/ENCFF570DDI.bed.gz	2026-07-24T19:57:09+00:00
ENCODE	ENCSR645SYH	ENCFF352GQN	H3K27ac	GRCh38	bed narrowPeak	pseudoreplicated peaks	annotation	https://www.encodeproject.org/files/ENCFF352GQN/@@download/ENCFF352GQN.bed.gz	2026-07-24T19:57:09+00:00
ENCODE	ENCSR655XLM	ENCFF484AHL	H3K27ac	GRCh38	bed narrowPeak	pseudoreplicated peaks	annotation	https://www.encodeproject.org/files/ENCFF484AHL/@@download/ENCFF484AHL.bed.gz	2026-07-24T19:57:09+00:00
ENCODE	ENCSR656PGJ	ENCFF848ZBF	H3K27ac	GRCh38	bed narrowPeak	pseudoreplicated peaks	annotation	https://www.encodeproject.org/files/ENCFF848ZBF/@@download/ENCFF848ZBF.bed.gz	2026-07-24T19:57:09+00:00
ENCODE	ENCSR656ZEQ	ENCFF459MKC	H3K27ac	GRCh38	bed narrowPeak	pseudoreplicated peaks	annotation	https://www.encodeproject.org/files/ENCFF459MKC/@@download/ENCFF459MKC.bed.gz	2026-07-24T19:57:09+00:00
ENCODE	ENCSR659RHV	ENCFF393MNY	H3K27ac	GRCh38	bed narrowPeak	pseudoreplicated peaks	annotation	https://www.encodeproject.org/files/ENCFF393MNY/@@download/ENCFF393MNY.bed.gz	2026-07-24T19:57:09+00:00
ENCODE	ENCSR660IQS	ENCFF371MFX	H3K27ac	GRCh38	bed narrowPeak	replicated peaks	annotation	https://www.encodeproject.org/files/ENCFF371MFX/@@download/ENCFF371MFX.bed.gz	2026-07-24T19:57:09+00:00
ENCODE	ENCSR661KMA	ENCFF349LKU	H3K27ac	GRCh38	bed narrowPeak	replicated peaks	annotation	https://www.encodeproject.org/files/ENCFF349LKU/@@download/ENCFF349LKU.bed.gz	2026-07-24T19:57:09+00:00
ENCODE	ENCSR666TFS	ENCFF113RWB	H3K27ac	GRCh38	bed narrowPeak	pseudoreplicated peaks	annotation	https://www.encodeproject.org/files/ENCFF113RWB/@@download/ENCFF113RWB.bed.gz	2026-07-24T19:57:09+00:00
ENCODE	ENCSR668DIS	ENCFF925RBS	H3K27ac	GRCh38	bed narrowPeak	pseudoreplicated peaks	annotation	https://www.encodeproject.org/files/ENCFF925RBS/@@download/ENCFF925RBS.bed.gz	2026-07-24T19:57:09+00:00
ENCODE	ENCSR668EVA	ENCFF117FCG	H3K27ac	GRCh38	bed narrowPeak	replicated peaks	annotation	https://www.encodeproject.org/files/ENCFF117FCG/@@download/ENCFF117FCG.bed.gz	2026-07-24T19:57:09+00:00
ENCODE	ENCSR668GBL	ENCFF222IBT	H3K27ac	GRCh38	bed narrowPeak	replicated peaks	annotation	https://www.encodeproject.org/files/ENCFF222IBT/@@download/ENCFF222IBT.bed.gz	2026-07-24T19:57:09+00:00
ENCODE	ENCSR674VPA	ENCFF053QZH	H3K27ac	GRCh38	bed narrowPeak	pseudoreplicated peaks	annotation	https://www.encodeproject.org/files/ENCFF053QZH/@@download/ENCFF053QZH.bed.gz	2026-07-24T19:57:09+00:00
ENCODE	ENCSR677LBH	ENCFF601HAA	H3K27ac	GRCh38	bed narrowPeak	pseudoreplicated peaks	annotation	https://www.encodeproject.org/files/ENCFF601HAA/@@download/ENCFF601HAA.bed.gz	2026-07-24T19:57:09+00:00
ENCODE	ENCSR678LND	ENCFF275ZWJ	H3K27ac	GRCh38	bed narrowPeak	pseudoreplicated peaks	annotation	https://www.encodeproject.org/files/ENCFF275ZWJ/@@download/ENCFF275ZWJ.bed.gz	2026-07-24T19:57:09+00:00
ENCODE	ENCSR679OVD	ENCFF535PRN	H3K27ac	GRCh38	bed narrowPeak	pseudoreplicated peaks	annotation	https://www.encodeproject.org/files/ENCFF535PRN/@@download/ENCFF535PRN.bed.gz	2026-07-24T19:57:09+00:00
ENCODE	ENCSR680IWU	ENCFF294IIV	H3K27ac	GRCh38	bed narrowPeak	pseudoreplicated peaks	annotation	https://www.encodeproject.org/files/ENCFF294IIV/@@download/ENCFF294IIV.bed.gz	2026-07-24T19:57:09+00:00
ENCODE	ENCSR681ELN	ENCFF954CRD	H3K27ac	GRCh38	bed narrowPeak	pseudoreplicated peaks	annotation	https://www.encodeproject.org/files/ENCFF954CRD/@@download/ENCFF954CRD.bed.gz	2026-07-24T19:57:09+00:00
ENCODE	ENCSR681RQP	ENCFF452ROO	H3K27ac	GRCh38	bed narrowPeak	pseudoreplicated peaks	annotation	https://www.encodeproject.org/files/ENCFF452ROO/@@download/ENCFF452ROO.bed.gz	2026-07-24T19:57:09+00:00
ENCODE	ENCSR683RXF	ENCFF600DLN	H3K27ac	GRCh38	bed narrowPeak	pseudoreplicated peaks	annotation	https://www.encodeproject.org/files/ENCFF600DLN/@@download/ENCFF600DLN.bed.gz	2026-07-24T19:57:09+00:00
ENCODE	ENCSR685XVI	ENCFF087WUV	H3K27ac	GRCh38	bed narrowPeak	pseudoreplicated peaks	annotation	https://www.encodeproject.org/files/ENCFF087WUV/@@download/ENCFF087WUV.bed.gz	2026-07-24T19:57:09+00:00
ENCODE	ENCSR687ZCM	ENCFF154ZCF	H3K27ac	GRCh38	bed narrowPeak	pseudoreplicated peaks	annotation	https://www.encodeproject.org/files/ENCFF154ZCF/@@download/ENCFF154ZCF.bed.gz	2026-07-24T19:57:09+00:00
ENCODE	ENCSR693VHX	ENCFF386RIR	H3K27ac	GRCh38	bed narrowPeak	pseudoreplicated peaks	annotation	https://www.encodeproject.org/files/ENCFF386RIR/@@download/ENCFF386RIR.bed.gz	2026-07-24T19:57:09+00:00
ENCODE	ENCSR694RCH	ENCFF476VFI	H3K27ac	GRCh38	bed narrowPeak	pseudoreplicated peaks	annotation	https://www.encodeproject.org/files/ENCFF476VFI/@@download/ENCFF476VFI.bed.gz	2026-07-24T19:57:09+00:00
ENCODE	ENCSR697MUJ	ENCFF895PGR	H3K27ac	GRCh38	bed narrowPeak	pseudoreplicated peaks	annotation	https://www.encodeproject.org/files/ENCFF895PGR/@@download/ENCFF895PGR.bed.gz	2026-07-24T19:57:09+00:00
ENCODE	ENCSR700LWI	ENCFF489GFM	H3K27ac	GRCh38	bed narrowPeak	pseudoreplicated peaks	annotation	https://www.encodeproject.org/files/ENCFF489GFM/@@download/ENCFF489GFM.bed.gz	2026-07-24T19:57:09+00:00
ENCODE	ENCSR702OVJ	ENCFF258ZRC	H3K27ac	GRCh38	bed narrowPeak	pseudoreplicated peaks	annotation	https://www.encodeproject.org/files/ENCFF258ZRC/@@download/ENCFF258ZRC.bed.gz	2026-07-24T19:57:09+00:00
ENCODE	ENCSR705BTW	ENCFF285ZGA	H3K27ac	GRCh38	bed narrowPeak	pseudoreplicated peaks	annotation	https://www.encodeproject.org/files/ENCFF285ZGA/@@download/ENCFF285ZGA.bed.gz	2026-07-24T19:57:09+00:00
ENCODE	ENCSR709ABP	ENCFF468AZQ	H3K27ac	GRCh38	bed narrowPeak	replicated peaks	annotation	https://www.encodeproject.org/files/ENCFF468AZQ/@@download/ENCFF468AZQ.bed.gz	2026-07-24T19:57:09+00:00
ENCODE	ENCSR714TJD	ENCFF979ACW	H3K27ac	GRCh38	bed narrowPeak	replicated peaks	annotation	https://www.encodeproject.org/files/ENCFF979ACW/@@download/ENCFF979ACW.bed.gz	2026-07-24T19:57:09+00:00
ENCODE	ENCSR716FUH	ENCFF422YOG	H3K27ac	GRCh38	bed narrowPeak	pseudoreplicated peaks	annotation	https://www.encodeproject.org/files/ENCFF422YOG/@@download/ENCFF422YOG.bed.gz	2026-07-24T19:57:09+00:00
ENCODE	ENCSR716XDB	ENCFF437OIO	H3K27ac	GRCh38	bed narrowPeak	pseudoreplicated peaks	annotation	https://www.encodeproject.org/files/ENCFF437OIO/@@download/ENCFF437OIO.bed.gz	2026-07-24T19:57:09+00:00
ENCODE	ENCSR717HIA	ENCFF066TKK	H3K27ac	GRCh38	bed narrowPeak	pseudoreplicated peaks	annotation	https://www.encodeproject.org/files/ENCFF066TKK/@@download/ENCFF066TKK.bed.gz	2026-07-24T19:57:09+00:00
ENCODE	ENCSR718BTD	ENCFF993QQW	H3K27ac	GRCh38	bed narrowPeak	replicated peaks	annotation	https://www.encodeproject.org/files/ENCFF993QQW/@@download/ENCFF993QQW.bed.gz	2026-07-24T19:57:09+00:00
ENCODE	ENCSR719FEJ	ENCFF887YAV	H3K27ac	GRCh38	bed narrowPeak	replicated peaks	annotation	https://www.encodeproject.org/files/ENCFF887YAV/@@download/ENCFF887YAV.bed.gz	2026-07-24T19:57:09+00:00
ENCODE	ENCSR723RUM	ENCFF124JXP	H3K27ac	GRCh38	bed narrowPeak	pseudoreplicated peaks	annotation	https://www.encodeproject.org/files/ENCFF124JXP/@@download/ENCFF124JXP.bed.gz	2026-07-24T19:57:09+00:00
ENCODE	ENCSR724GUS	ENCFF053LHH	H3K27ac	GRCh38	bed narrowPeak	pseudoreplicated peaks	annotation	https://www.encodeproject.org/files/ENCFF053LHH/@@download/ENCFF053LHH.bed.gz	2026-07-24T19:57:09+00:00
ENCODE	ENCSR726HTS	ENCFF836QEW	H3K27ac	GRCh38	bed narrowPeak	replicated peaks	annotation	https://www.encodeproject.org/files/ENCFF836QEW/@@download/ENCFF836QEW.bed.gz	2026-07-24T19:57:09+00:00
ENCODE	ENCSR726WVB	ENCFF791TAO	H3K27ac	GRCh38	bed narrowPeak	pseudoreplicated peaks	annotation	https://www.encodeproject.org/files/ENCFF791TAO/@@download/ENCFF791TAO.bed.gz	2026-07-24T19:57:09+00:00
ENCODE	ENCSR729ENO	ENCFF133LOI	H3K27ac	GRCh38	bed narrowPeak	replicated peaks	annotation	https://www.encodeproject.org/files/ENCFF133LOI/@@download/ENCFF133LOI.bed.gz	2026-07-24T19:57:09+00:00
ENCODE	ENCSR729GQT	ENCFF748FSW	H3K27ac	GRCh38	bed narrowPeak	pseudoreplicated peaks	annotation	https://www.encodeproject.org/files/ENCFF748FSW/@@download/ENCFF748FSW.bed.gz	2026-07-24T19:57:09+00:00
ENCODE	ENCSR734FLK	ENCFF894ESL	H3K27ac	GRCh38	bed narrowPeak	pseudoreplicated peaks	annotation	https://www.encodeproject.org/files/ENCFF894ESL/@@download/ENCFF894ESL.bed.gz	2026-07-24T19:57:09+00:00
ENCODE	ENCSR735SLW	ENCFF599XUA	H3K27ac	GRCh38	bed narrowPeak	pseudoreplicated peaks	annotation	https://www.encodeproject.org/files/ENCFF599XUA/@@download/ENCFF599XUA.bed.gz	2026-07-24T19:57:09+00:00
ENCODE	ENCSR736ALU	ENCFF393HCO	H3K27ac	GRCh38	bed narrowPeak	replicated peaks	annotation	https://www.encodeproject.org/files/ENCFF393HCO/@@download/ENCFF393HCO.bed.gz	2026-07-24T19:57:09+00:00
ENCODE	ENCSR736ZEG	ENCFF732FFD	H3K27ac	GRCh38	bed narrowPeak	replicated peaks	annotation	https://www.encodeproject.org/files/ENCFF732FFD/@@download/ENCFF732FFD.bed.gz	2026-07-24T19:57:09+00:00
ENCODE	ENCSR738SXD	ENCFF963YDV	H3K27ac	GRCh38	bed narrowPeak	pseudoreplicated peaks	annotation	https://www.encodeproject.org/files/ENCFF963YDV/@@download/ENCFF963YDV.bed.gz	2026-07-24T19:57:09+00:00
ENCODE	ENCSR741HEF	ENCFF329CDU	H3K27ac	GRCh38	bed narrowPeak	pseudoreplicated peaks	annotation	https://www.encodeproject.org/files/ENCFF329CDU/@@download/ENCFF329CDU.bed.gz	2026-07-24T19:57:09+00:00
ENCODE	ENCSR741STU	ENCFF651DIX	H3K27ac	GRCh38	bed narrowPeak	replicated peaks	annotation	https://www.encodeproject.org/files/ENCFF651DIX/@@download/ENCFF651DIX.bed.gz	2026-07-24T19:57:09+00:00
ENCODE	ENCSR743DDX	ENCFF878SVN	H3K27ac	GRCh38	bed narrowPeak	pseudoreplicated peaks	annotation	https://www.encodeproject.org/files/ENCFF878SVN/@@download/ENCFF878SVN.bed.gz	2026-07-24T19:57:09+00:00
ENCODE	ENCSR747HAM	ENCFF961SDD	H3K27ac	GRCh38	bed narrowPeak	pseudoreplicated peaks	annotation	https://www.encodeproject.org/files/ENCFF961SDD/@@download/ENCFF961SDD.bed.gz	2026-07-24T19:57:09+00:00
ENCODE	ENCSR748OJA	ENCFF616PCH	H3K27ac	GRCh38	bed narrowPeak	pseudoreplicated peaks	annotation	https://www.encodeproject.org/files/ENCFF616PCH/@@download/ENCFF616PCH.bed.gz	2026-07-24T19:57:09+00:00
ENCODE	ENCSR748TFF	ENCFF008FVK	H3K27ac	GRCh38	bed narrowPeak	pseudoreplicated peaks	annotation	https://www.encodeproject.org/files/ENCFF008FVK/@@download/ENCFF008FVK.bed.gz	2026-07-24T19:57:09+00:00
ENCODE	ENCSR751BHO	ENCFF717ERY	H3K27ac	GRCh38	bed narrowPeak	pseudoreplicated peaks	annotation	https://www.encodeproject.org/files/ENCFF717ERY/@@download/ENCFF717ERY.bed.gz	2026-07-24T19:57:09+00:00
ENCODE	ENCSR752UOD	ENCFF784QFH	H3K27ac	GRCh38	bed narrowPeak	replicated peaks	annotation	https://www.encodeproject.org/files/ENCFF784QFH/@@download/ENCFF784QFH.bed.gz	2026-07-24T19:57:09+00:00
ENCODE	ENCSR754DRC	ENCFF916FML	H3K27ac	GRCh38	bed narrowPeak	pseudoreplicated peaks	annotation	https://www.encodeproject.org/files/ENCFF916FML/@@download/ENCFF916FML.bed.gz	2026-07-24T19:57:09+00:00
ENCODE	ENCSR758KRK	ENCFF064XZZ	H3K27ac	GRCh38	bed narrowPeak	pseudoreplicated peaks	annotation	https://www.encodeproject.org/files/ENCFF064XZZ/@@download/ENCFF064XZZ.bed.gz	2026-07-24T19:57:09+00:00
ENCODE	ENCSR758OEC	ENCFF389APM	H3K27ac	GRCh38	bed narrowPeak	replicated peaks	annotation	https://www.encodeproject.org/files/ENCFF389APM/@@download/ENCFF389APM.bed.gz	2026-07-24T19:57:09+00:00
ENCODE	ENCSR763IDK	ENCFF988OBU	H3K27ac	GRCh38	bed narrowPeak	replicated peaks	annotation	https://www.encodeproject.org/files/ENCFF988OBU/@@download/ENCFF988OBU.bed.gz	2026-07-24T19:57:09+00:00
ENCODE	ENCSR764HZU	ENCFF284YHN	H3K27ac	GRCh38	bed narrowPeak	pseudoreplicated peaks	annotation	https://www.encodeproject.org/files/ENCFF284YHN/@@download/ENCFF284YHN.bed.gz	2026-07-24T19:57:09+00:00
ENCODE	ENCSR769CSE	ENCFF787TTT	H3K27ac	GRCh38	bed narrowPeak	pseudoreplicated peaks	annotation	https://www.encodeproject.org/files/ENCFF787TTT/@@download/ENCFF787TTT.bed.gz	2026-07-24T19:57:09+00:00
ENCODE	ENCSR769FOC	ENCFF717TED	H3K27ac	GRCh38	bed narrowPeak	replicated peaks	annotation	https://www.encodeproject.org/files/ENCFF717TED/@@download/ENCFF717TED.bed.gz	2026-07-24T19:57:09+00:00
ENCODE	ENCSR771YJT	ENCFF134SOM	H3K27ac	GRCh38	bed narrowPeak	pseudoreplicated peaks	annotation	https://www.encodeproject.org/files/ENCFF134SOM/@@download/ENCFF134SOM.bed.gz	2026-07-24T19:57:09+00:00
ENCODE	ENCSR772ABL	ENCFF913SWW	H3K27ac	GRCh38	bed narrowPeak	pseudoreplicated peaks	annotation	https://www.encodeproject.org/files/ENCFF913SWW/@@download/ENCFF913SWW.bed.gz	2026-07-24T19:57:09+00:00
ENCODE	ENCSR775FTU	ENCFF191ZYA	H3K27ac	GRCh38	bed narrowPeak	pseudoreplicated peaks	annotation	https://www.encodeproject.org/files/ENCFF191ZYA/@@download/ENCFF191ZYA.bed.gz	2026-07-24T19:57:09+00:00
ENCODE	ENCSR776KLS	ENCFF632GBI	H3K27ac	GRCh38	bed narrowPeak	pseudoreplicated peaks	annotation	https://www.encodeproject.org/files/ENCFF632GBI/@@download/ENCFF632GBI.bed.gz	2026-07-24T19:57:09+00:00
ENCODE	ENCSR776TJT	ENCFF128AQO	H3K27ac	GRCh38	bed narrowPeak	pseudoreplicated peaks	annotation	https://www.encodeproject.org/files/ENCFF128AQO/@@download/ENCFF128AQO.bed.gz	2026-07-24T19:57:09+00:00
ENCODE	ENCSR777CQW	ENCFF022UYA	H3K27ac	GRCh38	bed narrowPeak	replicated peaks	annotation	https://www.encodeproject.org/files/ENCFF022UYA/@@download/ENCFF022UYA.bed.gz	2026-07-24T19:57:09+00:00
ENCODE	ENCSR778NQS	ENCFF747IZX	H3K27ac	GRCh38	bed narrowPeak	pseudoreplicated peaks	annotation	https://www.encodeproject.org/files/ENCFF747IZX/@@download/ENCFF747IZX.bed.gz	2026-07-24T19:57:09+00:00
ENCODE	ENCSR778QHG	ENCFF115GLO	H3K27ac	GRCh38	bed narrowPeak	pseudoreplicated peaks	annotation	https://www.encodeproject.org/files/ENCFF115GLO/@@download/ENCFF115GLO.bed.gz	2026-07-24T19:57:09+00:00
ENCODE	ENCSR779ISJ	ENCFF271HJI	H3K27ac	GRCh38	bed narrowPeak	pseudoreplicated peaks	annotation	https://www.encodeproject.org/files/ENCFF271HJI/@@download/ENCFF271HJI.bed.gz	2026-07-24T19:57:09+00:00
ENCODE	ENCSR783SNV	ENCFF918FET	H3K27ac	GRCh38	bed narrowPeak	pseudoreplicated peaks	annotation	https://www.encodeproject.org/files/ENCFF918FET/@@download/ENCFF918FET.bed.gz	2026-07-24T19:57:09+00:00
ENCODE	ENCSR786VUJ	ENCFF283HUT	H3K27ac	GRCh38	bed narrowPeak	pseudoreplicated peaks	annotation	https://www.encodeproject.org/files/ENCFF283HUT/@@download/ENCFF283HUT.bed.gz	2026-07-24T19:57:09+00:00
ENCODE	ENCSR791ISZ	ENCFF265IZO	H3K27ac	GRCh38	bed narrowPeak	pseudoreplicated peaks	annotation	https://www.encodeproject.org/files/ENCFF265IZO/@@download/ENCFF265IZO.bed.gz	2026-07-24T19:57:09+00:00
ENCODE	ENCSR792VLP	ENCFF874AKQ	H3K27ac	GRCh38	bed narrowPeak	replicated peaks	annotation	https://www.encodeproject.org/files/ENCFF874AKQ/@@download/ENCFF874AKQ.bed.gz	2026-07-24T19:57:09+00:00
ENCODE	ENCSR798RTU	ENCFF379RXE	H3K27ac	GRCh38	bed narrowPeak	pseudoreplicated peaks	annotation	https://www.encodeproject.org/files/ENCFF379RXE/@@download/ENCFF379RXE.bed.gz	2026-07-24T19:57:09+00:00
ENCODE	ENCSR799SRL	ENCFF722OBP	H3K27ac	GRCh38	bed narrowPeak	replicated peaks	annotation	https://www.encodeproject.org/files/ENCFF722OBP/@@download/ENCFF722OBP.bed.gz	2026-07-24T19:57:09+00:00
ENCODE	ENCSR801IPH	ENCFF718ILR	H3K27ac	GRCh38	bed narrowPeak	replicated peaks	annotation	https://www.encodeproject.org/files/ENCFF718ILR/@@download/ENCFF718ILR.bed.gz	2026-07-24T19:57:09+00:00
ENCODE	ENCSR804MAP	ENCFF180DGZ	H3K27ac	GRCh38	bed narrowPeak	replicated peaks	annotation	https://www.encodeproject.org/files/ENCFF180DGZ/@@download/ENCFF180DGZ.bed.gz	2026-07-24T19:57:09+00:00
ENCODE	ENCSR807TBS	ENCFF205LFV	H3K27ac	GRCh38	bed narrowPeak	pseudoreplicated peaks	annotation	https://www.encodeproject.org/files/ENCFF205LFV/@@download/ENCFF205LFV.bed.gz	2026-07-24T19:57:09+00:00
ENCODE	ENCSR807XUB	ENCFF429GPH	H3K27ac	GRCh38	bed narrowPeak	pseudoreplicated peaks	annotation	https://www.encodeproject.org/files/ENCFF429GPH/@@download/ENCFF429GPH.bed.gz	2026-07-24T19:57:09+00:00
ENCODE	ENCSR810EPZ	ENCFF376SKL	H3K27ac	GRCh38	bed narrowPeak	pseudoreplicated peaks	annotation	https://www.encodeproject.org/files/ENCFF376SKL/@@download/ENCFF376SKL.bed.gz	2026-07-24T19:57:09+00:00
ENCODE	ENCSR814KSK	ENCFF581YQU	H3K27ac	GRCh38	bed narrowPeak	pseudoreplicated peaks	annotation	https://www.encodeproject.org/files/ENCFF581YQU/@@download/ENCFF581YQU.bed.gz	2026-07-24T19:57:09+00:00
ENCODE	ENCSR814QIV	ENCFF448UVY	H3K27ac	GRCh38	bed narrowPeak	pseudoreplicated peaks	annotation	https://www.encodeproject.org/files/ENCFF448UVY/@@download/ENCFF448UVY.bed.gz	2026-07-24T19:57:09+00:00
ENCODE	ENCSR820DOR	ENCFF673ZCH	H3K27ac	GRCh38	bed narrowPeak	pseudoreplicated peaks	annotation	https://www.encodeproject.org/files/ENCFF673ZCH/@@download/ENCFF673ZCH.bed.gz	2026-07-24T19:57:09+00:00
ENCODE	ENCSR821DYI	ENCFF245RGA	H3K27ac	GRCh38	bed narrowPeak	pseudoreplicated peaks	annotation	https://www.encodeproject.org/files/ENCFF245RGA/@@download/ENCFF245RGA.bed.gz	2026-07-24T19:57:09+00:00
ENCODE	ENCSR822ZIG	ENCFF574KKX	H3K27ac	GRCh38	bed narrowPeak	pseudoreplicated peaks	annotation	https://www.encodeproject.org/files/ENCFF574KKX/@@download/ENCFF574KKX.bed.gz	2026-07-24T19:57:09+00:00
ENCODE	ENCSR826UTD	ENCFF302MFG	H3K27ac	GRCh38	bed narrowPeak	replicated peaks	annotation	https://www.encodeproject.org/files/ENCFF302MFG/@@download/ENCFF302MFG.bed.gz	2026-07-24T19:57:09+00:00
ENCODE	ENCSR830EXC	ENCFF155FWO	H3K27ac	GRCh38	bed narrowPeak	pseudoreplicated peaks	annotation	https://www.encodeproject.org/files/ENCFF155FWO/@@download/ENCFF155FWO.bed.gz	2026-07-24T19:57:09+00:00
ENCODE	ENCSR835MMN	ENCFF490ICV	H3K27ac	GRCh38	bed narrowPeak	replicated peaks	annotation	https://www.encodeproject.org/files/ENCFF490ICV/@@download/ENCFF490ICV.bed.gz	2026-07-24T19:57:09+00:00
ENCODE	ENCSR835OJV	ENCFF243EDS	H3K27ac	GRCh38	bed narrowPeak	replicated peaks	annotation	https://www.encodeproject.org/files/ENCFF243EDS/@@download/ENCFF243EDS.bed.gz	2026-07-24T19:57:09+00:00
ENCODE	ENCSR837CSL	ENCFF877IEN	H3K27ac	GRCh38	bed narrowPeak	pseudoreplicated peaks	annotation	https://www.encodeproject.org/files/ENCFF877IEN/@@download/ENCFF877IEN.bed.gz	2026-07-24T19:57:09+00:00
ENCODE	ENCSR837DVF	ENCFF299FWI	H3K27ac	GRCh38	bed narrowPeak	pseudoreplicated peaks	annotation	https://www.encodeproject.org/files/ENCFF299FWI/@@download/ENCFF299FWI.bed.gz	2026-07-24T19:57:09+00:00
ENCODE	ENCSR837SGJ	ENCFF218SQX	H3K27ac	GRCh38	bed narrowPeak	pseudoreplicated peaks	annotation	https://www.encodeproject.org/files/ENCFF218SQX/@@download/ENCFF218SQX.bed.gz	2026-07-24T19:57:09+00:00
ENCODE	ENCSR839GXY	ENCFF521HKS	H3K27ac	GRCh38	bed narrowPeak	pseudoreplicated peaks	annotation	https://www.encodeproject.org/files/ENCFF521HKS/@@download/ENCFF521HKS.bed.gz	2026-07-24T19:57:09+00:00
ENCODE	ENCSR840FCT	ENCFF165IMN	H3K27ac	GRCh38	bed narrowPeak	pseudoreplicated peaks	annotation	https://www.encodeproject.org/files/ENCFF165IMN/@@download/ENCFF165IMN.bed.gz	2026-07-24T19:57:09+00:00
ENCODE	ENCSR841AJO	ENCFF148FWQ	H3K27ac	GRCh38	bed narrowPeak	replicated peaks	annotation	https://www.encodeproject.org/files/ENCFF148FWQ/@@download/ENCFF148FWQ.bed.gz	2026-07-24T19:57:09+00:00
ENCODE	ENCSR842NGQ	ENCFF754PUG	H3K27ac	GRCh38	bed narrowPeak	replicated peaks	annotation	https://www.encodeproject.org/files/ENCFF754PUG/@@download/ENCFF754PUG.bed.gz	2026-07-24T19:57:09+00:00
ENCODE	ENCSR842TXG	ENCFF283SRN	H3K27ac	GRCh38	bed narrowPeak	pseudoreplicated peaks	annotation	https://www.encodeproject.org/files/ENCFF283SRN/@@download/ENCFF283SRN.bed.gz	2026-07-24T19:57:09+00:00
ENCODE	ENCSR847AIA	ENCFF455DCE	H3K27ac	GRCh38	bed narrowPeak	pseudoreplicated peaks	annotation	https://www.encodeproject.org/files/ENCFF455DCE/@@download/ENCFF455DCE.bed.gz	2026-07-24T19:57:09+00:00
ENCODE	ENCSR854OXF	ENCFF170EQJ	H3K27ac	GRCh38	bed narrowPeak	pseudoreplicated peaks	annotation	https://www.encodeproject.org/files/ENCFF170EQJ/@@download/ENCFF170EQJ.bed.gz	2026-07-24T19:57:09+00:00
ENCODE	ENCSR855NCG	ENCFF872ZJD	H3K27ac	GRCh38	bed narrowPeak	pseudoreplicated peaks	annotation	https://www.encodeproject.org/files/ENCFF872ZJD/@@download/ENCFF872ZJD.bed.gz	2026-07-24T19:57:09+00:00
ENCODE	ENCSR857GMX	ENCFF706VAQ	H3K27ac	GRCh38	bed narrowPeak	replicated peaks	annotation	https://www.encodeproject.org/files/ENCFF706VAQ/@@download/ENCFF706VAQ.bed.gz	2026-07-24T19:57:09+00:00
ENCODE	ENCSR860TEJ	ENCFF681YKY	H3K27ac	GRCh38	bed narrowPeak	pseudoreplicated peaks	annotation	https://www.encodeproject.org/files/ENCFF681YKY/@@download/ENCFF681YKY.bed.gz	2026-07-24T19:57:09+00:00
ENCODE	ENCSR863BVD	ENCFF214YFB	H3K27ac	GRCh38	bed narrowPeak	pseudoreplicated peaks	annotation	https://www.encodeproject.org/files/ENCFF214YFB/@@download/ENCFF214YFB.bed.gz	2026-07-24T19:57:09+00:00
ENCODE	ENCSR864KVZ	ENCFF712PWV	H3K27ac	GRCh38	bed narrowPeak	pseudoreplicated peaks	annotation	https://www.encodeproject.org/files/ENCFF712PWV/@@download/ENCFF712PWV.bed.gz	2026-07-24T19:57:09+00:00
ENCODE	ENCSR864OOO	ENCFF837ELM	H3K27ac	GRCh38	bed narrowPeak	pseudoreplicated peaks	annotation	https://www.encodeproject.org/files/ENCFF837ELM/@@download/ENCFF837ELM.bed.gz	2026-07-24T19:57:09+00:00
ENCODE	ENCSR868ZOR	ENCFF610VHP	H3K27ac	GRCh38	bed narrowPeak	pseudoreplicated peaks	annotation	https://www.encodeproject.org/files/ENCFF610VHP/@@download/ENCFF610VHP.bed.gz	2026-07-24T19:57:09+00:00
ENCODE	ENCSR869TDT	ENCFF083HKS	H3K27ac	GRCh38	bed narrowPeak	pseudoreplicated peaks	annotation	https://www.encodeproject.org/files/ENCFF083HKS/@@download/ENCFF083HKS.bed.gz	2026-07-24T19:57:09+00:00
ENCODE	ENCSR872YGQ	ENCFF983DQA	H3K27ac	GRCh38	bed narrowPeak	pseudoreplicated peaks	annotation	https://www.encodeproject.org/files/ENCFF983DQA/@@download/ENCFF983DQA.bed.gz	2026-07-24T19:57:09+00:00
ENCODE	ENCSR875OQJ	ENCFF014OZD	H3K27ac	GRCh38	bed narrowPeak	pseudoreplicated peaks	annotation	https://www.encodeproject.org/files/ENCFF014OZD/@@download/ENCFF014OZD.bed.gz	2026-07-24T19:57:09+00:00
ENCODE	ENCSR875QDS	ENCFF514ZKY	H3K27ac	GRCh38	bed narrowPeak	pseudoreplicated peaks	annotation	https://www.encodeproject.org/files/ENCFF514ZKY/@@download/ENCFF514ZKY.bed.gz	2026-07-24T19:57:09+00:00
ENCODE	ENCSR876RGF	ENCFF835UOA	H3K27ac	GRCh38	bed narrowPeak	replicated peaks	annotation	https://www.encodeproject.org/files/ENCFF835UOA/@@download/ENCFF835UOA.bed.gz	2026-07-24T19:57:09+00:00
ENCODE	ENCSR880SUY	ENCFF045CUG	H3K27ac	GRCh38	bed narrowPeak	replicated peaks	annotation	https://www.encodeproject.org/files/ENCFF045CUG/@@download/ENCFF045CUG.bed.gz	2026-07-24T19:57:09+00:00
ENCODE	ENCSR884SIF	ENCFF095OXH	H3K27ac	GRCh38	bed narrowPeak	pseudoreplicated peaks	annotation	https://www.encodeproject.org/files/ENCFF095OXH/@@download/ENCFF095OXH.bed.gz	2026-07-24T19:57:09+00:00
ENCODE	ENCSR889TEU	ENCFF024XNY	H3K27ac	GRCh38	bed narrowPeak	pseudoreplicated peaks	annotation	https://www.encodeproject.org/files/ENCFF024XNY/@@download/ENCFF024XNY.bed.gz	2026-07-24T19:57:09+00:00
ENCODE	ENCSR891BTJ	ENCFF066YNA	H3K27ac	GRCh38	bed narrowPeak	pseudoreplicated peaks	annotation	https://www.encodeproject.org/files/ENCFF066YNA/@@download/ENCFF066YNA.bed.gz	2026-07-24T19:57:09+00:00
ENCODE	ENCSR891KSP	ENCFF248WQV	H3K27ac	GRCh38	bed narrowPeak	pseudoreplicated peaks	annotation	https://www.encodeproject.org/files/ENCFF248WQV/@@download/ENCFF248WQV.bed.gz	2026-07-24T19:57:09+00:00
ENCODE	ENCSR891XGQ	ENCFF662QMZ	H3K27ac	GRCh38	bed narrowPeak	pseudoreplicated peaks	annotation	https://www.encodeproject.org/files/ENCFF662QMZ/@@download/ENCFF662QMZ.bed.gz	2026-07-24T19:57:09+00:00
ENCODE	ENCSR892HPQ	ENCFF717KRK	H3K27ac	GRCh38	bed narrowPeak	pseudoreplicated peaks	annotation	https://www.encodeproject.org/files/ENCFF717KRK/@@download/ENCFF717KRK.bed.gz	2026-07-24T19:57:09+00:00
ENCODE	ENCSR892XFG	ENCFF458TBT	H3K27ac	GRCh38	bed narrowPeak	pseudoreplicated peaks	annotation	https://www.encodeproject.org/files/ENCFF458TBT/@@download/ENCFF458TBT.bed.gz	2026-07-24T19:57:09+00:00
ENCODE	ENCSR894MOX	ENCFF463TWZ	H3K27ac	GRCh38	bed narrowPeak	replicated peaks	annotation	https://www.encodeproject.org/files/ENCFF463TWZ/@@download/ENCFF463TWZ.bed.gz	2026-07-24T19:57:09+00:00
ENCODE	ENCSR905TYC	ENCFF975DYD	H3K27ac	GRCh38	bed narrowPeak	replicated peaks	annotation	https://www.encodeproject.org/files/ENCFF975DYD/@@download/ENCFF975DYD.bed.gz	2026-07-24T19:57:09+00:00
ENCODE	ENCSR909UAG	ENCFF696QZI	H3K27ac	GRCh38	bed narrowPeak	pseudoreplicated peaks	annotation	https://www.encodeproject.org/files/ENCFF696QZI/@@download/ENCFF696QZI.bed.gz	2026-07-24T19:57:09+00:00
ENCODE	ENCSR909ZLE	ENCFF978GZA	H3K27ac	GRCh38	bed narrowPeak	pseudoreplicated peaks	annotation	https://www.encodeproject.org/files/ENCFF978GZA/@@download/ENCFF978GZA.bed.gz	2026-07-24T19:57:09+00:00
ENCODE	ENCSR910PDW	ENCFF655JIF	H3K27ac	GRCh38	bed narrowPeak	replicated peaks	annotation	https://www.encodeproject.org/files/ENCFF655JIF/@@download/ENCFF655JIF.bed.gz	2026-07-24T19:57:09+00:00
ENCODE	ENCSR912TVO	ENCFF178BNQ	H3K27ac	GRCh38	bed narrowPeak	pseudoreplicated peaks	annotation	https://www.encodeproject.org/files/ENCFF178BNQ/@@download/ENCFF178BNQ.bed.gz	2026-07-24T19:57:09+00:00
ENCODE	ENCSR917QEH	ENCFF962SXN	H3K27ac	GRCh38	bed narrowPeak	pseudoreplicated peaks	annotation	https://www.encodeproject.org/files/ENCFF962SXN/@@download/ENCFF962SXN.bed.gz	2026-07-24T19:57:09+00:00
ENCODE	ENCSR919BBI	ENCFF016AAS	H3K27ac	GRCh38	bed narrowPeak	pseudoreplicated peaks	annotation	https://www.encodeproject.org/files/ENCFF016AAS/@@download/ENCFF016AAS.bed.gz	2026-07-24T19:57:09+00:00
ENCODE	ENCSR919WLM	ENCFF763UAG	H3K27ac	GRCh38	bed narrowPeak	replicated peaks	annotation	https://www.encodeproject.org/files/ENCFF763UAG/@@download/ENCFF763UAG.bed.gz	2026-07-24T19:57:09+00:00
ENCODE	ENCSR927IOS	ENCFF528AIU	H3K27ac	GRCh38	bed narrowPeak	pseudoreplicated peaks	annotation	https://www.encodeproject.org/files/ENCFF528AIU/@@download/ENCFF528AIU.bed.gz	2026-07-24T19:57:09+00:00
ENCODE	ENCSR928HSI	ENCFF651QNM	H3K27ac	GRCh38	bed narrowPeak	pseudoreplicated peaks	annotation	https://www.encodeproject.org/files/ENCFF651QNM/@@download/ENCFF651QNM.bed.gz	2026-07-24T19:57:09+00:00
ENCODE	ENCSR931WLE	ENCFF471HMP	H3K27ac	GRCh38	bed narrowPeak	pseudoreplicated peaks	annotation	https://www.encodeproject.org/files/ENCFF471HMP/@@download/ENCFF471HMP.bed.gz	2026-07-24T19:57:09+00:00
ENCODE	ENCSR932QRC	ENCFF380YWT	H3K27ac	GRCh38	bed narrowPeak	pseudoreplicated peaks	annotation	https://www.encodeproject.org/files/ENCFF380YWT/@@download/ENCFF380YWT.bed.gz	2026-07-24T19:57:09+00:00
ENCODE	ENCSR937EVN	ENCFF843KKF	H3K27ac	GRCh38	bed narrowPeak	pseudoreplicated peaks	annotation	https://www.encodeproject.org/files/ENCFF843KKF/@@download/ENCFF843KKF.bed.gz	2026-07-24T19:57:09+00:00
ENCODE	ENCSR938FQG	ENCFF500XXC	H3K27ac	GRCh38	bed narrowPeak	pseudoreplicated peaks	annotation	https://www.encodeproject.org/files/ENCFF500XXC/@@download/ENCFF500XXC.bed.gz	2026-07-24T19:57:09+00:00
ENCODE	ENCSR944KAZ	ENCFF136IJJ	H3K27ac	GRCh38	bed narrowPeak	pseudoreplicated peaks	annotation	https://www.encodeproject.org/files/ENCFF136IJJ/@@download/ENCFF136IJJ.bed.gz	2026-07-24T19:57:09+00:00
ENCODE	ENCSR946LTR	ENCFF243CHP	H3K27ac	GRCh38	bed narrowPeak	pseudoreplicated peaks	annotation	https://www.encodeproject.org/files/ENCFF243CHP/@@download/ENCFF243CHP.bed.gz	2026-07-24T19:57:09+00:00
ENCODE	ENCSR948TOS	ENCFF090ISC	H3K27ac	GRCh38	bed narrowPeak	pseudoreplicated peaks	annotation	https://www.encodeproject.org/files/ENCFF090ISC/@@download/ENCFF090ISC.bed.gz	2026-07-24T19:57:09+00:00
ENCODE	ENCSR948YYZ	ENCFF369MQM	H3K27ac	GRCh38	bed narrowPeak	replicated peaks	annotation	https://www.encodeproject.org/files/ENCFF369MQM/@@download/ENCFF369MQM.bed.gz	2026-07-24T19:57:09+00:00
ENCODE	ENCSR953ULK	ENCFF257XJK	H3K27ac	GRCh38	bed narrowPeak	pseudoreplicated peaks	annotation	https://www.encodeproject.org/files/ENCFF257XJK/@@download/ENCFF257XJK.bed.gz	2026-07-24T19:57:09+00:00
ENCODE	ENCSR954IGQ	ENCFF810MEK	H3K27ac	GRCh38	bed narrowPeak	pseudoreplicated peaks	annotation	https://www.encodeproject.org/files/ENCFF810MEK/@@download/ENCFF810MEK.bed.gz	2026-07-24T19:57:09+00:00
ENCODE	ENCSR954JMZ	ENCFF149QUM	H3K27ac	GRCh38	bed narrowPeak	pseudoreplicated peaks	annotation	https://www.encodeproject.org/files/ENCFF149QUM/@@download/ENCFF149QUM.bed.gz	2026-07-24T19:57:09+00:00
ENCODE	ENCSR955IXZ	ENCFF699MLO	H3K27ac	GRCh38	bed narrowPeak	replicated peaks	annotation	https://www.encodeproject.org/files/ENCFF699MLO/@@download/ENCFF699MLO.bed.gz	2026-07-24T19:57:09+00:00
ENCODE	ENCSR955XFL	ENCFF832MMQ	H3K27ac	GRCh38	bed narrowPeak	pseudoreplicated peaks	annotation	https://www.encodeproject.org/files/ENCFF832MMQ/@@download/ENCFF832MMQ.bed.gz	2026-07-24T19:57:09+00:00
ENCODE	ENCSR958CPV	ENCFF729IPL	H3K27ac	GRCh38	bed narrowPeak	pseudoreplicated peaks	annotation	https://www.encodeproject.org/files/ENCFF729IPL/@@download/ENCFF729IPL.bed.gz	2026-07-24T19:57:09+00:00
ENCODE	ENCSR963LVX	ENCFF472NTY	H3K27ac	GRCh38	bed narrowPeak	pseudoreplicated peaks	annotation	https://www.encodeproject.org/files/ENCFF472NTY/@@download/ENCFF472NTY.bed.gz	2026-07-24T19:57:09+00:00
ENCODE	ENCSR966RWA	ENCFF860TAY	H3K27ac	GRCh38	bed narrowPeak	pseudoreplicated peaks	annotation	https://www.encodeproject.org/files/ENCFF860TAY/@@download/ENCFF860TAY.bed.gz	2026-07-24T19:57:09+00:00
ENCODE	ENCSR969HBF	ENCFF143DRH	H3K27ac	GRCh38	bed narrowPeak	pseudoreplicated peaks	annotation	https://www.encodeproject.org/files/ENCFF143DRH/@@download/ENCFF143DRH.bed.gz	2026-07-24T19:57:09+00:00
ENCODE	ENCSR971ETA	ENCFF722LRM	H3K27ac	GRCh38	bed narrowPeak	pseudoreplicated peaks	annotation	https://www.encodeproject.org/files/ENCFF722LRM/@@download/ENCFF722LRM.bed.gz	2026-07-24T19:57:09+00:00
ENCODE	ENCSR972GGW	ENCFF869HPN	H3K27ac	GRCh38	bed narrowPeak	pseudoreplicated peaks	annotation	https://www.encodeproject.org/files/ENCFF869HPN/@@download/ENCFF869HPN.bed.gz	2026-07-24T19:57:09+00:00
ENCODE	ENCSR981UJA	ENCFF475YWE	H3K27ac	GRCh38	bed narrowPeak	replicated peaks	annotation	https://www.encodeproject.org/files/ENCFF475YWE/@@download/ENCFF475YWE.bed.gz	2026-07-24T19:57:09+00:00
ENCODE	ENCSR982QIF	ENCFF291LEP	H3K27ac	GRCh38	bed narrowPeak	pseudoreplicated peaks	annotation	https://www.encodeproject.org/files/ENCFF291LEP/@@download/ENCFF291LEP.bed.gz	2026-07-24T19:57:09+00:00
ENCODE	ENCSR987FAM	ENCFF288NLR	H3K27ac	GRCh38	bed narrowPeak	pseudoreplicated peaks	annotation	https://www.encodeproject.org/files/ENCFF288NLR/@@download/ENCFF288NLR.bed.gz	2026-07-24T19:57:09+00:00
ENCODE	ENCSR987PNT	ENCFF915EMP	H3K27ac	GRCh38	bed narrowPeak	replicated peaks	annotation	https://www.encodeproject.org/files/ENCFF915EMP/@@download/ENCFF915EMP.bed.gz	2026-07-24T19:57:09+00:00
ENCODE	ENCSR989PTS	ENCFF007OIY	H3K27ac	GRCh38	bed narrowPeak	pseudoreplicated peaks	annotation	https://www.encodeproject.org/files/ENCFF007OIY/@@download/ENCFF007OIY.bed.gz	2026-07-24T19:57:09+00:00
