num_files,rep,tool,similarity,subB,num_pairs,num_intervals_per_file,precision,threads,corpus_seed,wall_time,cpu_time,max_rss_mb,sort_time,sketch_creation_time,comparison_time,pair_time,write_time,bedtools_serial_ms,bedtools_parallel_eff,mae_vs_bedtools,max_err_vs_bedtools,hostname,cpu_model,git_sha,slurm_job_id
2,0,bedtools,exact,,4,10000,18,16,20260810,0.5047566890716553,0.44443699999999997,31.95703125,0.15507102012634277,,,,,10.990619659423828,0.005443523531920742,0.0,0.0,c573,Intel(R) Xeon(R) Gold 6248R CPU @ 3.00GHz,ec2d14a-dirty,30328362
2,0,hammock,register-equality,1.0,4,10000,18,16,20260810,0.23767995834350586,3.401094,9.10546875,0.15507102012634277,0.230369,0.000322,0.0003,2.2e-05,,,0.16323464813232424,0.16435920458984377,c573,Intel(R) Xeon(R) Gold 6248R CPU @ 3.00GHz,ec2d14a-dirty,30328362
2,0,hammock,register-equality,0.1,4,10000,18,16,20260810,0.09211134910583496,1.2642670000000003,9.10546875,0.15507102012634277,0.084458,0.000308,0.000293,1.5e-05,,,0.1636552185058594,0.1644305888671875,c573,Intel(R) Xeon(R) Gold 6248R CPU @ 3.00GHz,ec2d14a-dirty,30328362
2,0,hammock,register-equality,0.01,4,10000,18,16,20260810,0.04889225959777832,0.5904299999999995,9.16015625,0.15507102012634277,0.040544,0.000412,0.000394,1.7e-05,,,0.14249794266990934,0.14330594471764563,c573,Intel(R) Xeon(R) Gold 6248R CPU @ 3.00GHz,ec2d14a-dirty,30328362
2,0,hammock,register-equality,0.001,4,10000,18,16,20260810,0.037027835845947266,0.4162610000000001,9.16015625,0.15507102012634277,0.028662,0.000909,0.000895,1.4e-05,,,0.024605961295546205,0.025463330838896223,c573,Intel(R) Xeon(R) Gold 6248R CPU @ 3.00GHz,ec2d14a-dirty,30328362
2,0,hammock,inclusion-exclusion,1.0,4,10000,18,16,20260810,0.23844552040100098,3.407758000000001,9.11328125,0.15507102012634277,0.230122,0.001062,0.001041,2e-05,,,0.0016593419473305351,0.003139055520431727,c573,Intel(R) Xeon(R) Gold 6248R CPU @ 3.00GHz,ec2d14a-dirty,30328362
2,0,hammock,inclusion-exclusion,0.1,4,10000,18,16,20260810,0.09279823303222656,1.274659,9.12109375,0.15507102012634277,0.084347,0.000974,0.000958,1.5e-05,,,0.0013684641531018227,0.0033805839492825063,c573,Intel(R) Xeon(R) Gold 6248R CPU @ 3.00GHz,ec2d14a-dirty,30328362
2,0,hammock,inclusion-exclusion,0.01,4,10000,18,16,20260810,0.04897475242614746,0.5990969999999991,9.13671875,0.15507102012634277,0.040678,0.001062,0.001047,1.5e-05,,,0.0013473898311514437,0.002732176232627781,c573,Intel(R) Xeon(R) Gold 6248R CPU @ 3.00GHz,ec2d14a-dirty,30328362
2,0,hammock,inclusion-exclusion,0.001,4,10000,18,16,20260810,0.03832840919494629,0.4310289999999991,9.12109375,0.15507102012634277,0.028872,0.001695,0.001679,1.5e-05,,,0.0008592303650540797,0.0022821064028388655,c573,Intel(R) Xeon(R) Gold 6248R CPU @ 3.00GHz,ec2d14a-dirty,30328362
2,1,bedtools,exact,,4,10000,18,16,20260810,0.12746429443359375,0.17362199999999928,18.9609375,0.1079416275024414,,,,,10.933399200439453,0.021444042916142936,0.0,0.0,c573,Intel(R) Xeon(R) Gold 6248R CPU @ 3.00GHz,ec2d14a-dirty,30328362
2,1,hammock,register-equality,1.0,4,10000,18,16,20260810,0.23687458038330078,3.4003050000000017,9.10546875,0.1079416275024414,0.229184,0.000312,0.000291,2e-05,,,0.16400045043945313,0.16486954370117188,c573,Intel(R) Xeon(R) Gold 6248R CPU @ 3.00GHz,ec2d14a-dirty,30328362
2,1,hammock,register-equality,0.1,4,10000,18,16,20260810,0.0925912857055664,1.2676329999999978,9.12890625,0.1079416275024414,0.08466,0.000319,0.000303,1.5e-05,,,0.1643018115234375,0.16511586328125,c573,Intel(R) Xeon(R) Gold 6248R CPU @ 3.00GHz,ec2d14a-dirty,30328362
2,1,hammock,register-equality,0.01,4,10000,18,16,20260810,0.0486297607421875,0.5910580000000011,9.15234375,0.1079416275024414,0.040617,0.000396,0.000382,1.4e-05,,,0.14271073054385044,0.14427647399709928,c573,Intel(R) Xeon(R) Gold 6248R CPU @ 3.00GHz,ec2d14a-dirty,30328362
2,1,hammock,register-equality,0.001,4,10000,18,16,20260810,0.03779125213623047,0.41961400000000004,9.11328125,0.1079416275024414,0.028943,0.000915,0.000899,1.6e-05,,,0.025048777700693338,0.025931715673070094,c573,Intel(R) Xeon(R) Gold 6248R CPU @ 3.00GHz,ec2d14a-dirty,30328362
2,1,hammock,inclusion-exclusion,1.0,4,10000,18,16,20260810,0.23816227912902832,3.412155,9.12890625,0.1079416275024414,0.229234,0.000999,0.00098,1.9e-05,,,0.001519273036672101,0.0031626394003883285,c573,Intel(R) Xeon(R) Gold 6248R CPU @ 3.00GHz,ec2d14a-dirty,30328362
2,1,hammock,inclusion-exclusion,0.1,4,10000,18,16,20260810,0.0927724838256836,1.2780439999999986,9.12109375,0.1079416275024414,0.084453,0.000967,0.000952,1.5e-05,,,0.0018693026423710069,0.0025417335531505852,c573,Intel(R) Xeon(R) Gold 6248R CPU @ 3.00GHz,ec2d14a-dirty,30328362
2,1,hammock,inclusion-exclusion,0.01,4,10000,18,16,20260810,0.04899954795837402,0.5988310000000003,9.14453125,0.1079416275024414,0.040529,0.001024,0.001009,1.4e-05,,,0.0012097525478109716,0.001744050960049856,c573,Intel(R) Xeon(R) Gold 6248R CPU @ 3.00GHz,ec2d14a-dirty,30328362
2,1,hammock,inclusion-exclusion,0.001,4,10000,18,16,20260810,0.0382237434387207,0.4328510000000013,9.15234375,0.1079416275024414,0.028955,0.001729,0.001713,1.6e-05,,,0.0013898321670986098,0.002092679618192733,c573,Intel(R) Xeon(R) Gold 6248R CPU @ 3.00GHz,ec2d14a-dirty,30328362
2,2,bedtools,exact,,4,10000,18,16,20260810,0.12012887001037598,0.17219699999999882,18.95703125,0.1080629825592041,,,,,11.068344116210938,0.023034313307148654,0.0,0.0,c573,Intel(R) Xeon(R) Gold 6248R CPU @ 3.00GHz,ec2d14a-dirty,30328362
2,2,hammock,register-equality,1.0,4,10000,18,16,20260810,0.23834514617919922,3.387074999999995,9.13671875,0.1080629825592041,0.230171,0.000307,0.000287,2e-05,,,0.16363643524169924,0.1644893103027344,c573,Intel(R) Xeon(R) Gold 6248R CPU @ 3.00GHz,ec2d14a-dirty,30328362
2,2,hammock,register-equality,0.1,4,10000,18,16,20260810,0.09326696395874023,1.2759009999999984,9.10546875,0.1080629825592041,0.085084,0.000325,0.000309,1.6e-05,,,0.1643469226074219,0.16473207788085936,c573,Intel(R) Xeon(R) Gold 6248R CPU @ 3.00GHz,ec2d14a-dirty,30328362
2,2,hammock,register-equality,0.01,4,10000,18,16,20260810,0.04973006248474121,0.5948340000000018,9.12890625,0.1080629825592041,0.040931,0.000383,0.000368,1.4e-05,,,0.14363464670567802,0.14445815416598434,c573,Intel(R) Xeon(R) Gold 6248R CPU @ 3.00GHz,ec2d14a-dirty,30328362
2,2,hammock,register-equality,0.001,4,10000,18,16,20260810,0.0382990837097168,0.42174299999999965,9.14453125,0.1080629825592041,0.029034,0.000909,0.000894,1.4e-05,,,0.024842224090546643,0.02582716646613349,c573,Intel(R) Xeon(R) Gold 6248R CPU @ 3.00GHz,ec2d14a-dirty,30328362
2,2,hammock,inclusion-exclusion,1.0,4,10000,18,16,20260810,0.23900079727172852,3.399064999999998,9.10546875,0.1080629825592041,0.230148,0.000997,0.000978,1.9e-05,,,0.0009605020356654413,0.002304263560296102,c573,Intel(R) Xeon(R) Gold 6248R CPU @ 3.00GHz,ec2d14a-dirty,30328362
2,2,hammock,inclusion-exclusion,0.1,4,10000,18,16,20260810,0.0938870906829834,1.2842720000000014,9.12890625,0.1080629825592041,0.084807,0.001032,0.001014,1.7e-05,,,0.0020382044517128182,0.0028762494749677986,c573,Intel(R) Xeon(R) Gold 6248R CPU @ 3.00GHz,ec2d14a-dirty,30328362
2,2,hammock,inclusion-exclusion,0.01,4,10000,18,16,20260810,0.04937624931335449,0.6014350000000029,9.15234375,0.1080629825592041,0.040835,0.001046,0.00103,1.5e-05,,,0.0018066874169653524,0.003358631136912038,c573,Intel(R) Xeon(R) Gold 6248R CPU @ 3.00GHz,ec2d14a-dirty,30328362
2,2,hammock,inclusion-exclusion,0.001,4,10000,18,16,20260810,0.03852272033691406,0.431855999999995,9.14453125,0.1080629825592041,0.029041,0.001696,0.001681,1.5e-05,,,0.001249559868795231,0.003263184149846804,c573,Intel(R) Xeon(R) Gold 6248R CPU @ 3.00GHz,ec2d14a-dirty,30328362
2,3,bedtools,exact,,4,10000,18,16,20260810,0.11982321739196777,0.17135300000000142,18.95703125,0.1083221435546875,,,,,11.019468307495117,0.02299109585633985,0.0,0.0,c573,Intel(R) Xeon(R) Gold 6248R CPU @ 3.00GHz,ec2d14a-dirty,30328362
2,3,hammock,register-equality,1.0,4,10000,18,16,20260810,0.23703956604003906,3.396957,9.11328125,0.1083221435546875,0.229037,0.000298,0.00028,1.7e-05,,,0.16339580841064452,0.16457529174804686,c573,Intel(R) Xeon(R) Gold 6248R CPU @ 3.00GHz,ec2d14a-dirty,30328362
2,3,hammock,register-equality,0.1,4,10000,18,16,20260810,0.09254908561706543,1.2665799999999963,9.11328125,0.1083221435546875,0.084461,0.000312,0.000299,1.3e-05,,,0.1644152862548828,0.16495936816406248,c573,Intel(R) Xeon(R) Gold 6248R CPU @ 3.00GHz,ec2d14a-dirty,30328362
2,3,hammock,register-equality,0.01,4,10000,18,16,20260810,0.04889416694641113,0.5928599999999982,9.13671875,0.1083221435546875,0.040687,0.000418,0.000401,1.6e-05,,,0.14286111432733228,0.14476383736105075,c573,Intel(R) Xeon(R) Gold 6248R CPU @ 3.00GHz,ec2d14a-dirty,30328362
2,3,hammock,register-equality,0.001,4,10000,18,16,20260810,0.03741717338562012,0.4188349999999994,9.12109375,0.1083221435546875,0.028961,0.000829,0.000815,1.4e-05,,,0.02493534432766894,0.026367061291643734,c573,Intel(R) Xeon(R) Gold 6248R CPU @ 3.00GHz,ec2d14a-dirty,30328362
2,3,hammock,inclusion-exclusion,1.0,4,10000,18,16,20260810,0.23824405670166016,3.4103650000000028,9.12109375,0.1083221435546875,0.229316,0.001021,0.001002,1.9e-05,,,0.0013395412064131813,0.003228658145565222,c573,Intel(R) Xeon(R) Gold 6248R CPU @ 3.00GHz,ec2d14a-dirty,30328362
2,3,hammock,inclusion-exclusion,0.1,4,10000,18,16,20260810,0.09355878829956055,1.2751269999999988,9.11328125,0.1083221435546875,0.084381,0.000966,0.000951,1.4e-05,,,0.0015428547477259573,0.002417729198730234,c573,Intel(R) Xeon(R) Gold 6248R CPU @ 3.00GHz,ec2d14a-dirty,30328362
2,3,hammock,inclusion-exclusion,0.01,4,10000,18,16,20260810,0.0495758056640625,0.6001799999999969,9.16015625,0.1083221435546875,0.040644,0.001014,0.000998,1.5e-05,,,0.0017229264874536847,0.0031683272822919245,c573,Intel(R) Xeon(R) Gold 6248R CPU @ 3.00GHz,ec2d14a-dirty,30328362
2,3,hammock,inclusion-exclusion,0.001,4,10000,18,16,20260810,0.03784990310668945,0.4313860000000016,9.15234375,0.1083221435546875,0.028831,0.001724,0.001708,1.6e-05,,,0.00031572594252126177,0.0006275533288272322,c573,Intel(R) Xeon(R) Gold 6248R CPU @ 3.00GHz,ec2d14a-dirty,30328362
2,4,bedtools,exact,,4,10000,18,16,20260810,0.11918306350708008,0.17033999999999816,18.95703125,0.10807991027832031,,,,,10.938644409179688,0.02294504791054032,0.0,0.0,c573,Intel(R) Xeon(R) Gold 6248R CPU @ 3.00GHz,ec2d14a-dirty,30328362
2,4,hammock,register-equality,1.0,4,10000,18,16,20260810,0.23773598670959473,3.4014469999999974,9.10546875,0.10807991027832031,0.229869,0.000305,0.000284,2.1e-05,,,0.16368205834960936,0.16446857177734375,c573,Intel(R) Xeon(R) Gold 6248R CPU @ 3.00GHz,ec2d14a-dirty,30328362
2,4,hammock,register-equality,0.1,4,10000,18,16,20260810,0.09285521507263184,1.2698009999999997,9.11328125,0.10807991027832031,0.084673,0.000293,0.000279,1.3e-05,,,0.16366298486328124,0.16474704467773438,c573,Intel(R) Xeon(R) Gold 6248R CPU @ 3.00GHz,ec2d14a-dirty,30328362
2,4,hammock,register-equality,0.01,4,10000,18,16,20260810,0.04874467849731445,0.592678000000002,9.11328125,0.10807991027832031,0.040757,0.000387,0.000372,1.5e-05,,,0.1437015634301288,0.14449765407040377,c573,Intel(R) Xeon(R) Gold 6248R CPU @ 3.00GHz,ec2d14a-dirty,30328362
2,4,hammock,register-equality,0.001,4,10000,18,16,20260810,0.03757190704345703,0.4202809999999979,9.11328125,0.10807991027832031,0.028986,0.000923,0.000907,1.6e-05,,,0.025142630234148602,0.026087952027323877,c573,Intel(R) Xeon(R) Gold 6248R CPU @ 3.00GHz,ec2d14a-dirty,30328362
2,4,hammock,inclusion-exclusion,1.0,4,10000,18,16,20260810,0.2382798194885254,3.413502000000005,9.13671875,0.10807991027832031,0.229852,0.001037,0.001018,1.9e-05,,,0.001386254126021464,0.002603587902897511,c573,Intel(R) Xeon(R) Gold 6248R CPU @ 3.00GHz,ec2d14a-dirty,30328362
2,4,hammock,inclusion-exclusion,0.1,4,10000,18,16,20260810,0.09297347068786621,1.2787719999999996,9.14453125,0.10807991027832031,0.084489,0.00094,0.000926,1.4e-05,,,0.0007755024272113921,0.0012335729090719033,c573,Intel(R) Xeon(R) Gold 6248R CPU @ 3.00GHz,ec2d14a-dirty,30328362
2,4,hammock,inclusion-exclusion,0.01,4,10000,18,16,20260810,0.0499417781829834,0.6010650000000006,9.15234375,0.10807991027832031,0.040666,0.001016,0.001001,1.5e-05,,,0.0005849364502899697,0.000970271490015176,c573,Intel(R) Xeon(R) Gold 6248R CPU @ 3.00GHz,ec2d14a-dirty,30328362
2,4,hammock,inclusion-exclusion,0.001,4,10000,18,16,20260810,0.037839651107788086,0.43016199999999705,9.13671875,0.10807991027832031,0.028744,0.001674,0.001658,1.5e-05,,,0.0009329170408834062,0.0025647796602469436,c573,Intel(R) Xeon(R) Gold 6248R CPU @ 3.00GHz,ec2d14a-dirty,30328362
2,5,bedtools,exact,,4,10000,18,16,20260810,0.12115669250488281,0.17369200000000018,18.94140625,0.10865068435668945,,,,,10.972023010253906,0.02264015050140898,0.0,0.0,c573,Intel(R) Xeon(R) Gold 6248R CPU @ 3.00GHz,ec2d14a-dirty,30328362
2,5,hammock,register-equality,1.0,4,10000,18,16,20260810,0.2395460605621338,3.4100070000000056,9.12109375,0.10865068435668945,0.231738,0.000309,0.00029,1.9e-05,,,0.16471034570312498,0.16561923657226563,c573,Intel(R) Xeon(R) Gold 6248R CPU @ 3.00GHz,ec2d14a-dirty,30328362
2,5,hammock,register-equality,0.1,4,10000,18,16,20260810,0.09220170974731445,1.2681549999999906,9.13671875,0.10865068435668945,0.084505,0.000303,0.000289,1.3e-05,,,0.16450625939941405,0.16528793408203124,c573,Intel(R) Xeon(R) Gold 6248R CPU @ 3.00GHz,ec2d14a-dirty,30328362
2,5,hammock,register-equality,0.01,4,10000,18,16,20260810,0.04875373840332031,0.591947000000006,9.14453125,0.10865068435668945,0.040792,0.000431,0.000413,1.7e-05,,,0.14412937900756156,0.14490393793570489,c573,Intel(R) Xeon(R) Gold 6248R CPU @ 3.00GHz,ec2d14a-dirty,30328362
2,5,hammock,register-equality,0.001,4,10000,18,16,20260810,0.03715825080871582,0.41841300000000015,9.13671875,0.10865068435668945,0.028955,0.000845,0.00083,1.5e-05,,,0.025617969865122842,0.02571960774872943,c573,Intel(R) Xeon(R) Gold 6248R CPU @ 3.00GHz,ec2d14a-dirty,30328362
2,5,hammock,inclusion-exclusion,1.0,4,10000,18,16,20260810,0.24048542976379395,3.4245880000000053,9.11328125,0.10865068435668945,0.231951,0.000995,0.000975,1.9e-05,,,0.000544056239008165,0.00114693647758779,c573,Intel(R) Xeon(R) Gold 6248R CPU @ 3.00GHz,ec2d14a-dirty,30328362
2,5,hammock,inclusion-exclusion,0.1,4,10000,18,16,20260810,0.09310054779052734,1.2789909999999949,9.13671875,0.10865068435668945,0.08443,0.001076,0.001061,1.4e-05,,,0.0012124505900349448,0.0018460591032493368,c573,Intel(R) Xeon(R) Gold 6248R CPU @ 3.00GHz,ec2d14a-dirty,30328362
2,5,hammock,inclusion-exclusion,0.01,4,10000,18,16,20260810,0.04930257797241211,0.6010180000000087,9.15234375,0.10865068435668945,0.040853,0.001001,0.000985,1.6e-05,,,0.0015088480274565857,0.0019133869095341316,c573,Intel(R) Xeon(R) Gold 6248R CPU @ 3.00GHz,ec2d14a-dirty,30328362
2,5,hammock,inclusion-exclusion,0.001,4,10000,18,16,20260810,0.03825807571411133,0.4300059999999928,9.13671875,0.10865068435668945,0.02899,0.001643,0.001628,1.5e-05,,,0.0015933620848749656,0.002480808364161771,c573,Intel(R) Xeon(R) Gold 6248R CPU @ 3.00GHz,ec2d14a-dirty,30328362
2,6,bedtools,exact,,4,10000,18,16,20260810,0.12490057945251465,0.17539100000000696,18.94921875,0.10843396186828613,,,,,10.918378829956055,0.021854139664153963,0.0,0.0,c573,Intel(R) Xeon(R) Gold 6248R CPU @ 3.00GHz,ec2d14a-dirty,30328362
2,6,hammock,register-equality,1.0,4,10000,18,16,20260810,0.23635435104370117,3.392791000000006,9.10546875,0.10843396186828613,0.228514,0.000309,0.000289,2e-05,,,0.16349519769287107,0.16409920166015624,c573,Intel(R) Xeon(R) Gold 6248R CPU @ 3.00GHz,ec2d14a-dirty,30328362
2,6,hammock,register-equality,0.1,4,10000,18,16,20260810,0.09230804443359375,1.2660609999999992,9.15234375,0.10843396186828613,0.084447,0.000304,0.00029,1.4e-05,,,0.1643363384399414,0.16573189208984374,c573,Intel(R) Xeon(R) Gold 6248R CPU @ 3.00GHz,ec2d14a-dirty,30328362
2,6,hammock,register-equality,0.01,4,10000,18,16,20260810,0.04935622215270996,0.5897489999999976,9.10546875,0.10843396186828613,0.040578,0.000385,0.000371,1.4e-05,,,0.1437742231002669,0.14410765081756793,c573,Intel(R) Xeon(R) Gold 6248R CPU @ 3.00GHz,ec2d14a-dirty,30328362
2,6,hammock,register-equality,0.001,4,10000,18,16,20260810,0.03758955001831055,0.41802400000000195,9.14453125,0.10843396186828613,0.028866,0.000888,0.000873,1.5e-05,,,0.024309774316223203,0.024752131099719632,c573,Intel(R) Xeon(R) Gold 6248R CPU @ 3.00GHz,ec2d14a-dirty,30328362
2,6,hammock,inclusion-exclusion,1.0,4,10000,18,16,20260810,0.23723053932189941,3.4019209999999918,9.11328125,0.10843396186828613,0.22841,0.001048,0.001028,1.9e-05,,,0.0013614208718265887,0.0021690827203747626,c573,Intel(R) Xeon(R) Gold 6248R CPU @ 3.00GHz,ec2d14a-dirty,30328362
2,6,hammock,inclusion-exclusion,0.1,4,10000,18,16,20260810,0.09293103218078613,1.2786249999999904,9.14453125,0.10843396186828613,0.084483,0.001002,0.000986,1.6e-05,,,0.0014502610776905359,0.0019390525243097173,c573,Intel(R) Xeon(R) Gold 6248R CPU @ 3.00GHz,ec2d14a-dirty,30328362
2,6,hammock,inclusion-exclusion,0.01,4,10000,18,16,20260810,0.048456430435180664,0.6013910000000051,9.12890625,0.10843396186828613,0.040641,0.001123,0.001107,1.5e-05,,,0.0010072058335181162,0.002252523562290082,c573,Intel(R) Xeon(R) Gold 6248R CPU @ 3.00GHz,ec2d14a-dirty,30328362
2,6,hammock,inclusion-exclusion,0.001,4,10000,18,16,20260810,0.03788113594055176,0.4296549999999977,9.12890625,0.10843396186828613,0.028743,0.001735,0.001719,1.5e-05,,,0.0011203218753485823,0.0018679924365958833,c573,Intel(R) Xeon(R) Gold 6248R CPU @ 3.00GHz,ec2d14a-dirty,30328362
2,7,bedtools,exact,,4,10000,18,16,20260810,0.1186056137084961,0.17028499999999225,18.95703125,0.10815811157226562,,,,,11.007070541381836,0.023200989812410044,0.0,0.0,c573,Intel(R) Xeon(R) Gold 6248R CPU @ 3.00GHz,ec2d14a-dirty,30328362
2,7,hammock,register-equality,1.0,4,10000,18,16,20260810,0.23708343505859375,3.3939639999999938,9.11328125,0.10815811157226562,0.228098,0.000401,0.000377,2.4e-05,,,0.16454921771240236,0.16483701342773438,c573,Intel(R) Xeon(R) Gold 6248R CPU @ 3.00GHz,ec2d14a-dirty,30328362
2,7,hammock,register-equality,0.1,4,10000,18,16,20260810,0.09311437606811523,1.269612000000007,9.10546875,0.10815811157226562,0.084737,0.000334,0.000316,1.7e-05,,,0.1642984013671875,0.16497228149414062,c573,Intel(R) Xeon(R) Gold 6248R CPU @ 3.00GHz,ec2d14a-dirty,30328362
2,7,hammock,register-equality,0.01,4,10000,18,16,20260810,0.048662662506103516,0.5933919999999939,9.12890625,0.10815811157226562,0.040793,0.000415,0.0004,1.5e-05,,,0.1438948080645127,0.14480407031281148,c573,Intel(R) Xeon(R) Gold 6248R CPU @ 3.00GHz,ec2d14a-dirty,30328362
2,7,hammock,register-equality,0.001,4,10000,18,16,20260810,0.03741574287414551,0.4199370000000022,9.12109375,0.10815811157226562,0.02898,0.000859,0.000845,1.4e-05,,,0.024584323304643812,0.025058711788969373,c573,Intel(R) Xeon(R) Gold 6248R CPU @ 3.00GHz,ec2d14a-dirty,30328362
2,7,hammock,inclusion-exclusion,1.0,4,10000,18,16,20260810,0.23629260063171387,3.398930000000007,9.10546875,0.10815811157226562,0.22787,0.001044,0.001016,2.8e-05,,,0.0004153958570968265,0.000550516924644584,c573,Intel(R) Xeon(R) Gold 6248R CPU @ 3.00GHz,ec2d14a-dirty,30328362
2,7,hammock,inclusion-exclusion,0.1,4,10000,18,16,20260810,0.09270238876342773,1.2751589999999888,9.12890625,0.10815811157226562,0.08427,0.000921,0.000907,1.3e-05,,,0.0012662184176408936,0.0019643463366120217,c573,Intel(R) Xeon(R) Gold 6248R CPU @ 3.00GHz,ec2d14a-dirty,30328362
2,7,hammock,inclusion-exclusion,0.01,4,10000,18,16,20260810,0.04912137985229492,0.6021330000000018,9.13671875,0.10815811157226562,0.040585,0.001111,0.001094,1.6e-05,,,0.0008400426675907458,0.0014817816053700333,c573,Intel(R) Xeon(R) Gold 6248R CPU @ 3.00GHz,ec2d14a-dirty,30328362
2,7,hammock,inclusion-exclusion,0.001,4,10000,18,16,20260810,0.03893852233886719,0.43160100000000123,9.12890625,0.10815811157226562,0.029008,0.001722,0.001706,1.5e-05,,,0.0003199998208229006,0.0007233170940002809,c573,Intel(R) Xeon(R) Gold 6248R CPU @ 3.00GHz,ec2d14a-dirty,30328362
2,8,bedtools,exact,,4,10000,18,16,20260810,0.12554454803466797,0.1779739999999994,18.94140625,0.1083369255065918,,,,,11.001825332641602,0.021908210083331433,0.0,0.0,c573,Intel(R) Xeon(R) Gold 6248R CPU @ 3.00GHz,ec2d14a-dirty,30328362
2,8,hammock,register-equality,1.0,4,10000,18,16,20260810,0.23944497108459473,3.400956000000004,9.13671875,0.1083369255065918,0.231396,0.000329,0.000305,2.3e-05,,,0.16339765625,0.16427557568359374,c573,Intel(R) Xeon(R) Gold 6248R CPU @ 3.00GHz,ec2d14a-dirty,30328362
2,8,hammock,register-equality,0.1,4,10000,18,16,20260810,0.09230852127075195,1.2654169999999985,9.13671875,0.1083369255065918,0.08429,0.00032,0.000304,1.5e-05,,,0.16420923309326171,0.16456852465820312,c573,Intel(R) Xeon(R) Gold 6248R CPU @ 3.00GHz,ec2d14a-dirty,30328362
2,8,hammock,register-equality,0.01,4,10000,18,16,20260810,0.04851961135864258,0.5924210000000074,9.13671875,0.1083369255065918,0.040672,0.000428,0.000411,1.7e-05,,,0.14218202037073138,0.1430485251479526,c573,Intel(R) Xeon(R) Gold 6248R CPU @ 3.00GHz,ec2d14a-dirty,30328362
2,8,hammock,register-equality,0.001,4,10000,18,16,20260810,0.036921024322509766,0.416404,9.14453125,0.1083369255065918,0.028808,0.000825,0.00081,1.5e-05,,,0.025186845130321423,0.025679402624582848,c573,Intel(R) Xeon(R) Gold 6248R CPU @ 3.00GHz,ec2d14a-dirty,30328362
2,8,hammock,inclusion-exclusion,1.0,4,10000,18,16,20260810,0.23973917961120605,3.4092479999999963,9.14453125,0.1083369255065918,0.231326,0.001039,0.001019,2e-05,,,0.0018530312808598508,0.0041835039793806095,c573,Intel(R) Xeon(R) Gold 6248R CPU @ 3.00GHz,ec2d14a-dirty,30328362
2,8,hammock,inclusion-exclusion,0.1,4,10000,18,16,20260810,0.09354043006896973,1.280199999999995,9.10546875,0.1083369255065918,0.084683,0.000972,0.000954,1.7e-05,,,0.0013869088223594436,0.002582302140343884,c573,Intel(R) Xeon(R) Gold 6248R CPU @ 3.00GHz,ec2d14a-dirty,30328362
2,8,hammock,inclusion-exclusion,0.01,4,10000,18,16,20260810,0.04967617988586426,0.6034770000000056,9.13671875,0.1083369255065918,0.04098,0.001115,0.001099,1.6e-05,,,0.0005954087553824566,0.001390623119018955,c573,Intel(R) Xeon(R) Gold 6248R CPU @ 3.00GHz,ec2d14a-dirty,30328362
2,8,hammock,inclusion-exclusion,0.001,4,10000,18,16,20260810,0.038289546966552734,0.4347149999999922,9.12109375,0.1083369255065918,0.028957,0.001721,0.001706,1.5e-05,,,0.0015729559980872006,0.002790297512236889,c573,Intel(R) Xeon(R) Gold 6248R CPU @ 3.00GHz,ec2d14a-dirty,30328362
2,9,bedtools,exact,,4,10000,18,16,20260810,0.12117290496826172,0.17362400000000733,18.9609375,0.1094505786895752,,,,,11.023521423339844,0.022743371189762236,0.0,0.0,c573,Intel(R) Xeon(R) Gold 6248R CPU @ 3.00GHz,ec2d14a-dirty,30328362
2,9,hammock,register-equality,1.0,4,10000,18,16,20260810,0.23920273780822754,3.3873490000000004,9.11328125,0.1094505786895752,0.231197,0.000322,0.000301,2e-05,,,0.16375907806396484,0.1651005407714844,c573,Intel(R) Xeon(R) Gold 6248R CPU @ 3.00GHz,ec2d14a-dirty,30328362
2,9,hammock,register-equality,0.1,4,10000,18,16,20260810,0.0925741195678711,1.2662499999999897,9.15234375,0.1094505786895752,0.084399,0.000312,0.000296,1.5e-05,,,0.16481002716064452,0.16557183471679687,c573,Intel(R) Xeon(R) Gold 6248R CPU @ 3.00GHz,ec2d14a-dirty,30328362
2,9,hammock,register-equality,0.01,4,10000,18,16,20260810,0.048392295837402344,0.5886840000000118,9.10546875,0.1094505786895752,0.040526,0.000428,0.000412,1.6e-05,,,0.1433508142960908,0.1435742175664722,c573,Intel(R) Xeon(R) Gold 6248R CPU @ 3.00GHz,ec2d14a-dirty,30328362
2,9,hammock,register-equality,0.001,4,10000,18,16,20260810,0.037940263748168945,0.4176219999999895,9.11328125,0.1094505786895752,0.028938,0.000867,0.000851,1.5e-05,,,0.025702242019250195,0.026471304297196754,c573,Intel(R) Xeon(R) Gold 6248R CPU @ 3.00GHz,ec2d14a-dirty,30328362
2,9,hammock,inclusion-exclusion,1.0,4,10000,18,16,20260810,0.24116849899291992,3.400505999999998,9.12109375,0.1094505786895752,0.231246,0.001048,0.001025,2.2e-05,,,0.00123591068475154,0.002935318345202817,c573,Intel(R) Xeon(R) Gold 6248R CPU @ 3.00GHz,ec2d14a-dirty,30328362
2,9,hammock,inclusion-exclusion,0.1,4,10000,18,16,20260810,0.09331917762756348,1.2793290000000064,9.10546875,0.1094505786895752,0.084628,0.000965,0.000949,1.6e-05,,,0.0011451115091933514,0.0024287003105647603,c573,Intel(R) Xeon(R) Gold 6248R CPU @ 3.00GHz,ec2d14a-dirty,30328362
2,9,hammock,inclusion-exclusion,0.01,4,10000,18,16,20260810,0.049187660217285156,0.6016430000000001,9.13671875,0.1094505786895752,0.040787,0.001025,0.001009,1.6e-05,,,0.0012757298386401987,0.0029573588792177197,c573,Intel(R) Xeon(R) Gold 6248R CPU @ 3.00GHz,ec2d14a-dirty,30328362
2,9,hammock,inclusion-exclusion,0.001,4,10000,18,16,20260810,0.03802824020385742,0.43182600000000404,9.12109375,0.1094505786895752,0.028864,0.001722,0.001708,1.4e-05,,,0.0007571419358059911,0.0011895192025620643,c573,Intel(R) Xeon(R) Gold 6248R CPU @ 3.00GHz,ec2d14a-dirty,30328362
2,10,bedtools,exact,,4,10000,18,16,20260810,0.12013053894042969,0.17165600000000047,18.94140625,0.10946965217590332,,,,,10.874032974243164,0.02262961830970262,0.0,0.0,c573,Intel(R) Xeon(R) Gold 6248R CPU @ 3.00GHz,ec2d14a-dirty,30328362
2,10,hammock,register-equality,1.0,4,10000,18,16,20260810,0.23665690422058105,3.3841559999999946,9.12890625,0.10946965217590332,0.228693,0.000307,0.000289,1.8e-05,,,0.16463855969238284,0.16548548046875,c573,Intel(R) Xeon(R) Gold 6248R CPU @ 3.00GHz,ec2d14a-dirty,30328362
2,10,hammock,register-equality,0.1,4,10000,18,16,20260810,0.09220314025878906,1.2680420000000003,9.12109375,0.10946965217590332,0.084566,0.000318,0.000303,1.5e-05,,,0.164326708190918,0.1653698505859375,c573,Intel(R) Xeon(R) Gold 6248R CPU @ 3.00GHz,ec2d14a-dirty,30328362
2,10,hammock,register-equality,0.01,4,10000,18,16,20260810,0.048341989517211914,0.591567000000004,9.12890625,0.10946965217590332,0.040676,0.000404,0.000389,1.5e-05,,,0.14330191029472028,0.1444291782261789,c573,Intel(R) Xeon(R) Gold 6248R CPU @ 3.00GHz,ec2d14a-dirty,30328362
2,10,hammock,register-equality,0.001,4,10000,18,16,20260810,0.03760361671447754,0.4188099999999979,9.13671875,0.10946965217590332,0.029163,0.000919,0.000904,1.4e-05,,,0.02437213565260566,0.026688618359131375,c573,Intel(R) Xeon(R) Gold 6248R CPU @ 3.00GHz,ec2d14a-dirty,30328362
2,10,hammock,inclusion-exclusion,1.0,4,10000,18,16,20260810,0.23727679252624512,3.3988700000000005,9.15234375,0.10946965217590332,0.22897,0.001032,0.001011,2e-05,,,0.0023578435968853242,0.004285947007124341,c573,Intel(R) Xeon(R) Gold 6248R CPU @ 3.00GHz,ec2d14a-dirty,30328362
2,10,hammock,inclusion-exclusion,0.1,4,10000,18,16,20260810,0.09310364723205566,1.2756569999999918,9.12890625,0.10946965217590332,0.084595,0.000976,0.000961,1.5e-05,,,0.0015125079111079423,0.0022976623550717556,c573,Intel(R) Xeon(R) Gold 6248R CPU @ 3.00GHz,ec2d14a-dirty,30328362
2,10,hammock,inclusion-exclusion,0.01,4,10000,18,16,20260810,0.049225807189941406,0.6026669999999985,9.10546875,0.10946965217590332,0.040579,0.001138,0.001123,1.5e-05,,,0.00045577207970891667,0.0009933122479344192,c573,Intel(R) Xeon(R) Gold 6248R CPU @ 3.00GHz,ec2d14a-dirty,30328362
2,10,hammock,inclusion-exclusion,0.001,4,10000,18,16,20260810,0.0379338264465332,0.42944500000000474,9.15234375,0.10946965217590332,0.028688,0.00172,0.001705,1.5e-05,,,0.0009855143388611196,0.001988019150268319,c573,Intel(R) Xeon(R) Gold 6248R CPU @ 3.00GHz,ec2d14a-dirty,30328362
2,11,bedtools,exact,,4,10000,18,16,20260810,0.11828374862670898,0.1694120000000212,18.9609375,0.10789084434509277,,,,,11.024713516235352,0.023301412164041618,0.0,0.0,c573,Intel(R) Xeon(R) Gold 6248R CPU @ 3.00GHz,ec2d14a-dirty,30328362
2,11,hammock,register-equality,1.0,4,10000,18,16,20260810,0.23616456985473633,3.39213,9.13671875,0.10789084434509277,0.228297,0.000316,0.000296,1.9e-05,,,0.16365317633056642,0.16451308422851563,c573,Intel(R) Xeon(R) Gold 6248R CPU @ 3.00GHz,ec2d14a-dirty,30328362
2,11,hammock,register-equality,0.1,4,10000,18,16,20260810,0.09270977973937988,1.269170000000007,9.11328125,0.10789084434509277,0.084707,0.000293,0.000279,1.3e-05,,,0.16423396398925783,0.16452120458984376,c573,Intel(R) Xeon(R) Gold 6248R CPU @ 3.00GHz,ec2d14a-dirty,30328362
2,11,hammock,register-equality,0.01,4,10000,18,16,20260810,0.04893231391906738,0.5944689999999953,9.11328125,0.10789084434509277,0.040804,0.00042,0.000403,1.7e-05,,,0.14331128571598972,0.1434487707884876,c573,Intel(R) Xeon(R) Gold 6248R CPU @ 3.00GHz,ec2d14a-dirty,30328362
2,11,hammock,register-equality,0.001,4,10000,18,16,20260810,0.037410736083984375,0.4180510000000073,9.12890625,0.10789084434509277,0.028975,0.000866,0.000851,1.5e-05,,,0.024583614020319933,0.024932509454004673,c573,Intel(R) Xeon(R) Gold 6248R CPU @ 3.00GHz,ec2d14a-dirty,30328362
2,11,hammock,inclusion-exclusion,1.0,4,10000,18,16,20260810,0.23706507682800293,3.407473000000003,9.10546875,0.10789084434509277,0.228551,0.001085,0.001064,2e-05,,,0.0013827131902467461,0.003169019696864686,c573,Intel(R) Xeon(R) Gold 6248R CPU @ 3.00GHz,ec2d14a-dirty,30328362
2,11,hammock,inclusion-exclusion,0.1,4,10000,18,16,20260810,0.09348154067993164,1.2881139999999949,9.12109375,0.10789084434509277,0.085073,0.001045,0.001029,1.5e-05,,,0.0014961748265133155,0.0026289028290897853,c573,Intel(R) Xeon(R) Gold 6248R CPU @ 3.00GHz,ec2d14a-dirty,30328362
2,11,hammock,inclusion-exclusion,0.01,4,10000,18,16,20260810,0.04920768737792969,0.6037330000000103,9.14453125,0.10789084434509277,0.040883,0.001027,0.001011,1.5e-05,,,0.0007437264313085064,0.0012837879609738506,c573,Intel(R) Xeon(R) Gold 6248R CPU @ 3.00GHz,ec2d14a-dirty,30328362
2,11,hammock,inclusion-exclusion,0.001,4,10000,18,16,20260810,0.038149118423461914,0.43055899999997793,9.15234375,0.10789084434509277,0.028796,0.001728,0.001712,1.6e-05,,,0.0006293230061005309,0.0009630517029987906,c573,Intel(R) Xeon(R) Gold 6248R CPU @ 3.00GHz,ec2d14a-dirty,30328362
2,12,bedtools,exact,,4,10000,18,16,20260810,0.11837339401245117,0.16909800000000308,18.94921875,0.10906410217285156,,,,,11.000633239746094,0.02323290915902307,0.0,0.0,c573,Intel(R) Xeon(R) Gold 6248R CPU @ 3.00GHz,ec2d14a-dirty,30328362
2,12,hammock,register-equality,1.0,4,10000,18,16,20260810,0.2383437156677246,3.403277000000025,9.11328125,0.10906410217285156,0.230621,0.000302,0.000283,1.9e-05,,,0.1651397572631836,0.16633703271484374,c573,Intel(R) Xeon(R) Gold 6248R CPU @ 3.00GHz,ec2d14a-dirty,30328362
2,12,hammock,register-equality,0.1,4,10000,18,16,20260810,0.09271717071533203,1.2672020000000006,9.13671875,0.10906410217285156,0.084699,0.000319,0.000303,1.6e-05,,,0.16421850787353517,0.1667485185546875,c573,Intel(R) Xeon(R) Gold 6248R CPU @ 3.00GHz,ec2d14a-dirty,30328362
2,12,hammock,register-equality,0.01,4,10000,18,16,20260810,0.04893755912780762,0.5938939999999926,9.12109375,0.10906410217285156,0.040909,0.000389,0.000374,1.4e-05,,,0.14342400966561092,0.14386179137200844,c573,Intel(R) Xeon(R) Gold 6248R CPU @ 3.00GHz,ec2d14a-dirty,30328362
2,12,hammock,register-equality,0.001,4,10000,18,16,20260810,0.03761625289916992,0.4198990000000129,9.13671875,0.10906410217285156,0.028969,0.00092,0.000905,1.5e-05,,,0.024728809862870463,0.025276065346758053,c573,Intel(R) Xeon(R) Gold 6248R CPU @ 3.00GHz,ec2d14a-dirty,30328362
2,12,hammock,inclusion-exclusion,1.0,4,10000,18,16,20260810,0.2390305995941162,3.4164249999999985,9.10546875,0.10906410217285156,0.230841,0.00095,0.00093,2e-05,,,0.001122592447982046,0.0016366733018410434,c573,Intel(R) Xeon(R) Gold 6248R CPU @ 3.00GHz,ec2d14a-dirty,30328362
2,12,hammock,inclusion-exclusion,0.1,4,10000,18,16,20260810,0.09330177307128906,1.2787079999999986,9.12109375,0.10906410217285156,0.084531,0.00104,0.001023,1.6e-05,,,0.002463136109426268,0.003841142299465042,c573,Intel(R) Xeon(R) Gold 6248R CPU @ 3.00GHz,ec2d14a-dirty,30328362
2,12,hammock,inclusion-exclusion,0.01,4,10000,18,16,20260810,0.049367666244506836,0.6031209999999936,9.11328125,0.10906410217285156,0.040946,0.001046,0.00103,1.6e-05,,,0.001473763005908492,0.0031898664625876205,c573,Intel(R) Xeon(R) Gold 6248R CPU @ 3.00GHz,ec2d14a-dirty,30328362
2,12,hammock,inclusion-exclusion,0.001,4,10000,18,16,20260810,0.03818488121032715,0.43012399999999307,9.14453125,0.10906410217285156,0.028887,0.001701,0.001685,1.5e-05,,,0.0004823093106601263,0.0009357656052177421,c573,Intel(R) Xeon(R) Gold 6248R CPU @ 3.00GHz,ec2d14a-dirty,30328362
2,13,bedtools,exact,,4,10000,18,16,20260810,0.12276673316955566,0.17579599999999873,18.96875,0.10782551765441895,,,,,10.85352897644043,0.02210193408309236,0.0,0.0,c573,Intel(R) Xeon(R) Gold 6248R CPU @ 3.00GHz,ec2d14a-dirty,30328362
2,13,hammock,register-equality,1.0,4,10000,18,16,20260810,0.2381877899169922,3.391958999999993,9.13671875,0.10782551765441895,0.229687,0.000346,0.000322,2.4e-05,,,0.16383263983154298,0.16484615087890625,c573,Intel(R) Xeon(R) Gold 6248R CPU @ 3.00GHz,ec2d14a-dirty,30328362
2,13,hammock,register-equality,0.1,4,10000,18,16,20260810,0.09281277656555176,1.275378000000011,9.13671875,0.10782551765441895,0.085091,0.000323,0.000307,1.5e-05,,,0.16437909521484376,0.16575395654296876,c573,Intel(R) Xeon(R) Gold 6248R CPU @ 3.00GHz,ec2d14a-dirty,30328362
2,13,hammock,register-equality,0.01,4,10000,18,16,20260810,0.0483095645904541,0.5899879999999875,9.12890625,0.10782551765441895,0.040569,0.000406,0.00039,1.5e-05,,,0.1428546429001377,0.1435022995334742,c573,Intel(R) Xeon(R) Gold 6248R CPU @ 3.00GHz,ec2d14a-dirty,30328362
2,13,hammock,register-equality,0.001,4,10000,18,16,20260810,0.03715205192565918,0.41544899999998997,9.12890625,0.10782551765441895,0.028786,0.000842,0.000822,1.9e-05,,,0.024477695387939112,0.024563003636978775,c573,Intel(R) Xeon(R) Gold 6248R CPU @ 3.00GHz,ec2d14a-dirty,30328362
2,13,hammock,inclusion-exclusion,1.0,4,10000,18,16,20260810,0.23850774765014648,3.4057620000000055,9.13671875,0.10782551765441895,0.230007,0.001058,0.001038,2e-05,,,0.0016207298711944616,0.0026591452199502263,c573,Intel(R) Xeon(R) Gold 6248R CPU @ 3.00GHz,ec2d14a-dirty,30328362
2,13,hammock,inclusion-exclusion,0.1,4,10000,18,16,20260810,0.0932929515838623,1.2844269999999973,9.11328125,0.10782551765441895,0.084905,0.000966,0.000951,1.5e-05,,,0.001092408716984735,0.002297035610266951,c573,Intel(R) Xeon(R) Gold 6248R CPU @ 3.00GHz,ec2d14a-dirty,30328362
2,13,hammock,inclusion-exclusion,0.01,4,10000,18,16,20260810,0.0501101016998291,0.6084480000000005,9.12109375,0.10782551765441895,0.041114,0.001017,0.001,1.6e-05,,,0.0005983672071107754,0.0009259576462179314,c573,Intel(R) Xeon(R) Gold 6248R CPU @ 3.00GHz,ec2d14a-dirty,30328362
2,13,hammock,inclusion-exclusion,0.001,4,10000,18,16,20260810,0.03867077827453613,0.43094199999998617,9.13671875,0.10782551765441895,0.029027,0.00173,0.001714,1.5e-05,,,0.00017052431483496888,0.0004112266193371933,c573,Intel(R) Xeon(R) Gold 6248R CPU @ 3.00GHz,ec2d14a-dirty,30328362
2,14,bedtools,exact,,4,10000,18,16,20260810,0.12042951583862305,0.172839999999995,18.953125,0.10775923728942871,,,,,11.04426383972168,0.02292682105963359,0.0,0.0,c573,Intel(R) Xeon(R) Gold 6248R CPU @ 3.00GHz,ec2d14a-dirty,30328362
2,14,hammock,register-equality,1.0,4,10000,18,16,20260810,0.23575901985168457,3.3819550000000076,9.16015625,0.10775923728942871,0.227656,0.000344,0.000319,2.5e-05,,,0.16312068115234377,0.16399007397460938,c573,Intel(R) Xeon(R) Gold 6248R CPU @ 3.00GHz,ec2d14a-dirty,30328362
2,14,hammock,register-equality,0.1,4,10000,18,16,20260810,0.09349679946899414,1.266309000000006,9.11328125,0.10775923728942871,0.084501,0.000323,0.000307,1.5e-05,,,0.16422026763916017,0.164787345703125,c573,Intel(R) Xeon(R) Gold 6248R CPU @ 3.00GHz,ec2d14a-dirty,30328362
2,14,hammock,register-equality,0.01,4,10000,18,16,20260810,0.0490422248840332,0.5919500000000091,9.12109375,0.10775923728942871,0.040666,0.000423,0.000406,1.6e-05,,,0.14310394615999017,0.14386489034993175,c573,Intel(R) Xeon(R) Gold 6248R CPU @ 3.00GHz,ec2d14a-dirty,30328362
2,14,hammock,register-equality,0.001,4,10000,18,16,20260810,0.0374755859375,0.41711499999999546,9.11328125,0.10775923728942871,0.028775,0.000926,0.000911,1.5e-05,,,0.024490671015062474,0.025593706483669793,c573,Intel(R) Xeon(R) Gold 6248R CPU @ 3.00GHz,ec2d14a-dirty,30328362
2,14,hammock,inclusion-exclusion,1.0,4,10000,18,16,20260810,0.2366633415222168,3.3947650000000147,9.16015625,0.10775923728942871,0.227903,0.001004,0.000985,1.9e-05,,,0.0007930767435747332,0.0019804428259414947,c573,Intel(R) Xeon(R) Gold 6248R CPU @ 3.00GHz,ec2d14a-dirty,30328362
2,14,hammock,inclusion-exclusion,0.1,4,10000,18,16,20260810,0.09281516075134277,1.2760999999999818,9.12109375,0.10775923728942871,0.084449,0.001031,0.001016,1.5e-05,,,0.0015296318359454102,0.003023850030984543,c573,Intel(R) Xeon(R) Gold 6248R CPU @ 3.00GHz,ec2d14a-dirty,30328362
2,14,hammock,inclusion-exclusion,0.01,4,10000,18,16,20260810,0.049314022064208984,0.602192000000016,9.14453125,0.10775923728942871,0.040716,0.001058,0.001043,1.5e-05,,,0.0007134052762005905,0.001900114853429835,c573,Intel(R) Xeon(R) Gold 6248R CPU @ 3.00GHz,ec2d14a-dirty,30328362
2,14,hammock,inclusion-exclusion,0.001,4,10000,18,16,20260810,0.037938833236694336,0.4318399999999998,9.11328125,0.10775923728942871,0.028965,0.001745,0.00173,1.5e-05,,,0.0013660046349612855,0.0030843655163895617,c573,Intel(R) Xeon(R) Gold 6248R CPU @ 3.00GHz,ec2d14a-dirty,30328362
2,15,bedtools,exact,,4,10000,18,16,20260810,0.12149858474731445,0.17493400000001635,18.953125,0.10819029808044434,,,,,10.837793350219727,0.022300246074387464,0.0,0.0,c573,Intel(R) Xeon(R) Gold 6248R CPU @ 3.00GHz,ec2d14a-dirty,30328362
2,15,hammock,register-equality,1.0,4,10000,18,16,20260810,0.23625683784484863,3.390064000000016,9.10546875,0.10819029808044434,0.22856,0.000318,0.000298,2e-05,,,0.16399608441162108,0.16532802612304687,c573,Intel(R) Xeon(R) Gold 6248R CPU @ 3.00GHz,ec2d14a-dirty,30328362
2,15,hammock,register-equality,0.1,4,10000,18,16,20260810,0.09185600280761719,1.2646669999999833,9.12109375,0.10819029808044434,0.084341,0.000288,0.000274,1.4e-05,,,0.16386829205322265,0.16484268115234374,c573,Intel(R) Xeon(R) Gold 6248R CPU @ 3.00GHz,ec2d14a-dirty,30328362
2,15,hammock,register-equality,0.01,4,10000,18,16,20260810,0.04839515686035156,0.5894770000000134,9.11328125,0.10819029808044434,0.040486,0.000401,0.000387,1.4e-05,,,0.14332180176543932,0.1442707452999087,c573,Intel(R) Xeon(R) Gold 6248R CPU @ 3.00GHz,ec2d14a-dirty,30328362
2,15,hammock,register-equality,0.001,4,10000,18,16,20260810,0.03717970848083496,0.41769799999998103,9.11328125,0.10819029808044434,0.028778,0.000921,0.000906,1.5e-05,,,0.02450022188314879,0.02537258547214126,c573,Intel(R) Xeon(R) Gold 6248R CPU @ 3.00GHz,ec2d14a-dirty,30328362
2,15,hammock,inclusion-exclusion,1.0,4,10000,18,16,20260810,0.2372760772705078,3.398275999999999,9.12109375,0.10819029808044434,0.228601,0.000976,0.000956,1.9e-05,,,0.0011497699323502232,0.0030233920942333292,c573,Intel(R) Xeon(R) Gold 6248R CPU @ 3.00GHz,ec2d14a-dirty,30328362
2,15,hammock,inclusion-exclusion,0.1,4,10000,18,16,20260810,0.09334254264831543,1.277076999999994,9.12890625,0.10819029808044434,0.084343,0.00104,0.001023,1.6e-05,,,0.0011976284028044487,0.002378558825546856,c573,Intel(R) Xeon(R) Gold 6248R CPU @ 3.00GHz,ec2d14a-dirty,30328362
2,15,hammock,inclusion-exclusion,0.01,4,10000,18,16,20260810,0.049600839614868164,0.6020429999999855,9.11328125,0.10819029808044434,0.040637,0.001124,0.001108,1.6e-05,,,0.0011733627826346314,0.0022770870919198577,c573,Intel(R) Xeon(R) Gold 6248R CPU @ 3.00GHz,ec2d14a-dirty,30328362
2,15,hammock,inclusion-exclusion,0.001,4,10000,18,16,20260810,0.037908315658569336,0.43212499999999876,9.14453125,0.10819029808044434,0.028923,0.001727,0.001711,1.5e-05,,,0.0005636894584085256,0.0008006440870700765,c573,Intel(R) Xeon(R) Gold 6248R CPU @ 3.00GHz,ec2d14a-dirty,30328362
2,16,bedtools,exact,,4,10000,18,16,20260810,0.1214132308959961,0.17416999999999705,18.93359375,0.10862040519714355,,,,,10.966062545776367,0.02258004021647776,0.0,0.0,c573,Intel(R) Xeon(R) Gold 6248R CPU @ 3.00GHz,ec2d14a-dirty,30328362
2,16,hammock,register-equality,1.0,4,10000,18,16,20260810,0.23727798461914062,3.4069010000000186,9.11328125,0.10862040519714355,0.229433,0.000288,0.000269,1.9e-05,,,0.16403958618164066,0.1648387448730469,c573,Intel(R) Xeon(R) Gold 6248R CPU @ 3.00GHz,ec2d14a-dirty,30328362
2,16,hammock,register-equality,0.1,4,10000,18,16,20260810,0.09264898300170898,1.2741439999999837,9.15234375,0.10862040519714355,0.084866,0.000292,0.000278,1.4e-05,,,0.1637859088134766,0.16509943627929688,c573,Intel(R) Xeon(R) Gold 6248R CPU @ 3.00GHz,ec2d14a-dirty,30328362
2,16,hammock,register-equality,0.01,4,10000,18,16,20260810,0.04874777793884277,0.5911889999999991,9.12109375,0.10862040519714355,0.040651,0.000373,0.00036,1.3e-05,,,0.14403721974848038,0.14472438453418945,c573,Intel(R) Xeon(R) Gold 6248R CPU @ 3.00GHz,ec2d14a-dirty,30328362
2,16,hammock,register-equality,0.001,4,10000,18,16,20260810,0.03749871253967285,0.4173790000000217,9.14453125,0.10862040519714355,0.02897,0.000853,0.000838,1.4e-05,,,0.024462590440959338,0.025041375587382883,c573,Intel(R) Xeon(R) Gold 6248R CPU @ 3.00GHz,ec2d14a-dirty,30328362
2,16,hammock,inclusion-exclusion,1.0,4,10000,18,16,20260810,0.2395462989807129,3.4180179999999827,9.13671875,0.10862040519714355,0.229517,0.001018,0.000997,2.1e-05,,,0.001548304311360521,0.002765644215815072,c573,Intel(R) Xeon(R) Gold 6248R CPU @ 3.00GHz,ec2d14a-dirty,30328362
2,16,hammock,inclusion-exclusion,0.1,4,10000,18,16,20260810,0.09418344497680664,1.2836560000000135,9.15234375,0.10862040519714355,0.084827,0.001033,0.001017,1.5e-05,,,0.0012851170591194304,0.0019960807828773713,c573,Intel(R) Xeon(R) Gold 6248R CPU @ 3.00GHz,ec2d14a-dirty,30328362
2,16,hammock,inclusion-exclusion,0.01,4,10000,18,16,20260810,0.049742937088012695,0.6023159999999934,9.12890625,0.10862040519714355,0.040645,0.001085,0.001069,1.5e-05,,,0.0017278623505947964,0.0024741352217201723,c573,Intel(R) Xeon(R) Gold 6248R CPU @ 3.00GHz,ec2d14a-dirty,30328362
2,16,hammock,inclusion-exclusion,0.001,4,10000,18,16,20260810,0.03862333297729492,0.4317280000000161,9.12890625,0.10862040519714355,0.029133,0.001737,0.001721,1.5e-05,,,0.0005420233400578942,0.0011236847276726164,c573,Intel(R) Xeon(R) Gold 6248R CPU @ 3.00GHz,ec2d14a-dirty,30328362
2,17,bedtools,exact,,4,10000,18,16,20260810,0.11867499351501465,0.16987900000000877,18.953125,0.10788512229919434,,,,,11.004209518432617,0.0231813990304545,0.0,0.0,c573,Intel(R) Xeon(R) Gold 6248R CPU @ 3.00GHz,ec2d14a-dirty,30328362
2,17,hammock,register-equality,1.0,4,10000,18,16,20260810,0.23833203315734863,3.407012000000006,9.16015625,0.10788512229919434,0.230486,0.000327,0.000306,2.1e-05,,,0.16391162615966798,0.1643992087402344,c573,Intel(R) Xeon(R) Gold 6248R CPU @ 3.00GHz,ec2d14a-dirty,30328362
2,17,hammock,register-equality,0.1,4,10000,18,16,20260810,0.09256362915039062,1.2717080000000065,9.11328125,0.10788512229919434,0.084726,0.000307,0.000293,1.3e-05,,,0.16369514208984376,0.16404067138671874,c573,Intel(R) Xeon(R) Gold 6248R CPU @ 3.00GHz,ec2d14a-dirty,30328362
2,17,hammock,register-equality,0.01,4,10000,18,16,20260810,0.048799991607666016,0.5914569999999877,9.12890625,0.10788512229919434,0.040805,0.00043,0.000413,1.7e-05,,,0.1432372523855122,0.14382779531137868,c573,Intel(R) Xeon(R) Gold 6248R CPU @ 3.00GHz,ec2d14a-dirty,30328362
2,17,hammock,register-equality,0.001,4,10000,18,16,20260810,0.03720855712890625,0.41835700000000386,9.12109375,0.10788512229919434,0.028836,0.000903,0.000888,1.5e-05,,,0.024884908434592616,0.025885647426074132,c573,Intel(R) Xeon(R) Gold 6248R CPU @ 3.00GHz,ec2d14a-dirty,30328362
2,17,hammock,inclusion-exclusion,1.0,4,10000,18,16,20260810,0.23892641067504883,3.4137239999999935,9.11328125,0.10788512229919434,0.230217,0.000987,0.000968,1.9e-05,,,0.0005298941965709812,0.0010563267362807133,c573,Intel(R) Xeon(R) Gold 6248R CPU @ 3.00GHz,ec2d14a-dirty,30328362
2,17,hammock,inclusion-exclusion,0.1,4,10000,18,16,20260810,0.09305763244628906,1.278647000000014,9.11328125,0.10788512229919434,0.084589,0.000966,0.000951,1.5e-05,,,0.00033259100064477257,0.0005717491386748458,c573,Intel(R) Xeon(R) Gold 6248R CPU @ 3.00GHz,ec2d14a-dirty,30328362
2,17,hammock,inclusion-exclusion,0.01,4,10000,18,16,20260810,0.04910731315612793,0.6016189999999937,9.12890625,0.10788512229919434,0.040698,0.001061,0.001045,1.5e-05,,,0.0005713156465607279,0.001438880491119468,c573,Intel(R) Xeon(R) Gold 6248R CPU @ 3.00GHz,ec2d14a-dirty,30328362
2,17,hammock,inclusion-exclusion,0.001,4,10000,18,16,20260810,0.03843188285827637,0.4340369999999858,9.15234375,0.10788512229919434,0.029071,0.001722,0.001706,1.5e-05,,,0.0013447471389748042,0.002271021685633423,c573,Intel(R) Xeon(R) Gold 6248R CPU @ 3.00GHz,ec2d14a-dirty,30328362
2,18,bedtools,exact,,4,10000,18,16,20260810,0.11899733543395996,0.17062700000000897,18.9453125,0.11016726493835449,,,,,10.986089706420898,0.023080537195132946,0.0,0.0,c573,Intel(R) Xeon(R) Gold 6248R CPU @ 3.00GHz,ec2d14a-dirty,30328362
2,18,hammock,register-equality,1.0,4,10000,18,16,20260810,0.23935389518737793,3.414682999999995,9.10546875,0.11016726493835449,0.231296,0.000339,0.00032,1.8e-05,,,0.1639561474609375,0.1648307990722656,c573,Intel(R) Xeon(R) Gold 6248R CPU @ 3.00GHz,ec2d14a-dirty,30328362
2,18,hammock,register-equality,0.1,4,10000,18,16,20260810,0.09296369552612305,1.2723150000000087,9.14453125,0.11016726493835449,0.084851,0.000315,0.000299,1.5e-05,,,0.16338489654541016,0.1638765634765625,c573,Intel(R) Xeon(R) Gold 6248R CPU @ 3.00GHz,ec2d14a-dirty,30328362
2,18,hammock,register-equality,0.01,4,10000,18,16,20260810,0.04887962341308594,0.5931370000000173,9.14453125,0.11016726493835449,0.040878,0.000403,0.000387,1.6e-05,,,0.14414123947676838,0.14532071716338513,c573,Intel(R) Xeon(R) Gold 6248R CPU @ 3.00GHz,ec2d14a-dirty,30328362
2,18,hammock,register-equality,0.001,4,10000,18,16,20260810,0.037158966064453125,0.41727299999997314,9.10546875,0.11016726493835449,0.028879,0.00083,0.000816,1.4e-05,,,0.025107558240526566,0.02543491990114026,c573,Intel(R) Xeon(R) Gold 6248R CPU @ 3.00GHz,ec2d14a-dirty,30328362
2,18,hammock,inclusion-exclusion,1.0,4,10000,18,16,20260810,0.23989272117614746,3.425999000000015,9.12890625,0.11016726493835449,0.231536,0.000967,0.000947,1.9e-05,,,0.0013614197576676916,0.0030823690463721437,c573,Intel(R) Xeon(R) Gold 6248R CPU @ 3.00GHz,ec2d14a-dirty,30328362
2,18,hammock,inclusion-exclusion,0.1,4,10000,18,16,20260810,0.09331536293029785,1.2827399999999898,9.12109375,0.11016726493835449,0.084849,0.000956,0.000941,1.4e-05,,,0.0023733192406204806,0.002662200341854659,c573,Intel(R) Xeon(R) Gold 6248R CPU @ 3.00GHz,ec2d14a-dirty,30328362
2,18,hammock,inclusion-exclusion,0.01,4,10000,18,16,20260810,0.04990673065185547,0.6038430000000199,9.12890625,0.11016726493835449,0.040866,0.001103,0.001086,1.7e-05,,,0.001284876607897105,0.0024574102010445076,c573,Intel(R) Xeon(R) Gold 6248R CPU @ 3.00GHz,ec2d14a-dirty,30328362
2,18,hammock,inclusion-exclusion,0.001,4,10000,18,16,20260810,0.03785419464111328,0.4307179999999944,9.16015625,0.11016726493835449,0.02885,0.001675,0.00166,1.5e-05,,,0.001212092942929146,0.0020015620173077786,c573,Intel(R) Xeon(R) Gold 6248R CPU @ 3.00GHz,ec2d14a-dirty,30328362
2,19,bedtools,exact,,4,10000,18,16,20260810,0.12084102630615234,0.17369499999998617,18.94921875,0.10887312889099121,,,,,11.011123657226562,0.022780184830046325,0.0,0.0,c573,Intel(R) Xeon(R) Gold 6248R CPU @ 3.00GHz,ec2d14a-dirty,30328362
2,19,hammock,register-equality,1.0,4,10000,18,16,20260810,0.23822355270385742,3.399637000000018,9.16015625,0.10887312889099121,0.230294,0.000308,0.000288,1.9e-05,,,0.16314424273681638,0.16385761450195313,c573,Intel(R) Xeon(R) Gold 6248R CPU @ 3.00GHz,ec2d14a-dirty,30328362
2,19,hammock,register-equality,0.1,4,10000,18,16,20260810,0.09230995178222656,1.2707189999999935,9.12890625,0.10887312889099121,0.084694,0.000314,0.000299,1.4e-05,,,0.16391385791015622,0.16499320507812498,c573,Intel(R) Xeon(R) Gold 6248R CPU @ 3.00GHz,ec2d14a-dirty,30328362
2,19,hammock,register-equality,0.01,4,10000,18,16,20260810,0.04843735694885254,0.5922210000000092,9.13671875,0.10887312889099121,0.04079,0.000388,0.000373,1.4e-05,,,0.14332640709487615,0.14414856937932685,c573,Intel(R) Xeon(R) Gold 6248R CPU @ 3.00GHz,ec2d14a-dirty,30328362
2,19,hammock,register-equality,0.001,4,10000,18,16,20260810,0.03701663017272949,0.41654199999997576,9.16015625,0.10887312889099121,0.028842,0.000832,0.000818,1.4e-05,,,0.02553380170897421,0.02616512777191131,c573,Intel(R) Xeon(R) Gold 6248R CPU @ 3.00GHz,ec2d14a-dirty,30328362
2,19,hammock,inclusion-exclusion,1.0,4,10000,18,16,20260810,0.2392902374267578,3.41483000000001,9.10546875,0.10887312889099121,0.230455,0.001083,0.001059,2.4e-05,,,0.0020387800947818113,0.0034208017915453026,c573,Intel(R) Xeon(R) Gold 6248R CPU @ 3.00GHz,ec2d14a-dirty,30328362
2,19,hammock,inclusion-exclusion,0.1,4,10000,18,16,20260810,0.09358906745910645,1.2837750000000083,9.12890625,0.10887312889099121,0.084845,0.001046,0.001029,1.7e-05,,,0.0009943382829544767,0.002006394103852699,c573,Intel(R) Xeon(R) Gold 6248R CPU @ 3.00GHz,ec2d14a-dirty,30328362
2,19,hammock,inclusion-exclusion,0.01,4,10000,18,16,20260810,0.04965615272521973,0.6048439999999964,9.14453125,0.10887312889099121,0.040856,0.001113,0.001098,1.5e-05,,,0.0013864828992707391,0.002899635426489189,c573,Intel(R) Xeon(R) Gold 6248R CPU @ 3.00GHz,ec2d14a-dirty,30328362
2,19,hammock,inclusion-exclusion,0.001,4,10000,18,16,20260810,0.03808307647705078,0.4311170000000013,9.12890625,0.10887312889099121,0.028926,0.001639,0.001624,1.5e-05,,,0.0014240389335337875,0.001968632559244135,c573,Intel(R) Xeon(R) Gold 6248R CPU @ 3.00GHz,ec2d14a-dirty,30328362
4,0,bedtools,exact,,16,10000,18,16,20260810,0.16093683242797852,0.39995799999998205,19.00390625,0.11065006256103516,,,,,10.892391204833984,0.06768115813207944,0.0,0.0,c573,Intel(R) Xeon(R) Gold 6248R CPU @ 3.00GHz,ec2d14a-dirty,30328362
4,0,hammock,register-equality,1.0,16,10000,18,16,20260810,0.4696955680847168,6.8308639999999885,10.10546875,0.11065006256103516,0.460735,0.000347,0.000317,2.9e-05,,,0.16413891996765134,0.16616471997070315,c573,Intel(R) Xeon(R) Gold 6248R CPU @ 3.00GHz,ec2d14a-dirty,30328362
4,0,hammock,register-equality,0.1,16,10000,18,16,20260810,0.1761946678161621,2.572058000000008,10.12890625,0.11065006256103516,0.168051,0.000329,0.000307,2.1e-05,,,0.1638721295776367,0.16518187329101564,c573,Intel(R) Xeon(R) Gold 6248R CPU @ 3.00GHz,ec2d14a-dirty,30328362
4,0,hammock,register-equality,0.01,16,10000,18,16,20260810,0.0884549617767334,1.2195249999999849,10.12890625,0.11065006256103516,0.08063,0.000423,0.000401,2.1e-05,,,0.14303908477284752,0.1438712374881324,c573,Intel(R) Xeon(R) Gold 6248R CPU @ 3.00GHz,ec2d14a-dirty,30328362
4,0,hammock,register-equality,0.001,16,10000,18,16,20260810,0.06544327735900879,0.8669960000000065,10.11328125,0.11065006256103516,0.057139,0.000825,0.000805,2e-05,,,0.024706815460789486,0.025978834729518674,c573,Intel(R) Xeon(R) Gold 6248R CPU @ 3.00GHz,ec2d14a-dirty,30328362
4,0,hammock,inclusion-exclusion,1.0,16,10000,18,16,20260810,0.4692349433898926,6.838173999999985,10.12890625,0.11065006256103516,0.460589,0.000964,0.000938,2.6e-05,,,0.0014116831150347729,0.003247240655942951,c573,Intel(R) Xeon(R) Gold 6248R CPU @ 3.00GHz,ec2d14a-dirty,30328362
4,0,hammock,inclusion-exclusion,0.1,16,10000,18,16,20260810,0.1763145923614502,2.5770350000000404,10.13671875,0.11065006256103516,0.167856,0.000969,0.000947,2.1e-05,,,0.001008108098842708,0.0033805839492825063,c573,Intel(R) Xeon(R) Gold 6248R CPU @ 3.00GHz,ec2d14a-dirty,30328362
4,0,hammock,inclusion-exclusion,0.01,16,10000,18,16,20260810,0.08870863914489746,1.2260209999999976,10.14453125,0.11065006256103516,0.080405,0.001003,0.000982,2e-05,,,0.0011707217536666105,0.002732176232627781,c573,Intel(R) Xeon(R) Gold 6248R CPU @ 3.00GHz,ec2d14a-dirty,30328362
4,0,hammock,inclusion-exclusion,0.001,16,10000,18,16,20260810,0.06613826751708984,0.8770899999999573,10.12890625,0.11065006256103516,0.057174,0.001643,0.001621,2.1e-05,,,0.0007823176617288265,0.0022821064028388655,c573,Intel(R) Xeon(R) Gold 6248R CPU @ 3.00GHz,ec2d14a-dirty,30328362
4,1,bedtools,exact,,16,10000,18,16,20260810,0.16382288932800293,0.39288600000002827,19.0,0.11008214950561523,,,,,10.864973068237305,0.06632145918561888,0.0,0.0,c573,Intel(R) Xeon(R) Gold 6248R CPU @ 3.00GHz,ec2d14a-dirty,30328362
4,1,hammock,register-equality,1.0,16,10000,18,16,20260810,0.4663553237915039,6.829724999999993,10.16015625,0.11008214950561523,0.45828,0.000336,0.000309,2.6e-05,,,0.1640845303955078,0.16504161083984376,c573,Intel(R) Xeon(R) Gold 6248R CPU @ 3.00GHz,ec2d14a-dirty,30328362
4,1,hammock,register-equality,0.1,16,10000,18,16,20260810,0.17634248733520508,2.5702070000000417,10.12890625,0.11008214950561523,0.168133,0.000326,0.000305,2.1e-05,,,0.16449198774719237,0.16603687011718749,c573,Intel(R) Xeon(R) Gold 6248R CPU @ 3.00GHz,ec2d14a-dirty,30328362
4,1,hammock,register-equality,0.01,16,10000,18,16,20260810,0.08893346786499023,1.218648000000007,10.13671875,0.11008214950561523,0.080649,0.000395,0.000376,1.9e-05,,,0.14365010867080183,0.14524899734583105,c573,Intel(R) Xeon(R) Gold 6248R CPU @ 3.00GHz,ec2d14a-dirty,30328362
4,1,hammock,register-equality,0.001,16,10000,18,16,20260810,0.06543970108032227,0.8644859999999461,10.14453125,0.11008214950561523,0.057054,0.00083,0.00081,2e-05,,,0.024894158869640606,0.025931715673070094,c573,Intel(R) Xeon(R) Gold 6248R CPU @ 3.00GHz,ec2d14a-dirty,30328362
4,1,hammock,inclusion-exclusion,1.0,16,10000,18,16,20260810,0.46683835983276367,6.841761000000028,10.16015625,0.11008214950561523,0.458584,0.000969,0.000944,2.5e-05,,,0.0014337257462090401,0.0031847007864698323,c573,Intel(R) Xeon(R) Gold 6248R CPU @ 3.00GHz,ec2d14a-dirty,30328362
4,1,hammock,inclusion-exclusion,0.1,16,10000,18,16,20260810,0.17637300491333008,2.580631000000005,10.12109375,0.11008214950561523,0.167968,0.001063,0.001042,2.1e-05,,,0.0016439160538161985,0.0031053929644787176,c573,Intel(R) Xeon(R) Gold 6248R CPU @ 3.00GHz,ec2d14a-dirty,30328362
4,1,hammock,inclusion-exclusion,0.01,16,10000,18,16,20260810,0.08907818794250488,1.2286809999999688,10.10546875,0.11008214950561523,0.080654,0.001031,0.00101,2e-05,,,0.0014828614814146922,0.00388173959150874,c573,Intel(R) Xeon(R) Gold 6248R CPU @ 3.00GHz,ec2d14a-dirty,30328362
4,1,hammock,inclusion-exclusion,0.001,16,10000,18,16,20260810,0.066009521484375,0.8801380000000192,10.16015625,0.11008214950561523,0.057104,0.001679,0.001657,2.1e-05,,,0.0013003598264492702,0.0028987072773584838,c573,Intel(R) Xeon(R) Gold 6248R CPU @ 3.00GHz,ec2d14a-dirty,30328362
4,2,bedtools,exact,,16,10000,18,16,20260810,0.16579627990722656,0.4016309999999743,18.99609375,0.11014628410339355,,,,,10.956525802612305,0.06608426804716709,0.0,0.0,c573,Intel(R) Xeon(R) Gold 6248R CPU @ 3.00GHz,ec2d14a-dirty,30328362
4,2,hammock,register-equality,1.0,16,10000,18,16,20260810,0.46936774253845215,6.840844000000014,10.10546875,0.11014628410339355,0.46155,0.000323,0.000298,2.4e-05,,,0.16420766709899903,0.1661479306640625,c573,Intel(R) Xeon(R) Gold 6248R CPU @ 3.00GHz,ec2d14a-dirty,30328362
4,2,hammock,register-equality,0.1,16,10000,18,16,20260810,0.1767120361328125,2.5800839999999567,10.12109375,0.11014628410339355,0.168509,0.000284,0.000265,1.9e-05,,,0.16469952462768556,0.16593340698242187,c573,Intel(R) Xeon(R) Gold 6248R CPU @ 3.00GHz,ec2d14a-dirty,30328362
4,2,hammock,register-equality,0.01,16,10000,18,16,20260810,0.0894324779510498,1.2217350000000406,10.10546875,0.11014628410339355,0.080886,0.000365,0.000346,1.8e-05,,,0.1432072605949374,0.14493787949327377,c573,Intel(R) Xeon(R) Gold 6248R CPU @ 3.00GHz,ec2d14a-dirty,30328362
4,2,hammock,register-equality,0.001,16,10000,18,16,20260810,0.06546998023986816,0.8663029999999798,10.15234375,0.11014628410339355,0.057179,0.000929,0.000907,2.1e-05,,,0.024983926481846448,0.025882817091286203,c573,Intel(R) Xeon(R) Gold 6248R CPU @ 3.00GHz,ec2d14a-dirty,30328362
4,2,hammock,inclusion-exclusion,1.0,16,10000,18,16,20260810,0.4695134162902832,6.846405000000005,10.10546875,0.11014628410339355,0.461163,0.000982,0.000957,2.5e-05,,,0.0013440827077319658,0.0033090196288984852,c573,Intel(R) Xeon(R) Gold 6248R CPU @ 3.00GHz,ec2d14a-dirty,30328362
4,2,hammock,inclusion-exclusion,0.1,16,10000,18,16,20260810,0.17733240127563477,2.590302000000011,10.11328125,0.11014628410339355,0.168781,0.000974,0.000953,2e-05,,,0.001859016742789617,0.005417819991798176,c573,Intel(R) Xeon(R) Gold 6248R CPU @ 3.00GHz,ec2d14a-dirty,30328362
4,2,hammock,inclusion-exclusion,0.01,16,10000,18,16,20260810,0.08919835090637207,1.229418000000014,10.14453125,0.11014628410339355,0.080725,0.001015,0.000994,2e-05,,,0.0012436261051606773,0.003358631136912038,c573,Intel(R) Xeon(R) Gold 6248R CPU @ 3.00GHz,ec2d14a-dirty,30328362
4,2,hammock,inclusion-exclusion,0.001,16,10000,18,16,20260810,0.06592750549316406,0.875914999999976,10.11328125,0.11014628410339355,0.056905,0.001646,0.001621,2.5e-05,,,0.0008593564457414476,0.003263184149846804,c573,Intel(R) Xeon(R) Gold 6248R CPU @ 3.00GHz,ec2d14a-dirty,30328362
4,3,bedtools,exact,,16,10000,18,16,20260810,0.16540288925170898,0.3993449999999825,18.9921875,0.11020970344543457,,,,,11.003255844116211,0.06652396396396397,0.0,0.0,c573,Intel(R) Xeon(R) Gold 6248R CPU @ 3.00GHz,ec2d14a-dirty,30328362
4,3,hammock,register-equality,1.0,16,10000,18,16,20260810,0.4663403034210205,6.822580999999994,10.15234375,0.11020970344543457,0.458144,0.000338,0.000305,3.2e-05,,,0.16389201226806638,0.16617785083007813,c573,Intel(R) Xeon(R) Gold 6248R CPU @ 3.00GHz,ec2d14a-dirty,30328362
4,3,hammock,register-equality,0.1,16,10000,18,16,20260810,0.1763150691986084,2.575533000000041,10.15234375,0.11020970344543457,0.168455,0.000311,0.000291,2e-05,,,0.16384242120361325,0.16495936816406248,c573,Intel(R) Xeon(R) Gold 6248R CPU @ 3.00GHz,ec2d14a-dirty,30328362
4,3,hammock,register-equality,0.01,16,10000,18,16,20260810,0.08853626251220703,1.220337000000029,10.14453125,0.11020970344543457,0.080558,0.00042,0.000399,2.1e-05,,,0.1431975627497779,0.14505072224745602,c573,Intel(R) Xeon(R) Gold 6248R CPU @ 3.00GHz,ec2d14a-dirty,30328362
4,3,hammock,register-equality,0.001,16,10000,18,16,20260810,0.06569099426269531,0.8688869999999973,10.10546875,0.11020970344543457,0.057298,0.000925,0.000903,2.1e-05,,,0.024599663420194963,0.026367061291643734,c573,Intel(R) Xeon(R) Gold 6248R CPU @ 3.00GHz,ec2d14a-dirty,30328362
4,3,hammock,inclusion-exclusion,1.0,16,10000,18,16,20260810,0.4665546417236328,6.831620999999963,10.13671875,0.11020970344543457,0.458053,0.000984,0.000959,2.5e-05,,,0.001076862754624124,0.003228658145565222,c573,Intel(R) Xeon(R) Gold 6248R CPU @ 3.00GHz,ec2d14a-dirty,30328362
4,3,hammock,inclusion-exclusion,0.1,16,10000,18,16,20260810,0.17649316787719727,2.5776820000000313,10.12109375,0.11020970344543457,0.168135,0.000937,0.000917,1.9e-05,,,0.0010941396466174298,0.002417729198730234,c573,Intel(R) Xeon(R) Gold 6248R CPU @ 3.00GHz,ec2d14a-dirty,30328362
4,3,hammock,inclusion-exclusion,0.01,16,10000,18,16,20260810,0.0889286994934082,1.2287759999999768,10.12109375,0.11020970344543457,0.080608,0.001017,0.000998,1.9e-05,,,0.0012588327164879788,0.0031683272822919245,c573,Intel(R) Xeon(R) Gold 6248R CPU @ 3.00GHz,ec2d14a-dirty,30328362
4,3,hammock,inclusion-exclusion,0.001,16,10000,18,16,20260810,0.06604814529418945,0.8775500000000065,10.13671875,0.11020970344543457,0.057021,0.001663,0.001641,2.1e-05,,,0.0009203774926819777,0.0025927032693310315,c573,Intel(R) Xeon(R) Gold 6248R CPU @ 3.00GHz,ec2d14a-dirty,30328362
4,4,bedtools,exact,,16,10000,18,16,20260810,0.16149568557739258,0.3946309999999569,19.0078125,0.11160087585449219,,,,,10.918140411376953,0.06760639067441043,0.0,0.0,c573,Intel(R) Xeon(R) Gold 6248R CPU @ 3.00GHz,ec2d14a-dirty,30328362
4,4,hammock,register-equality,1.0,16,10000,18,16,20260810,0.4655132293701172,6.822984000000002,10.10546875,0.11160087585449219,0.457304,0.000334,0.000308,2.5e-05,,,0.16402174546813963,0.1659636240234375,c573,Intel(R) Xeon(R) Gold 6248R CPU @ 3.00GHz,ec2d14a-dirty,30328362
4,4,hammock,register-equality,0.1,16,10000,18,16,20260810,0.17664551734924316,2.5766620000000495,10.11328125,0.11160087585449219,0.16843,0.000315,0.000296,1.8e-05,,,0.16399742677307128,0.1656890166015625,c573,Intel(R) Xeon(R) Gold 6248R CPU @ 3.00GHz,ec2d14a-dirty,30328362
4,4,hammock,register-equality,0.01,16,10000,18,16,20260810,0.0890207290649414,1.2211159999999657,10.12890625,0.11160087585449219,0.080803,0.000438,0.000414,2.3e-05,,,0.1431998992723846,0.14449765407040377,c573,Intel(R) Xeon(R) Gold 6248R CPU @ 3.00GHz,ec2d14a-dirty,30328362
4,4,hammock,register-equality,0.001,16,10000,18,16,20260810,0.06530404090881348,0.8649319999999836,10.16015625,0.11160087585449219,0.05685,0.000936,0.000913,2.2e-05,,,0.024827313167980855,0.026087952027323877,c573,Intel(R) Xeon(R) Gold 6248R CPU @ 3.00GHz,ec2d14a-dirty,30328362
4,4,hammock,inclusion-exclusion,1.0,16,10000,18,16,20260810,0.4657602310180664,6.831914000000019,10.11328125,0.11160087585449219,0.457297,0.00107,0.001045,2.5e-05,,,0.001047962551866381,0.002603587902897511,c573,Intel(R) Xeon(R) Gold 6248R CPU @ 3.00GHz,ec2d14a-dirty,30328362
4,4,hammock,inclusion-exclusion,0.1,16,10000,18,16,20260810,0.1764366626739502,2.580632999999999,10.13671875,0.11160087585449219,0.168122,0.000974,0.000953,2e-05,,,0.0010384139546935891,0.0019153851130441074,c573,Intel(R) Xeon(R) Gold 6248R CPU @ 3.00GHz,ec2d14a-dirty,30328362
4,4,hammock,inclusion-exclusion,0.01,16,10000,18,16,20260810,0.08886861801147461,1.2258669999999867,10.12109375,0.11160087585449219,0.080335,0.001075,0.001053,2.2e-05,,,0.0009237847911266151,0.0028460855026480048,c573,Intel(R) Xeon(R) Gold 6248R CPU @ 3.00GHz,ec2d14a-dirty,30328362
4,4,hammock,inclusion-exclusion,0.001,16,10000,18,16,20260810,0.06624674797058105,0.8787390000000261,10.13671875,0.11160087585449219,0.057054,0.001712,0.00169,2.1e-05,,,0.0009089199735145574,0.0025647796602469436,c573,Intel(R) Xeon(R) Gold 6248R CPU @ 3.00GHz,ec2d14a-dirty,30328362
4,5,bedtools,exact,,16,10000,18,16,20260810,0.1632084846496582,0.39859400000004364,19.015625,0.11040520668029785,,,,,10.7879638671875,0.06609928332062417,0.0,0.0,c573,Intel(R) Xeon(R) Gold 6248R CPU @ 3.00GHz,ec2d14a-dirty,30328362
4,5,hammock,register-equality,1.0,16,10000,18,16,20260810,0.4681711196899414,6.8390160000000275,10.12109375,0.11040520668029785,0.45996,0.000335,0.000306,2.8e-05,,,0.163992227355957,0.16561923657226563,c573,Intel(R) Xeon(R) Gold 6248R CPU @ 3.00GHz,ec2d14a-dirty,30328362
4,5,hammock,register-equality,0.1,16,10000,18,16,20260810,0.17679047584533691,2.5748109999999977,10.12890625,0.11040520668029785,0.168423,0.000316,0.000297,1.9e-05,,,0.16409617785644529,0.16556669775390626,c573,Intel(R) Xeon(R) Gold 6248R CPU @ 3.00GHz,ec2d14a-dirty,30328362
4,5,hammock,register-equality,0.01,16,10000,18,16,20260810,0.08928775787353516,1.2198589999999703,10.13671875,0.11040520668029785,0.080826,0.00039,0.000371,1.8e-05,,,0.14373611682094387,0.14490393793570489,c573,Intel(R) Xeon(R) Gold 6248R CPU @ 3.00GHz,ec2d14a-dirty,30328362
4,5,hammock,register-equality,0.001,16,10000,18,16,20260810,0.06519103050231934,0.8658890000000374,10.13671875,0.11040520668029785,0.057116,0.000844,0.000822,2.1e-05,,,0.02526176695438362,0.026656208386312885,c573,Intel(R) Xeon(R) Gold 6248R CPU @ 3.00GHz,ec2d14a-dirty,30328362
4,5,hammock,inclusion-exclusion,1.0,16,10000,18,16,20260810,0.4689054489135742,6.841079999999972,10.15234375,0.11040520668029785,0.459428,0.001064,0.001027,3.7e-05,,,0.0010880976479516842,0.0027552093505702757,c573,Intel(R) Xeon(R) Gold 6248R CPU @ 3.00GHz,ec2d14a-dirty,30328362
4,5,hammock,inclusion-exclusion,0.1,16,10000,18,16,20260810,0.17679643630981445,2.582009000000025,10.11328125,0.11040520668029785,0.168003,0.001079,0.001047,3.2e-05,,,0.0014184994270508072,0.005212197912791081,c573,Intel(R) Xeon(R) Gold 6248R CPU @ 3.00GHz,ec2d14a-dirty,30328362
4,5,hammock,inclusion-exclusion,0.01,16,10000,18,16,20260810,0.08925199508666992,1.2308810000000063,10.11328125,0.11040520668029785,0.080628,0.001135,0.001112,2.2e-05,,,0.0009777262093603077,0.002365982300218672,c573,Intel(R) Xeon(R) Gold 6248R CPU @ 3.00GHz,ec2d14a-dirty,30328362
4,5,hammock,inclusion-exclusion,0.001,16,10000,18,16,20260810,0.0661001205444336,0.8766239999999588,10.12109375,0.11040520668029785,0.056911,0.001742,0.00172,2.2e-05,,,0.0009760315231732734,0.002480808364161771,c573,Intel(R) Xeon(R) Gold 6248R CPU @ 3.00GHz,ec2d14a-dirty,30328362
4,6,bedtools,exact,,16,10000,18,16,20260810,0.16315484046936035,0.3970149999999988,19.00390625,0.12595248222351074,,,,,10.867834091186523,0.06661055264999904,0.0,0.0,c573,Intel(R) Xeon(R) Gold 6248R CPU @ 3.00GHz,ec2d14a-dirty,30328362
4,6,hammock,register-equality,1.0,16,10000,18,16,20260810,0.46898460388183594,6.854365999999995,10.11328125,0.12595248222351074,0.460886,0.000345,0.000316,2.9e-05,,,0.16365156155395508,0.1653140993652344,c573,Intel(R) Xeon(R) Gold 6248R CPU @ 3.00GHz,ec2d14a-dirty,30328362
4,6,hammock,register-equality,0.1,16,10000,18,16,20260810,0.17606425285339355,2.5707350000000275,10.15234375,0.12595248222351074,0.168044,0.000315,0.000291,2.3e-05,,,0.16461119633483887,0.16620599829101562,c573,Intel(R) Xeon(R) Gold 6248R CPU @ 3.00GHz,ec2d14a-dirty,30328362
4,6,hammock,register-equality,0.01,16,10000,18,16,20260810,0.08880352973937988,1.2217779999999623,10.15234375,0.12595248222351074,0.080908,0.000367,0.000348,1.9e-05,,,0.14366120110450586,0.14464805309621698,c573,Intel(R) Xeon(R) Gold 6248R CPU @ 3.00GHz,ec2d14a-dirty,30328362
4,6,hammock,register-equality,0.001,16,10000,18,16,20260810,0.0663614273071289,0.8662050000000256,10.12109375,0.12595248222351074,0.057396,0.000859,0.000837,2.1e-05,,,0.024802261739935088,0.025864428458453367,c573,Intel(R) Xeon(R) Gold 6248R CPU @ 3.00GHz,ec2d14a-dirty,30328362
4,6,hammock,inclusion-exclusion,1.0,16,10000,18,16,20260810,0.47130489349365234,6.867398999999991,10.11328125,0.12595248222351074,0.46094,0.001107,0.001066,4e-05,,,0.001269546210023443,0.0033927135533631247,c573,Intel(R) Xeon(R) Gold 6248R CPU @ 3.00GHz,ec2d14a-dirty,30328362
4,6,hammock,inclusion-exclusion,0.1,16,10000,18,16,20260810,0.17695116996765137,2.578850000000024,10.14453125,0.12595248222351074,0.167694,0.001058,0.001037,2.1e-05,,,0.001198274734330775,0.0031150902130195612,c573,Intel(R) Xeon(R) Gold 6248R CPU @ 3.00GHz,ec2d14a-dirty,30328362
4,6,hammock,inclusion-exclusion,0.01,16,10000,18,16,20260810,0.08965706825256348,1.234252000000013,10.16015625,0.12595248222351074,0.080987,0.001107,0.001085,2.2e-05,,,0.0013931666101099967,0.0027672955072867295,c573,Intel(R) Xeon(R) Gold 6248R CPU @ 3.00GHz,ec2d14a-dirty,30328362
4,6,hammock,inclusion-exclusion,0.001,16,10000,18,16,20260810,0.06602072715759277,0.8759410000000107,10.14453125,0.12595248222351074,0.056915,0.001636,0.001615,2.1e-05,,,0.001030009562091862,0.0020199514306398075,c573,Intel(R) Xeon(R) Gold 6248R CPU @ 3.00GHz,ec2d14a-dirty,30328362
4,7,bedtools,exact,,16,10000,18,16,20260810,0.16025590896606445,0.39271800000002965,19.00390625,0.10990095138549805,,,,,11.005640029907227,0.0686754086068537,0.0,0.0,c573,Intel(R) Xeon(R) Gold 6248R CPU @ 3.00GHz,ec2d14a-dirty,30328362
4,7,hammock,register-equality,1.0,16,10000,18,16,20260810,0.4650859832763672,6.813664000000026,10.11328125,0.10990095138549805,0.456533,0.000335,0.000308,2.7e-05,,,0.16427328707885744,0.16583681494140623,c573,Intel(R) Xeon(R) Gold 6248R CPU @ 3.00GHz,ec2d14a-dirty,30328362
4,7,hammock,register-equality,0.1,16,10000,18,16,20260810,0.1774003505706787,2.5752759999999695,10.13671875,0.10990095138549805,0.168362,0.00033,0.000309,2.1e-05,,,0.16427972438049318,0.16559202001953124,c573,Intel(R) Xeon(R) Gold 6248R CPU @ 3.00GHz,ec2d14a-dirty,30328362
4,7,hammock,register-equality,0.01,16,10000,18,16,20260810,0.08841609954833984,1.2177400000000471,10.12109375,0.10990095138549805,0.080441,0.00043,0.000406,2.3e-05,,,0.14371382224520213,0.14500284807046376,c573,Intel(R) Xeon(R) Gold 6248R CPU @ 3.00GHz,ec2d14a-dirty,30328362
4,7,hammock,register-equality,0.001,16,10000,18,16,20260810,0.06569528579711914,0.8670639999999761,10.14453125,0.10990095138549805,0.057171,0.000866,0.000845,2.1e-05,,,0.024606873771938924,0.025563769872527856,c573,Intel(R) Xeon(R) Gold 6248R CPU @ 3.00GHz,ec2d14a-dirty,30328362
4,7,hammock,inclusion-exclusion,1.0,16,10000,18,16,20260810,0.4651474952697754,6.819321000000032,10.13671875,0.10990095138549805,0.456425,0.000973,0.000947,2.6e-05,,,0.0007512617995239449,0.0019257325543206166,c573,Intel(R) Xeon(R) Gold 6248R CPU @ 3.00GHz,ec2d14a-dirty,30328362
4,7,hammock,inclusion-exclusion,0.1,16,10000,18,16,20260810,0.17660212516784668,2.583568999999952,10.15234375,0.10990095138549805,0.168282,0.000973,0.000953,1.9e-05,,,0.0015125593174742415,0.0039041431526173204,c573,Intel(R) Xeon(R) Gold 6248R CPU @ 3.00GHz,ec2d14a-dirty,30328362
4,7,hammock,inclusion-exclusion,0.01,16,10000,18,16,20260810,0.09005260467529297,1.2333549999999915,10.10546875,0.10990095138549805,0.08061,0.001128,0.001106,2.1e-05,,,0.0011784673537857558,0.0027136708889323735,c573,Intel(R) Xeon(R) Gold 6248R CPU @ 3.00GHz,ec2d14a-dirty,30328362
4,7,hammock,inclusion-exclusion,0.001,16,10000,18,16,20260810,0.0681159496307373,0.8813259999999818,10.11328125,0.10990095138549805,0.057203,0.001742,0.001719,2.2e-05,,,0.0007008114693858626,0.0020651402555746656,c573,Intel(R) Xeon(R) Gold 6248R CPU @ 3.00GHz,ec2d14a-dirty,30328362
4,8,bedtools,exact,,16,10000,18,16,20260810,0.16262578964233398,0.3908720000000079,19.015625,0.11020851135253906,,,,,10.967016220092773,0.0674371281714465,0.0,0.0,c573,Intel(R) Xeon(R) Gold 6248R CPU @ 3.00GHz,ec2d14a-dirty,30328362
4,8,hammock,register-equality,1.0,16,10000,18,16,20260810,0.4685964584350586,6.829446999999994,10.10546875,0.11020851135253906,0.46021,0.000336,0.000309,2.6e-05,,,0.1638262716369629,0.16571408496093748,c573,Intel(R) Xeon(R) Gold 6248R CPU @ 3.00GHz,ec2d14a-dirty,30328362
4,8,hammock,register-equality,0.1,16,10000,18,16,20260810,0.17646217346191406,2.573957999999985,10.14453125,0.11020851135253906,0.168272,0.000345,0.000323,2.2e-05,,,0.16407971058654786,0.1664808391113281,c573,Intel(R) Xeon(R) Gold 6248R CPU @ 3.00GHz,ec2d14a-dirty,30328362
4,8,hammock,register-equality,0.01,16,10000,18,16,20260810,0.08861279487609863,1.2193970000000176,10.12109375,0.11020851135253906,0.080643,0.00042,0.000399,2e-05,,,0.14294696195673565,0.14407450784171458,c573,Intel(R) Xeon(R) Gold 6248R CPU @ 3.00GHz,ec2d14a-dirty,30328362
4,8,hammock,register-equality,0.001,16,10000,18,16,20260810,0.06521368026733398,0.8615569999999826,10.12109375,0.11020851135253906,0.056891,0.00084,0.000819,2.1e-05,,,0.02506160836465819,0.02622919623965124,c573,Intel(R) Xeon(R) Gold 6248R CPU @ 3.00GHz,ec2d14a-dirty,30328362
4,8,hammock,inclusion-exclusion,1.0,16,10000,18,16,20260810,0.4687783718109131,6.834791999999983,10.11328125,0.11020851135253906,0.459922,0.000941,0.000916,2.5e-05,,,0.001446902778805114,0.0041835039793806095,c573,Intel(R) Xeon(R) Gold 6248R CPU @ 3.00GHz,ec2d14a-dirty,30328362
4,8,hammock,inclusion-exclusion,0.1,16,10000,18,16,20260810,0.1766064167022705,2.5778089999999976,10.11328125,0.11020851135253906,0.167885,0.001067,0.001045,2.2e-05,,,0.0013868568740973046,0.0029630499138873084,c573,Intel(R) Xeon(R) Gold 6248R CPU @ 3.00GHz,ec2d14a-dirty,30328362
4,8,hammock,inclusion-exclusion,0.01,16,10000,18,16,20260810,0.08935928344726562,1.228956000000001,10.12890625,0.11020851135253906,0.080603,0.001078,0.001055,2.2e-05,,,0.000743154458332021,0.001987114389953276,c573,Intel(R) Xeon(R) Gold 6248R CPU @ 3.00GHz,ec2d14a-dirty,30328362
4,8,hammock,inclusion-exclusion,0.001,16,10000,18,16,20260810,0.06620454788208008,0.8801789999999761,10.15234375,0.11020851135253906,0.057014,0.001733,0.001711,2.1e-05,,,0.0010149721326525377,0.0031174993167101123,c573,Intel(R) Xeon(R) Gold 6248R CPU @ 3.00GHz,ec2d14a-dirty,30328362
4,9,bedtools,exact,,16,10000,18,16,20260810,0.15854144096374512,0.39098400000002176,19.00390625,0.10974264144897461,,,,,10.98322868347168,0.06927670529993037,0.0,0.0,c573,Intel(R) Xeon(R) Gold 6248R CPU @ 3.00GHz,ec2d14a-dirty,30328362
4,9,hammock,register-equality,1.0,16,10000,18,16,20260810,0.468658447265625,6.828708000000034,10.11328125,0.10974264144897461,0.460675,0.000294,0.00027,2.4e-05,,,0.1635285217895508,0.1651005407714844,c573,Intel(R) Xeon(R) Gold 6248R CPU @ 3.00GHz,ec2d14a-dirty,30328362
4,9,hammock,register-equality,0.1,16,10000,18,16,20260810,0.1771702766418457,2.57948199999995,10.13671875,0.10974264144897461,0.168644,0.000343,0.000319,2.3e-05,,,0.16432793928527833,0.16557183471679687,c573,Intel(R) Xeon(R) Gold 6248R CPU @ 3.00GHz,ec2d14a-dirty,30328362
4,9,hammock,register-equality,0.01,16,10000,18,16,20260810,0.08923768997192383,1.22307600000003,10.13671875,0.10974264144897461,0.080951,0.000435,0.000412,2.3e-05,,,0.14348493951181998,0.14460510566260354,c573,Intel(R) Xeon(R) Gold 6248R CPU @ 3.00GHz,ec2d14a-dirty,30328362
4,9,hammock,register-equality,0.001,16,10000,18,16,20260810,0.06557703018188477,0.8664309999999782,10.14453125,0.10974264144897461,0.057099,0.000831,0.000809,2.1e-05,,,0.02484544322080207,0.026471304297196754,c573,Intel(R) Xeon(R) Gold 6248R CPU @ 3.00GHz,ec2d14a-dirty,30328362
4,9,hammock,inclusion-exclusion,1.0,16,10000,18,16,20260810,0.46941447257995605,6.836823000000006,10.16015625,0.10974264144897461,0.460814,0.00096,0.000935,2.5e-05,,,0.001131350290543347,0.0031957650877790372,c573,Intel(R) Xeon(R) Gold 6248R CPU @ 3.00GHz,ec2d14a-dirty,30328362
4,9,hammock,inclusion-exclusion,0.1,16,10000,18,16,20260810,0.17676043510437012,2.588664000000029,10.16015625,0.10974264144897461,0.168592,0.000954,0.000929,2.4e-05,,,0.00154719762918421,0.0031483551350859895,c573,Intel(R) Xeon(R) Gold 6248R CPU @ 3.00GHz,ec2d14a-dirty,30328362
4,9,hammock,inclusion-exclusion,0.01,16,10000,18,16,20260810,0.08892178535461426,1.2273309999999906,10.10546875,0.10974264144897461,0.080535,0.001122,0.0011,2.2e-05,,,0.0015206342111456859,0.003094665501981564,c573,Intel(R) Xeon(R) Gold 6248R CPU @ 3.00GHz,ec2d14a-dirty,30328362
4,9,hammock,inclusion-exclusion,0.001,16,10000,18,16,20260810,0.06762456893920898,0.8762689999999616,10.11328125,0.10974264144897461,0.056965,0.001748,0.001726,2.1e-05,,,0.0010046675807433873,0.0021891781019809514,c573,Intel(R) Xeon(R) Gold 6248R CPU @ 3.00GHz,ec2d14a-dirty,30328362
4,10,bedtools,exact,,16,10000,18,16,20260810,0.16491985321044922,0.3984709999999865,19.01953125,0.11030411720275879,,,,,10.962724685668945,0.06647304416212246,0.0,0.0,c573,Intel(R) Xeon(R) Gold 6248R CPU @ 3.00GHz,ec2d14a-dirty,30328362
4,10,hammock,register-equality,1.0,16,10000,18,16,20260810,0.46586132049560547,6.808683999999969,10.11328125,0.11030411720275879,0.457312,0.000331,0.000304,2.7e-05,,,0.16423622761535644,0.16548548046875,c573,Intel(R) Xeon(R) Gold 6248R CPU @ 3.00GHz,ec2d14a-dirty,30328362
4,10,hammock,register-equality,0.1,16,10000,18,16,20260810,0.17725849151611328,2.5741680000000056,10.11328125,0.11030411720275879,0.168512,0.000327,0.000305,2.1e-05,,,0.16403333340454102,0.16603531372070313,c573,Intel(R) Xeon(R) Gold 6248R CPU @ 3.00GHz,ec2d14a-dirty,30328362
4,10,hammock,register-equality,0.01,16,10000,18,16,20260810,0.08934330940246582,1.2209560000000312,10.15234375,0.11030411720275879,0.080686,0.000421,0.000398,2.2e-05,,,0.14329134327686416,0.14456578967836536,c573,Intel(R) Xeon(R) Gold 6248R CPU @ 3.00GHz,ec2d14a-dirty,30328362
4,10,hammock,register-equality,0.001,16,10000,18,16,20260810,0.06577587127685547,0.8613719999999789,10.13671875,0.11030411720275879,0.056848,0.000861,0.00084,2.1e-05,,,0.024501681884706437,0.026688618359131375,c573,Intel(R) Xeon(R) Gold 6248R CPU @ 3.00GHz,ec2d14a-dirty,30328362
4,10,hammock,inclusion-exclusion,1.0,16,10000,18,16,20260810,0.4667181968688965,6.8221649999999965,10.12109375,0.11030411720275879,0.457446,0.001056,0.001016,3.9e-05,,,0.001259065613030898,0.004285947007124341,c573,Intel(R) Xeon(R) Gold 6248R CPU @ 3.00GHz,ec2d14a-dirty,30328362
4,10,hammock,inclusion-exclusion,0.1,16,10000,18,16,20260810,0.17746472358703613,2.5798620000000287,10.10546875,0.11030411720275879,0.168198,0.000949,0.000928,2.1e-05,,,0.0012173276187779506,0.0022976623550717556,c573,Intel(R) Xeon(R) Gold 6248R CPU @ 3.00GHz,ec2d14a-dirty,30328362
4,10,hammock,inclusion-exclusion,0.01,16,10000,18,16,20260810,0.08986926078796387,1.2284639999999722,10.14453125,0.11030411720275879,0.080549,0.001032,0.001009,2.2e-05,,,0.0010207461318281694,0.0037556936345866793,c573,Intel(R) Xeon(R) Gold 6248R CPU @ 3.00GHz,ec2d14a-dirty,30328362
4,10,hammock,inclusion-exclusion,0.001,16,10000,18,16,20260810,0.06684422492980957,0.8770390000000088,10.12890625,0.11030411720275879,0.056933,0.00166,0.001638,2.2e-05,,,0.0008733433318389933,0.0020229229921754216,c573,Intel(R) Xeon(R) Gold 6248R CPU @ 3.00GHz,ec2d14a-dirty,30328362
4,11,bedtools,exact,,16,10000,18,16,20260810,0.16456913948059082,0.4025449999999946,18.99609375,0.11216235160827637,,,,,10.974884033203125,0.06668859099489607,0.0,0.0,c573,Intel(R) Xeon(R) Gold 6248R CPU @ 3.00GHz,ec2d14a-dirty,30328362
4,11,hammock,register-equality,1.0,16,10000,18,16,20260810,0.46599459648132324,6.815406000000035,10.11328125,0.11216235160827637,0.456763,0.000365,0.000336,2.8e-05,,,0.16413966508483888,0.16606853173828123,c573,Intel(R) Xeon(R) Gold 6248R CPU @ 3.00GHz,ec2d14a-dirty,30328362
4,11,hammock,register-equality,0.1,16,10000,18,16,20260810,0.17805862426757812,2.5839840000000436,10.13671875,0.11216235160827637,0.168903,0.000304,0.000284,1.9e-05,,,0.1640686163482666,0.1663341735839844,c573,Intel(R) Xeon(R) Gold 6248R CPU @ 3.00GHz,ec2d14a-dirty,30328362
4,11,hammock,register-equality,0.01,16,10000,18,16,20260810,0.08993935585021973,1.221540999999979,10.10546875,0.11216235160827637,0.080751,0.000428,0.000405,2.2e-05,,,0.1434194894601342,0.1449351636951965,c573,Intel(R) Xeon(R) Gold 6248R CPU @ 3.00GHz,ec2d14a-dirty,30328362
4,11,hammock,register-equality,0.001,16,10000,18,16,20260810,0.06648874282836914,0.8657880000000251,10.14453125,0.11216235160827637,0.057175,0.000831,0.00081,2.1e-05,,,0.024443102187798202,0.02541516588348526,c573,Intel(R) Xeon(R) Gold 6248R CPU @ 3.00GHz,ec2d14a-dirty,30328362
4,11,hammock,inclusion-exclusion,1.0,16,10000,18,16,20260810,0.4652736186981201,6.819780999999921,10.12890625,0.11216235160827637,0.456316,0.000955,0.000929,2.5e-05,,,0.0015871582349917838,0.004137889798405764,c573,Intel(R) Xeon(R) Gold 6248R CPU @ 3.00GHz,ec2d14a-dirty,30328362
4,11,hammock,inclusion-exclusion,0.1,16,10000,18,16,20260810,0.1775219440460205,2.5915770000000595,10.12890625,0.11216235160827637,0.168705,0.000962,0.000936,2.6e-05,,,0.0018321386181524464,0.005164085760414744,c573,Intel(R) Xeon(R) Gold 6248R CPU @ 3.00GHz,ec2d14a-dirty,30328362
4,11,hammock,inclusion-exclusion,0.01,16,10000,18,16,20260810,0.08931422233581543,1.2317910000000492,10.11328125,0.11216235160827637,0.080741,0.00114,0.001118,2.2e-05,,,0.0010025219975654262,0.003090376423951921,c573,Intel(R) Xeon(R) Gold 6248R CPU @ 3.00GHz,ec2d14a-dirty,30328362
4,11,hammock,inclusion-exclusion,0.001,16,10000,18,16,20260810,0.06717038154602051,0.8798569999999692,10.12890625,0.11216235160827637,0.057301,0.001643,0.001617,2.5e-05,,,0.0007278839536905774,0.0017737765443990583,c573,Intel(R) Xeon(R) Gold 6248R CPU @ 3.00GHz,ec2d14a-dirty,30328362
4,12,bedtools,exact,,16,10000,18,16,20260810,0.15933990478515625,0.39002799999990145,19.01171875,0.1250934600830078,,,,,10.965585708618164,0.06881882930332775,0.0,0.0,c573,Intel(R) Xeon(R) Gold 6248R CPU @ 3.00GHz,ec2d14a-dirty,30328362
4,12,hammock,register-equality,1.0,16,10000,18,16,20260810,0.46807336807250977,6.845072000000098,10.10546875,0.1250934600830078,0.459499,0.000332,0.000303,2.8e-05,,,0.1646007685546875,0.16633703271484374,c573,Intel(R) Xeon(R) Gold 6248R CPU @ 3.00GHz,ec2d14a-dirty,30328362
4,12,hammock,register-equality,0.1,16,10000,18,16,20260810,0.1768200397491455,2.577594999999974,10.10546875,0.1250934600830078,0.16848,0.000333,0.000311,2.1e-05,,,0.16433421658325195,0.1667485185546875,c573,Intel(R) Xeon(R) Gold 6248R CPU @ 3.00GHz,ec2d14a-dirty,30328362
4,12,hammock,register-equality,0.01,16,10000,18,16,20260810,0.08931827545166016,1.2185329999999652,10.11328125,0.1250934600830078,0.080458,0.000436,0.000413,2.3e-05,,,0.14337973692862405,0.14456108949571456,c573,Intel(R) Xeon(R) Gold 6248R CPU @ 3.00GHz,ec2d14a-dirty,30328362
4,12,hammock,register-equality,0.001,16,10000,18,16,20260810,0.06645607948303223,0.8670759999999671,10.12890625,0.1250934600830078,0.057151,0.000916,0.000894,2.1e-05,,,0.024551520526560993,0.025372965558295782,c573,Intel(R) Xeon(R) Gold 6248R CPU @ 3.00GHz,ec2d14a-dirty,30328362
4,12,hammock,inclusion-exclusion,1.0,16,10000,18,16,20260810,0.4692716598510742,6.857122000000006,10.12109375,0.1250934600830078,0.460135,0.001066,0.001038,2.7e-05,,,0.001350131411555243,0.0027851498497605265,c573,Intel(R) Xeon(R) Gold 6248R CPU @ 3.00GHz,ec2d14a-dirty,30328362
4,12,hammock,inclusion-exclusion,0.1,16,10000,18,16,20260810,0.17655348777770996,2.5796050000000577,10.11328125,0.1250934600830078,0.16807,0.000953,0.000933,1.9e-05,,,0.0016903155121271683,0.0041636516649147665,c573,Intel(R) Xeon(R) Gold 6248R CPU @ 3.00GHz,ec2d14a-dirty,30328362
4,12,hammock,inclusion-exclusion,0.01,16,10000,18,16,20260810,0.09029793739318848,1.2314539999999816,10.12890625,0.1250934600830078,0.080784,0.001118,0.001094,2.4e-05,,,0.0017015915408470587,0.004472315255151876,c573,Intel(R) Xeon(R) Gold 6248R CPU @ 3.00GHz,ec2d14a-dirty,30328362
4,12,hammock,inclusion-exclusion,0.001,16,10000,18,16,20260810,0.06572413444519043,0.8729040000000534,10.12890625,0.1250934600830078,0.056644,0.001664,0.001642,2.1e-05,,,0.0007068346796141357,0.0018680330820161073,c573,Intel(R) Xeon(R) Gold 6248R CPU @ 3.00GHz,ec2d14a-dirty,30328362
4,13,bedtools,exact,,16,10000,18,16,20260810,0.16511130332946777,0.3928459999999543,19.01171875,0.10999727249145508,,,,,10.83827018737793,0.06564220600785241,0.0,0.0,c573,Intel(R) Xeon(R) Gold 6248R CPU @ 3.00GHz,ec2d14a-dirty,30328362
4,13,hammock,register-equality,1.0,16,10000,18,16,20260810,0.4685516357421875,6.844375000000078,10.12109375,0.10999727249145508,0.460439,0.000335,0.000307,2.7e-05,,,0.1637561365509033,0.16484615087890625,c573,Intel(R) Xeon(R) Gold 6248R CPU @ 3.00GHz,ec2d14a-dirty,30328362
4,13,hammock,register-equality,0.1,16,10000,18,16,20260810,0.1773068904876709,2.58157799999991,10.10546875,0.10999727249145508,0.168864,0.000315,0.000295,1.9e-05,,,0.16434240783691403,0.16575395654296876,c573,Intel(R) Xeon(R) Gold 6248R CPU @ 3.00GHz,ec2d14a-dirty,30328362
4,13,hammock,register-equality,0.01,16,10000,18,16,20260810,0.0888679027557373,1.2185380000000947,10.16015625,0.10999727249145508,0.080547,0.000389,0.00037,1.9e-05,,,0.14310259800372005,0.14468504464285714,c573,Intel(R) Xeon(R) Gold 6248R CPU @ 3.00GHz,ec2d14a-dirty,30328362
4,13,hammock,register-equality,0.001,16,10000,18,16,20260810,0.06607508659362793,0.8670410000000892,10.16015625,0.10999727249145508,0.057003,0.000929,0.000907,2.1e-05,,,0.024721665227398826,0.0258114272118435,c573,Intel(R) Xeon(R) Gold 6248R CPU @ 3.00GHz,ec2d14a-dirty,30328362
4,13,hammock,inclusion-exclusion,1.0,16,10000,18,16,20260810,0.4698009490966797,6.856841999999965,10.15234375,0.10999727249145508,0.460745,0.001083,0.001045,3.7e-05,,,0.001254548572073755,0.003307921408572098,c573,Intel(R) Xeon(R) Gold 6248R CPU @ 3.00GHz,ec2d14a-dirty,30328362
4,13,hammock,inclusion-exclusion,0.1,16,10000,18,16,20260810,0.17760825157165527,2.5861109999999314,10.15234375,0.10999727249145508,0.168382,0.000953,0.000928,2.5e-05,,,0.001239073062401892,0.0035270550745245127,c573,Intel(R) Xeon(R) Gold 6248R CPU @ 3.00GHz,ec2d14a-dirty,30328362
4,13,hammock,inclusion-exclusion,0.01,16,10000,18,16,20260810,0.08922052383422852,1.2294470000000928,10.11328125,0.10999727249145508,0.080419,0.001131,0.00111,2.1e-05,,,0.0011709648673872098,0.002944045366979009,c573,Intel(R) Xeon(R) Gold 6248R CPU @ 3.00GHz,ec2d14a-dirty,30328362
4,13,hammock,inclusion-exclusion,0.001,16,10000,18,16,20260810,0.06614446640014648,0.8773070000000054,10.12109375,0.10999727249145508,0.056927,0.001742,0.001719,2.2e-05,,,0.0009380628231217547,0.003523978138441297,c573,Intel(R) Xeon(R) Gold 6248R CPU @ 3.00GHz,ec2d14a-dirty,30328362
4,14,bedtools,exact,,16,10000,18,16,20260810,0.16964101791381836,0.3936689999999867,19.00390625,0.11002826690673828,,,,,11.024236679077148,0.06498567866810208,0.0,0.0,c573,Intel(R) Xeon(R) Gold 6248R CPU @ 3.00GHz,ec2d14a-dirty,30328362
4,14,hammock,register-equality,1.0,16,10000,18,16,20260810,0.4669482707977295,6.810130000000065,10.12109375,0.11002826690673828,0.458134,0.000325,0.000297,2.7e-05,,,0.16377462774658205,0.16512236425781252,c573,Intel(R) Xeon(R) Gold 6248R CPU @ 3.00GHz,ec2d14a-dirty,30328362
4,14,hammock,register-equality,0.1,16,10000,18,16,20260810,0.17711591720581055,2.5764949999999303,10.10546875,0.11002826690673828,0.168361,0.000311,0.000291,2e-05,,,0.16424979597473147,0.16532194604492187,c573,Intel(R) Xeon(R) Gold 6248R CPU @ 3.00GHz,ec2d14a-dirty,30328362
4,14,hammock,register-equality,0.01,16,10000,18,16,20260810,0.08907198905944824,1.2207280000000473,10.14453125,0.11002826690673828,0.080727,0.000393,0.000372,2e-05,,,0.14355625488033774,0.14509235059462644,c573,Intel(R) Xeon(R) Gold 6248R CPU @ 3.00GHz,ec2d14a-dirty,30328362
4,14,hammock,register-equality,0.001,16,10000,18,16,20260810,0.0655364990234375,0.8646879999999584,10.11328125,0.11002826690673828,0.057056,0.00084,0.000818,2.1e-05,,,0.024938251306734334,0.026455002938309616,c573,Intel(R) Xeon(R) Gold 6248R CPU @ 3.00GHz,ec2d14a-dirty,30328362
4,14,hammock,inclusion-exclusion,1.0,16,10000,18,16,20260810,0.4667093753814697,6.818069999999917,10.11328125,0.11002826690673828,0.457717,0.001074,0.001036,3.8e-05,,,0.0007168859764156441,0.0019804428259414947,c573,Intel(R) Xeon(R) Gold 6248R CPU @ 3.00GHz,ec2d14a-dirty,30328362
4,14,hammock,inclusion-exclusion,0.1,16,10000,18,16,20260810,0.1778092384338379,2.5801440000001037,10.15234375,0.11002826690673828,0.168135,0.001033,0.00101,2.2e-05,,,0.0012006850137989784,0.003023850030984543,c573,Intel(R) Xeon(R) Gold 6248R CPU @ 3.00GHz,ec2d14a-dirty,30328362
4,14,hammock,inclusion-exclusion,0.01,16,10000,18,16,20260810,0.09035778045654297,1.2284499999999827,10.11328125,0.11002826690673828,0.080682,0.001025,0.001004,2.1e-05,,,0.0010684559187397894,0.0025698968347437068,c573,Intel(R) Xeon(R) Gold 6248R CPU @ 3.00GHz,ec2d14a-dirty,30328362
4,14,hammock,inclusion-exclusion,0.001,16,10000,18,16,20260810,0.06655335426330566,0.881264000000014,10.13671875,0.11002826690673828,0.057199,0.001736,0.001713,2.2e-05,,,0.0011619606840074142,0.0030843655163895617,c573,Intel(R) Xeon(R) Gold 6248R CPU @ 3.00GHz,ec2d14a-dirty,30328362
4,15,bedtools,exact,,16,10000,18,16,20260810,0.16206908226013184,0.4014060000000086,19.01171875,0.10988235473632812,,,,,10.885238647460938,0.06716419008277837,0.0,0.0,c573,Intel(R) Xeon(R) Gold 6248R CPU @ 3.00GHz,ec2d14a-dirty,30328362
4,15,hammock,register-equality,1.0,16,10000,18,16,20260810,0.46780991554260254,6.832314000000061,10.10546875,0.10988235473632812,0.459104,0.000321,0.000296,2.5e-05,,,0.16366710542297364,0.165433240234375,c573,Intel(R) Xeon(R) Gold 6248R CPU @ 3.00GHz,ec2d14a-dirty,30328362
4,15,hammock,register-equality,0.1,16,10000,18,16,20260810,0.17628121376037598,2.5726299999999185,10.12890625,0.10988235473632812,0.168185,0.00034,0.000317,2.2e-05,,,0.16371502755737305,0.16529739404296875,c573,Intel(R) Xeon(R) Gold 6248R CPU @ 3.00GHz,ec2d14a-dirty,30328362
4,15,hammock,register-equality,0.01,16,10000,18,16,20260810,0.0904698371887207,1.2190280000000193,10.12109375,0.10988235473632812,0.080899,0.000368,0.000349,1.9e-05,,,0.14328222742709582,0.1444998546370309,c573,Intel(R) Xeon(R) Gold 6248R CPU @ 3.00GHz,ec2d14a-dirty,30328362
4,15,hammock,register-equality,0.001,16,10000,18,16,20260810,0.06567263603210449,0.8647359999999633,10.11328125,0.10988235473632812,0.057053,0.000834,0.000813,2e-05,,,0.024849118313240815,0.026241198419715672,c573,Intel(R) Xeon(R) Gold 6248R CPU @ 3.00GHz,ec2d14a-dirty,30328362
4,15,hammock,inclusion-exclusion,1.0,16,10000,18,16,20260810,0.4683096408843994,6.843077000000022,10.11328125,0.10988235473632812,0.459447,0.000963,0.000934,2.8e-05,,,0.001347484689659696,0.00425834311056765,c573,Intel(R) Xeon(R) Gold 6248R CPU @ 3.00GHz,ec2d14a-dirty,30328362
4,15,hammock,inclusion-exclusion,0.1,16,10000,18,16,20260810,0.17668676376342773,2.5808570000000426,10.13671875,0.10988235473632812,0.16788,0.001062,0.001028,3.3e-05,,,0.0011638539373610129,0.0031539012032742453,c573,Intel(R) Xeon(R) Gold 6248R CPU @ 3.00GHz,ec2d14a-dirty,30328362
4,15,hammock,inclusion-exclusion,0.01,16,10000,18,16,20260810,0.08949112892150879,1.230926000000018,10.14453125,0.10988235473632812,0.080743,0.001142,0.00112,2.2e-05,,,0.0008933319642786116,0.0022770870919198577,c573,Intel(R) Xeon(R) Gold 6248R CPU @ 3.00GHz,ec2d14a-dirty,30328362
4,15,hammock,inclusion-exclusion,0.001,16,10000,18,16,20260810,0.06779980659484863,0.8793239999999596,10.16015625,0.10988235473632812,0.057154,0.001749,0.001727,2.2e-05,,,0.0007331556835188874,0.0016673731281831305,c573,Intel(R) Xeon(R) Gold 6248R CPU @ 3.00GHz,ec2d14a-dirty,30328362
4,16,bedtools,exact,,16,10000,18,16,20260810,0.16095376014709473,0.39870199999995926,18.99609375,0.11123943328857422,,,,,10.959386825561523,0.06809028142955965,0.0,0.0,c573,Intel(R) Xeon(R) Gold 6248R CPU @ 3.00GHz,ec2d14a-dirty,30328362
4,16,hammock,register-equality,1.0,16,10000,18,16,20260810,0.46872615814208984,6.844474000000043,10.11328125,0.11123943328857422,0.460826,0.000333,0.000305,2.8e-05,,,0.1642966747436524,0.16566511547851565,c573,Intel(R) Xeon(R) Gold 6248R CPU @ 3.00GHz,ec2d14a-dirty,30328362
4,16,hammock,register-equality,0.1,16,10000,18,16,20260810,0.17699360847473145,2.5829110000000437,10.12890625,0.11123943328857422,0.168798,0.000345,0.000323,2.1e-05,,,0.1641159534606934,0.16640237866210938,c573,Intel(R) Xeon(R) Gold 6248R CPU @ 3.00GHz,ec2d14a-dirty,30328362
4,16,hammock,register-equality,0.01,16,10000,18,16,20260810,0.08886241912841797,1.2205369999999487,10.11328125,0.11123943328857422,0.080702,0.00037,0.000351,1.9e-05,,,0.14366399684604778,0.1450342080877838,c573,Intel(R) Xeon(R) Gold 6248R CPU @ 3.00GHz,ec2d14a-dirty,30328362
4,16,hammock,register-equality,0.001,16,10000,18,16,20260810,0.0654454231262207,0.8666339999999977,10.12109375,0.11123943328857422,0.057034,0.000929,0.000907,2.2e-05,,,0.024999103809080558,0.025844186387717114,c573,Intel(R) Xeon(R) Gold 6248R CPU @ 3.00GHz,ec2d14a-dirty,30328362
4,16,hammock,inclusion-exclusion,1.0,16,10000,18,16,20260810,0.46912074089050293,6.852754000000068,10.16015625,0.11123943328857422,0.460716,0.00098,0.000955,2.5e-05,,,0.0012930554825890742,0.002765644215815072,c573,Intel(R) Xeon(R) Gold 6248R CPU @ 3.00GHz,ec2d14a-dirty,30328362
4,16,hammock,inclusion-exclusion,0.1,16,10000,18,16,20260810,0.17847180366516113,2.596912999999928,10.12890625,0.11123943328857422,0.169227,0.001089,0.001067,2.2e-05,,,0.0012783225325869937,0.003443770701563792,c573,Intel(R) Xeon(R) Gold 6248R CPU @ 3.00GHz,ec2d14a-dirty,30328362
4,16,hammock,inclusion-exclusion,0.01,16,10000,18,16,20260810,0.08932280540466309,1.2304909999999598,10.15234375,0.11123943328857422,0.080648,0.001002,0.000981,2e-05,,,0.0015879327714906667,0.004505675985466834,c573,Intel(R) Xeon(R) Gold 6248R CPU @ 3.00GHz,ec2d14a-dirty,30328362
4,16,hammock,inclusion-exclusion,0.001,16,10000,18,16,20260810,0.06624531745910645,0.8781220000000491,10.14453125,0.11123943328857422,0.056985,0.001742,0.001721,2.1e-05,,,0.0008181945745346217,0.0022027203260722023,c573,Intel(R) Xeon(R) Gold 6248R CPU @ 3.00GHz,ec2d14a-dirty,30328362
4,17,bedtools,exact,,16,10000,18,16,20260810,0.16698408126831055,0.39686900000000946,19.015625,0.10970449447631836,,,,,10.999679565429688,0.06587262379672808,0.0,0.0,c573,Intel(R) Xeon(R) Gold 6248R CPU @ 3.00GHz,ec2d14a-dirty,30328362
4,17,hammock,register-equality,1.0,16,10000,18,16,20260810,0.4694046974182129,6.857773999999962,10.13671875,0.10970449447631836,0.461036,0.000336,0.000309,2.6e-05,,,0.16411512599182132,0.16601247729492186,c573,Intel(R) Xeon(R) Gold 6248R CPU @ 3.00GHz,ec2d14a-dirty,30328362
4,17,hammock,register-equality,0.1,16,10000,18,16,20260810,0.17636752128601074,2.578277999999999,10.12890625,0.10970449447631836,0.168544,0.000329,0.000308,2.1e-05,,,0.16425746188354495,0.16568842895507813,c573,Intel(R) Xeon(R) Gold 6248R CPU @ 3.00GHz,ec2d14a-dirty,30328362
4,17,hammock,register-equality,0.01,16,10000,18,16,20260810,0.08913779258728027,1.2226520000000303,10.12109375,0.10970449447631836,0.080933,0.000416,0.000395,2e-05,,,0.14370229647616695,0.14511583761337735,c573,Intel(R) Xeon(R) Gold 6248R CPU @ 3.00GHz,ec2d14a-dirty,30328362
4,17,hammock,register-equality,0.001,16,10000,18,16,20260810,0.06569576263427734,0.865052999999957,10.13671875,0.10970449447631836,0.057112,0.000838,0.000816,2.2e-05,,,0.02512996510258584,0.025885647426074132,c573,Intel(R) Xeon(R) Gold 6248R CPU @ 3.00GHz,ec2d14a-dirty,30328362
4,17,hammock,inclusion-exclusion,1.0,16,10000,18,16,20260810,0.46924352645874023,6.860961000000026,10.11328125,0.10970449447631836,0.460801,0.000974,0.000948,2.5e-05,,,0.0014150844928769888,0.0039157646856798345,c573,Intel(R) Xeon(R) Gold 6248R CPU @ 3.00GHz,ec2d14a-dirty,30328362
4,17,hammock,inclusion-exclusion,0.1,16,10000,18,16,20260810,0.17702364921569824,2.5887009999999844,10.11328125,0.10970449447631836,0.168602,0.000969,0.000948,2.1e-05,,,0.0014497835865792388,0.0031336799906493684,c573,Intel(R) Xeon(R) Gold 6248R CPU @ 3.00GHz,ec2d14a-dirty,30328362
4,17,hammock,inclusion-exclusion,0.01,16,10000,18,16,20260810,0.08928203582763672,1.230159000000036,10.14453125,0.10970449447631836,0.080715,0.001064,0.001042,2.2e-05,,,0.0011986028424836436,0.0038484121653082487,c573,Intel(R) Xeon(R) Gold 6248R CPU @ 3.00GHz,ec2d14a-dirty,30328362
4,17,hammock,inclusion-exclusion,0.001,16,10000,18,16,20260810,0.06638956069946289,0.8800560000000246,10.10546875,0.10970449447631836,0.056964,0.001738,0.001715,2.2e-05,,,0.0010568456554579022,0.0024482493723000515,c573,Intel(R) Xeon(R) Gold 6248R CPU @ 3.00GHz,ec2d14a-dirty,30328362
4,18,bedtools,exact,,16,10000,18,16,20260810,0.16004467010498047,0.3945280000000011,19.0078125,0.10918259620666504,,,,,11.023283004760742,0.06887628933553412,0.0,0.0,c573,Intel(R) Xeon(R) Gold 6248R CPU @ 3.00GHz,ec2d14a-dirty,30328362
4,18,hammock,register-equality,1.0,16,10000,18,16,20260810,0.4694371223449707,6.86454400000002,10.12109375,0.10918259620666504,0.461099,0.000333,0.000305,2.7e-05,,,0.1637847017364502,0.16536412524414063,c573,Intel(R) Xeon(R) Gold 6248R CPU @ 3.00GHz,ec2d14a-dirty,30328362
4,18,hammock,register-equality,0.1,16,10000,18,16,20260810,0.17674827575683594,2.5819179999999697,10.13671875,0.10918259620666504,0.168737,0.00031,0.00029,1.9e-05,,,0.1638423990325928,0.16557015087890625,c573,Intel(R) Xeon(R) Gold 6248R CPU @ 3.00GHz,ec2d14a-dirty,30328362
4,18,hammock,register-equality,0.01,16,10000,18,16,20260810,0.0887141227722168,1.2207690000000575,10.15234375,0.10918259620666504,0.080804,0.000412,0.000391,2.1e-05,,,0.1439024424677387,0.1454950313186353,c573,Intel(R) Xeon(R) Gold 6248R CPU @ 3.00GHz,ec2d14a-dirty,30328362
4,18,hammock,register-equality,0.001,16,10000,18,16,20260810,0.06540346145629883,0.8667559999999259,10.14453125,0.10918259620666504,0.057217,0.000842,0.000822,2e-05,,,0.024896507500322674,0.02543491990114026,c573,Intel(R) Xeon(R) Gold 6248R CPU @ 3.00GHz,ec2d14a-dirty,30328362
4,18,hammock,inclusion-exclusion,1.0,16,10000,18,16,20260810,0.46927881240844727,6.866607000000037,10.12109375,0.10918259620666504,0.460897,0.00095,0.000926,2.4e-05,,,0.0010495094448563615,0.0030823690463721437,c573,Intel(R) Xeon(R) Gold 6248R CPU @ 3.00GHz,ec2d14a-dirty,30328362
4,18,hammock,inclusion-exclusion,0.1,16,10000,18,16,20260810,0.17738986015319824,2.5860960000000546,10.13671875,0.10918259620666504,0.168569,0.000964,0.000942,2.2e-05,,,0.001450100252657357,0.002662200341854659,c573,Intel(R) Xeon(R) Gold 6248R CPU @ 3.00GHz,ec2d14a-dirty,30328362
4,18,hammock,inclusion-exclusion,0.01,16,10000,18,16,20260810,0.08990955352783203,1.2331299999999423,10.12109375,0.10918259620666504,0.080863,0.001137,0.001114,2.3e-05,,,0.0015816361084983743,0.0050166148014708645,c573,Intel(R) Xeon(R) Gold 6248R CPU @ 3.00GHz,ec2d14a-dirty,30328362
4,18,hammock,inclusion-exclusion,0.001,16,10000,18,16,20260810,0.06628012657165527,0.8791230000000034,10.11328125,0.10918259620666504,0.057154,0.001638,0.001616,2.1e-05,,,0.0009141910439817652,0.0020015620173077786,c573,Intel(R) Xeon(R) Gold 6248R CPU @ 3.00GHz,ec2d14a-dirty,30328362
4,19,bedtools,exact,,16,10000,18,16,20260810,0.15902304649353027,0.3937220000000199,19.0234375,0.11058473587036133,,,,,11.039495468139648,0.06942072681640382,0.0,0.0,c573,Intel(R) Xeon(R) Gold 6248R CPU @ 3.00GHz,ec2d14a-dirty,30328362
4,19,hammock,register-equality,1.0,16,10000,18,16,20260810,0.46750926971435547,6.82910700000002,10.10546875,0.11058473587036133,0.459573,0.000329,0.000305,2.4e-05,,,0.16386286161804198,0.16648770092773438,c573,Intel(R) Xeon(R) Gold 6248R CPU @ 3.00GHz,ec2d14a-dirty,30328362
4,19,hammock,register-equality,0.1,16,10000,18,16,20260810,0.17719602584838867,2.582048999999966,10.10546875,0.11058473587036133,0.168821,0.000325,0.000304,2e-05,,,0.16404024504089354,0.1653928828125,c573,Intel(R) Xeon(R) Gold 6248R CPU @ 3.00GHz,ec2d14a-dirty,30328362
4,19,hammock,register-equality,0.01,16,10000,18,16,20260810,0.08873867988586426,1.219599000000029,10.12109375,0.11058473587036133,0.080679,0.000378,0.000358,1.9e-05,,,0.1430698000837135,0.14414856937932685,c573,Intel(R) Xeon(R) Gold 6248R CPU @ 3.00GHz,ec2d14a-dirty,30328362
4,19,hammock,register-equality,0.001,16,10000,18,16,20260810,0.06583571434020996,0.8686260000000026,10.13671875,0.11058473587036133,0.057078,0.000931,0.000909,2.2e-05,,,0.025236320081269796,0.027139655258964696,c573,Intel(R) Xeon(R) Gold 6248R CPU @ 3.00GHz,ec2d14a-dirty,30328362
4,19,hammock,inclusion-exclusion,1.0,16,10000,18,16,20260810,0.46900463104248047,6.843218000000046,10.11328125,0.11058473587036133,0.460003,0.001063,0.001026,3.7e-05,,,0.0015595942847640293,0.0034208017915453026,c573,Intel(R) Xeon(R) Gold 6248R CPU @ 3.00GHz,ec2d14a-dirty,30328362
4,19,hammock,inclusion-exclusion,0.1,16,10000,18,16,20260810,0.17678070068359375,2.5865949999999707,10.14453125,0.11058473587036133,0.168445,0.001076,0.001044,3.2e-05,,,0.0008647484375702988,0.002006394103852699,c573,Intel(R) Xeon(R) Gold 6248R CPU @ 3.00GHz,ec2d14a-dirty,30328362
4,19,hammock,inclusion-exclusion,0.01,16,10000,18,16,20260810,0.08925175666809082,1.2309029999999321,10.12109375,0.11058473587036133,0.080628,0.001141,0.001118,2.2e-05,,,0.0010373281055186812,0.0031972412499217118,c573,Intel(R) Xeon(R) Gold 6248R CPU @ 3.00GHz,ec2d14a-dirty,30328362
4,19,hammock,inclusion-exclusion,0.001,16,10000,18,16,20260810,0.06615996360778809,0.8776900000000136,10.10546875,0.11058473587036133,0.057015,0.00165,0.001628,2.2e-05,,,0.0008610015897741801,0.001968632559244135,c573,Intel(R) Xeon(R) Gold 6248R CPU @ 3.00GHz,ec2d14a-dirty,30328362
8,0,bedtools,exact,,64,10000,18,16,20260810,0.2791929244995117,1.1433360000000885,19.01171875,0.11407947540283203,,,,,10.881185531616211,0.15589486089050572,0.0,0.0,c573,Intel(R) Xeon(R) Gold 6248R CPU @ 3.00GHz,ec2d14a-dirty,30328362
8,0,hammock,register-equality,1.0,64,10000,18,16,20260810,0.9260263442993164,13.692155000000005,12.125,0.11407947540283203,0.916702,0.001115,0.00106,5.4e-05,,,0.16396699294281009,0.16616471997070315,c573,Intel(R) Xeon(R) Gold 6248R CPU @ 3.00GHz,ec2d14a-dirty,30328362
8,0,hammock,register-equality,0.1,64,10000,18,16,20260810,0.3438730239868164,5.1868059999999865,12.125,0.11407947540283203,0.335057,0.001094,0.001045,4.9e-05,,,0.16412524327468875,0.165592576171875,c573,Intel(R) Xeon(R) Gold 6248R CPU @ 3.00GHz,ec2d14a-dirty,30328362
8,0,hammock,register-equality,0.01,64,10000,18,16,20260810,0.1688835620880127,2.4856399999999113,12.1171875,0.11407947540283203,0.160008,0.001426,0.001377,4.8e-05,,,0.14318673431407217,0.14454304925403472,c573,Intel(R) Xeon(R) Gold 6248R CPU @ 3.00GHz,ec2d14a-dirty,30328362
8,0,hammock,register-equality,0.001,64,10000,18,16,20260810,0.1238558292388916,1.7963500000000128,12.1171875,0.11407947540283203,0.113212,0.003168,0.00312,4.7e-05,,,0.024592045951176353,0.026486519239205808,c573,Intel(R) Xeon(R) Gold 6248R CPU @ 3.00GHz,ec2d14a-dirty,30328362
8,0,hammock,inclusion-exclusion,1.0,64,10000,18,16,20260810,0.9273958206176758,13.724867000000073,12.1484375,0.11407947540283203,0.917227,0.002867,0.002816,5e-05,,,0.0012055437455217083,0.0038605362215311245,c573,Intel(R) Xeon(R) Gold 6248R CPU @ 3.00GHz,ec2d14a-dirty,30328362
8,0,hammock,inclusion-exclusion,0.1,64,10000,18,16,20260810,0.34592151641845703,5.220820999999983,12.125,0.11407947540283203,0.335521,0.002856,0.002811,4.4e-05,,,0.0011835365019113927,0.00341362141141259,c573,Intel(R) Xeon(R) Gold 6248R CPU @ 3.00GHz,ec2d14a-dirty,30328362
8,0,hammock,inclusion-exclusion,0.01,64,10000,18,16,20260810,0.17090654373168945,2.516434000000018,12.125,0.11407947540283203,0.160246,0.003125,0.003076,4.9e-05,,,0.0011914748494396155,0.00313819956396931,c573,Intel(R) Xeon(R) Gold 6248R CPU @ 3.00GHz,ec2d14a-dirty,30328362
8,0,hammock,inclusion-exclusion,0.001,64,10000,18,16,20260810,0.12512636184692383,1.8164509999999758,12.125,0.11407947540283203,0.113146,0.004435,0.004384,5.1e-05,,,0.0007686595370697412,0.003319374915603898,c573,Intel(R) Xeon(R) Gold 6248R CPU @ 3.00GHz,ec2d14a-dirty,30328362
8,1,bedtools,exact,,64,10000,18,16,20260810,0.2698841094970703,1.1470820000000774,19.0078125,0.1277298927307129,,,,,10.924816131591797,0.16191862725004771,0.0,0.0,c573,Intel(R) Xeon(R) Gold 6248R CPU @ 3.00GHz,ec2d14a-dirty,30328362
8,1,hammock,register-equality,1.0,64,10000,18,16,20260810,0.9238705635070801,13.685818999999954,12.140625,0.1277298927307129,0.915069,0.001094,0.001041,5.2e-05,,,0.1639009536964417,0.1656127705078125,c573,Intel(R) Xeon(R) Gold 6248R CPU @ 3.00GHz,ec2d14a-dirty,30328362
8,1,hammock,register-equality,0.1,64,10000,18,16,20260810,0.344301700592041,5.1904889999999675,12.1171875,0.1277298927307129,0.335419,0.00111,0.00106,4.9e-05,,,0.16430960314102178,0.16608833251953126,c573,Intel(R) Xeon(R) Gold 6248R CPU @ 3.00GHz,ec2d14a-dirty,30328362
8,1,hammock,register-equality,0.01,64,10000,18,16,20260810,0.16906142234802246,2.4880970000000726,12.1171875,0.1277298927307129,0.160026,0.001436,0.001386,4.9e-05,,,0.1434939662956156,0.1456323871425267,c573,Intel(R) Xeon(R) Gold 6248R CPU @ 3.00GHz,ec2d14a-dirty,30328362
8,1,hammock,register-equality,0.001,64,10000,18,16,20260810,0.12503671646118164,1.7909829999999936,12.1484375,0.1277298927307129,0.112809,0.003177,0.003128,4.8e-05,,,0.02473659477259054,0.02604829221191718,c573,Intel(R) Xeon(R) Gold 6248R CPU @ 3.00GHz,ec2d14a-dirty,30328362
8,1,hammock,inclusion-exclusion,1.0,64,10000,18,16,20260810,0.9254589080810547,13.719209000000019,12.15625,0.1277298927307129,0.915058,0.002857,0.002807,4.9e-05,,,0.0013732778638615604,0.004825970739955818,c573,Intel(R) Xeon(R) Gold 6248R CPU @ 3.00GHz,ec2d14a-dirty,30328362
8,1,hammock,inclusion-exclusion,0.1,64,10000,18,16,20260810,0.345367431640625,5.217082999999944,12.1328125,0.1277298927307129,0.335156,0.002846,0.0028,4.5e-05,,,0.0014441239142939778,0.0031691499668267953,c573,Intel(R) Xeon(R) Gold 6248R CPU @ 3.00GHz,ec2d14a-dirty,30328362
8,1,hammock,inclusion-exclusion,0.01,64,10000,18,16,20260810,0.17072296142578125,2.5154340000000595,12.125,0.1277298927307129,0.160114,0.003153,0.003107,4.5e-05,,,0.001258721358954842,0.00388173959150874,c573,Intel(R) Xeon(R) Gold 6248R CPU @ 3.00GHz,ec2d14a-dirty,30328362
8,1,hammock,inclusion-exclusion,0.001,64,10000,18,16,20260810,0.12482762336730957,1.8123299999998999,12.125,0.1277298927307129,0.112823,0.004432,0.004383,4.9e-05,,,0.0009559368668156344,0.0028987072773584838,c573,Intel(R) Xeon(R) Gold 6248R CPU @ 3.00GHz,ec2d14a-dirty,30328362
8,2,bedtools,exact,,64,10000,18,16,20260810,0.2897331714630127,1.1302529999999305,19.00390625,0.11516308784484863,,,,,11.024951934814453,0.1522083492082562,0.0,0.0,c573,Intel(R) Xeon(R) Gold 6248R CPU @ 3.00GHz,ec2d14a-dirty,30328362
8,2,hammock,register-equality,1.0,64,10000,18,16,20260810,0.9262614250183105,13.703881000000035,12.1171875,0.11516308784484863,0.917339,0.001104,0.001049,5.4e-05,,,0.16385984368133544,0.1661479306640625,c573,Intel(R) Xeon(R) Gold 6248R CPU @ 3.00GHz,ec2d14a-dirty,30328362
8,2,hammock,register-equality,0.1,64,10000,18,16,20260810,0.3440518379211426,5.1914700000000575,12.1171875,0.11516308784484863,0.335009,0.001084,0.001036,4.7e-05,,,0.16429984516906737,0.16697506811523438,c573,Intel(R) Xeon(R) Gold 6248R CPU @ 3.00GHz,ec2d14a-dirty,30328362
8,2,hammock,register-equality,0.01,64,10000,18,16,20260810,0.16972947120666504,2.490957999999994,12.109375,0.11516308784484863,0.160485,0.001399,0.00135,4.8e-05,,,0.1433704722477132,0.1451636005835552,c573,Intel(R) Xeon(R) Gold 6248R CPU @ 3.00GHz,ec2d14a-dirty,30328362
8,2,hammock,register-equality,0.001,64,10000,18,16,20260810,0.12370824813842773,1.7921420000000072,12.1484375,0.11516308784484863,0.112811,0.003191,0.003144,4.7e-05,,,0.024791931627229053,0.026558698645550577,c573,Intel(R) Xeon(R) Gold 6248R CPU @ 3.00GHz,ec2d14a-dirty,30328362
8,2,hammock,inclusion-exclusion,1.0,64,10000,18,16,20260810,0.9278404712677002,13.72687699999999,12.140625,0.11516308784484863,0.917128,0.002838,0.002789,4.8e-05,,,0.0010394557853957943,0.003487081003691883,c573,Intel(R) Xeon(R) Gold 6248R CPU @ 3.00GHz,ec2d14a-dirty,30328362
8,2,hammock,inclusion-exclusion,0.1,64,10000,18,16,20260810,0.34604597091674805,5.226340999999984,12.140625,0.11516308784484863,0.335754,0.002852,0.002808,4.4e-05,,,0.0015229081833754217,0.005417819991798176,c573,Intel(R) Xeon(R) Gold 6248R CPU @ 3.00GHz,ec2d14a-dirty,30328362
8,2,hammock,inclusion-exclusion,0.01,64,10000,18,16,20260810,0.17054128646850586,2.511480999999998,12.1328125,0.11516308784484863,0.159862,0.003131,0.003083,4.8e-05,,,0.0011086307009111685,0.003426712846137131,c573,Intel(R) Xeon(R) Gold 6248R CPU @ 3.00GHz,ec2d14a-dirty,30328362
8,2,hammock,inclusion-exclusion,0.001,64,10000,18,16,20260810,0.12486577033996582,1.812236000000004,12.1484375,0.11516308784484863,0.11293,0.004446,0.004396,4.9e-05,,,0.0008312667167962341,0.003263184149846804,c573,Intel(R) Xeon(R) Gold 6248R CPU @ 3.00GHz,ec2d14a-dirty,30328362
8,3,bedtools,exact,,64,10000,18,16,20260810,0.2729949951171875,1.1371640000000713,18.99609375,0.11497020721435547,,,,,11.044025421142578,0.16182018892180425,0.0,0.0,c573,Intel(R) Xeon(R) Gold 6248R CPU @ 3.00GHz,ec2d14a-dirty,30328362
8,3,hammock,register-equality,1.0,64,10000,18,16,20260810,0.9285039901733398,13.713081000000027,12.109375,0.11497020721435547,0.919174,0.001114,0.001059,5.4e-05,,,0.1640677599411011,0.1662374736328125,c573,Intel(R) Xeon(R) Gold 6248R CPU @ 3.00GHz,ec2d14a-dirty,30328362
8,3,hammock,register-equality,0.1,64,10000,18,16,20260810,0.34363460540771484,5.187249000000012,12.1484375,0.11497020721435547,0.334832,0.00112,0.001071,4.9e-05,,,0.16388382000732424,0.16600477709960937,c573,Intel(R) Xeon(R) Gold 6248R CPU @ 3.00GHz,ec2d14a-dirty,30328362
8,3,hammock,register-equality,0.01,64,10000,18,16,20260810,0.1693897247314453,2.489921999999991,12.125,0.11497020721435547,0.159979,0.00143,0.001381,4.9e-05,,,0.1435646010535012,0.14556577810180593,c573,Intel(R) Xeon(R) Gold 6248R CPU @ 3.00GHz,ec2d14a-dirty,30328362
8,3,hammock,register-equality,0.001,64,10000,18,16,20260810,0.12377452850341797,1.7927070000000036,12.1328125,0.11497020721435547,0.112947,0.003184,0.003136,4.8e-05,,,0.024720199774139,0.02646651211622497,c573,Intel(R) Xeon(R) Gold 6248R CPU @ 3.00GHz,ec2d14a-dirty,30328362
8,3,hammock,inclusion-exclusion,1.0,64,10000,18,16,20260810,0.9295504093170166,13.734329000000049,12.140625,0.11497020721435547,0.918941,0.002873,0.002822,5e-05,,,0.0013925536108038137,0.00392346860285675,c573,Intel(R) Xeon(R) Gold 6248R CPU @ 3.00GHz,ec2d14a-dirty,30328362
8,3,hammock,inclusion-exclusion,0.1,64,10000,18,16,20260810,0.34537553787231445,5.214127999999967,12.109375,0.11497020721435547,0.334981,0.002872,0.002828,4.4e-05,,,0.0012825731040695067,0.0037561580048068727,c573,Intel(R) Xeon(R) Gold 6248R CPU @ 3.00GHz,ec2d14a-dirty,30328362
8,3,hammock,inclusion-exclusion,0.01,64,10000,18,16,20260810,0.17071938514709473,2.515216999999984,12.109375,0.11497020721435547,0.160273,0.003121,0.003076,4.5e-05,,,0.001297813870889888,0.004175976537620904,c573,Intel(R) Xeon(R) Gold 6248R CPU @ 3.00GHz,ec2d14a-dirty,30328362
8,3,hammock,inclusion-exclusion,0.001,64,10000,18,16,20260810,0.12464308738708496,1.8053330000000134,12.125,0.11497020721435547,0.11252,0.00441,0.00436,4.9e-05,,,0.0009153614123051767,0.0034716684972847245,c573,Intel(R) Xeon(R) Gold 6248R CPU @ 3.00GHz,ec2d14a-dirty,30328362
8,4,bedtools,exact,,64,10000,18,16,20260810,0.2661917209625244,1.128255999999963,19.0,0.11591649055480957,,,,,10.853767395019531,0.16309699423818774,0.0,0.0,c573,Intel(R) Xeon(R) Gold 6248R CPU @ 3.00GHz,ec2d14a-dirty,30328362
8,4,hammock,register-equality,1.0,64,10000,18,16,20260810,0.9226441383361816,13.684027000000095,12.125,0.11591649055480957,0.913194,0.001108,0.001052,5.5e-05,,,0.1641310623588562,0.1660214931640625,c573,Intel(R) Xeon(R) Gold 6248R CPU @ 3.00GHz,ec2d14a-dirty,30328362
8,4,hammock,register-equality,0.1,64,10000,18,16,20260810,0.3438456058502197,5.188741999999909,12.1171875,0.11591649055480957,0.335068,0.001097,0.001048,4.8e-05,,,0.16419114384078978,0.16654664257812501,c573,Intel(R) Xeon(R) Gold 6248R CPU @ 3.00GHz,ec2d14a-dirty,30328362
8,4,hammock,register-equality,0.01,64,10000,18,16,20260810,0.16861963272094727,2.482362000000073,12.125,0.11591649055480957,0.159684,0.001449,0.001401,4.7e-05,,,0.14348005117430668,0.1449059142593057,c573,Intel(R) Xeon(R) Gold 6248R CPU @ 3.00GHz,ec2d14a-dirty,30328362
8,4,hammock,register-equality,0.001,64,10000,18,16,20260810,0.12327861785888672,1.7889550000000742,12.1171875,0.11591649055480957,0.112472,0.003175,0.00312,5.4e-05,,,0.02475537598093941,0.026305169496305486,c573,Intel(R) Xeon(R) Gold 6248R CPU @ 3.00GHz,ec2d14a-dirty,30328362
8,4,hammock,inclusion-exclusion,1.0,64,10000,18,16,20260810,0.9242227077484131,13.719998999999973,12.140625,0.11591649055480957,0.913628,0.002852,0.002803,4.9e-05,,,0.0010401167963953008,0.0034895412494391903,c573,Intel(R) Xeon(R) Gold 6248R CPU @ 3.00GHz,ec2d14a-dirty,30328362
8,4,hammock,inclusion-exclusion,0.1,64,10000,18,16,20260810,0.3456435203552246,5.219487999999963,12.109375,0.11591649055480957,0.335269,0.002865,0.002821,4.4e-05,,,0.001270467936845426,0.0037940165043013757,c573,Intel(R) Xeon(R) Gold 6248R CPU @ 3.00GHz,ec2d14a-dirty,30328362
8,4,hammock,inclusion-exclusion,0.01,64,10000,18,16,20260810,0.17049574851989746,2.510105000000056,12.1328125,0.11591649055480957,0.159811,0.003116,0.003072,4.4e-05,,,0.0012816183060900257,0.003618871178082947,c573,Intel(R) Xeon(R) Gold 6248R CPU @ 3.00GHz,ec2d14a-dirty,30328362
8,4,hammock,inclusion-exclusion,0.001,64,10000,18,16,20260810,0.12506914138793945,1.8124380000000055,12.1640625,0.11591649055480957,0.112921,0.00442,0.004372,4.8e-05,,,0.0007787738096798093,0.0025647796602469436,c573,Intel(R) Xeon(R) Gold 6248R CPU @ 3.00GHz,ec2d14a-dirty,30328362
8,5,bedtools,exact,,64,10000,18,16,20260810,0.27038073539733887,1.1370820000000155,19.01953125,0.11508035659790039,,,,,10.895967483520508,0.16119443521016102,0.0,0.0,c573,Intel(R) Xeon(R) Gold 6248R CPU @ 3.00GHz,ec2d14a-dirty,30328362
8,5,hammock,register-equality,1.0,64,10000,18,16,20260810,0.9300961494445801,13.718451000000004,12.125,0.11508035659790039,0.920875,0.0011,0.001045,5.5e-05,,,0.16402475139617917,0.16637825341796875,c573,Intel(R) Xeon(R) Gold 6248R CPU @ 3.00GHz,ec2d14a-dirty,30328362
8,5,hammock,register-equality,0.1,64,10000,18,16,20260810,0.34447288513183594,5.196679999999963,12.125,0.11508035659790039,0.335648,0.001103,0.001053,4.9e-05,,,0.164311926574707,0.16646233618164064,c573,Intel(R) Xeon(R) Gold 6248R CPU @ 3.00GHz,ec2d14a-dirty,30328362
8,5,hammock,register-equality,0.01,64,10000,18,16,20260810,0.17002654075622559,2.4833859999999373,12.1484375,0.11508035659790039,0.159749,0.001426,0.001375,5.1e-05,,,0.14350142377942643,0.1450781695533454,c573,Intel(R) Xeon(R) Gold 6248R CPU @ 3.00GHz,ec2d14a-dirty,30328362
8,5,hammock,register-equality,0.001,64,10000,18,16,20260810,0.12354302406311035,1.793277000000078,12.140625,0.11508035659790039,0.112912,0.003227,0.003178,4.8e-05,,,0.02503325054675102,0.0267387849280271,c573,Intel(R) Xeon(R) Gold 6248R CPU @ 3.00GHz,ec2d14a-dirty,30328362
8,5,hammock,inclusion-exclusion,1.0,64,10000,18,16,20260810,0.9310648441314697,13.744971000000035,12.1484375,0.11508035659790039,0.920462,0.002852,0.002801,5.1e-05,,,0.0011707626047616783,0.004276257095606625,c573,Intel(R) Xeon(R) Gold 6248R CPU @ 3.00GHz,ec2d14a-dirty,30328362
8,5,hammock,inclusion-exclusion,0.1,64,10000,18,16,20260810,0.34652161598205566,5.225006999999913,12.140625,0.11508035659790039,0.335595,0.002869,0.002823,4.6e-05,,,0.0010886360129497776,0.005212197912791081,c573,Intel(R) Xeon(R) Gold 6248R CPU @ 3.00GHz,ec2d14a-dirty,30328362
8,5,hammock,inclusion-exclusion,0.01,64,10000,18,16,20260810,0.1714775562286377,2.511752000000101,12.1328125,0.11508035659790039,0.159959,0.00311,0.003066,4.4e-05,,,0.0011724321739652202,0.0037361112470750135,c573,Intel(R) Xeon(R) Gold 6248R CPU @ 3.00GHz,ec2d14a-dirty,30328362
8,5,hammock,inclusion-exclusion,0.001,64,10000,18,16,20260810,0.12487459182739258,1.8129679999999304,12.1640625,0.11508035659790039,0.112939,0.00443,0.00438,4.9e-05,,,0.0008586442607315722,0.002480808364161771,c573,Intel(R) Xeon(R) Gold 6248R CPU @ 3.00GHz,ec2d14a-dirty,30328362
8,6,bedtools,exact,,64,10000,18,16,20260810,0.27289319038391113,1.122488000000029,19.0078125,0.1171715259552002,,,,,10.912656784057617,0.15995498852434525,0.0,0.0,c573,Intel(R) Xeon(R) Gold 6248R CPU @ 3.00GHz,ec2d14a-dirty,30328362
8,6,hammock,register-equality,1.0,64,10000,18,16,20260810,0.9370088577270508,13.719418999999988,12.109375,0.1171715259552002,0.917482,0.001107,0.001052,5.4e-05,,,0.1639003097915649,0.16567964990234374,c573,Intel(R) Xeon(R) Gold 6248R CPU @ 3.00GHz,ec2d14a-dirty,30328362
8,6,hammock,register-equality,0.1,64,10000,18,16,20260810,0.3474619388580322,5.191979000000035,12.1328125,0.1171715259552002,0.335134,0.001092,0.001043,4.9e-05,,,0.16435235141754145,0.16620599829101562,c573,Intel(R) Xeon(R) Gold 6248R CPU @ 3.00GHz,ec2d14a-dirty,30328362
8,6,hammock,register-equality,0.01,64,10000,18,16,20260810,0.1707613468170166,2.4893419999998336,12.1171875,0.1171715259552002,0.160013,0.001405,0.001356,4.8e-05,,,0.1436934551480935,0.14534827198339567,c573,Intel(R) Xeon(R) Gold 6248R CPU @ 3.00GHz,ec2d14a-dirty,30328362
8,6,hammock,register-equality,0.001,64,10000,18,16,20260810,0.12355327606201172,1.7913440000000698,12.1484375,0.1171715259552002,0.11276,0.003255,0.003206,4.8e-05,,,0.02478094738162353,0.02596741803743617,c573,Intel(R) Xeon(R) Gold 6248R CPU @ 3.00GHz,ec2d14a-dirty,30328362
8,6,hammock,inclusion-exclusion,1.0,64,10000,18,16,20260810,0.9284050464630127,13.745480000000036,12.1328125,0.1171715259552002,0.917915,0.00285,0.0028,4.9e-05,,,0.0010993060021099942,0.0033927135533631247,c573,Intel(R) Xeon(R) Gold 6248R CPU @ 3.00GHz,ec2d14a-dirty,30328362
8,6,hammock,inclusion-exclusion,0.1,64,10000,18,16,20260810,0.3561868667602539,5.215680999999915,12.109375,0.1171715259552002,0.33482,0.002853,0.002809,4.4e-05,,,0.001241170011745329,0.00327701961902932,c573,Intel(R) Xeon(R) Gold 6248R CPU @ 3.00GHz,ec2d14a-dirty,30328362
8,6,hammock,inclusion-exclusion,0.01,64,10000,18,16,20260810,0.17474150657653809,2.520440000000036,12.109375,0.1171715259552002,0.160536,0.003103,0.003058,4.4e-05,,,0.0013434878624440164,0.004228695610494063,c573,Intel(R) Xeon(R) Gold 6248R CPU @ 3.00GHz,ec2d14a-dirty,30328362
8,6,hammock,inclusion-exclusion,0.001,64,10000,18,16,20260810,0.12678098678588867,1.8111490000000217,12.1171875,0.1171715259552002,0.112823,0.004432,0.004383,4.8e-05,,,0.0007848760594161969,0.0027199710081307615,c573,Intel(R) Xeon(R) Gold 6248R CPU @ 3.00GHz,ec2d14a-dirty,30328362
8,7,bedtools,exact,,64,10000,18,16,20260810,0.27726006507873535,1.1325390000001185,19.015625,0.11557435989379883,,,,,10.98942756652832,0.15854324442155174,0.0,0.0,c573,Intel(R) Xeon(R) Gold 6248R CPU @ 3.00GHz,ec2d14a-dirty,30328362
8,7,hammock,register-equality,1.0,64,10000,18,16,20260810,0.9235031604766846,13.67365300000007,12.140625,0.11557435989379883,0.914294,0.001103,0.001045,5.7e-05,,,0.16406179220581055,0.16583681494140623,c573,Intel(R) Xeon(R) Gold 6248R CPU @ 3.00GHz,ec2d14a-dirty,30328362
8,7,hammock,register-equality,0.1,64,10000,18,16,20260810,0.34494805335998535,5.190123,12.1171875,0.11557435989379883,0.335399,0.001084,0.001034,4.9e-05,,,0.16422427446746826,0.16583763061523438,c573,Intel(R) Xeon(R) Gold 6248R CPU @ 3.00GHz,ec2d14a-dirty,30328362
8,7,hammock,register-equality,0.01,64,10000,18,16,20260810,0.16994690895080566,2.496022999999923,12.1171875,0.11557435989379883,0.160469,0.001426,0.001377,4.9e-05,,,0.14347260518158492,0.14539923303293723,c573,Intel(R) Xeon(R) Gold 6248R CPU @ 3.00GHz,ec2d14a-dirty,30328362
8,7,hammock,register-equality,0.001,64,10000,18,16,20260810,0.12365174293518066,1.7911609999999527,12.1484375,0.11557435989379883,0.11269,0.003223,0.003174,4.8e-05,,,0.024638475819186108,0.025822645769399397,c573,Intel(R) Xeon(R) Gold 6248R CPU @ 3.00GHz,ec2d14a-dirty,30328362
8,7,hammock,inclusion-exclusion,1.0,64,10000,18,16,20260810,0.9253592491149902,13.702175000000153,12.1328125,0.11557435989379883,0.914764,0.002861,0.002809,5.2e-05,,,0.0010275015379761678,0.0033307181802922775,c573,Intel(R) Xeon(R) Gold 6248R CPU @ 3.00GHz,ec2d14a-dirty,30328362
8,7,hammock,inclusion-exclusion,0.1,64,10000,18,16,20260810,0.34573841094970703,5.217804999999885,12.125,0.11557435989379883,0.33526,0.00288,0.002835,4.5e-05,,,0.0011583546613933814,0.004226013434992529,c573,Intel(R) Xeon(R) Gold 6248R CPU @ 3.00GHz,ec2d14a-dirty,30328362
8,7,hammock,inclusion-exclusion,0.01,64,10000,18,16,20260810,0.17122197151184082,2.5126629999999537,12.15625,0.11557435989379883,0.159792,0.003127,0.003082,4.5e-05,,,0.0012528630591027822,0.003573825931174626,c573,Intel(R) Xeon(R) Gold 6248R CPU @ 3.00GHz,ec2d14a-dirty,30328362
8,7,hammock,inclusion-exclusion,0.001,64,10000,18,16,20260810,0.12490558624267578,1.811835999999989,12.1484375,0.11557435989379883,0.112825,0.004415,0.004365,4.9e-05,,,0.0007601750886489713,0.002287955096672886,c573,Intel(R) Xeon(R) Gold 6248R CPU @ 3.00GHz,ec2d14a-dirty,30328362
8,8,bedtools,exact,,64,10000,18,16,20260810,0.27158689498901367,1.1408560000000278,19.0078125,0.13196015357971191,,,,,10.951042175292969,0.16128969957458314,0.0,0.0,c573,Intel(R) Xeon(R) Gold 6248R CPU @ 3.00GHz,ec2d14a-dirty,30328362
8,8,hammock,register-equality,1.0,64,10000,18,16,20260810,0.9292824268341064,13.703491000000014,12.1171875,0.13196015357971191,0.920092,0.001102,0.001049,5.3e-05,,,0.16390027177810668,0.16641940966796875,c573,Intel(R) Xeon(R) Gold 6248R CPU @ 3.00GHz,ec2d14a-dirty,30328362
8,8,hammock,register-equality,0.1,64,10000,18,16,20260810,0.3435971736907959,5.187705999999988,12.125,0.13196015357971191,0.334963,0.001103,0.001055,4.8e-05,,,0.16417355907440184,0.1664808391113281,c573,Intel(R) Xeon(R) Gold 6248R CPU @ 3.00GHz,ec2d14a-dirty,30328362
8,8,hammock,register-equality,0.01,64,10000,18,16,20260810,0.16899681091308594,2.4846539999999564,12.109375,0.13196015357971191,0.159855,0.001433,0.001385,4.8e-05,,,0.14337640541007626,0.14574400338084031,c573,Intel(R) Xeon(R) Gold 6248R CPU @ 3.00GHz,ec2d14a-dirty,30328362
8,8,hammock,register-equality,0.001,64,10000,18,16,20260810,0.12365531921386719,1.7914279999999039,12.1171875,0.13196015357971191,0.112977,0.003152,0.003105,4.7e-05,,,0.024847105019627443,0.02634380918127495,c573,Intel(R) Xeon(R) Gold 6248R CPU @ 3.00GHz,ec2d14a-dirty,30328362
8,8,hammock,inclusion-exclusion,1.0,64,10000,18,16,20260810,0.930537223815918,13.731369000000171,12.125,0.13196015357971191,0.920308,0.002858,0.002809,4.9e-05,,,0.0013420772187197067,0.0041835039793806095,c573,Intel(R) Xeon(R) Gold 6248R CPU @ 3.00GHz,ec2d14a-dirty,30328362
8,8,hammock,inclusion-exclusion,0.1,64,10000,18,16,20260810,0.34531497955322266,5.21128699999996,12.15625,0.13196015357971191,0.334778,0.002859,0.002816,4.3e-05,,,0.0013502532917990088,0.004176913475866906,c573,Intel(R) Xeon(R) Gold 6248R CPU @ 3.00GHz,ec2d14a-dirty,30328362
8,8,hammock,inclusion-exclusion,0.01,64,10000,18,16,20260810,0.1708052158355713,2.513306999999852,12.109375,0.13196015357971191,0.160003,0.003109,0.003065,4.4e-05,,,0.001125352940614438,0.0032509523287433673,c573,Intel(R) Xeon(R) Gold 6248R CPU @ 3.00GHz,ec2d14a-dirty,30328362
8,8,hammock,inclusion-exclusion,0.001,64,10000,18,16,20260810,0.12501859664916992,1.81484000000005,12.125,0.13196015357971191,0.112849,0.004438,0.004388,5e-05,,,0.0008096479122749914,0.0031174993167101123,c573,Intel(R) Xeon(R) Gold 6248R CPU @ 3.00GHz,ec2d14a-dirty,30328362
8,9,bedtools,exact,,64,10000,18,16,20260810,0.2812066078186035,1.149295000000091,19.015625,0.11550259590148926,,,,,10.980606079101562,0.15619271772140952,0.0,0.0,c573,Intel(R) Xeon(R) Gold 6248R CPU @ 3.00GHz,ec2d14a-dirty,30328362
8,9,hammock,register-equality,1.0,64,10000,18,16,20260810,0.9280836582183838,13.725615999999974,12.1640625,0.11550259590148926,0.918504,0.001115,0.001057,5.8e-05,,,0.16365936592483524,0.16538879321289063,c573,Intel(R) Xeon(R) Gold 6248R CPU @ 3.00GHz,ec2d14a-dirty,30328362
8,9,hammock,register-equality,0.1,64,10000,18,16,20260810,0.3449676036834717,5.196079000000001,12.1328125,0.11550259590148926,0.33567,0.001104,0.001052,5.2e-05,,,0.16414764717483524,0.16617397192382813,c573,Intel(R) Xeon(R) Gold 6248R CPU @ 3.00GHz,ec2d14a-dirty,30328362
8,9,hammock,register-equality,0.01,64,10000,18,16,20260810,0.16991853713989258,2.4927439999999237,12.109375,0.11550259590148926,0.160626,0.001412,0.001362,4.9e-05,,,0.14362289765219716,0.14532797246313878,c573,Intel(R) Xeon(R) Gold 6248R CPU @ 3.00GHz,ec2d14a-dirty,30328362
8,9,hammock,register-equality,0.001,64,10000,18,16,20260810,0.12323760986328125,1.7903600000000743,12.1171875,0.11550259590148926,0.112633,0.003174,0.003127,4.7e-05,,,0.02496858798634986,0.027115249677455544,c573,Intel(R) Xeon(R) Gold 6248R CPU @ 3.00GHz,ec2d14a-dirty,30328362
8,9,hammock,inclusion-exclusion,1.0,64,10000,18,16,20260810,0.9284875392913818,13.747313999999907,12.15625,0.11550259590148926,0.918196,0.002867,0.002818,4.8e-05,,,0.0011707421478642848,0.004165045546461965,c573,Intel(R) Xeon(R) Gold 6248R CPU @ 3.00GHz,ec2d14a-dirty,30328362
8,9,hammock,inclusion-exclusion,0.1,64,10000,18,16,20260810,0.34607362747192383,5.220686000000118,12.1640625,0.11550259590148926,0.335331,0.002847,0.002803,4.4e-05,,,0.0013674772297391433,0.004132716810389042,c573,Intel(R) Xeon(R) Gold 6248R CPU @ 3.00GHz,ec2d14a-dirty,30328362
8,9,hammock,inclusion-exclusion,0.01,64,10000,18,16,20260810,0.17079377174377441,2.5146629999998957,12.15625,0.11550259590148926,0.160074,0.00313,0.003084,4.6e-05,,,0.001228774304737565,0.004019132360896183,c573,Intel(R) Xeon(R) Gold 6248R CPU @ 3.00GHz,ec2d14a-dirty,30328362
8,9,hammock,inclusion-exclusion,0.001,64,10000,18,16,20260810,0.12493228912353516,1.8105910000001622,12.1171875,0.11550259590148926,0.112783,0.004386,0.004336,4.9e-05,,,0.0008880924054116997,0.0023984980522406135,c573,Intel(R) Xeon(R) Gold 6248R CPU @ 3.00GHz,ec2d14a-dirty,30328362
8,10,bedtools,exact,,64,10000,18,16,20260810,0.27361035346984863,1.133138999999975,19.01171875,0.11429023742675781,,,,,10.88857650756836,0.15918369125265228,0.0,0.0,c573,Intel(R) Xeon(R) Gold 6248R CPU @ 3.00GHz,ec2d14a-dirty,30328362
8,10,hammock,register-equality,1.0,64,10000,18,16,20260810,0.9228408336639404,13.663512000000175,12.140625,0.11429023742675781,0.913969,0.001137,0.00108,5.7e-05,,,0.16412980217208858,0.16622718154296875,c573,Intel(R) Xeon(R) Gold 6248R CPU @ 3.00GHz,ec2d14a-dirty,30328362
8,10,hammock,register-equality,0.1,64,10000,18,16,20260810,0.3451402187347412,5.196472999999894,12.1171875,0.11429023742675781,0.335743,0.001093,0.001043,5e-05,,,0.16422671932449337,0.16642158569335938,c573,Intel(R) Xeon(R) Gold 6248R CPU @ 3.00GHz,ec2d14a-dirty,30328362
8,10,hammock,register-equality,0.01,64,10000,18,16,20260810,0.16962552070617676,2.490665000000032,12.1328125,0.11429023742675781,0.160379,0.001434,0.001385,4.8e-05,,,0.14331188862331645,0.1446784808087253,c573,Intel(R) Xeon(R) Gold 6248R CPU @ 3.00GHz,ec2d14a-dirty,30328362
8,10,hammock,register-equality,0.001,64,10000,18,16,20260810,0.12332439422607422,1.7876969999999304,12.1328125,0.11429023742675781,0.112496,0.003166,0.003117,4.8e-05,,,0.024495125422209617,0.026688618359131375,c573,Intel(R) Xeon(R) Gold 6248R CPU @ 3.00GHz,ec2d14a-dirty,30328362
8,10,hammock,inclusion-exclusion,1.0,64,10000,18,16,20260810,0.9238498210906982,13.685454999999973,12.15625,0.11429023742675781,0.913323,0.00288,0.002826,5.3e-05,,,0.0010442765034952286,0.004285947007124341,c573,Intel(R) Xeon(R) Gold 6248R CPU @ 3.00GHz,ec2d14a-dirty,30328362
8,10,hammock,inclusion-exclusion,0.1,64,10000,18,16,20260810,0.3457038402557373,5.213168000000156,12.109375,0.11429023742675781,0.334812,0.002862,0.002816,4.5e-05,,,0.0011607648103957823,0.0033273847777370025,c573,Intel(R) Xeon(R) Gold 6248R CPU @ 3.00GHz,ec2d14a-dirty,30328362
8,10,hammock,inclusion-exclusion,0.01,64,10000,18,16,20260810,0.17025423049926758,2.5075439999998395,12.1171875,0.11429023742675781,0.159691,0.003115,0.003066,4.8e-05,,,0.0011741305538741742,0.004151467168497222,c573,Intel(R) Xeon(R) Gold 6248R CPU @ 3.00GHz,ec2d14a-dirty,30328362
8,10,hammock,inclusion-exclusion,0.001,64,10000,18,16,20260810,0.12434673309326172,1.8070250000000598,12.140625,0.11429023742675781,0.112572,0.004402,0.004353,4.8e-05,,,0.0008757079635622177,0.002195795893608604,c573,Intel(R) Xeon(R) Gold 6248R CPU @ 3.00GHz,ec2d14a-dirty,30328362
8,11,bedtools,exact,,64,10000,18,16,20260810,0.26694798469543457,1.1426310000000868,19.01171875,0.11471772193908691,,,,,10.965347290039062,0.16430687502735203,0.0,0.0,c573,Intel(R) Xeon(R) Gold 6248R CPU @ 3.00GHz,ec2d14a-dirty,30328362
8,11,hammock,register-equality,1.0,64,10000,18,16,20260810,0.9282712936401367,13.721922000000124,12.125,0.11471772193908691,0.919042,0.001105,0.001049,5.6e-05,,,0.16405539459609986,0.16606853173828123,c573,Intel(R) Xeon(R) Gold 6248R CPU @ 3.00GHz,ec2d14a-dirty,30328362
8,11,hammock,register-equality,0.1,64,10000,18,16,20260810,0.3457827568054199,5.209145000000035,12.1171875,0.11471772193908691,0.336267,0.001081,0.001033,4.8e-05,,,0.1641289467277527,0.1663341735839844,c573,Intel(R) Xeon(R) Gold 6248R CPU @ 3.00GHz,ec2d14a-dirty,30328362
8,11,hammock,register-equality,0.01,64,10000,18,16,20260810,0.1692497730255127,2.492243000000112,12.1640625,0.11471772193908691,0.160242,0.001428,0.001379,4.8e-05,,,0.14334037955121082,0.14538640397182112,c573,Intel(R) Xeon(R) Gold 6248R CPU @ 3.00GHz,ec2d14a-dirty,30328362
8,11,hammock,register-equality,0.001,64,10000,18,16,20260810,0.12337875366210938,1.7928800000000393,12.1328125,0.11471772193908691,0.112737,0.003219,0.003167,5.1e-05,,,0.024630791734773283,0.026515166558816083,c573,Intel(R) Xeon(R) Gold 6248R CPU @ 3.00GHz,ec2d14a-dirty,30328362
8,11,hammock,inclusion-exclusion,1.0,64,10000,18,16,20260810,0.9286386966705322,13.734090999999893,12.125,0.11471772193908691,0.918307,0.00289,0.002839,5.1e-05,,,0.0014922990366727953,0.0042330187881211845,c573,Intel(R) Xeon(R) Gold 6248R CPU @ 3.00GHz,ec2d14a-dirty,30328362
8,11,hammock,inclusion-exclusion,0.1,64,10000,18,16,20260810,0.3459789752960205,5.228206999999912,12.1171875,0.11471772193908691,0.335849,0.002853,0.002809,4.3e-05,,,0.0012999596247873179,0.005164085760414744,c573,Intel(R) Xeon(R) Gold 6248R CPU @ 3.00GHz,ec2d14a-dirty,30328362
8,11,hammock,inclusion-exclusion,0.01,64,10000,18,16,20260810,0.17089509963989258,2.510169000000115,12.125,0.11471772193908691,0.160001,0.003129,0.003084,4.4e-05,,,0.0012841772643193822,0.0036057822529551448,c573,Intel(R) Xeon(R) Gold 6248R CPU @ 3.00GHz,ec2d14a-dirty,30328362
8,11,hammock,inclusion-exclusion,0.001,64,10000,18,16,20260810,0.12514638900756836,1.8118049999998753,12.109375,0.11471772193908691,0.112933,0.004419,0.004366,5.3e-05,,,0.0008297691000554758,0.0029474079861434854,c573,Intel(R) Xeon(R) Gold 6248R CPU @ 3.00GHz,ec2d14a-dirty,30328362
8,12,bedtools,exact,,64,10000,18,16,20260810,0.27121591567993164,1.1265060000000098,19.015625,0.1159830093383789,,,,,11.008024215698242,0.16235071143375043,0.0,0.0,c573,Intel(R) Xeon(R) Gold 6248R CPU @ 3.00GHz,ec2d14a-dirty,30328362
8,12,hammock,register-equality,1.0,64,10000,18,16,20260810,0.9265365600585938,13.719905999999995,12.109375,0.1159830093383789,0.917708,0.00109,0.001037,5.3e-05,,,0.1640874835968017,0.16633703271484374,c573,Intel(R) Xeon(R) Gold 6248R CPU @ 3.00GHz,ec2d14a-dirty,30328362
8,12,hammock,register-equality,0.1,64,10000,18,16,20260810,0.34441256523132324,5.194151000000115,12.1484375,0.1159830093383789,0.335493,0.001104,0.001055,4.8e-05,,,0.16421992511749262,0.1667485185546875,c573,Intel(R) Xeon(R) Gold 6248R CPU @ 3.00GHz,ec2d14a-dirty,30328362
8,12,hammock,register-equality,0.01,64,10000,18,16,20260810,0.16908669471740723,2.4864210000000426,12.1171875,0.1159830093383789,0.159774,0.001406,0.001358,4.8e-05,,,0.14349540266577046,0.14510072567917284,c573,Intel(R) Xeon(R) Gold 6248R CPU @ 3.00GHz,ec2d14a-dirty,30328362
8,12,hammock,register-equality,0.001,64,10000,18,16,20260810,0.12426161766052246,1.796943000000006,12.1328125,0.1159830093383789,0.113288,0.003171,0.003122,4.8e-05,,,0.024634990998779926,0.025991325163031265,c573,Intel(R) Xeon(R) Gold 6248R CPU @ 3.00GHz,ec2d14a-dirty,30328362
8,12,hammock,inclusion-exclusion,1.0,64,10000,18,16,20260810,0.9283046722412109,13.748942000000124,12.1171875,0.1159830093383789,0.91791,0.002857,0.002803,5.3e-05,,,0.001181204784718699,0.004210735863183809,c573,Intel(R) Xeon(R) Gold 6248R CPU @ 3.00GHz,ec2d14a-dirty,30328362
8,12,hammock,inclusion-exclusion,0.1,64,10000,18,16,20260810,0.3460056781768799,5.221666999999837,12.1171875,0.1159830093383789,0.33544,0.002857,0.002811,4.5e-05,,,0.001076691498704057,0.0041636516649147665,c573,Intel(R) Xeon(R) Gold 6248R CPU @ 3.00GHz,ec2d14a-dirty,30328362
8,12,hammock,inclusion-exclusion,0.01,64,10000,18,16,20260810,0.17061185836791992,2.514892000000124,12.140625,0.1159830093383789,0.160019,0.003124,0.003079,4.5e-05,,,0.0012329836373082533,0.004472315255151876,c573,Intel(R) Xeon(R) Gold 6248R CPU @ 3.00GHz,ec2d14a-dirty,30328362
8,12,hammock,inclusion-exclusion,0.001,64,10000,18,16,20260810,0.12459588050842285,1.8104729999999627,12.1171875,0.1159830093383789,0.112548,0.004525,0.004471,5.3e-05,,,0.0007347127392345087,0.0024580901421735885,c573,Intel(R) Xeon(R) Gold 6248R CPU @ 3.00GHz,ec2d14a-dirty,30328362
8,13,bedtools,exact,,64,10000,18,16,20260810,0.28833961486816406,1.117143000000123,19.0078125,0.11641502380371094,,,,,10.895013809204102,0.15114140752647628,0.0,0.0,c573,Intel(R) Xeon(R) Gold 6248R CPU @ 3.00GHz,ec2d14a-dirty,30328362
8,13,hammock,register-equality,1.0,64,10000,18,16,20260810,0.9263906478881836,13.691194000000042,12.1171875,0.11641502380371094,0.917394,0.001087,0.001033,5.4e-05,,,0.16396754232559207,0.16592721459960938,c573,Intel(R) Xeon(R) Gold 6248R CPU @ 3.00GHz,ec2d14a-dirty,30328362
8,13,hammock,register-equality,0.1,64,10000,18,16,20260810,0.3445711135864258,5.192787999999833,12.125,0.11641502380371094,0.335551,0.001082,0.001032,4.9e-05,,,0.16430836168441776,0.16577821459960937,c573,Intel(R) Xeon(R) Gold 6248R CPU @ 3.00GHz,ec2d14a-dirty,30328362
8,13,hammock,register-equality,0.01,64,10000,18,16,20260810,0.1698777675628662,2.4881620000001554,12.109375,0.11641502380371094,0.160197,0.001429,0.001381,4.8e-05,,,0.1431839504621541,0.14512314404466353,c573,Intel(R) Xeon(R) Gold 6248R CPU @ 3.00GHz,ec2d14a-dirty,30328362
8,13,hammock,register-equality,0.001,64,10000,18,16,20260810,0.12375020980834961,1.7932659999998783,12.1328125,0.11641502380371094,0.112809,0.003177,0.003128,4.9e-05,,,0.024813027662178053,0.026621746609281655,c573,Intel(R) Xeon(R) Gold 6248R CPU @ 3.00GHz,ec2d14a-dirty,30328362
8,13,hammock,inclusion-exclusion,1.0,64,10000,18,16,20260810,0.9275615215301514,13.722486999999969,12.109375,0.11641502380371094,0.916814,0.002857,0.002806,5.1e-05,,,0.001111554371002041,0.003307921408572098,c573,Intel(R) Xeon(R) Gold 6248R CPU @ 3.00GHz,ec2d14a-dirty,30328362
8,13,hammock,inclusion-exclusion,0.1,64,10000,18,16,20260810,0.34650158882141113,5.2298100000000325,12.1171875,0.11641502380371094,0.336142,0.002867,0.002823,4.4e-05,,,0.0011601902660298548,0.003760274389231169,c573,Intel(R) Xeon(R) Gold 6248R CPU @ 3.00GHz,ec2d14a-dirty,30328362
8,13,hammock,inclusion-exclusion,0.01,64,10000,18,16,20260810,0.17098116874694824,2.5165230000001593,12.1484375,0.11641502380371094,0.160217,0.003135,0.003087,4.7e-05,,,0.0010657711117443493,0.0031410619445979976,c573,Intel(R) Xeon(R) Gold 6248R CPU @ 3.00GHz,ec2d14a-dirty,30328362
8,13,hammock,inclusion-exclusion,0.001,64,10000,18,16,20260810,0.12511730194091797,1.8174799999998648,12.109375,0.11641502380371094,0.113083,0.004429,0.00438,4.9e-05,,,0.0007465012589654388,0.003523978138441297,c573,Intel(R) Xeon(R) Gold 6248R CPU @ 3.00GHz,ec2d14a-dirty,30328362
8,14,bedtools,exact,,64,10000,18,16,20260810,0.27261996269226074,1.119579000000087,19.0078125,0.12337327003479004,,,,,11.035442352294922,0.1619168639495702,0.0,0.0,c573,Intel(R) Xeon(R) Gold 6248R CPU @ 3.00GHz,ec2d14a-dirty,30328362
8,14,hammock,register-equality,1.0,64,10000,18,16,20260810,0.9224634170532227,13.680626999999902,12.1171875,0.12337327003479004,0.913479,0.00109,0.001035,5.5e-05,,,0.16389262500381468,0.16575156616210937,c573,Intel(R) Xeon(R) Gold 6248R CPU @ 3.00GHz,ec2d14a-dirty,30328362
8,14,hammock,register-equality,0.1,64,10000,18,16,20260810,0.3453216552734375,5.1878910000000396,12.109375,0.12337327003479004,0.335143,0.001081,0.001033,4.8e-05,,,0.16428488317108153,0.16575538134765624,c573,Intel(R) Xeon(R) Gold 6248R CPU @ 3.00GHz,ec2d14a-dirty,30328362
8,14,hammock,register-equality,0.01,64,10000,18,16,20260810,0.16890501976013184,2.483567000000015,12.1171875,0.12337327003479004,0.159769,0.001437,0.001383,5.4e-05,,,0.1435596145632642,0.14509235059462644,c573,Intel(R) Xeon(R) Gold 6248R CPU @ 3.00GHz,ec2d14a-dirty,30328362
8,14,hammock,register-equality,0.001,64,10000,18,16,20260810,0.12359213829040527,1.791092000000031,12.1171875,0.12337327003479004,0.112823,0.003182,0.003133,4.9e-05,,,0.025062023027754197,0.026455002938309616,c573,Intel(R) Xeon(R) Gold 6248R CPU @ 3.00GHz,ec2d14a-dirty,30328362
8,14,hammock,inclusion-exclusion,1.0,64,10000,18,16,20260810,0.9244251251220703,13.710573000000025,12.109375,0.12337327003479004,0.913572,0.002864,0.002813,5.1e-05,,,0.0011763572309620792,0.003905086232739427,c573,Intel(R) Xeon(R) Gold 6248R CPU @ 3.00GHz,ec2d14a-dirty,30328362
8,14,hammock,inclusion-exclusion,0.1,64,10000,18,16,20260810,0.3461916446685791,5.222998000000146,12.140625,0.12337327003479004,0.335613,0.002872,0.002827,4.5e-05,,,0.001154206873570654,0.0032386823559117095,c573,Intel(R) Xeon(R) Gold 6248R CPU @ 3.00GHz,ec2d14a-dirty,30328362
8,14,hammock,inclusion-exclusion,0.01,64,10000,18,16,20260810,0.1707768440246582,2.5112969999999315,12.125,0.12337327003479004,0.159974,0.003139,0.003093,4.6e-05,,,0.0012169495332255262,0.003097787877896066,c573,Intel(R) Xeon(R) Gold 6248R CPU @ 3.00GHz,ec2d14a-dirty,30328362
8,14,hammock,inclusion-exclusion,0.001,64,10000,18,16,20260810,0.12502408027648926,1.8124329999999063,12.109375,0.12337327003479004,0.112992,0.004419,0.00437,4.9e-05,,,0.0009178688905800336,0.0031676975873012464,c573,Intel(R) Xeon(R) Gold 6248R CPU @ 3.00GHz,ec2d14a-dirty,30328362
8,15,bedtools,exact,,64,10000,18,16,20260810,0.26862525939941406,1.1351029999999476,19.015625,0.12356281280517578,,,,,10.901689529418945,0.16233305168386147,0.0,0.0,c573,Intel(R) Xeon(R) Gold 6248R CPU @ 3.00GHz,ec2d14a-dirty,30328362
8,15,hammock,register-equality,1.0,64,10000,18,16,20260810,0.9290943145751953,13.726659999999885,12.1171875,0.12356281280517578,0.919731,0.001136,0.001079,5.7e-05,,,0.1638004392738342,0.16567808740234374,c573,Intel(R) Xeon(R) Gold 6248R CPU @ 3.00GHz,ec2d14a-dirty,30328362
8,15,hammock,register-equality,0.1,64,10000,18,16,20260810,0.34499597549438477,5.199550000000112,12.1171875,0.12356281280517578,0.335782,0.001103,0.001054,4.8e-05,,,0.1640612691993713,0.16630523120117185,c573,Intel(R) Xeon(R) Gold 6248R CPU @ 3.00GHz,ec2d14a-dirty,30328362
8,15,hammock,register-equality,0.01,64,10000,18,16,20260810,0.16932415962219238,2.490058999999931,12.140625,0.12356281280517578,0.160221,0.001432,0.001381,5e-05,,,0.14354756243452832,0.14572894580507362,c573,Intel(R) Xeon(R) Gold 6248R CPU @ 3.00GHz,ec2d14a-dirty,30328362
8,15,hammock,register-equality,0.001,64,10000,18,16,20260810,0.12365198135375977,1.7929460000000823,12.1328125,0.12356281280517578,0.112845,0.003214,0.003166,4.8e-05,,,0.024824732382031485,0.026300496103349016,c573,Intel(R) Xeon(R) Gold 6248R CPU @ 3.00GHz,ec2d14a-dirty,30328362
8,15,hammock,inclusion-exclusion,1.0,64,10000,18,16,20260810,0.9294841289520264,13.746093999999943,12.125,0.12356281280517578,0.919151,0.00285,0.0028,4.9e-05,,,0.0013212560046806825,0.00425834311056765,c573,Intel(R) Xeon(R) Gold 6248R CPU @ 3.00GHz,ec2d14a-dirty,30328362
8,15,hammock,inclusion-exclusion,0.1,64,10000,18,16,20260810,0.345844030380249,5.223401000000063,12.1171875,0.12356281280517578,0.335363,0.002852,0.002807,4.5e-05,,,0.0013490221799741632,0.004223521193795252,c573,Intel(R) Xeon(R) Gold 6248R CPU @ 3.00GHz,ec2d14a-dirty,30328362
8,15,hammock,inclusion-exclusion,0.01,64,10000,18,16,20260810,0.17116355895996094,2.5188380000000876,12.140625,0.12356281280517578,0.160403,0.003143,0.003096,4.7e-05,,,0.0012445083579331734,0.0041613665482717055,c573,Intel(R) Xeon(R) Gold 6248R CPU @ 3.00GHz,ec2d14a-dirty,30328362
8,15,hammock,inclusion-exclusion,0.001,64,10000,18,16,20260810,0.12543249130249023,1.8147759999999558,12.109375,0.12356281280517578,0.113062,0.004458,0.004409,4.8e-05,,,0.0007862268794581147,0.002945865777634754,c573,Intel(R) Xeon(R) Gold 6248R CPU @ 3.00GHz,ec2d14a-dirty,30328362
8,16,bedtools,exact,,64,10000,18,16,20260810,0.26839637756347656,1.1364410000001257,19.00390625,0.11500835418701172,,,,,11.008501052856445,0.16406333278850457,0.0,0.0,c573,Intel(R) Xeon(R) Gold 6248R CPU @ 3.00GHz,ec2d14a-dirty,30328362
8,16,hammock,register-equality,1.0,64,10000,18,16,20260810,0.9285776615142822,13.715738999999978,12.1484375,0.11500835418701172,0.919312,0.001103,0.001046,5.6e-05,,,0.16392451567993163,0.16566511547851565,c573,Intel(R) Xeon(R) Gold 6248R CPU @ 3.00GHz,ec2d14a-dirty,30328362
8,16,hammock,register-equality,0.1,64,10000,18,16,20260810,0.3460807800292969,5.2135830000000425,12.1484375,0.11500835418701172,0.336604,0.001081,0.001033,4.7e-05,,,0.1640754942451477,0.16640237866210938,c573,Intel(R) Xeon(R) Gold 6248R CPU @ 3.00GHz,ec2d14a-dirty,30328362
8,16,hammock,register-equality,0.01,64,10000,18,16,20260810,0.16943740844726562,2.488693000000037,12.1171875,0.11500835418701172,0.160177,0.001431,0.001382,4.9e-05,,,0.1434676521774292,0.1450342080877838,c573,Intel(R) Xeon(R) Gold 6248R CPU @ 3.00GHz,ec2d14a-dirty,30328362
8,16,hammock,register-equality,0.001,64,10000,18,16,20260810,0.12478065490722656,1.7889889999999227,12.1484375,0.11500835418701172,0.112635,0.003226,0.003174,5.2e-05,,,0.02478519800064668,0.026390273734043443,c573,Intel(R) Xeon(R) Gold 6248R CPU @ 3.00GHz,ec2d14a-dirty,30328362
8,16,hammock,inclusion-exclusion,1.0,64,10000,18,16,20260810,0.9299845695495605,13.745324000000075,12.15625,0.11500835418701172,0.919561,0.002857,0.002808,4.8e-05,,,0.0011594030362806094,0.0034345027476074957,c573,Intel(R) Xeon(R) Gold 6248R CPU @ 3.00GHz,ec2d14a-dirty,30328362
8,16,hammock,inclusion-exclusion,0.1,64,10000,18,16,20260810,0.3471341133117676,5.234755999999919,12.109375,0.11500835418701172,0.336128,0.002871,0.002826,4.4e-05,,,0.0013612148615815577,0.0038782782388360193,c573,Intel(R) Xeon(R) Gold 6248R CPU @ 3.00GHz,ec2d14a-dirty,30328362
8,16,hammock,inclusion-exclusion,0.01,64,10000,18,16,20260810,0.17126727104187012,2.518503999999929,12.109375,0.11500835418701172,0.160226,0.003115,0.00307,4.5e-05,,,0.0011369760155458771,0.004505675985466834,c573,Intel(R) Xeon(R) Gold 6248R CPU @ 3.00GHz,ec2d14a-dirty,30328362
8,16,hammock,inclusion-exclusion,0.001,64,10000,18,16,20260810,0.12524056434631348,1.8149399999999467,12.109375,0.11500835418701172,0.113114,0.004439,0.004387,5.2e-05,,,0.0008004991728118751,0.0035737282797932424,c573,Intel(R) Xeon(R) Gold 6248R CPU @ 3.00GHz,ec2d14a-dirty,30328362
8,17,bedtools,exact,,64,10000,18,16,20260810,0.2694878578186035,1.1321030000001393,19.0078125,0.1146690845489502,,,,,10.991096496582031,0.16314050785887815,0.0,0.0,c573,Intel(R) Xeon(R) Gold 6248R CPU @ 3.00GHz,ec2d14a-dirty,30328362
8,17,hammock,register-equality,1.0,64,10000,18,16,20260810,0.9258553981781006,13.714666000000069,12.1484375,0.1146690845489502,0.916671,0.001101,0.001048,5.3e-05,,,0.16387674220657347,0.16601247729492186,c573,Intel(R) Xeon(R) Gold 6248R CPU @ 3.00GHz,ec2d14a-dirty,30328362
8,17,hammock,register-equality,0.1,64,10000,18,16,20260810,0.34511590003967285,5.196058999999959,12.125,0.1146690845489502,0.335364,0.001089,0.001039,4.9e-05,,,0.16446897395706175,0.16607726293945313,c573,Intel(R) Xeon(R) Gold 6248R CPU @ 3.00GHz,ec2d14a-dirty,30328362
8,17,hammock,register-equality,0.01,64,10000,18,16,20260810,0.1689167022705078,2.483577999999955,12.1484375,0.1146690845489502,0.159601,0.001405,0.001356,4.9e-05,,,0.1434561530788417,0.14519061813023712,c573,Intel(R) Xeon(R) Gold 6248R CPU @ 3.00GHz,ec2d14a-dirty,30328362
8,17,hammock,register-equality,0.001,64,10000,18,16,20260810,0.12354350090026855,1.791286000000106,12.1171875,0.1146690845489502,0.11287,0.003164,0.003116,4.8e-05,,,0.024921373853823984,0.02640566732913302,c573,Intel(R) Xeon(R) Gold 6248R CPU @ 3.00GHz,ec2d14a-dirty,30328362
8,17,hammock,inclusion-exclusion,1.0,64,10000,18,16,20260810,0.9270665645599365,13.738519000000018,12.140625,0.1146690845489502,0.916756,0.00287,0.002821,4.9e-05,,,0.001042024887773856,0.0039157646856798345,c573,Intel(R) Xeon(R) Gold 6248R CPU @ 3.00GHz,ec2d14a-dirty,30328362
8,17,hammock,inclusion-exclusion,0.1,64,10000,18,16,20260810,0.3471064567565918,5.229200999999929,12.1328125,0.1146690845489502,0.336133,0.002875,0.002827,4.8e-05,,,0.0015127269189354503,0.004199950069176228,c573,Intel(R) Xeon(R) Gold 6248R CPU @ 3.00GHz,ec2d14a-dirty,30328362
8,17,hammock,inclusion-exclusion,0.01,64,10000,18,16,20260810,0.17128849029541016,2.5171990000000832,12.1484375,0.1146690845489502,0.160556,0.003111,0.003066,4.4e-05,,,0.0010645666113907057,0.0038484121653082487,c573,Intel(R) Xeon(R) Gold 6248R CPU @ 3.00GHz,ec2d14a-dirty,30328362
8,17,hammock,inclusion-exclusion,0.001,64,10000,18,16,20260810,0.12653207778930664,1.8206219999999398,12.1328125,0.1146690845489502,0.113465,0.004424,0.004372,5.2e-05,,,0.0008385814154623608,0.0024482493723000515,c573,Intel(R) Xeon(R) Gold 6248R CPU @ 3.00GHz,ec2d14a-dirty,30328362
8,18,bedtools,exact,,64,10000,18,16,20260810,0.2650172710418701,1.1198830000000086,19.0,0.11490583419799805,,,,,11.001110076904297,0.166043670039395,0.0,0.0,c573,Intel(R) Xeon(R) Gold 6248R CPU @ 3.00GHz,ec2d14a-dirty,30328362
8,18,hammock,register-equality,1.0,64,10000,18,16,20260810,0.9273247718811035,13.727271000000009,12.1640625,0.11490583419799805,0.918063,0.001105,0.001047,5.8e-05,,,0.16382604729461667,0.16536412524414063,c573,Intel(R) Xeon(R) Gold 6248R CPU @ 3.00GHz,ec2d14a-dirty,30328362
8,18,hammock,register-equality,0.1,64,10000,18,16,20260810,0.34510278701782227,5.199795999999964,12.1171875,0.11490583419799805,0.335742,0.001103,0.001053,5e-05,,,0.16412204396057126,0.16605467797851564,c573,Intel(R) Xeon(R) Gold 6248R CPU @ 3.00GHz,ec2d14a-dirty,30328362
8,18,hammock,register-equality,0.01,64,10000,18,16,20260810,0.16902709007263184,2.486690999999883,12.1328125,0.11490583419799805,0.160115,0.001419,0.00137,4.9e-05,,,0.14349697942665834,0.1454950313186353,c573,Intel(R) Xeon(R) Gold 6248R CPU @ 3.00GHz,ec2d14a-dirty,30328362
8,18,hammock,register-equality,0.001,64,10000,18,16,20260810,0.123809814453125,1.7889089999999612,12.1484375,0.11490583419799805,0.112722,0.003201,0.003153,4.8e-05,,,0.024593917009660293,0.02568275906092629,c573,Intel(R) Xeon(R) Gold 6248R CPU @ 3.00GHz,ec2d14a-dirty,30328362
8,18,hammock,inclusion-exclusion,1.0,64,10000,18,16,20260810,0.9277703762054443,13.749669000000022,12.140625,0.11490583419799805,0.917534,0.002867,0.002817,4.9e-05,,,0.001115528794520428,0.0036878202464919185,c573,Intel(R) Xeon(R) Gold 6248R CPU @ 3.00GHz,ec2d14a-dirty,30328362
8,18,hammock,inclusion-exclusion,0.1,64,10000,18,16,20260810,0.345689058303833,5.222359000000054,12.125,0.11490583419799805,0.335432,0.002859,0.002815,4.4e-05,,,0.0014018828943960825,0.0038663669319662086,c573,Intel(R) Xeon(R) Gold 6248R CPU @ 3.00GHz,ec2d14a-dirty,30328362
8,18,hammock,inclusion-exclusion,0.01,64,10000,18,16,20260810,0.17052936553955078,2.511663000000027,12.1328125,0.11490583419799805,0.160167,0.003101,0.003055,4.5e-05,,,0.0012200310334987434,0.0050166148014708645,c573,Intel(R) Xeon(R) Gold 6248R CPU @ 3.00GHz,ec2d14a-dirty,30328362
8,18,hammock,inclusion-exclusion,0.001,64,10000,18,16,20260810,0.12481451034545898,1.8114119999998834,12.1484375,0.11490583419799805,0.11269,0.004469,0.004417,5.1e-05,,,0.0010347094995342475,0.003453053989735,c573,Intel(R) Xeon(R) Gold 6248R CPU @ 3.00GHz,ec2d14a-dirty,30328362
8,19,bedtools,exact,,64,10000,18,16,20260810,0.27094268798828125,1.110713000000061,18.99609375,0.11424040794372559,,,,,11.049985885620117,0.1631339227888379,0.0,0.0,c573,Intel(R) Xeon(R) Gold 6248R CPU @ 3.00GHz,ec2d14a-dirty,30328362
8,19,hammock,register-equality,1.0,64,10000,18,16,20260810,0.9292528629302979,13.716417999999805,12.15625,0.11424040794372559,0.920328,0.001108,0.001055,5.2e-05,,,0.163843451171875,0.16648770092773438,c573,Intel(R) Xeon(R) Gold 6248R CPU @ 3.00GHz,ec2d14a-dirty,30328362
8,19,hammock,register-equality,0.1,64,10000,18,16,20260810,0.34442567825317383,5.196500000000167,12.1484375,0.11424040794372559,0.335796,0.001096,0.001047,4.9e-05,,,0.16410893025970458,0.165879390625,c573,Intel(R) Xeon(R) Gold 6248R CPU @ 3.00GHz,ec2d14a-dirty,30328362
8,19,hammock,register-equality,0.01,64,10000,18,16,20260810,0.16867399215698242,2.4832299999999314,12.1328125,0.11424040794372559,0.159863,0.001429,0.00138,4.8e-05,,,0.1432786552766618,0.14508706466757537,c573,Intel(R) Xeon(R) Gold 6248R CPU @ 3.00GHz,ec2d14a-dirty,30328362
8,19,hammock,register-equality,0.001,64,10000,18,16,20260810,0.12374377250671387,1.7905259999999892,12.125,0.11424040794372559,0.112682,0.003204,0.003154,4.9e-05,,,0.02497078222425192,0.027139655258964696,c573,Intel(R) Xeon(R) Gold 6248R CPU @ 3.00GHz,ec2d14a-dirty,30328362
8,19,hammock,inclusion-exclusion,1.0,64,10000,18,16,20260810,0.931830644607544,13.753044000000049,12.1171875,0.11424040794372559,0.921303,0.002861,0.002811,5e-05,,,0.0017191439179090318,0.004654621725408828,c573,Intel(R) Xeon(R) Gold 6248R CPU @ 3.00GHz,ec2d14a-dirty,30328362
8,19,hammock,inclusion-exclusion,0.1,64,10000,18,16,20260810,0.34637975692749023,5.220477999999876,12.1328125,0.11424040794372559,0.335572,0.002844,0.002793,5.1e-05,,,0.0010008381722244606,0.0025458743162888042,c573,Intel(R) Xeon(R) Gold 6248R CPU @ 3.00GHz,ec2d14a-dirty,30328362
8,19,hammock,inclusion-exclusion,0.01,64,10000,18,16,20260810,0.1716310977935791,2.5197120000000837,12.1328125,0.11424040794372559,0.160623,0.00311,0.003065,4.4e-05,,,0.0012107398764331808,0.003960120068101133,c573,Intel(R) Xeon(R) Gold 6248R CPU @ 3.00GHz,ec2d14a-dirty,30328362
8,19,hammock,inclusion-exclusion,0.001,64,10000,18,16,20260810,0.12517046928405762,1.8156720000000348,12.125,0.11424040794372559,0.11314,0.00443,0.00438,5e-05,,,0.0008844264333577841,0.002739842120061939,c573,Intel(R) Xeon(R) Gold 6248R CPU @ 3.00GHz,ec2d14a-dirty,30328362
16,0,bedtools,exact,,256,10000,18,16,20260810,0.7052507400512695,4.091186999999856,19.0078125,0.22118926048278809,,,,,10.873079299926758,0.2466771871606701,0.0,0.0,c573,Intel(R) Xeon(R) Gold 6248R CPU @ 3.00GHz,ec2d14a-dirty,30328362
16,0,hammock,register-equality,1.0,256,10000,18,16,20260810,1.8482656478881836,27.52281399999985,17.15625,0.22118926048278809,1.833813,0.005951,0.005805,0.000146,,,0.16395761383838645,0.1662217893066406,c573,Intel(R) Xeon(R) Gold 6248R CPU @ 3.00GHz,ec2d14a-dirty,30328362
16,0,hammock,register-equality,0.1,256,10000,18,16,20260810,0.6824314594268799,10.460334000000135,16.140625,0.22118926048278809,0.669996,0.003814,0.003671,0.000142,,,0.16413660658664694,0.16691173901367187,c573,Intel(R) Xeon(R) Gold 6248R CPU @ 3.00GHz,ec2d14a-dirty,30328362
16,0,hammock,register-equality,0.01,256,10000,18,16,20260810,0.3330264091491699,5.057266000000013,16.109375,0.22118926048278809,0.319103,0.005101,0.004961,0.000139,,,0.14338557532478627,0.14546917798643383,c573,Intel(R) Xeon(R) Gold 6248R CPU @ 3.00GHz,ec2d14a-dirty,30328362
16,0,hammock,register-equality,0.001,256,10000,18,16,20260810,0.24579381942749023,3.734702999999911,16.15625,0.22118926048278809,0.225558,0.012088,0.011947,0.00014,,,0.02493525735543947,0.026548720120043584,c573,Intel(R) Xeon(R) Gold 6248R CPU @ 3.00GHz,ec2d14a-dirty,30328362
16,0,hammock,inclusion-exclusion,1.0,256,10000,18,16,20260810,1.8531136512756348,27.616413999999963,17.1875,0.22118926048278809,1.83309,0.01227,0.01213,0.000139,,,0.001132553175895998,0.0038605362215311245,c573,Intel(R) Xeon(R) Gold 6248R CPU @ 3.00GHz,ec2d14a-dirty,30328362
16,0,hammock,inclusion-exclusion,0.1,256,10000,18,16,20260810,0.6876566410064697,10.557434000000153,16.1328125,0.22118926048278809,0.669737,0.010013,0.009878,0.000134,,,0.0012304250122512584,0.004142142139411956,c573,Intel(R) Xeon(R) Gold 6248R CPU @ 3.00GHz,ec2d14a-dirty,30328362
16,0,hammock,inclusion-exclusion,0.01,256,10000,18,16,20260810,0.3376898765563965,5.144916999999946,16.125,0.22118926048278809,0.318882,0.01104,0.010905,0.000135,,,0.0012269608700511342,0.005013688522380377,c573,Intel(R) Xeon(R) Gold 6248R CPU @ 3.00GHz,ec2d14a-dirty,30328362
16,0,hammock,inclusion-exclusion,0.001,256,10000,18,16,20260810,0.24732422828674316,3.768081000000045,16.1171875,0.22118926048278809,0.224743,0.015036,0.014896,0.000139,,,0.00079291752380506,0.003319374915603898,c573,Intel(R) Xeon(R) Gold 6248R CPU @ 3.00GHz,ec2d14a-dirty,30328362
16,1,bedtools,exact,,256,10000,18,16,20260810,0.7291808128356934,4.072586999999835,19.0078125,0.22121143341064453,,,,,10.884761810302734,0.2388381398676304,0.0,0.0,c573,Intel(R) Xeon(R) Gold 6248R CPU @ 3.00GHz,ec2d14a-dirty,30328362
16,1,hammock,register-equality,1.0,256,10000,18,16,20260810,1.843566656112671,27.463308000000012,17.1640625,0.22121143341064453,1.829328,0.00604,0.005893,0.000146,,,0.16397610594081882,0.16625800390625,c573,Intel(R) Xeon(R) Gold 6248R CPU @ 3.00GHz,ec2d14a-dirty,30328362
16,1,hammock,register-equality,0.1,256,10000,18,16,20260810,0.6823630332946777,10.457967999999923,16.1328125,0.22121143341064453,0.669803,0.003808,0.003669,0.000138,,,0.16423258472728733,0.16639354760742187,c573,Intel(R) Xeon(R) Gold 6248R CPU @ 3.00GHz,ec2d14a-dirty,30328362
16,1,hammock,register-equality,0.01,256,10000,18,16,20260810,0.3325643539428711,5.057673000000069,16.1328125,0.22121143341064453,0.31938,0.005118,0.004981,0.000136,,,0.14337831578572025,0.14656689949854823,c573,Intel(R) Xeon(R) Gold 6248R CPU @ 3.00GHz,ec2d14a-dirty,30328362
16,1,hammock,register-equality,0.001,256,10000,18,16,20260810,0.24602770805358887,3.731305999999975,16.15625,0.22121143341064453,0.225419,0.012037,0.011895,0.000141,,,0.02467661844465847,0.026406151066167158,c573,Intel(R) Xeon(R) Gold 6248R CPU @ 3.00GHz,ec2d14a-dirty,30328362
16,1,hammock,inclusion-exclusion,1.0,256,10000,18,16,20260810,1.8501019477844238,27.575595999999926,17.1796875,0.22121143341064453,1.82996,0.012349,0.012203,0.000145,,,0.0011819107122984448,0.004825970739955818,c573,Intel(R) Xeon(R) Gold 6248R CPU @ 3.00GHz,ec2d14a-dirty,30328362
16,1,hammock,inclusion-exclusion,0.1,256,10000,18,16,20260810,0.6879148483276367,10.551164000000043,16.1484375,0.22121143341064453,0.669874,0.010019,0.009881,0.000138,,,0.001204287983941838,0.003665804420044133,c573,Intel(R) Xeon(R) Gold 6248R CPU @ 3.00GHz,ec2d14a-dirty,30328362
16,1,hammock,inclusion-exclusion,0.01,256,10000,18,16,20260810,0.339005708694458,5.152543999999988,16.15625,0.22121143341064453,0.319436,0.011046,0.010909,0.000137,,,0.0011485990368436854,0.003927475897470931,c573,Intel(R) Xeon(R) Gold 6248R CPU @ 3.00GHz,ec2d14a-dirty,30328362
16,1,hammock,inclusion-exclusion,0.001,256,10000,18,16,20260810,0.2478182315826416,3.7747150000000964,16.15625,0.22121143341064453,0.225287,0.015023,0.01488,0.000143,,,0.0008472415069177848,0.0029970408461715697,c573,Intel(R) Xeon(R) Gold 6248R CPU @ 3.00GHz,ec2d14a-dirty,30328362
16,2,bedtools,exact,,256,10000,18,16,20260810,0.7300717830657959,4.113428000000074,19.03515625,0.22059130668640137,,,,,11.031866073608398,0.241770550885442,0.0,0.0,c573,Intel(R) Xeon(R) Gold 6248R CPU @ 3.00GHz,ec2d14a-dirty,30328362
16,2,hammock,register-equality,1.0,256,10000,18,16,20260810,1.8514163494110107,27.518858,17.1640625,0.22059130668640137,1.836504,0.005729,0.005572,0.000157,,,0.16381509499492644,0.16631518896484376,c573,Intel(R) Xeon(R) Gold 6248R CPU @ 3.00GHz,ec2d14a-dirty,30328362
16,2,hammock,register-equality,0.1,256,10000,18,16,20260810,0.681976318359375,10.455079999999992,16.125,0.22059130668640137,0.669997,0.003808,0.003671,0.000137,,,0.1640281070941925,0.16697506811523438,c573,Intel(R) Xeon(R) Gold 6248R CPU @ 3.00GHz,ec2d14a-dirty,30328362
16,2,hammock,register-equality,0.01,256,10000,18,16,20260810,0.3333156108856201,5.06648299999998,16.1171875,0.22059130668640137,0.320002,0.005094,0.004957,0.000136,,,0.1433691137676407,0.14545510939655654,c573,Intel(R) Xeon(R) Gold 6248R CPU @ 3.00GHz,ec2d14a-dirty,30328362
16,2,hammock,register-equality,0.001,256,10000,18,16,20260810,0.24641036987304688,3.743857000000151,16.125,0.22059130668640137,0.226208,0.012215,0.012077,0.000138,,,0.024860506889076792,0.026558698645550577,c573,Intel(R) Xeon(R) Gold 6248R CPU @ 3.00GHz,ec2d14a-dirty,30328362
16,2,hammock,inclusion-exclusion,1.0,256,10000,18,16,20260810,1.8555665016174316,27.622570999999873,17.1796875,0.22059130668640137,1.835366,0.012041,0.011898,0.000142,,,0.0010485999522204359,0.003862141667926422,c573,Intel(R) Xeon(R) Gold 6248R CPU @ 3.00GHz,ec2d14a-dirty,30328362
16,2,hammock,inclusion-exclusion,0.1,256,10000,18,16,20260810,0.6878774166107178,10.563133999999955,16.125,0.22059130668640137,0.670139,0.010024,0.009888,0.000135,,,0.0013194248751457111,0.005417819991798176,c573,Intel(R) Xeon(R) Gold 6248R CPU @ 3.00GHz,ec2d14a-dirty,30328362
16,2,hammock,inclusion-exclusion,0.01,256,10000,18,16,20260810,0.33890342712402344,5.151994000000023,16.1640625,0.22059130668640137,0.319423,0.011036,0.010901,0.000135,,,0.0011535383408724706,0.004798431022523614,c573,Intel(R) Xeon(R) Gold 6248R CPU @ 3.00GHz,ec2d14a-dirty,30328362
16,2,hammock,inclusion-exclusion,0.001,256,10000,18,16,20260810,0.2493581771850586,3.7811180000000313,16.15625,0.22059130668640137,0.225528,0.015104,0.014956,0.000147,,,0.0008732706857525363,0.003263184149846804,c573,Intel(R) Xeon(R) Gold 6248R CPU @ 3.00GHz,ec2d14a-dirty,30328362
16,3,bedtools,exact,,256,10000,18,16,20260810,0.7389330863952637,4.096452999999951,19.015625,0.22495174407958984,,,,,11.0321044921875,0.23887639506857977,0.0,0.0,c573,Intel(R) Xeon(R) Gold 6248R CPU @ 3.00GHz,ec2d14a-dirty,30328362
16,3,hammock,register-equality,1.0,256,10000,18,16,20260810,1.8501307964324951,27.516725000000015,17.1640625,0.22495174407958984,1.835694,0.005992,0.005842,0.000149,,,0.1640206639793396,0.1662374736328125,c573,Intel(R) Xeon(R) Gold 6248R CPU @ 3.00GHz,ec2d14a-dirty,30328362
16,3,hammock,register-equality,0.1,256,10000,18,16,20260810,0.6836416721343994,10.470171000000313,16.1328125,0.22495174407958984,0.670585,0.003817,0.003676,0.000141,,,0.16398172724514007,0.16620239404296877,c573,Intel(R) Xeon(R) Gold 6248R CPU @ 3.00GHz,ec2d14a-dirty,30328362
16,3,hammock,register-equality,0.01,256,10000,18,16,20260810,0.33223748207092285,5.049188000000058,16.1171875,0.22495174407958984,0.318783,0.005093,0.004958,0.000134,,,0.14356172416615928,0.14616685886002018,c573,Intel(R) Xeon(R) Gold 6248R CPU @ 3.00GHz,ec2d14a-dirty,30328362
16,3,hammock,register-equality,0.001,256,10000,18,16,20260810,0.24524426460266113,3.7298220000000697,16.125,0.22495174407958984,0.225315,0.012038,0.011897,0.000141,,,0.024800132244313402,0.02648979951378326,c573,Intel(R) Xeon(R) Gold 6248R CPU @ 3.00GHz,ec2d14a-dirty,30328362
16,3,hammock,inclusion-exclusion,1.0,256,10000,18,16,20260810,1.8542664051055908,27.605795999999902,17.171875,0.22495174407958984,1.833437,0.012399,0.012259,0.00014,,,0.0011892555348207551,0.004165213417299002,c573,Intel(R) Xeon(R) Gold 6248R CPU @ 3.00GHz,ec2d14a-dirty,30328362
16,3,hammock,inclusion-exclusion,0.1,256,10000,18,16,20260810,0.6872034072875977,10.54610400000006,16.140625,0.22495174407958984,0.668852,0.010035,0.009897,0.000138,,,0.0012798194639782145,0.004823593251918376,c573,Intel(R) Xeon(R) Gold 6248R CPU @ 3.00GHz,ec2d14a-dirty,30328362
16,3,hammock,inclusion-exclusion,0.01,256,10000,18,16,20260810,0.3396909236907959,5.161525999999849,16.1484375,0.22495174407958984,0.320005,0.011027,0.010891,0.000136,,,0.0012879642046735992,0.004753872786989244,c573,Intel(R) Xeon(R) Gold 6248R CPU @ 3.00GHz,ec2d14a-dirty,30328362
16,3,hammock,inclusion-exclusion,0.001,256,10000,18,16,20260810,0.25014185905456543,3.7851909999999727,16.140625,0.22495174407958984,0.225608,0.015069,0.014925,0.000144,,,0.0008757772116203754,0.0034716684972847245,c573,Intel(R) Xeon(R) Gold 6248R CPU @ 3.00GHz,ec2d14a-dirty,30328362
16,4,bedtools,exact,,256,10000,18,16,20260810,0.7338616847991943,4.0712780000000635,19.02734375,0.23301315307617188,,,,,10.92982292175293,0.23829717557184948,0.0,0.0,c573,Intel(R) Xeon(R) Gold 6248R CPU @ 3.00GHz,ec2d14a-dirty,30328362
16,4,hammock,register-equality,1.0,256,10000,18,16,20260810,1.847294807434082,27.520037999999985,17.1640625,0.23301315307617188,1.832744,0.005852,0.005707,0.000145,,,0.16403414447689052,0.16639266625976562,c573,Intel(R) Xeon(R) Gold 6248R CPU @ 3.00GHz,ec2d14a-dirty,30328362
16,4,hammock,register-equality,0.1,256,10000,18,16,20260810,0.682178258895874,10.461734999999862,16.1171875,0.23301315307617188,0.670297,0.003813,0.003675,0.000137,,,0.16411247988128658,0.16657075439453126,c573,Intel(R) Xeon(R) Gold 6248R CPU @ 3.00GHz,ec2d14a-dirty,30328362
16,4,hammock,register-equality,0.01,256,10000,18,16,20260810,0.33204221725463867,5.052137999999822,16.109375,0.23301315307617188,0.318972,0.005095,0.00496,0.000135,,,0.14356700595719213,0.1459557070604412,c573,Intel(R) Xeon(R) Gold 6248R CPU @ 3.00GHz,ec2d14a-dirty,30328362
16,4,hammock,register-equality,0.001,256,10000,18,16,20260810,0.24475669860839844,3.7219999999999587,16.1328125,0.23301315307617188,0.224702,0.012019,0.011883,0.000136,,,0.024793334625580938,0.02653230388542857,c573,Intel(R) Xeon(R) Gold 6248R CPU @ 3.00GHz,ec2d14a-dirty,30328362
16,4,hammock,inclusion-exclusion,1.0,256,10000,18,16,20260810,1.854607105255127,27.642815999999833,17.15625,0.23301315307617188,1.834136,0.011925,0.011776,0.000149,,,0.0010860891437290258,0.004992199696976535,c573,Intel(R) Xeon(R) Gold 6248R CPU @ 3.00GHz,ec2d14a-dirty,30328362
16,4,hammock,inclusion-exclusion,0.1,256,10000,18,16,20260810,0.6881740093231201,10.55732000000004,16.140625,0.23301315307617188,0.669855,0.010013,0.009879,0.000133,,,0.0013431955691551854,0.005066145585496715,c573,Intel(R) Xeon(R) Gold 6248R CPU @ 3.00GHz,ec2d14a-dirty,30328362
16,4,hammock,inclusion-exclusion,0.01,256,10000,18,16,20260810,0.33837127685546875,5.152931000000095,16.1171875,0.23301315307617188,0.319423,0.011056,0.010921,0.000135,,,0.0013340546602060464,0.005357578346893918,c573,Intel(R) Xeon(R) Gold 6248R CPU @ 3.00GHz,ec2d14a-dirty,30328362
16,4,hammock,inclusion-exclusion,0.001,256,10000,18,16,20260810,0.24891090393066406,3.7743579999999994,16.1484375,0.23301315307617188,0.225264,0.015011,0.014873,0.000138,,,0.0007970011042250272,0.00317638163283325,c573,Intel(R) Xeon(R) Gold 6248R CPU @ 3.00GHz,ec2d14a-dirty,30328362
16,5,bedtools,exact,,256,10000,18,16,20260810,0.7017762660980225,4.090511000000149,19.01953125,0.2203502655029297,,,,,10.896444320678711,0.24843118462844616,0.0,0.0,c573,Intel(R) Xeon(R) Gold 6248R CPU @ 3.00GHz,ec2d14a-dirty,30328362
16,5,hammock,register-equality,1.0,256,10000,18,16,20260810,1.8571457862854004,27.535956999999733,17.171875,0.2203502655029297,1.842933,0.005938,0.005792,0.000145,,,0.16398453977432248,0.16637825341796875,c573,Intel(R) Xeon(R) Gold 6248R CPU @ 3.00GHz,ec2d14a-dirty,30328362
16,5,hammock,register-equality,0.1,256,10000,18,16,20260810,0.6817169189453125,10.45531000000026,16.1484375,0.2203502655029297,0.66981,0.003809,0.003672,0.000137,,,0.16416478422012326,0.16646233618164064,c573,Intel(R) Xeon(R) Gold 6248R CPU @ 3.00GHz,ec2d14a-dirty,30328362
16,5,hammock,register-equality,0.01,256,10000,18,16,20260810,0.33209705352783203,5.049039999999877,16.1484375,0.2203502655029297,0.318897,0.00508,0.004945,0.000135,,,0.14335627842119586,0.14521019786198414,c573,Intel(R) Xeon(R) Gold 6248R CPU @ 3.00GHz,ec2d14a-dirty,30328362
16,5,hammock,register-equality,0.001,256,10000,18,16,20260810,0.24504446983337402,3.7279540000000324,16.140625,0.2203502655029297,0.225174,0.012102,0.011964,0.000137,,,0.024878794574329455,0.0267387849280271,c573,Intel(R) Xeon(R) Gold 6248R CPU @ 3.00GHz,ec2d14a-dirty,30328362
16,5,hammock,inclusion-exclusion,1.0,256,10000,18,16,20260810,1.8656556606292725,27.654287000000146,17.1953125,0.2203502655029297,1.84495,0.012265,0.012119,0.000146,,,0.0011269054197510745,0.004276257095606625,c573,Intel(R) Xeon(R) Gold 6248R CPU @ 3.00GHz,ec2d14a-dirty,30328362
16,5,hammock,inclusion-exclusion,0.1,256,10000,18,16,20260810,0.6883349418640137,10.558910000000076,16.109375,0.2203502655029297,0.670258,0.010025,0.009888,0.000137,,,0.001203179620755555,0.005212197912791081,c573,Intel(R) Xeon(R) Gold 6248R CPU @ 3.00GHz,ec2d14a-dirty,30328362
16,5,hammock,inclusion-exclusion,0.01,256,10000,18,16,20260810,0.33937501907348633,5.160403999999872,16.125,0.2203502655029297,0.319941,0.011024,0.010884,0.000139,,,0.0011452800374774142,0.005381270112047448,c573,Intel(R) Xeon(R) Gold 6248R CPU @ 3.00GHz,ec2d14a-dirty,30328362
16,5,hammock,inclusion-exclusion,0.001,256,10000,18,16,20260810,0.24814820289611816,3.770804999999882,16.1328125,0.2203502655029297,0.225031,0.015106,0.014959,0.000146,,,0.000900582298258172,0.003101190600519693,c573,Intel(R) Xeon(R) Gold 6248R CPU @ 3.00GHz,ec2d14a-dirty,30328362
16,6,bedtools,exact,,256,10000,18,16,20260810,0.7279541492462158,4.086310000000161,19.01171875,0.22027850151062012,,,,,10.905265808105469,0.23969126779531785,0.0,0.0,c573,Intel(R) Xeon(R) Gold 6248R CPU @ 3.00GHz,ec2d14a-dirty,30328362
16,6,hammock,register-equality,1.0,256,10000,18,16,20260810,1.8499398231506348,27.505749000000115,17.1953125,0.22027850151062012,1.835907,0.005653,0.005503,0.000149,,,0.16388823365592947,0.16636157543945312,c573,Intel(R) Xeon(R) Gold 6248R CPU @ 3.00GHz,ec2d14a-dirty,30328362
16,6,hammock,register-equality,0.1,256,10000,18,16,20260810,0.6834821701049805,10.465084000000203,16.140625,0.22027850151062012,0.670273,0.003816,0.003679,0.000137,,,0.16428970074081412,0.16657711865234376,c573,Intel(R) Xeon(R) Gold 6248R CPU @ 3.00GHz,ec2d14a-dirty,30328362
16,6,hammock,register-equality,0.01,256,10000,18,16,20260810,0.3326280117034912,5.057136999999777,16.1171875,0.22027850151062012,0.319366,0.005084,0.004949,0.000134,,,0.1435095811735042,0.14546314496104867,c573,Intel(R) Xeon(R) Gold 6248R CPU @ 3.00GHz,ec2d14a-dirty,30328362
16,6,hammock,register-equality,0.001,256,10000,18,16,20260810,0.24622440338134766,3.7281160000001563,16.1484375,0.22027850151062012,0.225182,0.012105,0.01196,0.000145,,,0.02468372284391988,0.026691370981853063,c573,Intel(R) Xeon(R) Gold 6248R CPU @ 3.00GHz,ec2d14a-dirty,30328362
16,6,hammock,inclusion-exclusion,1.0,256,10000,18,16,20260810,1.8561296463012695,27.607477999999873,17.171875,0.22027850151062012,1.834978,0.01237,0.012224,0.000145,,,0.001082771376665779,0.004160858940052595,c573,Intel(R) Xeon(R) Gold 6248R CPU @ 3.00GHz,ec2d14a-dirty,30328362
16,6,hammock,inclusion-exclusion,0.1,256,10000,18,16,20260810,0.6872372627258301,10.54850299999974,16.125,0.22027850151062012,0.669192,0.010026,0.009889,0.000136,,,0.0012251037914463437,0.004752549371481771,c573,Intel(R) Xeon(R) Gold 6248R CPU @ 3.00GHz,ec2d14a-dirty,30328362
16,6,hammock,inclusion-exclusion,0.01,256,10000,18,16,20260810,0.33852100372314453,5.156927000000124,16.1484375,0.22027850151062012,0.319511,0.011034,0.0109,0.000134,,,0.0012705039159218523,0.004289728877317059,c573,Intel(R) Xeon(R) Gold 6248R CPU @ 3.00GHz,ec2d14a-dirty,30328362
16,6,hammock,inclusion-exclusion,0.001,256,10000,18,16,20260810,0.24822497367858887,3.777896999999882,16.140625,0.22027850151062012,0.225374,0.01502,0.014878,0.000141,,,0.0008137253489160165,0.0031062186920529783,c573,Intel(R) Xeon(R) Gold 6248R CPU @ 3.00GHz,ec2d14a-dirty,30328362
16,7,bedtools,exact,,256,10000,18,16,20260810,0.7287924289703369,4.058067000000058,19.0078125,0.2217864990234375,,,,,11.025667190551758,0.24205887442885105,0.0,0.0,c573,Intel(R) Xeon(R) Gold 6248R CPU @ 3.00GHz,ec2d14a-dirty,30328362
16,7,hammock,register-equality,1.0,256,10000,18,16,20260810,1.8463761806488037,27.479243999999838,17.1640625,0.2217864990234375,1.832112,0.005827,0.00568,0.000146,,,0.1640642834398271,0.16614926220703125,c573,Intel(R) Xeon(R) Gold 6248R CPU @ 3.00GHz,ec2d14a-dirty,30328362
16,7,hammock,register-equality,0.1,256,10000,18,16,20260810,0.6850631237030029,10.49126500000002,16.125,0.2217864990234375,0.672046,0.003815,0.003677,0.000138,,,0.16415221519203202,0.167104671875,c573,Intel(R) Xeon(R) Gold 6248R CPU @ 3.00GHz,ec2d14a-dirty,30328362
16,7,hammock,register-equality,0.01,256,10000,18,16,20260810,0.33385777473449707,5.064926999999926,16.1171875,0.2217864990234375,0.319763,0.005126,0.004986,0.000139,,,0.14336800697052884,0.14598067518598654,c573,Intel(R) Xeon(R) Gold 6248R CPU @ 3.00GHz,ec2d14a-dirty,30328362
16,7,hammock,register-equality,0.001,256,10000,18,16,20260810,0.24731159210205078,3.7443479999999028,16.1171875,0.2217864990234375,0.226174,0.012102,0.011965,0.000137,,,0.02461033255727437,0.026647745799957462,c573,Intel(R) Xeon(R) Gold 6248R CPU @ 3.00GHz,ec2d14a-dirty,30328362
16,7,hammock,inclusion-exclusion,1.0,256,10000,18,16,20260810,1.852524995803833,27.580615000000343,17.1640625,0.2217864990234375,1.831632,0.011868,0.011722,0.000146,,,0.0010520878038153352,0.004477334796750235,c573,Intel(R) Xeon(R) Gold 6248R CPU @ 3.00GHz,ec2d14a-dirty,30328362
16,7,hammock,inclusion-exclusion,0.1,256,10000,18,16,20260810,0.6902086734771729,10.576704999999585,16.1328125,0.2217864990234375,0.670951,0.010027,0.009888,0.000138,,,0.0012026195103513188,0.004226013434992529,c573,Intel(R) Xeon(R) Gold 6248R CPU @ 3.00GHz,ec2d14a-dirty,30328362
16,7,hammock,inclusion-exclusion,0.01,256,10000,18,16,20260810,0.3386096954345703,5.141665999999688,16.1171875,0.2217864990234375,0.318449,0.011036,0.010901,0.000134,,,0.001265306794139085,0.004515068145502565,c573,Intel(R) Xeon(R) Gold 6248R CPU @ 3.00GHz,ec2d14a-dirty,30328362
16,7,hammock,inclusion-exclusion,0.001,256,10000,18,16,20260810,0.2488267421722412,3.773569000000151,16.1484375,0.2217864990234375,0.225097,0.015029,0.014889,0.00014,,,0.0008139553608989813,0.0034832303635644185,c573,Intel(R) Xeon(R) Gold 6248R CPU @ 3.00GHz,ec2d14a-dirty,30328362
16,8,bedtools,exact,,256,10000,18,16,20260810,0.7599191665649414,4.075861999999738,19.015625,0.22383451461791992,,,,,11.013507843017578,0.2318879865668214,0.0,0.0,c573,Intel(R) Xeon(R) Gold 6248R CPU @ 3.00GHz,ec2d14a-dirty,30328362
16,8,hammock,register-equality,1.0,256,10000,18,16,20260810,1.8486580848693848,27.486545000000035,17.15625,0.22383451461791992,1.83433,0.005775,0.005625,0.00015,,,0.16394779649372107,0.16690187670898438,c573,Intel(R) Xeon(R) Gold 6248R CPU @ 3.00GHz,ec2d14a-dirty,30328362
16,8,hammock,register-equality,0.1,256,10000,18,16,20260810,0.6828749179840088,10.456143999999952,16.1171875,0.22383451461791992,0.669866,0.003828,0.003686,0.000142,,,0.16415860322113043,0.1664808391113281,c573,Intel(R) Xeon(R) Gold 6248R CPU @ 3.00GHz,ec2d14a-dirty,30328362
16,8,hammock,register-equality,0.01,256,10000,18,16,20260810,0.3325502872467041,5.056103000000064,16.1328125,0.22383451461791992,0.319408,0.005108,0.00497,0.000138,,,0.14351827431366582,0.14574714933329086,c573,Intel(R) Xeon(R) Gold 6248R CPU @ 3.00GHz,ec2d14a-dirty,30328362
16,8,hammock,register-equality,0.001,256,10000,18,16,20260810,0.24433207511901855,3.7126409999998913,16.1171875,0.22383451461791992,0.224245,0.012085,0.011948,0.000137,,,0.024893438129648067,0.02725257961170545,c573,Intel(R) Xeon(R) Gold 6248R CPU @ 3.00GHz,ec2d14a-dirty,30328362
16,8,hammock,inclusion-exclusion,1.0,256,10000,18,16,20260810,1.8548741340637207,27.596315000000203,17.1640625,0.22383451461791992,1.834746,0.012272,0.012127,0.000144,,,0.0012220590799864105,0.0044118013625694535,c573,Intel(R) Xeon(R) Gold 6248R CPU @ 3.00GHz,ec2d14a-dirty,30328362
16,8,hammock,inclusion-exclusion,0.1,256,10000,18,16,20260810,0.687382698059082,10.545985000000023,16.1328125,0.22383451461791992,0.66929,0.010015,0.009879,0.000135,,,0.0012108072173954306,0.004448692223732384,c573,Intel(R) Xeon(R) Gold 6248R CPU @ 3.00GHz,ec2d14a-dirty,30328362
16,8,hammock,inclusion-exclusion,0.01,256,10000,18,16,20260810,0.33805298805236816,5.147639000000005,16.125,0.22383451461791992,0.319031,0.011041,0.010906,0.000134,,,0.0013072482055287821,0.004383849657293479,c573,Intel(R) Xeon(R) Gold 6248R CPU @ 3.00GHz,ec2d14a-dirty,30328362
16,8,hammock,inclusion-exclusion,0.001,256,10000,18,16,20260810,0.2498490810394287,3.7736540000001355,16.15625,0.22383451461791992,0.225205,0.015036,0.014895,0.00014,,,0.0008387216272019749,0.003200762698076842,c573,Intel(R) Xeon(R) Gold 6248R CPU @ 3.00GHz,ec2d14a-dirty,30328362
16,9,bedtools,exact,,256,10000,18,16,20260810,0.758519172668457,4.108796000000112,19.01171875,0.22048258781433105,,,,,10.987520217895508,0.23176780471858832,0.0,0.0,c573,Intel(R) Xeon(R) Gold 6248R CPU @ 3.00GHz,ec2d14a-dirty,30328362
16,9,hammock,register-equality,1.0,256,10000,18,16,20260810,1.852285623550415,27.539570000000403,17.1640625,0.22048258781433105,1.838123,0.005712,0.005563,0.000148,,,0.16379103921070087,0.1663538093261719,c573,Intel(R) Xeon(R) Gold 6248R CPU @ 3.00GHz,ec2d14a-dirty,30328362
16,9,hammock,register-equality,0.1,256,10000,18,16,20260810,0.6831779479980469,10.465915999999787,16.1484375,0.22048258781433105,0.670683,0.003809,0.003671,0.000137,,,0.1641751315416335,0.1667189365234375,c573,Intel(R) Xeon(R) Gold 6248R CPU @ 3.00GHz,ec2d14a-dirty,30328362
16,9,hammock,register-equality,0.01,256,10000,18,16,20260810,0.33269190788269043,5.061314999999944,16.109375,0.22048258781433105,0.319639,0.005121,0.004984,0.000136,,,0.14353697909436336,0.14572994316978186,c573,Intel(R) Xeon(R) Gold 6248R CPU @ 3.00GHz,ec2d14a-dirty,30328362
16,9,hammock,register-equality,0.001,256,10000,18,16,20260810,0.2450714111328125,3.720949999999881,16.140625,0.22048258781433105,0.224884,0.012086,0.011946,0.000139,,,0.02491719123789448,0.027115249677455544,c573,Intel(R) Xeon(R) Gold 6248R CPU @ 3.00GHz,ec2d14a-dirty,30328362
16,9,hammock,inclusion-exclusion,1.0,256,10000,18,16,20260810,1.8563718795776367,27.622300000000408,17.15625,0.22048258781433105,1.836444,0.012169,0.012026,0.000143,,,0.0012216389897525828,0.005919024316129076,c573,Intel(R) Xeon(R) Gold 6248R CPU @ 3.00GHz,ec2d14a-dirty,30328362
16,9,hammock,inclusion-exclusion,0.1,256,10000,18,16,20260810,0.6876640319824219,10.55357899999997,16.1484375,0.22048258781433105,0.669752,0.010044,0.009909,0.000134,,,0.001261919670959725,0.005888358223637369,c573,Intel(R) Xeon(R) Gold 6248R CPU @ 3.00GHz,ec2d14a-dirty,30328362
16,9,hammock,inclusion-exclusion,0.01,256,10000,18,16,20260810,0.3385765552520752,5.147905999999743,16.1171875,0.22048258781433105,0.319261,0.011041,0.010906,0.000135,,,0.0011906196377225286,0.004019132360896183,c573,Intel(R) Xeon(R) Gold 6248R CPU @ 3.00GHz,ec2d14a-dirty,30328362
16,9,hammock,inclusion-exclusion,0.001,256,10000,18,16,20260810,0.24786853790283203,3.7651289999999307,16.1640625,0.22048258781433105,0.22472,0.01498,0.014836,0.000144,,,0.0008641360745712067,0.003049094855357176,c573,Intel(R) Xeon(R) Gold 6248R CPU @ 3.00GHz,ec2d14a-dirty,30328362
16,10,bedtools,exact,,256,10000,18,16,20260810,0.752730131149292,4.127049999999805,19.02734375,0.22229528427124023,,,,,10.828971862792969,0.23018017033560656,0.0,0.0,c573,Intel(R) Xeon(R) Gold 6248R CPU @ 3.00GHz,ec2d14a-dirty,30328362
16,10,hammock,register-equality,1.0,256,10000,18,16,20260810,1.8452982902526855,27.474863999999897,17.1640625,0.22229528427124023,1.830152,0.005551,0.005401,0.000149,,,0.16402046635837542,0.16622718154296875,c573,Intel(R) Xeon(R) Gold 6248R CPU @ 3.00GHz,ec2d14a-dirty,30328362
16,10,hammock,register-equality,0.1,256,10000,18,16,20260810,0.6819021701812744,10.465126000000275,16.1484375,0.22229528427124023,0.670159,0.003806,0.003667,0.000138,,,0.16408051803798662,0.16664195971679688,c573,Intel(R) Xeon(R) Gold 6248R CPU @ 3.00GHz,ec2d14a-dirty,30328362
16,10,hammock,register-equality,0.01,256,10000,18,16,20260810,0.3323996067047119,5.058187999999831,16.125,0.22229528427124023,0.319297,0.005102,0.004965,0.000137,,,0.14336036485109419,0.1466018891016435,c573,Intel(R) Xeon(R) Gold 6248R CPU @ 3.00GHz,ec2d14a-dirty,30328362
16,10,hammock,register-equality,0.001,256,10000,18,16,20260810,0.24695253372192383,3.743302000000128,16.109375,0.22229528427124023,0.226447,0.012061,0.011917,0.000143,,,0.02474087079343317,0.026950861791364064,c573,Intel(R) Xeon(R) Gold 6248R CPU @ 3.00GHz,ec2d14a-dirty,30328362
16,10,hammock,inclusion-exclusion,1.0,256,10000,18,16,20260810,1.8517074584960938,27.596339000000015,17.15625,0.22229528427124023,1.831212,0.011976,0.011819,0.000157,,,0.0011445443525265838,0.005187351589892933,c573,Intel(R) Xeon(R) Gold 6248R CPU @ 3.00GHz,ec2d14a-dirty,30328362
16,10,hammock,inclusion-exclusion,0.1,256,10000,18,16,20260810,0.6905815601348877,10.567107999999791,16.109375,0.22229528427124023,0.670611,0.010015,0.009878,0.000136,,,0.001175139865476373,0.00502381870547243,c573,Intel(R) Xeon(R) Gold 6248R CPU @ 3.00GHz,ec2d14a-dirty,30328362
16,10,hammock,inclusion-exclusion,0.01,256,10000,18,16,20260810,0.3382754325866699,5.149073000000072,16.140625,0.22229528427124023,0.319263,0.011047,0.010908,0.000139,,,0.001155426314517178,0.005918581748591417,c573,Intel(R) Xeon(R) Gold 6248R CPU @ 3.00GHz,ec2d14a-dirty,30328362
16,10,hammock,inclusion-exclusion,0.001,256,10000,18,16,20260810,0.2484452724456787,3.7719240000000696,16.1640625,0.22229528427124023,0.225055,0.015008,0.014868,0.00014,,,0.0008625639024506695,0.0033982474332990703,c573,Intel(R) Xeon(R) Gold 6248R CPU @ 3.00GHz,ec2d14a-dirty,30328362
16,11,bedtools,exact,,256,10000,18,16,20260810,0.7408440113067627,4.101967999999658,19.0,0.2207622528076172,,,,,10.988235473632812,0.2373128012036076,0.0,0.0,c573,Intel(R) Xeon(R) Gold 6248R CPU @ 3.00GHz,ec2d14a-dirty,30328362
16,11,hammock,register-equality,1.0,256,10000,18,16,20260810,1.8552007675170898,27.559423000000095,17.1640625,0.2207622528076172,1.84048,0.005719,0.005571,0.000148,,,0.1640040790538789,0.167054013671875,c573,Intel(R) Xeon(R) Gold 6248R CPU @ 3.00GHz,ec2d14a-dirty,30328362
16,11,hammock,register-equality,0.1,256,10000,18,16,20260810,0.6848299503326416,10.495060999999723,16.1171875,0.2207622528076172,0.672301,0.003827,0.003685,0.000141,,,0.16422188932704931,0.16639986328125,c573,Intel(R) Xeon(R) Gold 6248R CPU @ 3.00GHz,ec2d14a-dirty,30328362
16,11,hammock,register-equality,0.01,256,10000,18,16,20260810,0.33339905738830566,5.067324000000205,16.109375,0.2207622528076172,0.320027,0.005095,0.004959,0.000136,,,0.14333427264632118,0.14591926711469286,c573,Intel(R) Xeon(R) Gold 6248R CPU @ 3.00GHz,ec2d14a-dirty,30328362
16,11,hammock,register-equality,0.001,256,10000,18,16,20260810,0.24527764320373535,3.7290169999998426,16.140625,0.2207622528076172,0.225317,0.012039,0.011903,0.000136,,,0.024713927429030107,0.026975976471419486,c573,Intel(R) Xeon(R) Gold 6248R CPU @ 3.00GHz,ec2d14a-dirty,30328362
16,11,hammock,inclusion-exclusion,1.0,256,10000,18,16,20260810,1.8604753017425537,27.649549999999905,17.1875,0.2207622528076172,1.840031,0.0121,0.01195,0.00015,,,0.0012909914001462896,0.004323307658255393,c573,Intel(R) Xeon(R) Gold 6248R CPU @ 3.00GHz,ec2d14a-dirty,30328362
16,11,hammock,inclusion-exclusion,0.1,256,10000,18,16,20260810,0.6898059844970703,10.584701000000258,16.15625,0.2207622528076172,0.67165,0.010022,0.009884,0.000137,,,0.0012670445360398745,0.005164085760414744,c573,Intel(R) Xeon(R) Gold 6248R CPU @ 3.00GHz,ec2d14a-dirty,30328362
16,11,hammock,inclusion-exclusion,0.01,256,10000,18,16,20260810,0.3387601375579834,5.16047399999993,16.1484375,0.2207622528076172,0.319687,0.011042,0.010907,0.000135,,,0.0010985527578945714,0.0036396237117530122,c573,Intel(R) Xeon(R) Gold 6248R CPU @ 3.00GHz,ec2d14a-dirty,30328362
16,11,hammock,inclusion-exclusion,0.001,256,10000,18,16,20260810,0.248276948928833,3.775245000000183,16.1171875,0.2207622528076172,0.225282,0.015036,0.014894,0.000141,,,0.0008627788647298609,0.004102521045397073,c573,Intel(R) Xeon(R) Gold 6248R CPU @ 3.00GHz,ec2d14a-dirty,30328362
16,12,bedtools,exact,,256,10000,18,16,20260810,0.7429351806640625,4.092736999999737,19.01171875,0.21974611282348633,,,,,10.968685150146484,0.23622378771385735,0.0,0.0,c573,Intel(R) Xeon(R) Gold 6248R CPU @ 3.00GHz,ec2d14a-dirty,30328362
16,12,hammock,register-equality,1.0,256,10000,18,16,20260810,1.8502769470214844,27.532223999999985,17.1640625,0.21974611282348633,1.834857,0.005744,0.005596,0.000148,,,0.16405992841262826,0.16641849658203126,c573,Intel(R) Xeon(R) Gold 6248R CPU @ 3.00GHz,ec2d14a-dirty,30328362
16,12,hammock,register-equality,0.1,256,10000,18,16,20260810,0.6827545166015625,10.462711000000098,16.109375,0.21974611282348633,0.669968,0.003831,0.003688,0.000142,,,0.16426911091346744,0.1667485185546875,c573,Intel(R) Xeon(R) Gold 6248R CPU @ 3.00GHz,ec2d14a-dirty,30328362
16,12,hammock,register-equality,0.01,256,10000,18,16,20260810,0.3346595764160156,5.084445000000159,16.1171875,0.21974611282348633,0.320936,0.005096,0.004955,0.000141,,,0.1434987036260612,0.1455996644865248,c573,Intel(R) Xeon(R) Gold 6248R CPU @ 3.00GHz,ec2d14a-dirty,30328362
16,12,hammock,register-equality,0.001,256,10000,18,16,20260810,0.24614977836608887,3.7360859999999363,16.125,0.21974611282348633,0.22564,0.012124,0.011986,0.000138,,,0.0247212510790387,0.026449105413024684,c573,Intel(R) Xeon(R) Gold 6248R CPU @ 3.00GHz,ec2d14a-dirty,30328362
16,12,hammock,inclusion-exclusion,1.0,256,10000,18,16,20260810,1.8542470932006836,27.612361000000185,17.1796875,0.21974611282348633,1.834057,0.01203,0.01189,0.00014,,,0.0012257967506082079,0.004210735863183809,c573,Intel(R) Xeon(R) Gold 6248R CPU @ 3.00GHz,ec2d14a-dirty,30328362
16,12,hammock,inclusion-exclusion,0.1,256,10000,18,16,20260810,0.6874077320098877,10.557693999999763,16.125,0.21974611282348633,0.669717,0.010018,0.009882,0.000135,,,0.0010844487366187792,0.0041636516649147665,c573,Intel(R) Xeon(R) Gold 6248R CPU @ 3.00GHz,ec2d14a-dirty,30328362
16,12,hammock,inclusion-exclusion,0.01,256,10000,18,16,20260810,0.33802342414855957,5.147186999999953,16.1171875,0.21974611282348633,0.319213,0.011016,0.01088,0.000135,,,0.0012310183350069466,0.004472315255151876,c573,Intel(R) Xeon(R) Gold 6248R CPU @ 3.00GHz,ec2d14a-dirty,30328362
16,12,hammock,inclusion-exclusion,0.001,256,10000,18,16,20260810,0.24727797508239746,3.7650490000002463,16.125,0.21974611282348633,0.224628,0.015048,0.01491,0.000138,,,0.0008226717133900789,0.003064273016565852,c573,Intel(R) Xeon(R) Gold 6248R CPU @ 3.00GHz,ec2d14a-dirty,30328362
16,13,bedtools,exact,,256,10000,18,16,20260810,0.7436490058898926,4.113141000000148,19.0078125,0.22165918350219727,,,,,10.876655578613281,0.23401697289914686,0.0,0.0,c573,Intel(R) Xeon(R) Gold 6248R CPU @ 3.00GHz,ec2d14a-dirty,30328362
16,13,hammock,register-equality,1.0,256,10000,18,16,20260810,1.8528063297271729,27.534178000000296,17.15625,0.22165918350219727,1.83846,0.005752,0.005604,0.000147,,,0.1640082730005265,0.16592721459960938,c573,Intel(R) Xeon(R) Gold 6248R CPU @ 3.00GHz,ec2d14a-dirty,30328362
16,13,hammock,register-equality,0.1,256,10000,18,16,20260810,0.6833720207214355,10.484144000000107,16.1640625,0.22165918350219727,0.67144,0.00382,0.003681,0.000139,,,0.16414883565406807,0.16582758251953125,c573,Intel(R) Xeon(R) Gold 6248R CPU @ 3.00GHz,ec2d14a-dirty,30328362
16,13,hammock,register-equality,0.01,256,10000,18,16,20260810,0.33253955841064453,5.059833999999647,16.109375,0.22165918350219727,0.319446,0.005102,0.004967,0.000135,,,0.1432766275433778,0.14530228977693538,c573,Intel(R) Xeon(R) Gold 6248R CPU @ 3.00GHz,ec2d14a-dirty,30328362
16,13,hammock,register-equality,0.001,256,10000,18,16,20260810,0.24659419059753418,3.739939000000305,16.140625,0.22165918350219727,0.226072,0.012023,0.011884,0.000138,,,0.024771375494756852,0.026621746609281655,c573,Intel(R) Xeon(R) Gold 6248R CPU @ 3.00GHz,ec2d14a-dirty,30328362
16,13,hammock,inclusion-exclusion,1.0,256,10000,18,16,20260810,1.859083890914917,27.626258999999934,17.171875,0.22165918350219727,1.838223,0.012374,0.012222,0.000152,,,0.0011845379767498655,0.004632015174086193,c573,Intel(R) Xeon(R) Gold 6248R CPU @ 3.00GHz,ec2d14a-dirty,30328362
16,13,hammock,inclusion-exclusion,0.1,256,10000,18,16,20260810,0.6895067691802979,10.578593000000069,16.1171875,0.22165918350219727,0.671359,0.010023,0.009886,0.000137,,,0.001250294114208608,0.003980434210073783,c573,Intel(R) Xeon(R) Gold 6248R CPU @ 3.00GHz,ec2d14a-dirty,30328362
16,13,hammock,inclusion-exclusion,0.01,256,10000,18,16,20260810,0.33908629417419434,5.160276999999745,16.1484375,0.22165918350219727,0.319922,0.011058,0.01092,0.000137,,,0.0011171309646392524,0.004569886278336266,c573,Intel(R) Xeon(R) Gold 6248R CPU @ 3.00GHz,ec2d14a-dirty,30328362
16,13,hammock,inclusion-exclusion,0.001,256,10000,18,16,20260810,0.248213529586792,3.774147999999961,16.1171875,0.22165918350219727,0.225178,0.015036,0.014887,0.000149,,,0.0008076684438837467,0.003523978138441297,c573,Intel(R) Xeon(R) Gold 6248R CPU @ 3.00GHz,ec2d14a-dirty,30328362
16,14,bedtools,exact,,256,10000,18,16,20260810,0.7292940616607666,4.098605000000106,19.02734375,0.23174214363098145,,,,,11.049985885620117,0.24242590672863704,0.0,0.0,c573,Intel(R) Xeon(R) Gold 6248R CPU @ 3.00GHz,ec2d14a-dirty,30328362
16,14,hammock,register-equality,1.0,256,10000,18,16,20260810,1.848332166671753,27.531020999999846,17.1796875,0.23174214363098145,1.833502,0.006189,0.006036,0.000152,,,0.1638820470609665,0.16614717016601563,c573,Intel(R) Xeon(R) Gold 6248R CPU @ 3.00GHz,ec2d14a-dirty,30328362
16,14,hammock,register-equality,0.1,256,10000,18,16,20260810,0.6825625896453857,10.458449000000094,16.140625,0.23174214363098145,0.670262,0.00382,0.003681,0.000139,,,0.16424751294040682,0.16642216040039062,c573,Intel(R) Xeon(R) Gold 6248R CPU @ 3.00GHz,ec2d14a-dirty,30328362
16,14,hammock,register-equality,0.01,256,10000,18,16,20260810,0.33280110359191895,5.058080000000189,16.15625,0.23174214363098145,0.319506,0.005112,0.004974,0.000138,,,0.14364404966660801,0.1460706446397314,c573,Intel(R) Xeon(R) Gold 6248R CPU @ 3.00GHz,ec2d14a-dirty,30328362
16,14,hammock,register-equality,0.001,256,10000,18,16,20260810,0.24509620666503906,3.7256029999998646,16.125,0.23174214363098145,0.22482,0.012348,0.012213,0.000134,,,0.02481488201966478,0.02691687980992935,c573,Intel(R) Xeon(R) Gold 6248R CPU @ 3.00GHz,ec2d14a-dirty,30328362
16,14,hammock,inclusion-exclusion,1.0,256,10000,18,16,20260810,1.8536159992218018,27.6208510000003,17.1796875,0.23174214363098145,1.832868,0.012045,0.011897,0.000148,,,0.0012625251242462513,0.004615536740224441,c573,Intel(R) Xeon(R) Gold 6248R CPU @ 3.00GHz,ec2d14a-dirty,30328362
16,14,hammock,inclusion-exclusion,0.1,256,10000,18,16,20260810,0.6908636093139648,10.584536999999855,16.125,0.23174214363098145,0.671657,0.010032,0.009894,0.000137,,,0.001188976717178287,0.003759991865373541,c573,Intel(R) Xeon(R) Gold 6248R CPU @ 3.00GHz,ec2d14a-dirty,30328362
16,14,hammock,inclusion-exclusion,0.01,256,10000,18,16,20260810,0.3390519618988037,5.158825000000078,16.1328125,0.23174214363098145,0.31968,0.011051,0.010915,0.000135,,,0.0012708149173731563,0.004022442639337431,c573,Intel(R) Xeon(R) Gold 6248R CPU @ 3.00GHz,ec2d14a-dirty,30328362
16,14,hammock,inclusion-exclusion,0.001,256,10000,18,16,20260810,0.24867892265319824,3.777485999999911,16.1484375,0.23174214363098145,0.225619,0.014986,0.014846,0.000139,,,0.0008592101891799454,0.0033816629885558003,c573,Intel(R) Xeon(R) Gold 6248R CPU @ 3.00GHz,ec2d14a-dirty,30328362
16,15,bedtools,exact,,256,10000,18,16,20260810,0.7150576114654541,4.042671000000055,19.015625,0.2206878662109375,,,,,10.880470275878906,0.24345943826439922,0.0,0.0,c573,Intel(R) Xeon(R) Gold 6248R CPU @ 3.00GHz,ec2d14a-dirty,30328362
16,15,hammock,register-equality,1.0,256,10000,18,16,20260810,1.8504695892333984,27.492605000000324,17.171875,0.2206878662109375,1.835606,0.005745,0.005598,0.000146,,,0.16398773690338136,0.16651331713867187,c573,Intel(R) Xeon(R) Gold 6248R CPU @ 3.00GHz,ec2d14a-dirty,30328362
16,15,hammock,register-equality,0.1,256,10000,18,16,20260810,0.6825568675994873,10.456560000000039,16.1484375,0.2206878662109375,0.669866,0.003811,0.00367,0.00014,,,0.16423274179573064,0.16630523120117185,c573,Intel(R) Xeon(R) Gold 6248R CPU @ 3.00GHz,ec2d14a-dirty,30328362
16,15,hammock,register-equality,0.01,256,10000,18,16,20260810,0.3334789276123047,5.058481999999927,16.1484375,0.2206878662109375,0.319401,0.005096,0.004957,0.000138,,,0.1435028107219869,0.14581365687505227,c573,Intel(R) Xeon(R) Gold 6248R CPU @ 3.00GHz,ec2d14a-dirty,30328362
16,15,hammock,register-equality,0.001,256,10000,18,16,20260810,0.24569320678710938,3.7245209999996973,16.125,0.2206878662109375,0.225055,0.01206,0.011924,0.000136,,,0.02481124316837104,0.026597412382696597,c573,Intel(R) Xeon(R) Gold 6248R CPU @ 3.00GHz,ec2d14a-dirty,30328362
16,15,hammock,inclusion-exclusion,1.0,256,10000,18,16,20260810,1.8576231002807617,27.60716000000035,17.171875,0.2206878662109375,1.836672,0.012107,0.011964,0.000143,,,0.0012720766717910566,0.004331434273830384,c573,Intel(R) Xeon(R) Gold 6248R CPU @ 3.00GHz,ec2d14a-dirty,30328362
16,15,hammock,inclusion-exclusion,0.1,256,10000,18,16,20260810,0.6876893043518066,10.551090999999985,16.1484375,0.2206878662109375,0.669284,0.010016,0.009881,0.000134,,,0.001221169101148644,0.006145937593915768,c573,Intel(R) Xeon(R) Gold 6248R CPU @ 3.00GHz,ec2d14a-dirty,30328362
16,15,hammock,inclusion-exclusion,0.01,256,10000,18,16,20260810,0.33869361877441406,5.15542199999998,16.109375,0.2206878662109375,0.319597,0.011041,0.010905,0.000136,,,0.0011794726906808588,0.0041613665482717055,c573,Intel(R) Xeon(R) Gold 6248R CPU @ 3.00GHz,ec2d14a-dirty,30328362
16,15,hammock,inclusion-exclusion,0.001,256,10000,18,16,20260810,0.24803471565246582,3.7690000000000907,16.1640625,0.2206878662109375,0.224861,0.015063,0.014917,0.000145,,,0.0007737568276141654,0.002945865777634754,c573,Intel(R) Xeon(R) Gold 6248R CPU @ 3.00GHz,ec2d14a-dirty,30328362
16,16,bedtools,exact,,256,10000,18,16,20260810,0.7416081428527832,4.065843000000186,19.0234375,0.2223362922668457,,,,,11.067390441894531,0.23877602852247046,0.0,0.0,c573,Intel(R) Xeon(R) Gold 6248R CPU @ 3.00GHz,ec2d14a-dirty,30328362
16,16,hammock,register-equality,1.0,256,10000,18,16,20260810,1.8520591259002686,27.51788499999988,17.15625,0.2223362922668457,1.837355,0.005977,0.005829,0.000147,,,0.1639878164451598,0.16623268090820315,c573,Intel(R) Xeon(R) Gold 6248R CPU @ 3.00GHz,ec2d14a-dirty,30328362
16,16,hammock,register-equality,0.1,256,10000,18,16,20260810,0.6833186149597168,10.472197999999928,16.125,0.2223362922668457,0.670662,0.003827,0.003686,0.00014,,,0.1642254154603957,0.16640237866210938,c573,Intel(R) Xeon(R) Gold 6248R CPU @ 3.00GHz,ec2d14a-dirty,30328362
16,16,hammock,register-equality,0.01,256,10000,18,16,20260810,0.33348870277404785,5.0679840000001946,16.1171875,0.2223362922668457,0.320161,0.005104,0.004963,0.00014,,,0.1434197577483141,0.14582278176054037,c573,Intel(R) Xeon(R) Gold 6248R CPU @ 3.00GHz,ec2d14a-dirty,30328362
16,16,hammock,register-equality,0.001,256,10000,18,16,20260810,0.24496841430664062,3.722068999999699,16.140625,0.2223362922668457,0.225003,0.012001,0.011864,0.000137,,,0.024846335004306604,0.02741383406125883,c573,Intel(R) Xeon(R) Gold 6248R CPU @ 3.00GHz,ec2d14a-dirty,30328362
16,16,hammock,inclusion-exclusion,1.0,256,10000,18,16,20260810,1.8568661212921143,27.612226000000256,17.203125,0.2223362922668457,1.836862,0.012088,0.011945,0.000143,,,0.001166344626362376,0.004421970000698702,c573,Intel(R) Xeon(R) Gold 6248R CPU @ 3.00GHz,ec2d14a-dirty,30328362
16,16,hammock,inclusion-exclusion,0.1,256,10000,18,16,20260810,0.6880683898925781,10.559847999999917,16.140625,0.2223362922668457,0.670132,0.010016,0.00988,0.000136,,,0.0012848700035650485,0.004549736666252524,c573,Intel(R) Xeon(R) Gold 6248R CPU @ 3.00GHz,ec2d14a-dirty,30328362
16,16,hammock,inclusion-exclusion,0.01,256,10000,18,16,20260810,0.3388237953186035,5.148681999999866,16.1171875,0.2223362922668457,0.318982,0.011024,0.010888,0.000136,,,0.0011250695458268755,0.004505675985466834,c573,Intel(R) Xeon(R) Gold 6248R CPU @ 3.00GHz,ec2d14a-dirty,30328362
16,16,hammock,inclusion-exclusion,0.001,256,10000,18,16,20260810,0.2495114803314209,3.7825529999999006,16.1484375,0.2223362922668457,0.225798,0.015033,0.01489,0.000142,,,0.0008645613109184416,0.0035737282797932424,c573,Intel(R) Xeon(R) Gold 6248R CPU @ 3.00GHz,ec2d14a-dirty,30328362
16,17,bedtools,exact,,256,10000,18,16,20260810,0.7151813507080078,4.061095999999566,19.0078125,0.22527265548706055,,,,,11.008977890014648,0.2462922810638973,0.0,0.0,c573,Intel(R) Xeon(R) Gold 6248R CPU @ 3.00GHz,ec2d14a-dirty,30328362
16,17,hammock,register-equality,1.0,256,10000,18,16,20260810,1.8515496253967285,27.570223999999875,17.15625,0.22527265548706055,1.837485,0.005672,0.005524,0.000147,,,0.16399478383941643,0.16632478344726565,c573,Intel(R) Xeon(R) Gold 6248R CPU @ 3.00GHz,ec2d14a-dirty,30328362
16,17,hammock,register-equality,0.1,256,10000,18,16,20260810,0.6846787929534912,10.486021000000122,16.1328125,0.22527265548706055,0.672278,0.003814,0.003675,0.000138,,,0.16426278122348778,0.16649953784179689,c573,Intel(R) Xeon(R) Gold 6248R CPU @ 3.00GHz,ec2d14a-dirty,30328362
16,17,hammock,register-equality,0.01,256,10000,18,16,20260810,0.33385562896728516,5.069937999999674,16.1171875,0.22527265548706055,0.320556,0.005094,0.004957,0.000137,,,0.14348658316529367,0.1464446407626268,c573,Intel(R) Xeon(R) Gold 6248R CPU @ 3.00GHz,ec2d14a-dirty,30328362
16,17,hammock,register-equality,0.001,256,10000,18,16,20260810,0.24737954139709473,3.740993000000209,16.1328125,0.22527265548706055,0.226575,0.012041,0.011906,0.000135,,,0.024907719459530298,0.027402799387528626,c573,Intel(R) Xeon(R) Gold 6248R CPU @ 3.00GHz,ec2d14a-dirty,30328362
16,17,hammock,inclusion-exclusion,1.0,256,10000,18,16,20260810,1.8583300113677979,27.68102900000018,17.1953125,0.22527265548706055,1.83771,0.012092,0.011949,0.000143,,,0.0011746217009083668,0.0040940986340013835,c573,Intel(R) Xeon(R) Gold 6248R CPU @ 3.00GHz,ec2d14a-dirty,30328362
16,17,hammock,inclusion-exclusion,0.1,256,10000,18,16,20260810,0.6897242069244385,10.583622999999655,16.1328125,0.22527265548706055,0.672051,0.010007,0.009869,0.000137,,,0.0012749916934999288,0.00424630179176716,c573,Intel(R) Xeon(R) Gold 6248R CPU @ 3.00GHz,ec2d14a-dirty,30328362
16,17,hammock,inclusion-exclusion,0.01,256,10000,18,16,20260810,0.3397083282470703,5.16649500000036,16.109375,0.22527265548706055,0.320768,0.011028,0.010892,0.000135,,,0.0011212388344139215,0.004182483401902096,c573,Intel(R) Xeon(R) Gold 6248R CPU @ 3.00GHz,ec2d14a-dirty,30328362
16,17,hammock,inclusion-exclusion,0.001,256,10000,18,16,20260810,0.25026679039001465,3.7883290000000756,16.1171875,0.22527265548706055,0.2264,0.015066,0.014924,0.000142,,,0.0008282912745512303,0.003388596390352619,c573,Intel(R) Xeon(R) Gold 6248R CPU @ 3.00GHz,ec2d14a-dirty,30328362
16,18,bedtools,exact,,256,10000,18,16,20260810,0.7542119026184082,4.131415999999646,19.03125,0.2211763858795166,,,,,11.024236679077148,0.2338703304109447,0.0,0.0,c573,Intel(R) Xeon(R) Gold 6248R CPU @ 3.00GHz,ec2d14a-dirty,30328362
16,18,hammock,register-equality,1.0,256,10000,18,16,20260810,1.8514890670776367,27.509825000000063,17.171875,0.2211763858795166,1.837349,0.005852,0.005706,0.000145,,,0.16392870145282745,0.1662831416015625,c573,Intel(R) Xeon(R) Gold 6248R CPU @ 3.00GHz,ec2d14a-dirty,30328362
16,18,hammock,register-equality,0.1,256,10000,18,16,20260810,0.6822099685668945,10.469236000000137,16.109375,0.2211763858795166,0.670455,0.003817,0.003678,0.000138,,,0.16413476961097717,0.1662248767089844,c573,Intel(R) Xeon(R) Gold 6248R CPU @ 3.00GHz,ec2d14a-dirty,30328362
16,18,hammock,register-equality,0.01,256,10000,18,16,20260810,0.33301520347595215,5.052784999999972,16.140625,0.2211763858795166,0.319042,0.005083,0.004947,0.000136,,,0.14361349396666187,0.1454950313186353,c573,Intel(R) Xeon(R) Gold 6248R CPU @ 3.00GHz,ec2d14a-dirty,30328362
16,18,hammock,register-equality,0.001,256,10000,18,16,20260810,0.24668502807617188,3.7370449999999664,16.1484375,0.2211763858795166,0.225484,0.012262,0.012114,0.000148,,,0.024617436889738383,0.0267543491251378,c573,Intel(R) Xeon(R) Gold 6248R CPU @ 3.00GHz,ec2d14a-dirty,30328362
16,18,hammock,inclusion-exclusion,1.0,256,10000,18,16,20260810,1.8579566478729248,27.631887999999634,17.203125,0.2211763858795166,1.837347,0.012404,0.012261,0.000142,,,0.001257951709854285,0.005337740397531349,c573,Intel(R) Xeon(R) Gold 6248R CPU @ 3.00GHz,ec2d14a-dirty,30328362
16,18,hammock,inclusion-exclusion,0.1,256,10000,18,16,20260810,0.6874890327453613,10.55806400000003,16.1484375,0.2211763858795166,0.669769,0.010023,0.009887,0.000136,,,0.0011891073325709105,0.0038663669319662086,c573,Intel(R) Xeon(R) Gold 6248R CPU @ 3.00GHz,ec2d14a-dirty,30328362
16,18,hammock,inclusion-exclusion,0.01,256,10000,18,16,20260810,0.337968111038208,5.149108000000041,16.109375,0.2211763858795166,0.319208,0.011013,0.010877,0.000135,,,0.001269116687320496,0.0050166148014708645,c573,Intel(R) Xeon(R) Gold 6248R CPU @ 3.00GHz,ec2d14a-dirty,30328362
16,18,hammock,inclusion-exclusion,0.001,256,10000,18,16,20260810,0.24725818634033203,3.764470000000202,16.125,0.2211763858795166,0.224464,0.015097,0.014957,0.00014,,,0.0008838548797574911,0.003453053989735,c573,Intel(R) Xeon(R) Gold 6248R CPU @ 3.00GHz,ec2d14a-dirty,30328362
16,19,bedtools,exact,,256,10000,18,16,20260810,0.7343533039093018,4.115147999999948,19.01953125,0.2220456600189209,,,,,11.082887649536133,0.24147260106080937,0.0,0.0,c573,Intel(R) Xeon(R) Gold 6248R CPU @ 3.00GHz,ec2d14a-dirty,30328362
16,19,hammock,register-equality,1.0,256,10000,18,16,20260810,1.8528287410736084,27.5471629999998,17.1953125,0.2220456600189209,1.837456,0.00626,0.00611,0.000149,,,0.16380792398242947,0.16648770092773438,c573,Intel(R) Xeon(R) Gold 6248R CPU @ 3.00GHz,ec2d14a-dirty,30328362
16,19,hammock,register-equality,0.1,256,10000,18,16,20260810,0.6841561794281006,10.485186000000212,16.1171875,0.2220456600189209,0.671781,0.003814,0.00367,0.000144,,,0.16414349813251491,0.16635544506835936,c573,Intel(R) Xeon(R) Gold 6248R CPU @ 3.00GHz,ec2d14a-dirty,30328362
16,19,hammock,register-equality,0.01,256,10000,18,16,20260810,0.3337235450744629,5.062479999999795,16.1328125,0.2220456600189209,0.319775,0.005104,0.004967,0.000136,,,0.14339935648503746,0.1461913807931199,c573,Intel(R) Xeon(R) Gold 6248R CPU @ 3.00GHz,ec2d14a-dirty,30328362
16,19,hammock,register-equality,0.001,256,10000,18,16,20260810,0.24597620964050293,3.7274249999998688,16.1484375,0.2220456600189209,0.225098,0.012152,0.012017,0.000135,,,0.02482910088295174,0.027139655258964696,c573,Intel(R) Xeon(R) Gold 6248R CPU @ 3.00GHz,ec2d14a-dirty,30328362
16,19,hammock,inclusion-exclusion,1.0,256,10000,18,16,20260810,1.8549549579620361,27.61762500000009,17.1796875,0.2220456600189209,1.835075,0.01202,0.011872,0.000147,,,0.0013952733390576928,0.004654621725408828,c573,Intel(R) Xeon(R) Gold 6248R CPU @ 3.00GHz,ec2d14a-dirty,30328362
16,19,hammock,inclusion-exclusion,0.1,256,10000,18,16,20260810,0.6884951591491699,10.555944000000252,16.1328125,0.2220456600189209,0.669996,0.010018,0.009882,0.000135,,,0.0011386076430530056,0.0045531195045040995,c573,Intel(R) Xeon(R) Gold 6248R CPU @ 3.00GHz,ec2d14a-dirty,30328362
16,19,hammock,inclusion-exclusion,0.01,256,10000,18,16,20260810,0.33776402473449707,5.147396999999856,16.1640625,0.2220456600189209,0.31897,0.01104,0.010903,0.000137,,,0.0011156527110453192,0.005581185260697799,c573,Intel(R) Xeon(R) Gold 6248R CPU @ 3.00GHz,ec2d14a-dirty,30328362
16,19,hammock,inclusion-exclusion,0.001,256,10000,18,16,20260810,0.2474837303161621,3.7673020000000434,16.140625,0.2220456600189209,0.224768,0.014985,0.014846,0.000139,,,0.0008774750817286262,0.003186380776077344,c573,Intel(R) Xeon(R) Gold 6248R CPU @ 3.00GHz,ec2d14a-dirty,30328362
32,0,bedtools,exact,,1024,10000,18,16,20260810,2.5874385833740234,15.845658999999912,19.0546875,0.4378361701965332,,,,,10.894060134887695,0.2694633422848773,0.0,0.0,c573,Intel(R) Xeon(R) Gold 6248R CPU @ 3.00GHz,ec2d14a-dirty,30328362
32,0,hammock,register-equality,1.0,1024,10000,18,16,20260810,3.6956558227539062,55.19768300000008,25.1640625,0.4378361701965332,3.667173,0.019608,0.019116,0.000492,,,0.16398346838498112,0.1662217893066406,c573,Intel(R) Xeon(R) Gold 6248R CPU @ 3.00GHz,ec2d14a-dirty,30328362
32,0,hammock,register-equality,0.1,1024,10000,18,16,20260810,1.3707997798919678,21.187025999999932,25.2578125,0.4378361701965332,1.342269,0.019661,0.019166,0.000494,,,0.1641036574258804,0.16691173901367187,c573,Intel(R) Xeon(R) Gold 6248R CPU @ 3.00GHz,ec2d14a-dirty,30328362
32,0,hammock,register-equality,0.01,1024,10000,18,16,20260810,0.6690387725830078,10.342423999999696,24.140625,0.4378361701965332,0.640023,0.019894,0.019405,0.000488,,,0.1434763005628727,0.14603746761012557,c573,Intel(R) Xeon(R) Gold 6248R CPU @ 3.00GHz,ec2d14a-dirty,30328362
32,0,hammock,register-equality,0.001,1024,10000,18,16,20260810,0.5065557956695557,7.878374000000036,24.1328125,0.4378361701965332,0.450284,0.047521,0.04703,0.000491,,,0.024942328557069633,0.02735127238853191,c573,Intel(R) Xeon(R) Gold 6248R CPU @ 3.00GHz,ec2d14a-dirty,30328362
32,0,hammock,inclusion-exclusion,1.0,1024,10000,18,16,20260810,3.7206151485443115,55.60051200000038,25.1875,0.4378361701965332,3.667428,0.04396,0.043458,0.000501,,,0.001195577852485308,0.005694700053568827,c573,Intel(R) Xeon(R) Gold 6248R CPU @ 3.00GHz,ec2d14a-dirty,30328362
32,0,hammock,inclusion-exclusion,0.1,1024,10000,18,16,20260810,1.395097255706787,21.574143999999706,25.265625,0.4378361701965332,1.342185,0.044005,0.043513,0.000492,,,0.0011969482557427531,0.00521671954984701,c573,Intel(R) Xeon(R) Gold 6248R CPU @ 3.00GHz,ec2d14a-dirty,30328362
32,0,hammock,inclusion-exclusion,0.01,1024,10000,18,16,20260810,0.6915125846862793,10.706654000000185,24.140625,0.4378361701965332,0.639814,0.042915,0.042421,0.000494,,,0.0011612424659842287,0.005459852259504211,c573,Intel(R) Xeon(R) Gold 6248R CPU @ 3.00GHz,ec2d14a-dirty,30328362
32,0,hammock,inclusion-exclusion,0.001,1024,10000,18,16,20260810,0.5183005332946777,8.06617699999994,24.1328125,0.4378361701965332,0.451435,0.058195,0.057693,0.000501,,,0.0008854377663994402,0.003613604843035967,c573,Intel(R) Xeon(R) Gold 6248R CPU @ 3.00GHz,ec2d14a-dirty,30328362
32,1,bedtools,exact,,1024,10000,18,16,20260810,2.559413433074951,16.065706000000162,19.0546875,0.4352550506591797,,,,,10.886907577514648,0.2722350660337935,0.0,0.0,c573,Intel(R) Xeon(R) Gold 6248R CPU @ 3.00GHz,ec2d14a-dirty,30328362
32,1,hammock,register-equality,1.0,1024,10000,18,16,20260810,3.7021400928497314,55.23625999999986,25.2109375,0.4352550506591797,3.670757,0.021962,0.021448,0.000514,,,0.164031259784937,0.16641489501953124,c573,Intel(R) Xeon(R) Gold 6248R CPU @ 3.00GHz,ec2d14a-dirty,30328362
32,1,hammock,register-equality,0.1,1024,10000,18,16,20260810,1.376147985458374,21.222679,25.2265625,0.4352550506591797,1.346439,0.020425,0.019932,0.000493,,,0.16421952105546006,0.16688635229492188,c573,Intel(R) Xeon(R) Gold 6248R CPU @ 3.00GHz,ec2d14a-dirty,30328362
32,1,hammock,register-equality,0.01,1024,10000,18,16,20260810,0.6749541759490967,10.376438999999891,24.1484375,0.4352550506591797,0.64508,0.01992,0.019419,0.000501,,,0.1435170472358463,0.14656689949854823,c573,Intel(R) Xeon(R) Gold 6248R CPU @ 3.00GHz,ec2d14a-dirty,30328362
32,1,hammock,register-equality,0.001,1024,10000,18,16,20260810,0.5132625102996826,7.933671000000388,24.125,0.4352550506591797,0.455944,0.047722,0.047232,0.000489,,,0.024736475739112466,0.027129805194805193,c573,Intel(R) Xeon(R) Gold 6248R CPU @ 3.00GHz,ec2d14a-dirty,30328362
32,1,hammock,inclusion-exclusion,1.0,1024,10000,18,16,20260810,3.7278223037719727,55.624881999999886,25.171875,0.4352550506591797,3.674368,0.043762,0.043247,0.000515,,,0.001152183100555363,0.004825970739955818,c573,Intel(R) Xeon(R) Gold 6248R CPU @ 3.00GHz,ec2d14a-dirty,30328362
32,1,hammock,inclusion-exclusion,0.1,1024,10000,18,16,20260810,1.3997786045074463,21.592844999999684,25.2578125,0.4352550506591797,1.346085,0.043849,0.043347,0.000502,,,0.0011792039520396131,0.005218521063924078,c573,Intel(R) Xeon(R) Gold 6248R CPU @ 3.00GHz,ec2d14a-dirty,30328362
32,1,hammock,inclusion-exclusion,0.01,1024,10000,18,16,20260810,0.6973121166229248,10.746968000000336,24.15625,0.4352550506591797,0.645001,0.042929,0.042427,0.000502,,,0.0012000792483801166,0.004214927128516968,c573,Intel(R) Xeon(R) Gold 6248R CPU @ 3.00GHz,ec2d14a-dirty,30328362
32,1,hammock,inclusion-exclusion,0.001,1024,10000,18,16,20260810,0.5240845680236816,8.103996999999936,24.171875,0.4352550506591797,0.45639,0.058187,0.057679,0.000507,,,0.0008552426087152764,0.0033503731214199473,c573,Intel(R) Xeon(R) Gold 6248R CPU @ 3.00GHz,ec2d14a-dirty,30328362
32,2,bedtools,exact,,1024,10000,18,16,20260810,2.550847053527832,15.851529000000227,19.03515625,0.43178272247314453,,,,,11.032342910766602,0.27679822877367927,0.0,0.0,c573,Intel(R) Xeon(R) Gold 6248R CPU @ 3.00GHz,ec2d14a-dirty,30328362
32,2,hammock,register-equality,1.0,1024,10000,18,16,20260810,3.6968724727630615,55.216179999999866,25.1953125,0.43178272247314453,3.666375,0.021385,0.020888,0.000496,,,0.163884597010374,0.16690296923828124,c573,Intel(R) Xeon(R) Gold 6248R CPU @ 3.00GHz,ec2d14a-dirty,30328362
32,2,hammock,register-equality,0.1,1024,10000,18,16,20260810,1.3686714172363281,21.156058999999644,25.265625,0.43178272247314453,1.340801,0.018866,0.018377,0.000489,,,0.16422688785886758,0.16697506811523438,c573,Intel(R) Xeon(R) Gold 6248R CPU @ 3.00GHz,ec2d14a-dirty,30328362
32,2,hammock,register-equality,0.01,1024,10000,18,16,20260810,0.6688265800476074,10.345533999999816,24.125,0.43178272247314453,0.640218,0.019901,0.019407,0.000493,,,0.14342097588724054,0.146205954756898,c573,Intel(R) Xeon(R) Gold 6248R CPU @ 3.00GHz,ec2d14a-dirty,30328362
32,2,hammock,register-equality,0.001,1024,10000,18,16,20260810,0.5061407089233398,7.878892000000306,24.140625,0.43178272247314453,0.450008,0.047623,0.047139,0.000483,,,0.024842623600477298,0.02678201910828025,c573,Intel(R) Xeon(R) Gold 6248R CPU @ 3.00GHz,ec2d14a-dirty,30328362
32,2,hammock,inclusion-exclusion,1.0,1024,10000,18,16,20260810,3.7186501026153564,55.57982699999977,25.171875,0.43178272247314453,3.665488,0.044116,0.043615,0.0005,,,0.001185139274249802,0.00476403956730885,c573,Intel(R) Xeon(R) Gold 6248R CPU @ 3.00GHz,ec2d14a-dirty,30328362
32,2,hammock,inclusion-exclusion,0.1,1024,10000,18,16,20260810,1.396726369857788,21.588695000000598,25.2578125,0.43178272247314453,1.342744,0.044008,0.043503,0.000505,,,0.0012510026561580855,0.005510860864517048,c573,Intel(R) Xeon(R) Gold 6248R CPU @ 3.00GHz,ec2d14a-dirty,30328362
32,2,hammock,inclusion-exclusion,0.01,1024,10000,18,16,20260810,0.6928131580352783,10.715715000000074,24.1640625,0.43178272247314453,0.640468,0.042901,0.042411,0.000489,,,0.0011643570842949154,0.004798431022523614,c573,Intel(R) Xeon(R) Gold 6248R CPU @ 3.00GHz,ec2d14a-dirty,30328362
32,2,hammock,inclusion-exclusion,0.001,1024,10000,18,16,20260810,0.517688512802124,8.055860999999254,24.1328125,0.43178272247314453,0.450434,0.058238,0.057739,0.000498,,,0.0008546352605892921,0.0038775100287070235,c573,Intel(R) Xeon(R) Gold 6248R CPU @ 3.00GHz,ec2d14a-dirty,30328362
32,3,bedtools,exact,,1024,10000,18,16,20260810,2.57685923576355,15.835138999999756,19.04296875,0.43259477615356445,,,,,11.07931137084961,0.27517060997872805,0.0,0.0,c573,Intel(R) Xeon(R) Gold 6248R CPU @ 3.00GHz,ec2d14a-dirty,30328362
32,3,hammock,register-equality,1.0,1024,10000,18,16,20260810,3.699683427810669,55.169228999999916,25.1640625,0.43259477615356445,3.668423,0.021656,0.021139,0.000516,,,0.1640123182077884,0.16642220190429688,c573,Intel(R) Xeon(R) Gold 6248R CPU @ 3.00GHz,ec2d14a-dirty,30328362
32,3,hammock,register-equality,0.1,1024,10000,18,16,20260810,1.3688480854034424,21.15404999999963,25.2265625,0.43259477615356445,1.340084,0.019394,0.018895,0.000499,,,0.164058083399105,0.1670920078125,c573,Intel(R) Xeon(R) Gold 6248R CPU @ 3.00GHz,ec2d14a-dirty,30328362
32,3,hammock,register-equality,0.01,1024,10000,18,16,20260810,0.6665647029876709,10.312108000000492,24.1171875,0.43259477615356445,0.637916,0.019892,0.019409,0.000482,,,0.14353244890827985,0.14616685886002018,c573,Intel(R) Xeon(R) Gold 6248R CPU @ 3.00GHz,ec2d14a-dirty,30328362
32,3,hammock,register-equality,0.001,1024,10000,18,16,20260810,0.5083727836608887,7.885312000000184,24.140625,0.43259477615356445,0.450074,0.047796,0.047309,0.000487,,,0.024783762015889478,0.027287956181087786,c573,Intel(R) Xeon(R) Gold 6248R CPU @ 3.00GHz,ec2d14a-dirty,30328362
32,3,hammock,inclusion-exclusion,1.0,1024,10000,18,16,20260810,3.724337577819824,55.55036699999944,25.1796875,0.43259477615356445,3.670527,0.044091,0.043571,0.00052,,,0.0012220458287002791,0.005440795173466184,c573,Intel(R) Xeon(R) Gold 6248R CPU @ 3.00GHz,ec2d14a-dirty,30328362
32,3,hammock,inclusion-exclusion,0.1,1024,10000,18,16,20260810,1.3996620178222656,21.591150000000624,25.28125,0.43259477615356445,1.346364,0.043621,0.043122,0.000498,,,0.0013064612784145602,0.006082759445335956,c573,Intel(R) Xeon(R) Gold 6248R CPU @ 3.00GHz,ec2d14a-dirty,30328362
32,3,hammock,inclusion-exclusion,0.01,1024,10000,18,16,20260810,0.6979563236236572,10.752820999999884,24.140625,0.43259477615356445,0.645663,0.04294,0.04244,0.000499,,,0.0012641116075289061,0.005553717807141645,c573,Intel(R) Xeon(R) Gold 6248R CPU @ 3.00GHz,ec2d14a-dirty,30328362
32,3,hammock,inclusion-exclusion,0.001,1024,10000,18,16,20260810,0.5178453922271729,8.056263999999686,24.1328125,0.43259477615356445,0.450237,0.058181,0.057677,0.000503,,,0.0008669500924811273,0.003488518112052433,c573,Intel(R) Xeon(R) Gold 6248R CPU @ 3.00GHz,ec2d14a-dirty,30328362
32,4,bedtools,exact,,1024,10000,18,16,20260810,2.5475306510925293,16.04259300000055,19.05078125,0.44984865188598633,,,,,10.959625244140625,0.2753317277357162,0.0,0.0,c573,Intel(R) Xeon(R) Gold 6248R CPU @ 3.00GHz,ec2d14a-dirty,30328362
32,4,hammock,register-equality,1.0,1024,10000,18,16,20260810,3.6996755599975586,55.209847999999766,25.1875,0.44984865188598633,3.668663,0.021043,0.020531,0.000511,,,0.16403505983648314,0.16672805249023437,c573,Intel(R) Xeon(R) Gold 6248R CPU @ 3.00GHz,ec2d14a-dirty,30328362
32,4,hammock,register-equality,0.1,1024,10000,18,16,20260810,1.375159502029419,21.237878000000322,25.2265625,0.44984865188598633,1.345622,0.020105,0.019601,0.000503,,,0.16415075245199215,0.16692264379882812,c573,Intel(R) Xeon(R) Gold 6248R CPU @ 3.00GHz,ec2d14a-dirty,30328362
32,4,hammock,register-equality,0.01,1024,10000,18,16,20260810,0.6678147315979004,10.327402000000134,24.1171875,0.44984865188598633,0.638637,0.019878,0.019394,0.000483,,,0.1435414612579137,0.14636746394436434,c573,Intel(R) Xeon(R) Gold 6248R CPU @ 3.00GHz,ec2d14a-dirty,30328362
32,4,hammock,register-equality,0.001,1024,10000,18,16,20260810,0.5063002109527588,7.872446999999383,24.1640625,0.44984865188598633,0.449336,0.04756,0.047076,0.000483,,,0.02474361904644913,0.026786429262998568,c573,Intel(R) Xeon(R) Gold 6248R CPU @ 3.00GHz,ec2d14a-dirty,30328362
32,4,hammock,inclusion-exclusion,1.0,1024,10000,18,16,20260810,3.722835063934326,55.588488000000396,25.2109375,0.44984865188598633,3.668749,0.043983,0.043471,0.000512,,,0.0012212149281933262,0.005311146368537356,c573,Intel(R) Xeon(R) Gold 6248R CPU @ 3.00GHz,ec2d14a-dirty,30328362
32,4,hammock,inclusion-exclusion,0.1,1024,10000,18,16,20260810,1.3936121463775635,21.552707000000225,25.25,0.44984865188598633,1.340722,0.043742,0.043238,0.000504,,,0.001306718621619098,0.00509335771250935,c573,Intel(R) Xeon(R) Gold 6248R CPU @ 3.00GHz,ec2d14a-dirty,30328362
32,4,hammock,inclusion-exclusion,0.01,1024,10000,18,16,20260810,0.6971502304077148,10.739113999999475,24.1328125,0.44984865188598633,0.644601,0.042889,0.04239,0.000498,,,0.0012868306003298686,0.005357578346893918,c573,Intel(R) Xeon(R) Gold 6248R CPU @ 3.00GHz,ec2d14a-dirty,30328362
32,4,hammock,inclusion-exclusion,0.001,1024,10000,18,16,20260810,0.5239441394805908,8.10026299999997,24.1640625,0.44984865188598633,0.45575,0.058283,0.057774,0.000508,,,0.0008463924986011379,0.003639658365799686,c573,Intel(R) Xeon(R) Gold 6248R CPU @ 3.00GHz,ec2d14a-dirty,30328362
32,5,bedtools,exact,,1024,10000,18,16,20260810,2.5294106006622314,16.095001000000707,19.05859375,0.4438903331756592,,,,,10.922431945800781,0.2763630564164765,0.0,0.0,c573,Intel(R) Xeon(R) Gold 6248R CPU @ 3.00GHz,ec2d14a-dirty,30328362
32,5,hammock,register-equality,1.0,1024,10000,18,16,20260810,3.717970371246338,55.26380800000017,25.1796875,0.4438903331756592,3.685734,0.022745,0.022244,0.000501,,,0.1639519454026699,0.1667265187988281,c573,Intel(R) Xeon(R) Gold 6248R CPU @ 3.00GHz,ec2d14a-dirty,30328362
32,5,hammock,register-equality,0.1,1024,10000,18,16,20260810,1.372187852859497,21.19603799999966,25.265625,0.4438903331756592,1.340591,0.021452,0.020951,0.0005,,,0.1641263485932827,0.16669970229492187,c573,Intel(R) Xeon(R) Gold 6248R CPU @ 3.00GHz,ec2d14a-dirty,30328362
32,5,hammock,register-equality,0.01,1024,10000,18,16,20260810,0.6665487289428711,10.314679999999498,24.15625,0.4438903331756592,0.637846,0.019881,0.01939,0.00049,,,0.14343731919491387,0.14579597962140353,c573,Intel(R) Xeon(R) Gold 6248R CPU @ 3.00GHz,ec2d14a-dirty,30328362
32,5,hammock,register-equality,0.001,1024,10000,18,16,20260810,0.5064330101013184,7.88008100000016,24.125,0.4438903331756592,0.45003,0.047491,0.047005,0.000485,,,0.02487260134079272,0.02721220663125115,c573,Intel(R) Xeon(R) Gold 6248R CPU @ 3.00GHz,ec2d14a-dirty,30328362
32,5,hammock,inclusion-exclusion,1.0,1024,10000,18,16,20260810,3.734565496444702,55.55725100000045,25.1640625,0.4438903331756592,3.680063,0.044052,0.043548,0.000504,,,0.0011514571686724578,0.004276257095606625,c573,Intel(R) Xeon(R) Gold 6248R CPU @ 3.00GHz,ec2d14a-dirty,30328362
32,5,hammock,inclusion-exclusion,0.1,1024,10000,18,16,20260810,1.403127908706665,21.607878999999585,25.2265625,0.4438903331756592,1.349177,0.043454,0.042945,0.000509,,,0.0011577003756742406,0.005212197912791081,c573,Intel(R) Xeon(R) Gold 6248R CPU @ 3.00GHz,ec2d14a-dirty,30328362
32,5,hammock,inclusion-exclusion,0.01,1024,10000,18,16,20260810,0.6970527172088623,10.740366000000023,24.15625,0.4438903331756592,0.644637,0.04288,0.042378,0.000502,,,0.0011773873807903793,0.005381270112047448,c573,Intel(R) Xeon(R) Gold 6248R CPU @ 3.00GHz,ec2d14a-dirty,30328362
32,5,hammock,inclusion-exclusion,0.001,1024,10000,18,16,20260810,0.5182414054870605,8.056721999999809,24.1328125,0.4438903331756592,0.450383,0.058243,0.057741,0.000502,,,0.0009084441356138385,0.00418442033997235,c573,Intel(R) Xeon(R) Gold 6248R CPU @ 3.00GHz,ec2d14a-dirty,30328362
32,6,bedtools,exact,,1024,10000,18,16,20260810,2.588048219680786,15.988558000000609,19.01171875,0.4325413703918457,,,,,10.927438735961914,0.2702252893834498,0.0,0.0,c573,Intel(R) Xeon(R) Gold 6248R CPU @ 3.00GHz,ec2d14a-dirty,30328362
32,6,hammock,register-equality,1.0,1024,10000,18,16,20260810,3.703404188156128,55.23713900000064,25.1640625,0.4325413703918457,3.671642,0.02234,0.021835,0.000505,,,0.16387465420980443,0.1667092373046875,c573,Intel(R) Xeon(R) Gold 6248R CPU @ 3.00GHz,ec2d14a-dirty,30328362
32,6,hammock,register-equality,0.1,1024,10000,18,16,20260810,1.3774652481079102,21.228338999999465,25.234375,0.4325413703918457,1.345841,0.021302,0.020807,0.000495,,,0.16419827390332215,0.1673506845703125,c573,Intel(R) Xeon(R) Gold 6248R CPU @ 3.00GHz,ec2d14a-dirty,30328362
32,6,hammock,register-equality,0.01,1024,10000,18,16,20260810,0.6747112274169922,10.378730000000587,24.140625,0.4325413703918457,0.644625,0.019899,0.019403,0.000496,,,0.14346836149379463,0.14546314496104867,c573,Intel(R) Xeon(R) Gold 6248R CPU @ 3.00GHz,ec2d14a-dirty,30328362
32,6,hammock,register-equality,0.001,1024,10000,18,16,20260810,0.5122580528259277,7.928606999999602,24.15625,0.4325413703918457,0.455766,0.047526,0.047036,0.00049,,,0.02478337856998232,0.026882631541825366,c573,Intel(R) Xeon(R) Gold 6248R CPU @ 3.00GHz,ec2d14a-dirty,30328362
32,6,hammock,inclusion-exclusion,1.0,1024,10000,18,16,20260810,3.723015546798706,55.591101000000336,25.1875,0.4325413703918457,3.668708,0.044114,0.0436,0.000514,,,0.0011730195882881586,0.004638292882002751,c573,Intel(R) Xeon(R) Gold 6248R CPU @ 3.00GHz,ec2d14a-dirty,30328362
32,6,hammock,inclusion-exclusion,0.1,1024,10000,18,16,20260810,1.39375638961792,21.53406999999949,25.2421875,0.4325413703918457,1.340109,0.043622,0.043124,0.000497,,,0.0011046186937104694,0.005044169725399977,c573,Intel(R) Xeon(R) Gold 6248R CPU @ 3.00GHz,ec2d14a-dirty,30328362
32,6,hammock,inclusion-exclusion,0.01,1024,10000,18,16,20260810,0.692507266998291,10.71931600000029,24.140625,0.4325413703918457,0.64015,0.042829,0.042336,0.000492,,,0.0011616006108111463,0.0043571607094404635,c573,Intel(R) Xeon(R) Gold 6248R CPU @ 3.00GHz,ec2d14a-dirty,30328362
32,6,hammock,inclusion-exclusion,0.001,1024,10000,18,16,20260810,0.5175559520721436,8.045876999999692,24.140625,0.4325413703918457,0.449585,0.058193,0.057688,0.000504,,,0.0008840833817976349,0.0033644296062285695,c573,Intel(R) Xeon(R) Gold 6248R CPU @ 3.00GHz,ec2d14a-dirty,30328362
32,7,bedtools,exact,,1024,10000,18,16,20260810,2.547248601913452,16.016520999999884,19.0625,0.43317556381225586,,,,,11.015653610229492,0.27676993542173367,0.0,0.0,c573,Intel(R) Xeon(R) Gold 6248R CPU @ 3.00GHz,ec2d14a-dirty,30328362
32,7,hammock,register-equality,1.0,1024,10000,18,16,20260810,3.705066204071045,55.216879999999904,25.1875,0.43317556381225586,3.674774,0.020667,0.020166,0.000501,,,0.16398754346671107,0.16641095971679687,c573,Intel(R) Xeon(R) Gold 6248R CPU @ 3.00GHz,ec2d14a-dirty,30328362
32,7,hammock,register-equality,0.1,1024,10000,18,16,20260810,1.3746256828308105,21.198335999999983,25.265625,0.43317556381225586,1.34463,0.020015,0.019511,0.000503,,,0.16425755250754365,0.16724450268554686,c573,Intel(R) Xeon(R) Gold 6248R CPU @ 3.00GHz,ec2d14a-dirty,30328362
32,7,hammock,register-equality,0.01,1024,10000,18,16,20260810,0.6734018325805664,10.366364999999988,24.1640625,0.43317556381225586,0.643497,0.019944,0.019447,0.000496,,,0.14340572167925938,0.14598476635197172,c573,Intel(R) Xeon(R) Gold 6248R CPU @ 3.00GHz,ec2d14a-dirty,30328362
32,7,hammock,register-equality,0.001,1024,10000,18,16,20260810,0.5125613212585449,7.928111000000229,24.140625,0.43317556381225586,0.455047,0.047681,0.047184,0.000497,,,0.024698262306993263,0.026920269363703342,c573,Intel(R) Xeon(R) Gold 6248R CPU @ 3.00GHz,ec2d14a-dirty,30328362
32,7,hammock,inclusion-exclusion,1.0,1024,10000,18,16,20260810,3.725144863128662,55.57624799999971,25.1640625,0.43317556381225586,3.672099,0.043724,0.043212,0.000511,,,0.001181264454159653,0.004872041441372391,c573,Intel(R) Xeon(R) Gold 6248R CPU @ 3.00GHz,ec2d14a-dirty,30328362
32,7,hammock,inclusion-exclusion,0.1,1024,10000,18,16,20260810,1.398101568222046,21.581740000000096,25.25,0.43317556381225586,1.344911,0.043743,0.043237,0.000506,,,0.001199525848969134,0.004226675855734566,c573,Intel(R) Xeon(R) Gold 6248R CPU @ 3.00GHz,ec2d14a-dirty,30328362
32,7,hammock,inclusion-exclusion,0.01,1024,10000,18,16,20260810,0.6902499198913574,10.688799000000415,24.140625,0.43317556381225586,0.638155,0.042897,0.042408,0.000488,,,0.0012218373907282442,0.004515068145502565,c573,Intel(R) Xeon(R) Gold 6248R CPU @ 3.00GHz,ec2d14a-dirty,30328362
32,7,hammock,inclusion-exclusion,0.001,1024,10000,18,16,20260810,0.5231204032897949,8.099706000000111,24.15625,0.43317556381225586,0.455272,0.058161,0.057662,0.000499,,,0.000852742730907559,0.003558984477321586,c573,Intel(R) Xeon(R) Gold 6248R CPU @ 3.00GHz,ec2d14a-dirty,30328362
32,8,bedtools,exact,,1024,10000,18,16,20260810,2.542802572250366,15.863524999999711,19.0625,0.4323875904083252,,,,,10.99705696105957,0.27678580051338514,0.0,0.0,c573,Intel(R) Xeon(R) Gold 6248R CPU @ 3.00GHz,ec2d14a-dirty,30328362
32,8,hammock,register-equality,1.0,1024,10000,18,16,20260810,3.691030263900757,55.14586300000039,25.1875,0.4323875904083252,3.661325,0.020182,0.019683,0.000499,,,0.16402957583737385,0.16690187670898438,c573,Intel(R) Xeon(R) Gold 6248R CPU @ 3.00GHz,ec2d14a-dirty,30328362
32,8,hammock,register-equality,0.1,1024,10000,18,16,20260810,1.3686203956604004,21.151426999999984,25.2265625,0.4323875904083252,1.340801,0.018783,0.018292,0.000491,,,0.16413146997761738,0.1668111867675781,c573,Intel(R) Xeon(R) Gold 6248R CPU @ 3.00GHz,ec2d14a-dirty,30328362
32,8,hammock,register-equality,0.01,1024,10000,18,16,20260810,0.6685993671417236,10.338839000000121,24.1484375,0.4323875904083252,0.639994,0.019922,0.019438,0.000484,,,0.14343022750340534,0.14590568181872604,c573,Intel(R) Xeon(R) Gold 6248R CPU @ 3.00GHz,ec2d14a-dirty,30328362
32,8,hammock,register-equality,0.001,1024,10000,18,16,20260810,0.5080184936523438,7.898987999999633,24.1328125,0.4323875904083252,0.451884,0.047515,0.047028,0.000487,,,0.024858923485807063,0.027407411885187624,c573,Intel(R) Xeon(R) Gold 6248R CPU @ 3.00GHz,ec2d14a-dirty,30328362
32,8,hammock,inclusion-exclusion,1.0,1024,10000,18,16,20260810,3.7157626152038574,55.54018100000039,25.1953125,0.4323875904083252,3.662495,0.044251,0.043748,0.000503,,,0.0012021440185603978,0.004971896361309902,c573,Intel(R) Xeon(R) Gold 6248R CPU @ 3.00GHz,ec2d14a-dirty,30328362
32,8,hammock,inclusion-exclusion,0.1,1024,10000,18,16,20260810,1.400165319442749,21.583554999999592,25.265625,0.4323875904083252,1.345686,0.043464,0.042957,0.000506,,,0.001250944214744082,0.004992831176390475,c573,Intel(R) Xeon(R) Gold 6248R CPU @ 3.00GHz,ec2d14a-dirty,30328362
32,8,hammock,inclusion-exclusion,0.01,1024,10000,18,16,20260810,0.6920182704925537,10.70314400000035,24.1484375,0.4323875904083252,0.639062,0.042936,0.042448,0.000488,,,0.0011665219528099093,0.004444526224233858,c573,Intel(R) Xeon(R) Gold 6248R CPU @ 3.00GHz,ec2d14a-dirty,30328362
32,8,hammock,inclusion-exclusion,0.001,1024,10000,18,16,20260810,0.523174524307251,8.106097000000503,24.1484375,0.4323875904083252,0.456217,0.0582,0.057689,0.00051,,,0.0008421231714244367,0.0038663282526346376,c573,Intel(R) Xeon(R) Gold 6248R CPU @ 3.00GHz,ec2d14a-dirty,30328362
32,9,bedtools,exact,,1024,10000,18,16,20260810,2.5292611122131348,15.807966000000647,19.0546875,0.43300294876098633,,,,,10.98942756652832,0.2780746364468459,0.0,0.0,c573,Intel(R) Xeon(R) Gold 6248R CPU @ 3.00GHz,ec2d14a-dirty,30328362
32,9,hammock,register-equality,1.0,1024,10000,18,16,20260810,3.6998050212860107,55.21160499999945,25.1796875,0.43300294876098633,3.670634,0.020257,0.019767,0.000489,,,0.16389966090855593,0.1667065090332031,c573,Intel(R) Xeon(R) Gold 6248R CPU @ 3.00GHz,ec2d14a-dirty,30328362
32,9,hammock,register-equality,0.1,1024,10000,18,16,20260810,1.3716087341308594,21.198628999999897,25.265625,0.43300294876098633,1.34179,0.020711,0.02021,0.0005,,,0.164221525990343,0.16690937792968752,c573,Intel(R) Xeon(R) Gold 6248R CPU @ 3.00GHz,ec2d14a-dirty,30328362
32,9,hammock,register-equality,0.01,1024,10000,18,16,20260810,0.667473316192627,10.331528999999875,24.140625,0.43300294876098633,0.639106,0.019946,0.019458,0.000488,,,0.14360412828824193,0.14598002750131372,c573,Intel(R) Xeon(R) Gold 6248R CPU @ 3.00GHz,ec2d14a-dirty,30328362
32,9,hammock,register-equality,0.001,1024,10000,18,16,20260810,0.505314826965332,7.871707999999984,24.171875,0.43300294876098633,0.449285,0.047639,0.047152,0.000486,,,0.024896496788192023,0.027115249677455544,c573,Intel(R) Xeon(R) Gold 6248R CPU @ 3.00GHz,ec2d14a-dirty,30328362
32,9,hammock,inclusion-exclusion,1.0,1024,10000,18,16,20260810,3.722398281097412,55.595323000000434,25.1875,0.43300294876098633,3.669564,0.044055,0.04355,0.000504,,,0.0012144780006056813,0.005919024316129076,c573,Intel(R) Xeon(R) Gold 6248R CPU @ 3.00GHz,ec2d14a-dirty,30328362
32,9,hammock,inclusion-exclusion,0.1,1024,10000,18,16,20260810,1.3943588733673096,21.57755700000041,25.28125,0.43300294876098633,1.34157,0.044018,0.043521,0.000496,,,0.0011704802424726485,0.00628692747631085,c573,Intel(R) Xeon(R) Gold 6248R CPU @ 3.00GHz,ec2d14a-dirty,30328362
32,9,hammock,inclusion-exclusion,0.01,1024,10000,18,16,20260810,0.6916489601135254,10.709859999999509,24.125,0.43300294876098633,0.63965,0.042929,0.042435,0.000494,,,0.0012269977166790955,0.004735891669013503,c573,Intel(R) Xeon(R) Gold 6248R CPU @ 3.00GHz,ec2d14a-dirty,30328362
32,9,hammock,inclusion-exclusion,0.001,1024,10000,18,16,20260810,0.5171356201171875,8.051725999999832,24.1171875,0.43300294876098633,0.450277,0.058169,0.057672,0.000497,,,0.0008598497873970707,0.0036011164064351092,c573,Intel(R) Xeon(R) Gold 6248R CPU @ 3.00GHz,ec2d14a-dirty,30328362
32,10,bedtools,exact,,1024,10000,18,16,20260810,2.570286512374878,15.860709999999955,19.04296875,0.43438172340393066,,,,,10.825157165527344,0.2695458483940032,0.0,0.0,c573,Intel(R) Xeon(R) Gold 6248R CPU @ 3.00GHz,ec2d14a-dirty,30328362
32,10,hammock,register-equality,1.0,1024,10000,18,16,20260810,3.6973795890808105,55.13281600000005,25.1640625,0.43438172340393066,3.667872,0.020135,0.019636,0.000498,,,0.16405821107444782,0.16709301000976562,c573,Intel(R) Xeon(R) Gold 6248R CPU @ 3.00GHz,ec2d14a-dirty,30328362
32,10,hammock,register-equality,0.1,1024,10000,18,16,20260810,1.3707435131072998,21.187660999999565,25.265625,0.43438172340393066,1.342157,0.019547,0.019059,0.000487,,,0.1640886131685736,0.16664195971679688,c573,Intel(R) Xeon(R) Gold 6248R CPU @ 3.00GHz,ec2d14a-dirty,30328362
32,10,hammock,register-equality,0.01,1024,10000,18,16,20260810,0.6677701473236084,10.33462899999995,24.15625,0.43438172340393066,0.639515,0.019905,0.019419,0.000485,,,0.14341344788565352,0.1466018891016435,c573,Intel(R) Xeon(R) Gold 6248R CPU @ 3.00GHz,ec2d14a-dirty,30328362
32,10,hammock,register-equality,0.001,1024,10000,18,16,20260810,0.5062623023986816,7.880055000000226,24.1328125,0.43438172340393066,0.450228,0.047553,0.047066,0.000486,,,0.024765497585231902,0.026950861791364064,c573,Intel(R) Xeon(R) Gold 6248R CPU @ 3.00GHz,ec2d14a-dirty,30328362
32,10,hammock,inclusion-exclusion,1.0,1024,10000,18,16,20260810,3.722816228866577,55.55612099999979,25.1875,0.43438172340393066,3.670069,0.044135,0.043632,0.000502,,,0.0012053237193452011,0.005225075489145345,c573,Intel(R) Xeon(R) Gold 6248R CPU @ 3.00GHz,ec2d14a-dirty,30328362
32,10,hammock,inclusion-exclusion,0.1,1024,10000,18,16,20260810,1.3948826789855957,21.57526399999989,25.2421875,0.43438172340393066,1.341567,0.044345,0.04385,0.000494,,,0.0011682250067649213,0.005806217964541241,c573,Intel(R) Xeon(R) Gold 6248R CPU @ 3.00GHz,ec2d14a-dirty,30328362
32,10,hammock,inclusion-exclusion,0.01,1024,10000,18,16,20260810,0.6907896995544434,10.70076700000044,24.1484375,0.43438172340393066,0.639154,0.042886,0.042389,0.000496,,,0.0012544689714221898,0.005918581748591417,c573,Intel(R) Xeon(R) Gold 6248R CPU @ 3.00GHz,ec2d14a-dirty,30328362
32,10,hammock,inclusion-exclusion,0.001,1024,10000,18,16,20260810,0.5173072814941406,8.056957000000153,24.140625,0.43438172340393066,0.450514,0.05816,0.057657,0.000503,,,0.000824954577807026,0.0037766104864605937,c573,Intel(R) Xeon(R) Gold 6248R CPU @ 3.00GHz,ec2d14a-dirty,30328362
32,11,bedtools,exact,,1024,10000,18,16,20260810,2.572293519973755,15.983574000000004,19.05859375,0.4340853691101074,,,,,10.996103286743164,0.2735887661680005,0.0,0.0,c573,Intel(R) Xeon(R) Gold 6248R CPU @ 3.00GHz,ec2d14a-dirty,30328362
32,11,hammock,register-equality,1.0,1024,10000,18,16,20260810,3.6994435787200928,55.196707000000174,25.171875,0.4340853691101074,3.67005,0.020079,0.01956,0.000518,,,0.16405993052191703,0.1670847238769531,c573,Intel(R) Xeon(R) Gold 6248R CPU @ 3.00GHz,ec2d14a-dirty,30328362
32,11,hammock,register-equality,0.1,1024,10000,18,16,20260810,1.3708205223083496,21.17945299999974,25.2734375,0.4340853691101074,1.34187,0.019108,0.018612,0.000495,,,0.16423397980995144,0.16793933618164064,c573,Intel(R) Xeon(R) Gold 6248R CPU @ 3.00GHz,ec2d14a-dirty,30328362
32,11,hammock,register-equality,0.01,1024,10000,18,16,20260810,0.6696615219116211,10.349584999999706,24.140625,0.4340853691101074,0.640806,0.019905,0.019424,0.000481,,,0.14340445879405728,0.14591926711469286,c573,Intel(R) Xeon(R) Gold 6248R CPU @ 3.00GHz,ec2d14a-dirty,30328362
32,11,hammock,register-equality,0.001,1024,10000,18,16,20260810,0.5070590972900391,7.875776999999772,24.1484375,0.4340853691101074,0.449353,0.047778,0.047287,0.000491,,,0.024761175910633492,0.027059559526318014,c573,Intel(R) Xeon(R) Gold 6248R CPU @ 3.00GHz,ec2d14a-dirty,30328362
32,11,hammock,inclusion-exclusion,1.0,1024,10000,18,16,20260810,3.7291157245635986,55.636704000000265,25.171875,0.4340853691101074,3.675253,0.044044,0.043536,0.000508,,,0.0012989923141356456,0.0055678978800824536,c573,Intel(R) Xeon(R) Gold 6248R CPU @ 3.00GHz,ec2d14a-dirty,30328362
32,11,hammock,inclusion-exclusion,0.1,1024,10000,18,16,20260810,1.4003243446350098,21.619883999999843,25.265625,0.4340853691101074,1.347105,0.043747,0.043243,0.000503,,,0.0012348898096099484,0.005245407323582946,c573,Intel(R) Xeon(R) Gold 6248R CPU @ 3.00GHz,ec2d14a-dirty,30328362
32,11,hammock,inclusion-exclusion,0.01,1024,10000,18,16,20260810,0.6955552101135254,10.740323000000132,24.1328125,0.4340853691101074,0.643665,0.042903,0.042405,0.000498,,,0.0012089851341896066,0.004789703897527711,c573,Intel(R) Xeon(R) Gold 6248R CPU @ 3.00GHz,ec2d14a-dirty,30328362
32,11,hammock,inclusion-exclusion,0.001,1024,10000,18,16,20260810,0.5221190452575684,8.095082000000133,24.1484375,0.4340853691101074,0.454831,0.058206,0.057698,0.000507,,,0.0008339032023807099,0.004102521045397073,c573,Intel(R) Xeon(R) Gold 6248R CPU @ 3.00GHz,ec2d14a-dirty,30328362
32,12,bedtools,exact,,1024,10000,18,16,20260810,2.5508391857147217,15.867935000000017,19.0390625,0.43260765075683594,,,,,10.962963104248047,0.27505835828505387,0.0,0.0,c573,Intel(R) Xeon(R) Gold 6248R CPU @ 3.00GHz,ec2d14a-dirty,30328362
32,12,hammock,register-equality,1.0,1024,10000,18,16,20260810,3.7046892642974854,55.277327000000696,25.1640625,0.43260765075683594,3.673642,0.021578,0.021066,0.000512,,,0.16395214748291959,0.16648740356445313,c573,Intel(R) Xeon(R) Gold 6248R CPU @ 3.00GHz,ec2d14a-dirty,30328362
32,12,hammock,register-equality,0.1,1024,10000,18,16,20260810,1.3779575824737549,21.238866999999885,25.265625,0.43260765075683594,1.347468,0.020628,0.020131,0.000497,,,0.1642245779624461,0.16727020581054686,c573,Intel(R) Xeon(R) Gold 6248R CPU @ 3.00GHz,ec2d14a-dirty,30328362
32,12,hammock,register-equality,0.01,1024,10000,18,16,20260810,0.6672468185424805,10.313600999999409,24.125,0.43260765075683594,0.638086,0.019875,0.019392,0.000483,,,0.1435115555592137,0.1457961294250785,c573,Intel(R) Xeon(R) Gold 6248R CPU @ 3.00GHz,ec2d14a-dirty,30328362
32,12,hammock,register-equality,0.001,1024,10000,18,16,20260810,0.5079343318939209,7.888549000000239,24.1171875,0.43260765075683594,0.451506,0.047541,0.047048,0.000492,,,0.024715548194928442,0.026728554412055752,c573,Intel(R) Xeon(R) Gold 6248R CPU @ 3.00GHz,ec2d14a-dirty,30328362
32,12,hammock,inclusion-exclusion,1.0,1024,10000,18,16,20260810,3.721508741378784,55.59261999999987,25.1796875,0.43260765075683594,3.668878,0.043613,0.043109,0.000503,,,0.001259866695203054,0.005774350364331063,c573,Intel(R) Xeon(R) Gold 6248R CPU @ 3.00GHz,ec2d14a-dirty,30328362
32,12,hammock,inclusion-exclusion,0.1,1024,10000,18,16,20260810,1.3981049060821533,21.599984999999947,25.265625,0.43260765075683594,1.344931,0.043909,0.043396,0.000513,,,0.0011706251637914875,0.005873131711391394,c573,Intel(R) Xeon(R) Gold 6248R CPU @ 3.00GHz,ec2d14a-dirty,30328362
32,12,hammock,inclusion-exclusion,0.01,1024,10000,18,16,20260810,0.6964113712310791,10.73980700000024,24.15625,0.43260765075683594,0.643879,0.042875,0.042379,0.000496,,,0.0012424184566492376,0.0046016745156466365,c573,Intel(R) Xeon(R) Gold 6248R CPU @ 3.00GHz,ec2d14a-dirty,30328362
32,12,hammock,inclusion-exclusion,0.001,1024,10000,18,16,20260810,0.5225646495819092,8.088658999999979,24.140625,0.43260765075683594,0.454513,0.058222,0.057712,0.000509,,,0.0008625521700019555,0.00397036478799527,c573,Intel(R) Xeon(R) Gold 6248R CPU @ 3.00GHz,ec2d14a-dirty,30328362
32,13,bedtools,exact,,1024,10000,18,16,20260810,2.5264861583709717,16.069793999999746,19.05078125,0.43325328826904297,,,,,10.87808609008789,0.2755595978465678,0.0,0.0,c573,Intel(R) Xeon(R) Gold 6248R CPU @ 3.00GHz,ec2d14a-dirty,30328362
32,13,hammock,register-equality,1.0,1024,10000,18,16,20260810,3.7120487689971924,55.27408399999993,25.171875,0.43325328826904297,3.681616,0.021213,0.020706,0.000507,,,0.16394184449639324,0.16685700415039062,c573,Intel(R) Xeon(R) Gold 6248R CPU @ 3.00GHz,ec2d14a-dirty,30328362
32,13,hammock,register-equality,0.1,1024,10000,18,16,20260810,1.379347562789917,21.267137999999846,25.234375,0.43325328826904297,1.348439,0.020998,0.0205,0.000497,,,0.16418214062180522,0.16701507080078126,c573,Intel(R) Xeon(R) Gold 6248R CPU @ 3.00GHz,ec2d14a-dirty,30328362
32,13,hammock,register-equality,0.01,1024,10000,18,16,20260810,0.6687994003295898,10.33490999999998,24.125,0.43325328826904297,0.639138,0.019912,0.019424,0.000487,,,0.1433920452660294,0.14706925503358376,c573,Intel(R) Xeon(R) Gold 6248R CPU @ 3.00GHz,ec2d14a-dirty,30328362
32,13,hammock,register-equality,0.001,1024,10000,18,16,20260810,0.507457971572876,7.887830000000207,24.140625,0.43325328826904297,0.450655,0.048063,0.047575,0.000487,,,0.024762820078346695,0.027464640845866778,c573,Intel(R) Xeon(R) Gold 6248R CPU @ 3.00GHz,ec2d14a-dirty,30328362
32,13,hammock,inclusion-exclusion,1.0,1024,10000,18,16,20260810,3.736121892929077,55.658648999999855,25.171875,0.43325328826904297,3.681653,0.044333,0.043813,0.00052,,,0.0011668621666532455,0.005156597797336571,c573,Intel(R) Xeon(R) Gold 6248R CPU @ 3.00GHz,ec2d14a-dirty,30328362
32,13,hammock,inclusion-exclusion,0.1,1024,10000,18,16,20260810,1.4029641151428223,21.63746499999931,25.2578125,0.43325328826904297,1.349349,0.043818,0.043317,0.000501,,,0.001246478484717121,0.00457974746137306,c573,Intel(R) Xeon(R) Gold 6248R CPU @ 3.00GHz,ec2d14a-dirty,30328362
32,13,hammock,inclusion-exclusion,0.01,1024,10000,18,16,20260810,0.6976394653320312,10.754367000000201,24.1640625,0.43325328826904297,0.645536,0.042897,0.042391,0.000505,,,0.0011183818273824424,0.004618564069027831,c573,Intel(R) Xeon(R) Gold 6248R CPU @ 3.00GHz,ec2d14a-dirty,30328362
32,13,hammock,inclusion-exclusion,0.001,1024,10000,18,16,20260810,0.5234405994415283,8.098851000000138,24.140625,0.43325328826904297,0.455932,0.058199,0.057687,0.000511,,,0.0008434440902524248,0.0036852048339872795,c573,Intel(R) Xeon(R) Gold 6248R CPU @ 3.00GHz,ec2d14a-dirty,30328362
32,14,bedtools,exact,,1024,10000,18,16,20260810,2.5738110542297363,15.804804999999817,19.0625,0.4330768585205078,,,,,11.047840118408203,0.27471393691318463,0.0,0.0,c573,Intel(R) Xeon(R) Gold 6248R CPU @ 3.00GHz,ec2d14a-dirty,30328362
32,14,hammock,register-equality,1.0,1024,10000,18,16,20260810,3.6963517665863037,55.18178699999956,25.1796875,0.4330768585205078,3.667418,0.020011,0.019511,0.000499,,,0.16398963249812123,0.1672661322265625,c573,Intel(R) Xeon(R) Gold 6248R CPU @ 3.00GHz,ec2d14a-dirty,30328362
32,14,hammock,register-equality,0.1,1024,10000,18,16,20260810,1.3679709434509277,21.146694000000338,25.2265625,0.4330768585205078,1.34004,0.018978,0.018487,0.000491,,,0.16416401706228254,0.16693601025390625,c573,Intel(R) Xeon(R) Gold 6248R CPU @ 3.00GHz,ec2d14a-dirty,30328362
32,14,hammock,register-equality,0.01,1024,10000,18,16,20260810,0.6675229072570801,10.336104000000262,24.1328125,0.4330768585205078,0.639236,0.019882,0.019397,0.000485,,,0.14352003102089425,0.1460706446397314,c573,Intel(R) Xeon(R) Gold 6248R CPU @ 3.00GHz,ec2d14a-dirty,30328362
32,14,hammock,register-equality,0.001,1024,10000,18,16,20260810,0.5063674449920654,7.8828839999998195,24.171875,0.4330768585205078,0.450221,0.047572,0.04709,0.000482,,,0.024844177148225004,0.02691687980992935,c573,Intel(R) Xeon(R) Gold 6248R CPU @ 3.00GHz,ec2d14a-dirty,30328362
32,14,hammock,inclusion-exclusion,1.0,1024,10000,18,16,20260810,3.7198686599731445,55.549015,25.1953125,0.4330768585205078,3.66682,0.043871,0.043368,0.000503,,,0.0012545066564729123,0.004817096822582495,c573,Intel(R) Xeon(R) Gold 6248R CPU @ 3.00GHz,ec2d14a-dirty,30328362
32,14,hammock,inclusion-exclusion,0.1,1024,10000,18,16,20260810,1.3941073417663574,21.559063999999637,25.2265625,0.4330768585205078,1.34092,0.044104,0.043591,0.000513,,,0.0011904400225106054,0.004992454593871196,c573,Intel(R) Xeon(R) Gold 6248R CPU @ 3.00GHz,ec2d14a-dirty,30328362
32,14,hammock,inclusion-exclusion,0.01,1024,10000,18,16,20260810,0.6967840194702148,10.73757200000054,24.1640625,0.4330768585205078,0.644156,0.042896,0.042402,0.000493,,,0.0011586544145835236,0.004641394168748952,c573,Intel(R) Xeon(R) Gold 6248R CPU @ 3.00GHz,ec2d14a-dirty,30328362
32,14,hammock,inclusion-exclusion,0.001,1024,10000,18,16,20260810,0.5234882831573486,8.093186999999944,24.125,0.4330768585205078,0.45586,0.058186,0.057675,0.000511,,,0.0008500594738143267,0.00395100311749369,c573,Intel(R) Xeon(R) Gold 6248R CPU @ 3.00GHz,ec2d14a-dirty,30328362
32,15,bedtools,exact,,1024,10000,18,16,20260810,2.6130247116088867,15.868802999999815,19.046875,0.43219804763793945,,,,,10.927915573120117,0.26765403081437467,0.0,0.0,c573,Intel(R) Xeon(R) Gold 6248R CPU @ 3.00GHz,ec2d14a-dirty,30328362
32,15,hammock,register-equality,1.0,1024,10000,18,16,20260810,3.7061047554016113,55.228502000000276,25.203125,0.43219804763793945,3.677513,0.019483,0.018984,0.000498,,,0.1639740261600972,0.16749408764648438,c573,Intel(R) Xeon(R) Gold 6248R CPU @ 3.00GHz,ec2d14a-dirty,30328362
32,15,hammock,register-equality,0.1,1024,10000,18,16,20260810,1.3685791492462158,21.153514000000285,25.234375,0.43219804763793945,1.340362,0.019287,0.018791,0.000496,,,0.1641714665459157,0.16652480249023438,c573,Intel(R) Xeon(R) Gold 6248R CPU @ 3.00GHz,ec2d14a-dirty,30328362
32,15,hammock,register-equality,0.01,1024,10000,18,16,20260810,0.66878342628479,10.336787000000044,24.1484375,0.43219804763793945,0.639058,0.019917,0.01943,0.000486,,,0.14345890733553995,0.1460452566971855,c573,Intel(R) Xeon(R) Gold 6248R CPU @ 3.00GHz,ec2d14a-dirty,30328362
32,15,hammock,register-equality,0.001,1024,10000,18,16,20260810,0.5131781101226807,7.931208999999825,24.1328125,0.43219804763793945,0.455988,0.047545,0.047053,0.000492,,,0.024800093598773394,0.02709364305949008,c573,Intel(R) Xeon(R) Gold 6248R CPU @ 3.00GHz,ec2d14a-dirty,30328362
32,15,hammock,inclusion-exclusion,1.0,1024,10000,18,16,20260810,3.7326157093048096,55.64353600000018,25.21875,0.43219804763793945,3.679551,0.043551,0.043036,0.000514,,,0.0012469317932086708,0.0066256128285222815,c573,Intel(R) Xeon(R) Gold 6248R CPU @ 3.00GHz,ec2d14a-dirty,30328362
32,15,hammock,inclusion-exclusion,0.1,1024,10000,18,16,20260810,1.3927505016326904,21.53492099999943,25.2265625,0.43219804763793945,1.339661,0.044137,0.043644,0.000493,,,0.001183832698330842,0.006145937593915768,c573,Intel(R) Xeon(R) Gold 6248R CPU @ 3.00GHz,ec2d14a-dirty,30328362
32,15,hammock,inclusion-exclusion,0.01,1024,10000,18,16,20260810,0.6912956237792969,10.709347000000122,24.15625,0.43219804763793945,0.639922,0.042855,0.042366,0.000489,,,0.0011804507221849889,0.004411359141076432,c573,Intel(R) Xeon(R) Gold 6248R CPU @ 3.00GHz,ec2d14a-dirty,30328362
32,15,hammock,inclusion-exclusion,0.001,1024,10000,18,16,20260810,0.5167689323425293,8.050462000000408,24.1171875,0.43219804763793945,0.450103,0.058177,0.057681,0.000495,,,0.0008392139201610374,0.003428924241074799,c573,Intel(R) Xeon(R) Gold 6248R CPU @ 3.00GHz,ec2d14a-dirty,30328362
32,16,bedtools,exact,,1024,10000,18,16,20260810,2.518458366394043,15.802826999999894,19.04296875,0.4342832565307617,,,,,11.014699935913086,0.2799096484202674,0.0,0.0,c573,Intel(R) Xeon(R) Gold 6248R CPU @ 3.00GHz,ec2d14a-dirty,30328362
32,16,hammock,register-equality,1.0,1024,10000,18,16,20260810,3.708350419998169,55.239570999999756,25.1796875,0.4342832565307617,3.6787,0.020252,0.019734,0.000518,,,0.16391974319696412,0.16666706152343752,c573,Intel(R) Xeon(R) Gold 6248R CPU @ 3.00GHz,ec2d14a-dirty,30328362
32,16,hammock,register-equality,0.1,1024,10000,18,16,20260810,1.3758573532104492,21.229036000000036,25.2265625,0.4342832565307617,1.345172,0.021103,0.020592,0.00051,,,0.164207305805683,0.16684069482421876,c573,Intel(R) Xeon(R) Gold 6248R CPU @ 3.00GHz,ec2d14a-dirty,30328362
32,16,hammock,register-equality,0.01,1024,10000,18,16,20260810,0.6689105033874512,10.33932499999949,24.171875,0.4342832565307617,0.64004,0.019893,0.019411,0.000482,,,0.14349501054257166,0.14616414587544,c573,Intel(R) Xeon(R) Gold 6248R CPU @ 3.00GHz,ec2d14a-dirty,30328362
32,16,hammock,register-equality,0.001,1024,10000,18,16,20260810,0.5065245628356934,7.888564000000798,24.1640625,0.4342832565307617,0.450529,0.047608,0.047119,0.000488,,,0.02475102727011249,0.02741383406125883,c573,Intel(R) Xeon(R) Gold 6248R CPU @ 3.00GHz,ec2d14a-dirty,30328362
32,16,hammock,inclusion-exclusion,1.0,1024,10000,18,16,20260810,3.727734088897705,55.604587999999836,25.171875,0.4342832565307617,3.674248,0.044045,0.043546,0.000499,,,0.001193695559808664,0.005254756891200876,c573,Intel(R) Xeon(R) Gold 6248R CPU @ 3.00GHz,ec2d14a-dirty,30328362
32,16,hammock,inclusion-exclusion,0.1,1024,10000,18,16,20260810,1.3978908061981201,21.608961999999565,25.2265625,0.4342832565307617,1.344733,0.043917,0.043415,0.000502,,,0.0012082077753565507,0.00517555267093496,c573,Intel(R) Xeon(R) Gold 6248R CPU @ 3.00GHz,ec2d14a-dirty,30328362
32,16,hammock,inclusion-exclusion,0.01,1024,10000,18,16,20260810,0.692986249923706,10.709607999999918,24.140625,0.4342832565307617,0.640893,0.042877,0.042384,0.000492,,,0.0011782911861509843,0.004599135278676392,c573,Intel(R) Xeon(R) Gold 6248R CPU @ 3.00GHz,ec2d14a-dirty,30328362
32,16,hammock,inclusion-exclusion,0.001,1024,10000,18,16,20260810,0.5182623863220215,8.066146000000288,24.15625,0.4342832565307617,0.451002,0.058195,0.057698,0.000496,,,0.0008704995914211784,0.003863970799753161,c573,Intel(R) Xeon(R) Gold 6248R CPU @ 3.00GHz,ec2d14a-dirty,30328362
32,17,bedtools,exact,,1024,10000,18,16,20260810,2.5842857360839844,16.021381999999562,19.05078125,0.4334847927093506,,,,,11.001825332641602,0.27246090146208973,0.0,0.0,c573,Intel(R) Xeon(R) Gold 6248R CPU @ 3.00GHz,ec2d14a-dirty,30328362
32,17,hammock,register-equality,1.0,1024,10000,18,16,20260810,3.7060585021972656,55.34184600000037,25.1796875,0.4334847927093506,3.674751,0.022113,0.021608,0.000505,,,0.16403488787555695,0.16730347705078125,c573,Intel(R) Xeon(R) Gold 6248R CPU @ 3.00GHz,ec2d14a-dirty,30328362
32,17,hammock,register-equality,0.1,1024,10000,18,16,20260810,1.3732008934020996,21.20709599999961,25.2421875,0.4334847927093506,1.342415,0.021378,0.020881,0.000497,,,0.16417352455401418,0.16694058178710935,c573,Intel(R) Xeon(R) Gold 6248R CPU @ 3.00GHz,ec2d14a-dirty,30328362
32,17,hammock,register-equality,0.01,1024,10000,18,16,20260810,0.6672255992889404,10.321068000000054,24.171875,0.4334847927093506,0.638414,0.019848,0.019364,0.000483,,,0.14356104244490764,0.1464446407626268,c573,Intel(R) Xeon(R) Gold 6248R CPU @ 3.00GHz,ec2d14a-dirty,30328362
32,17,hammock,register-equality,0.001,1024,10000,18,16,20260810,0.5067172050476074,7.884998999999908,24.1484375,0.4334847927093506,0.45028,0.047754,0.047274,0.00048,,,0.024742372175958496,0.027454121666831366,c573,Intel(R) Xeon(R) Gold 6248R CPU @ 3.00GHz,ec2d14a-dirty,30328362
32,17,hammock,inclusion-exclusion,1.0,1024,10000,18,16,20260810,3.725494384765625,55.689900999999765,25.171875,0.4334847927093506,3.672301,0.044232,0.043727,0.000505,,,0.0011855089419235154,0.004725272686685669,c573,Intel(R) Xeon(R) Gold 6248R CPU @ 3.00GHz,ec2d14a-dirty,30328362
32,17,hammock,inclusion-exclusion,0.1,1024,10000,18,16,20260810,1.3935527801513672,21.557156000000617,25.2734375,0.4334847927093506,1.340502,0.044019,0.043522,0.000497,,,0.0012112656709148519,0.005017319855745009,c573,Intel(R) Xeon(R) Gold 6248R CPU @ 3.00GHz,ec2d14a-dirty,30328362
32,17,hammock,inclusion-exclusion,0.01,1024,10000,18,16,20260810,0.6912105083465576,10.704689999999658,24.15625,0.4334847927093506,0.639421,0.042835,0.042339,0.000496,,,0.0011426769244246902,0.00556645231279386,c573,Intel(R) Xeon(R) Gold 6248R CPU @ 3.00GHz,ec2d14a-dirty,30328362
32,17,hammock,inclusion-exclusion,0.001,1024,10000,18,16,20260810,0.5170907974243164,8.038879999999892,24.1328125,0.4334847927093506,0.449335,0.058325,0.057826,0.000499,,,0.0008542212717529506,0.003388596390352619,c573,Intel(R) Xeon(R) Gold 6248R CPU @ 3.00GHz,ec2d14a-dirty,30328362
32,18,bedtools,exact,,1024,10000,18,16,20260810,2.567049264907837,15.786004000000617,19.046875,0.43247079849243164,,,,,11.058330535888672,0.27569909310730906,0.0,0.0,c573,Intel(R) Xeon(R) Gold 6248R CPU @ 3.00GHz,ec2d14a-dirty,30328362
32,18,hammock,register-equality,1.0,1024,10000,18,16,20260810,3.700683355331421,55.20757799999956,25.171875,0.43247079849243164,3.669345,0.022118,0.021613,0.000505,,,0.16389718060703276,0.16635578344726562,c573,Intel(R) Xeon(R) Gold 6248R CPU @ 3.00GHz,ec2d14a-dirty,30328362
32,18,hammock,register-equality,0.1,1024,10000,18,16,20260810,1.3725330829620361,21.189207000000323,25.25,0.43247079849243164,1.342231,0.020894,0.020393,0.0005,,,0.16422078912467955,0.16717324365234376,c573,Intel(R) Xeon(R) Gold 6248R CPU @ 3.00GHz,ec2d14a-dirty,30328362
32,18,hammock,register-equality,0.01,1024,10000,18,16,20260810,0.6675100326538086,10.315259999999853,24.125,0.43247079849243164,0.637966,0.01989,0.019408,0.000481,,,0.14356095485994189,0.14623987300043062,c573,Intel(R) Xeon(R) Gold 6248R CPU @ 3.00GHz,ec2d14a-dirty,30328362
32,18,hammock,register-equality,0.001,1024,10000,18,16,20260810,0.5074269771575928,7.88712700000022,24.15625,0.43247079849243164,0.449882,0.048247,0.04776,0.000486,,,0.02474711609681844,0.026877324813570885,c573,Intel(R) Xeon(R) Gold 6248R CPU @ 3.00GHz,ec2d14a-dirty,30328362
32,18,hammock,inclusion-exclusion,1.0,1024,10000,18,16,20260810,3.724773406982422,55.60742999999982,25.203125,0.43247079849243164,3.671816,0.04362,0.043114,0.000505,,,0.0012797395829947968,0.005337740397531349,c573,Intel(R) Xeon(R) Gold 6248R CPU @ 3.00GHz,ec2d14a-dirty,30328362
32,18,hammock,inclusion-exclusion,0.1,1024,10000,18,16,20260810,1.3990473747253418,21.597296000000142,25.2578125,0.43247079849243164,1.345147,0.043775,0.043273,0.000501,,,0.0012381426268309795,0.004634150397756678,c573,Intel(R) Xeon(R) Gold 6248R CPU @ 3.00GHz,ec2d14a-dirty,30328362
32,18,hammock,inclusion-exclusion,0.01,1024,10000,18,16,20260810,0.7002041339874268,10.742237999999503,24.1640625,0.43247079849243164,0.64447,0.042813,0.042311,0.000502,,,0.0013142374805036302,0.005097897345184205,c573,Intel(R) Xeon(R) Gold 6248R CPU @ 3.00GHz,ec2d14a-dirty,30328362
32,18,hammock,inclusion-exclusion,0.001,1024,10000,18,16,20260810,0.5229394435882568,8.098119000000196,24.1484375,0.43247079849243164,0.455276,0.058284,0.057779,0.000505,,,0.0009021348164450098,0.004567098530295757,c573,Intel(R) Xeon(R) Gold 6248R CPU @ 3.00GHz,ec2d14a-dirty,30328362
32,19,bedtools,exact,,1024,10000,18,16,20260810,2.5704002380371094,15.963643000000303,19.046875,0.4322640895843506,,,,,11.100053787231445,0.2763785311992164,0.0,0.0,c573,Intel(R) Xeon(R) Gold 6248R CPU @ 3.00GHz,ec2d14a-dirty,30328362
32,19,hammock,register-equality,1.0,1024,10000,18,16,20260810,3.7082955837249756,55.2208530000004,25.171875,0.4322640895843506,3.677631,0.020726,0.020225,0.000501,,,0.16380245913462624,0.16648770092773438,c573,Intel(R) Xeon(R) Gold 6248R CPU @ 3.00GHz,ec2d14a-dirty,30328362
32,19,hammock,register-equality,0.1,1024,10000,18,16,20260810,1.3730862140655518,21.209304999999915,25.25,0.4322640895843506,1.344203,0.019781,0.019286,0.000495,,,0.16419999603824598,0.16681942895507812,c573,Intel(R) Xeon(R) Gold 6248R CPU @ 3.00GHz,ec2d14a-dirty,30328362
32,19,hammock,register-equality,0.01,1024,10000,18,16,20260810,0.6703321933746338,10.36155599999995,24.140625,0.4322640895843506,0.641765,0.019919,0.019429,0.00049,,,0.1434006113789462,0.1461913807931199,c573,Intel(R) Xeon(R) Gold 6248R CPU @ 3.00GHz,ec2d14a-dirty,30328362
32,19,hammock,register-equality,0.001,1024,10000,18,16,20260810,0.5102064609527588,7.9069759999998155,24.1171875,0.4322640895843506,0.451615,0.048293,0.04778,0.000512,,,0.024840254704402348,0.027139655258964696,c573,Intel(R) Xeon(R) Gold 6248R CPU @ 3.00GHz,ec2d14a-dirty,30328362
32,19,hammock,inclusion-exclusion,1.0,1024,10000,18,16,20260810,3.7297983169555664,55.61690700000031,25.1953125,0.4322640895843506,3.676678,0.043549,0.043044,0.000504,,,0.0013005587336288155,0.005545387987104314,c573,Intel(R) Xeon(R) Gold 6248R CPU @ 3.00GHz,ec2d14a-dirty,30328362
32,19,hammock,inclusion-exclusion,0.1,1024,10000,18,16,20260810,1.3974745273590088,21.601416999999486,25.28125,0.4322640895843506,1.343792,0.044106,0.043608,0.000497,,,0.0011967431578199916,0.0045531195045040995,c573,Intel(R) Xeon(R) Gold 6248R CPU @ 3.00GHz,ec2d14a-dirty,30328362
32,19,hammock,inclusion-exclusion,0.01,1024,10000,18,16,20260810,0.6926019191741943,10.717359000000101,24.125,0.4322640895843506,0.641104,0.04291,0.042416,0.000493,,,0.0011681260065612078,0.005581185260697799,c573,Intel(R) Xeon(R) Gold 6248R CPU @ 3.00GHz,ec2d14a-dirty,30328362
32,19,hammock,inclusion-exclusion,0.001,1024,10000,18,16,20260810,0.5187981128692627,8.065098999999663,24.1328125,0.4322640895843506,0.451957,0.058162,0.057663,0.000499,,,0.0008613808541763117,0.003237771003281209,c573,Intel(R) Xeon(R) Gold 6248R CPU @ 3.00GHz,ec2d14a-dirty,30328362
64,0,bedtools,exact,,4096,10000,18,16,20260810,9.862314462661743,62.860945000000044,19.09765625,0.8616909980773926,,,,,10.917425155639648,0.2833879258692228,0.0,0.0,c573,Intel(R) Xeon(R) Gold 6248R CPU @ 3.00GHz,ec2d14a-dirty,30328362
64,0,hammock,register-equality,1.0,4096,10000,18,16,20260810,7.43742036819458,111.02472299999988,41.18359375,0.8616909980773926,7.356671,0.069871,0.067936,0.001935,,,0.1639950389904143,0.1675832376953125,c573,Intel(R) Xeon(R) Gold 6248R CPU @ 3.00GHz,ec2d14a-dirty,30328362
64,0,hammock,register-equality,0.1,4096,10000,18,16,20260810,2.7675042152404785,42.86432000000025,41.24609375,0.8616909980773926,2.694229,0.062544,0.060641,0.001903,,,0.16413344842616334,0.167201591796875,c573,Intel(R) Xeon(R) Gold 6248R CPU @ 3.00GHz,ec2d14a-dirty,30328362
64,0,hammock,register-equality,0.01,4096,10000,18,16,20260810,1.3914906978607178,21.589767999999992,41.25390625,0.8616909980773926,1.293241,0.087751,0.085853,0.001897,,,0.1434761308203031,0.14651830397760088,c573,Intel(R) Xeon(R) Gold 6248R CPU @ 3.00GHz,ec2d14a-dirty,30328362
64,0,hammock,register-equality,0.001,4096,10000,18,16,20260810,1.1294164657592773,17.63783600000059,40.25,0.8616909980773926,0.914686,0.203747,0.201851,0.001896,,,0.024848339525496727,0.02735127238853191,c573,Intel(R) Xeon(R) Gold 6248R CPU @ 3.00GHz,ec2d14a-dirty,30328362
64,0,hammock,inclusion-exclusion,1.0,4096,10000,18,16,20260810,7.528204679489136,112.45308099999951,41.20703125,0.8616909980773926,7.357641,0.159789,0.157809,0.00198,,,0.0012060951161027447,0.005694700053568827,c573,Intel(R) Xeon(R) Gold 6248R CPU @ 3.00GHz,ec2d14a-dirty,30328362
64,0,hammock,inclusion-exclusion,0.1,4096,10000,18,16,20260810,2.8648228645324707,44.40664200000086,41.29296875,0.8616909980773926,2.696015,0.158108,0.156165,0.001943,,,0.0011889362541565964,0.005595720566997614,c573,Intel(R) Xeon(R) Gold 6248R CPU @ 3.00GHz,ec2d14a-dirty,30328362
64,0,hammock,inclusion-exclusion,0.01,4096,10000,18,16,20260810,1.4849340915679932,23.047134999998377,41.26953125,0.8616909980773926,1.294993,0.178858,0.176914,0.001943,,,0.0011697458507529115,0.005459852259504211,c573,Intel(R) Xeon(R) Gold 6248R CPU @ 3.00GHz,ec2d14a-dirty,30328362
64,0,hammock,inclusion-exclusion,0.001,4096,10000,18,16,20260810,1.176671028137207,18.335395000000972,40.234375,0.8616909980773926,0.916994,0.248503,0.246481,0.002022,,,0.0008514422915825433,0.003613604843035967,c573,Intel(R) Xeon(R) Gold 6248R CPU @ 3.00GHz,ec2d14a-dirty,30328362
64,1,bedtools,exact,,4096,10000,18,16,20260810,9.850825786590576,63.75212999999923,19.12109375,0.866950511932373,,,,,10.893583297729492,0.2830988370553606,0.0,0.0,c573,Intel(R) Xeon(R) Gold 6248R CPU @ 3.00GHz,ec2d14a-dirty,30328362
64,1,hammock,register-equality,1.0,4096,10000,18,16,20260810,7.427423715591431,110.96418800000049,41.19921875,0.866950511932373,7.350784,0.066122,0.064204,0.001918,,,0.16396353575291636,0.16694060595703125,c573,Intel(R) Xeon(R) Gold 6248R CPU @ 3.00GHz,ec2d14a-dirty,30328362
64,1,hammock,register-equality,0.1,4096,10000,18,16,20260810,2.7715353965759277,42.90063899999956,41.24609375,0.866950511932373,2.698459,0.062571,0.060662,0.001909,,,0.1641962769896031,0.16690757568359377,c573,Intel(R) Xeon(R) Gold 6248R CPU @ 3.00GHz,ec2d14a-dirty,30328362
64,1,hammock,register-equality,0.01,4096,10000,18,16,20260810,1.3951115608215332,21.61401999999987,41.26953125,0.866950511932373,1.295413,0.088541,0.086647,0.001894,,,0.14353980712999503,0.14657113504863606,c573,Intel(R) Xeon(R) Gold 6248R CPU @ 3.00GHz,ec2d14a-dirty,30328362
64,1,hammock,register-equality,0.001,4096,10000,18,16,20260810,1.1375608444213867,17.736649000000483,40.203125,0.866950511932373,0.916343,0.210013,0.208115,0.001898,,,0.024761512916798862,0.027129805194805193,c573,Intel(R) Xeon(R) Gold 6248R CPU @ 3.00GHz,ec2d14a-dirty,30328362
64,1,hammock,inclusion-exclusion,1.0,4096,10000,18,16,20260810,7.530139207839966,112.52158700000015,41.20703125,0.866950511932373,7.356837,0.161669,0.159715,0.001953,,,0.001151851984605304,0.0049774661110570245,c573,Intel(R) Xeon(R) Gold 6248R CPU @ 3.00GHz,ec2d14a-dirty,30328362
64,1,hammock,inclusion-exclusion,0.1,4096,10000,18,16,20260810,2.863154888153076,44.38968799999947,41.26953125,0.866950511932373,2.694145,0.158172,0.156231,0.001941,,,0.0012307193337220688,0.006027566868799225,c573,Intel(R) Xeon(R) Gold 6248R CPU @ 3.00GHz,ec2d14a-dirty,30328362
64,1,hammock,inclusion-exclusion,0.01,4096,10000,18,16,20260810,1.4843387603759766,23.039213000000842,41.26953125,0.866950511932373,1.293503,0.179122,0.177173,0.001948,,,0.0011859855583406507,0.00511650121868798,c573,Intel(R) Xeon(R) Gold 6248R CPU @ 3.00GHz,ec2d14a-dirty,30328362
64,1,hammock,inclusion-exclusion,0.001,4096,10000,18,16,20260810,1.1674540042877197,18.252679999999884,40.2421875,0.866950511932373,0.913769,0.242876,0.240924,0.001952,,,0.0008521794168026646,0.004514314751219606,c573,Intel(R) Xeon(R) Gold 6248R CPU @ 3.00GHz,ec2d14a-dirty,30328362
64,2,bedtools,exact,,4096,10000,18,16,20260810,9.85689640045166,62.954248999999436,19.109375,0.8675475120544434,,,,,10.999202728271484,0.2856675959695057,0.0,0.0,c573,Intel(R) Xeon(R) Gold 6248R CPU @ 3.00GHz,ec2d14a-dirty,30328362
64,2,hammock,register-equality,1.0,4096,10000,18,16,20260810,7.423722505569458,110.97480800000153,41.17578125,0.8675475120544434,7.346846,0.066178,0.064271,0.001906,,,0.16390765322761508,0.16741949267578127,c573,Intel(R) Xeon(R) Gold 6248R CPU @ 3.00GHz,ec2d14a-dirty,30328362
64,2,hammock,register-equality,0.1,4096,10000,18,16,20260810,2.7693915367126465,42.89195699999988,41.25390625,0.8675475120544434,2.696323,0.062628,0.060743,0.001884,,,0.1641495577471134,0.1673494895019531,c573,Intel(R) Xeon(R) Gold 6248R CPU @ 3.00GHz,ec2d14a-dirty,30328362
64,2,hammock,register-equality,0.01,4096,10000,18,16,20260810,1.404242992401123,21.692686000001572,41.24609375,0.8675475120544434,1.300637,0.092613,0.090682,0.00193,,,0.1434670917781026,0.146205954756898,c573,Intel(R) Xeon(R) Gold 6248R CPU @ 3.00GHz,ec2d14a-dirty,30328362
64,2,hammock,register-equality,0.001,4096,10000,18,16,20260810,1.135627031326294,17.667911999998807,40.234375,0.8675475120544434,0.918199,0.206084,0.204177,0.001907,,,0.024822191146294217,0.02712373549219492,c573,Intel(R) Xeon(R) Gold 6248R CPU @ 3.00GHz,ec2d14a-dirty,30328362
64,2,hammock,inclusion-exclusion,1.0,4096,10000,18,16,20260810,7.519988298416138,112.52187399999946,41.20703125,0.8675475120544434,7.347036,0.161564,0.159583,0.00198,,,0.0011886262701698977,0.006099624500164005,c573,Intel(R) Xeon(R) Gold 6248R CPU @ 3.00GHz,ec2d14a-dirty,30328362
64,2,hammock,inclusion-exclusion,0.1,4096,10000,18,16,20260810,2.864438772201538,44.41588800000011,41.28515625,0.8675475120544434,2.69563,0.158039,0.156099,0.001939,,,0.0012147353612355781,0.005924755754032396,c573,Intel(R) Xeon(R) Gold 6248R CPU @ 3.00GHz,ec2d14a-dirty,30328362
64,2,hammock,inclusion-exclusion,0.01,4096,10000,18,16,20260810,1.4841077327728271,23.044438000001264,41.26953125,0.8675475120544434,1.293817,0.178613,0.176656,0.001957,,,0.001177827607607319,0.004929187438729582,c573,Intel(R) Xeon(R) Gold 6248R CPU @ 3.00GHz,ec2d14a-dirty,30328362
64,2,hammock,inclusion-exclusion,0.001,4096,10000,18,16,20260810,1.1759421825408936,18.37409900000017,40.2421875,0.8675475120544434,0.914308,0.250548,0.248584,0.001963,,,0.0008708449574701322,0.003945604375610784,c573,Intel(R) Xeon(R) Gold 6248R CPU @ 3.00GHz,ec2d14a-dirty,30328362
128,0,bedtools,exact,,16384,10000,18,16,20260810,39.05842852592468,251.411896,19.2265625,1.7005209922790527,,,,,10.938405990600586,0.28677364034091857,0.0,0.0,c573,Intel(R) Xeon(R) Gold 6248R CPU @ 3.00GHz,ec2d14a-dirty,30328362
128,0,hammock,register-equality,1.0,16384,10000,18,16,20260810,14.981736421585083,223.8375680000002,73.203125,1.7005209922790527,14.720534,0.24782,0.240291,0.007528,,,0.1639680151050291,0.1675832376953125,c573,Intel(R) Xeon(R) Gold 6248R CPU @ 3.00GHz,ec2d14a-dirty,30328362
128,0,hammock,register-equality,0.1,16384,10000,18,16,20260810,5.679101943969727,88.04146599999922,73.2734375,1.7005209922790527,5.396465,0.268824,0.261286,0.007538,,,0.16414211119202285,0.16873115454101562,c573,Intel(R) Xeon(R) Gold 6248R CPU @ 3.00GHz,ec2d14a-dirty,30328362
128,0,hammock,register-equality,0.01,16384,10000,18,16,20260810,2.929614305496216,45.60651699999994,73.2734375,1.7005209922790527,2.59365,0.322658,0.31519,0.007468,,,0.14349695275798222,0.14667938946642262,c573,Intel(R) Xeon(R) Gold 6248R CPU @ 3.00GHz,ec2d14a-dirty,30328362
128,0,hammock,register-equality,0.001,16384,10000,18,16,20260810,2.6247591972351074,41.08448400000151,73.265625,1.7005209922790527,1.847192,0.763631,0.756129,0.007501,,,0.024796656428157933,0.027872439566028154,c573,Intel(R) Xeon(R) Gold 6248R CPU @ 3.00GHz,ec2d14a-dirty,30328362
128,0,hammock,inclusion-exclusion,1.0,16384,10000,18,16,20260810,15.38026475906372,229.9108319999999,73.2265625,1.7005209922790527,14.742351,0.62414,0.616397,0.007742,,,0.001219498331722995,0.006090410712542363,c573,Intel(R) Xeon(R) Gold 6248R CPU @ 3.00GHz,ec2d14a-dirty,30328362
128,0,hammock,inclusion-exclusion,0.1,16384,10000,18,16,20260810,6.041242599487305,93.80226200000016,73.296875,1.7005209922790527,5.399228,0.627858,0.620118,0.00774,,,0.0011883715782718106,0.006714671221530744,c573,Intel(R) Xeon(R) Gold 6248R CPU @ 3.00GHz,ec2d14a-dirty,30328362
128,0,hammock,inclusion-exclusion,0.01,16384,10000,18,16,20260810,3.3233211040496826,51.82290499999999,73.265625,1.7005209922790527,2.592182,0.717106,0.709365,0.00774,,,0.0011934748540149945,0.005947643049213636,c573,Intel(R) Xeon(R) Gold 6248R CPU @ 3.00GHz,ec2d14a-dirty,30328362
128,0,hammock,inclusion-exclusion,0.001,16384,10000,18,16,20260810,2.7939658164978027,43.658328999998616,73.28125,1.7005209922790527,1.856441,0.923266,0.915511,0.007755,,,0.0008581541193916424,0.00459489321578066,c573,Intel(R) Xeon(R) Gold 6248R CPU @ 3.00GHz,ec2d14a-dirty,30328362
128,1,bedtools,exact,,16384,10000,18,16,20260810,40.023321866989136,258.0849639999993,19.23046875,1.7102653980255127,,,,,11.405706405639648,0.2918159416699516,0.0,0.0,c573,Intel(R) Xeon(R) Gold 6248R CPU @ 3.00GHz,ec2d14a-dirty,30328362
128,1,hammock,register-equality,1.0,16384,10000,18,16,20260810,14.977964639663696,223.6499320000001,73.203125,1.7102653980255127,14.725233,0.239039,0.231485,0.007553,,,0.16394313561686386,0.16742933349609374,c573,Intel(R) Xeon(R) Gold 6248R CPU @ 3.00GHz,ec2d14a-dirty,30328362
128,1,hammock,register-equality,0.1,16384,10000,18,16,20260810,5.680625915527344,88.02312900000157,73.2578125,1.7102653980255127,5.401781,0.264651,0.25708,0.007571,,,0.16419260759794221,0.1675722468261719,c573,Intel(R) Xeon(R) Gold 6248R CPU @ 3.00GHz,ec2d14a-dirty,30328362
128,1,hammock,register-equality,0.01,16384,10000,18,16,20260810,2.9486794471740723,45.64617599999849,73.2734375,1.7102653980255127,2.612795,0.322031,0.31456,0.007471,,,0.1435147134520976,0.14672198722860794,c573,Intel(R) Xeon(R) Gold 6248R CPU @ 3.00GHz,ec2d14a-dirty,30328362
128,1,hammock,register-equality,0.001,16384,10000,18,16,20260810,2.6464529037475586,41.2014560000012,73.28125,1.7102653980255127,1.859541,0.7734,0.765918,0.007481,,,0.024748511045126934,0.027739298511030172,c573,Intel(R) Xeon(R) Gold 6248R CPU @ 3.00GHz,ec2d14a-dirty,30328362
128,1,hammock,inclusion-exclusion,1.0,16384,10000,18,16,20260810,15.345784187316895,229.61889799999983,73.25,1.7102653980255127,14.717451,0.613263,0.605538,0.007724,,,0.001182328496924733,0.005650857746342233,c573,Intel(R) Xeon(R) Gold 6248R CPU @ 3.00GHz,ec2d14a-dirty,30328362
128,1,hammock,inclusion-exclusion,0.1,16384,10000,18,16,20260810,6.07081937789917,94.17017299999878,73.28125,1.7102653980255127,5.402311,0.653255,0.645521,0.007734,,,0.0012021625619464621,0.006027566868799225,c573,Intel(R) Xeon(R) Gold 6248R CPU @ 3.00GHz,ec2d14a-dirty,30328362
128,1,hammock,inclusion-exclusion,0.01,16384,10000,18,16,20260810,3.378955125808716,52.295599000001005,73.265625,1.7102653980255127,2.614635,0.749646,0.741918,0.007728,,,0.0011835448039796495,0.006150635397525153,c573,Intel(R) Xeon(R) Gold 6248R CPU @ 3.00GHz,ec2d14a-dirty,30328362
128,1,hammock,inclusion-exclusion,0.001,16384,10000,18,16,20260810,2.7915825843811035,43.64152500000017,73.265625,1.7102653980255127,1.858108,0.919578,0.911858,0.00772,,,0.0008611000504569519,0.004514314751219606,c573,Intel(R) Xeon(R) Gold 6248R CPU @ 3.00GHz,ec2d14a-dirty,30328362
128,2,bedtools,exact,,16384,10000,18,16,20260810,39.64058256149292,257.01106900000093,19.22265625,1.7013089656829834,,,,,11.525392532348633,0.29772523990577093,0.0,0.0,c573,Intel(R) Xeon(R) Gold 6248R CPU @ 3.00GHz,ec2d14a-dirty,30328362
128,2,hammock,register-equality,1.0,16384,10000,18,16,20260810,14.959273099899292,223.7916420000006,73.1953125,1.7013089656829834,14.700786,0.245087,0.237517,0.00757,,,0.1639308336089075,0.1674541315917969,c573,Intel(R) Xeon(R) Gold 6248R CPU @ 3.00GHz,ec2d14a-dirty,30328362
128,2,hammock,register-equality,0.1,16384,10000,18,16,20260810,5.671994924545288,87.80055900000093,73.265625,1.7013089656829834,5.413527,0.244728,0.237194,0.007533,,,0.16416676369408956,0.16753271337890624,c573,Intel(R) Xeon(R) Gold 6248R CPU @ 3.00GHz,ec2d14a-dirty,30328362
128,2,hammock,register-equality,0.01,16384,10000,18,16,20260810,2.94754958152771,45.652829999999426,73.28125,1.7013089656829834,2.608966,0.324471,0.31701,0.00746,,,0.14346407730108104,0.14684081079875588,c573,Intel(R) Xeon(R) Gold 6248R CPU @ 3.00GHz,ec2d14a-dirty,30328362
128,2,hammock,register-equality,0.001,16384,10000,18,16,20260810,2.6372363567352295,41.20637099999976,73.28125,1.7013089656829834,1.856403,0.767076,0.759578,0.007497,,,0.024766503594710238,0.027406991390225358,c573,Intel(R) Xeon(R) Gold 6248R CPU @ 3.00GHz,ec2d14a-dirty,30328362
128,2,hammock,inclusion-exclusion,1.0,16384,10000,18,16,20260810,15.371763944625854,229.98895700000105,73.25390625,1.7013089656829834,14.737206,0.620978,0.613246,0.007731,,,0.0011964830327314967,0.006605465416036446,c573,Intel(R) Xeon(R) Gold 6248R CPU @ 3.00GHz,ec2d14a-dirty,30328362
128,2,hammock,inclusion-exclusion,0.1,16384,10000,18,16,20260810,6.108819961547852,94.54701999999884,73.2578125,1.7013089656829834,5.418971,0.675147,0.66741,0.007737,,,0.001225880869398417,0.005924755754032396,c573,Intel(R) Xeon(R) Gold 6248R CPU @ 3.00GHz,ec2d14a-dirty,30328362
128,2,hammock,inclusion-exclusion,0.01,16384,10000,18,16,20260810,3.3528292179107666,52.016311000001224,73.265625,1.7013089656829834,2.610488,0.72813,0.720428,0.007701,,,0.0011896251262339505,0.005740831730675022,c573,Intel(R) Xeon(R) Gold 6248R CPU @ 3.00GHz,ec2d14a-dirty,30328362
128,2,hammock,inclusion-exclusion,0.001,16384,10000,18,16,20260810,2.7902283668518066,43.657273999999234,73.28125,1.7013089656829834,1.85649,0.919987,0.912263,0.007723,,,0.000864960934414352,0.004730419848805678,c573,Intel(R) Xeon(R) Gold 6248R CPU @ 3.00GHz,ec2d14a-dirty,30328362
256,0,bedtools,exact,,65536,10000,18,16,20260810,159.6595058441162,1029.3569440000003,19.4609375,3.388423204421997,,,,,11.383771896362305,0.29204606040197345,0.0,0.0,c573,Intel(R) Xeon(R) Gold 6248R CPU @ 3.00GHz,ec2d14a-dirty,30328362
256,0,hammock,register-equality,1.0,65536,10000,18,16,20260810,30.38286304473877,454.4216209999993,137.2421875,3.388423204421997,29.397132,0.962691,0.932721,0.02997,,,0.1639677467304907,0.1675832376953125,c573,Intel(R) Xeon(R) Gold 6248R CPU @ 3.00GHz,ec2d14a-dirty,30328362
256,0,hammock,register-equality,0.1,65536,10000,18,16,20260810,11.774083137512207,182.65842399999997,137.296875,3.388423204421997,10.794465,0.961026,0.931053,0.029973,,,0.16415173608257175,0.16873115454101562,c573,Intel(R) Xeon(R) Gold 6248R CPU @ 3.00GHz,ec2d14a-dirty,30328362
256,0,hammock,register-equality,0.01,65536,10000,18,16,20260810,6.489081144332886,101.08447100000012,137.328125,3.388423204421997,5.188852,1.282128,1.25243,0.029698,,,0.14348734171319996,0.1467771539369106,c573,Intel(R) Xeon(R) Gold 6248R CPU @ 3.00GHz,ec2d14a-dirty,30328362
256,0,hammock,register-equality,0.001,65536,10000,18,16,20260810,6.785623073577881,106.92134500000066,137.328125,3.388423204421997,3.632587,3.134602,3.104823,0.029778,,,0.024774390234065143,0.027872439566028154,c573,Intel(R) Xeon(R) Gold 6248R CPU @ 3.00GHz,ec2d14a-dirty,30328362
256,0,hammock,inclusion-exclusion,1.0,65536,10000,18,16,20260810,31.848787784576416,478.12668499999904,137.234375,3.388423204421997,29.388221,2.44302,2.412465,0.030554,,,0.0012049764844125972,0.006456350053266086,c573,Intel(R) Xeon(R) Gold 6248R CPU @ 3.00GHz,ec2d14a-dirty,30328362
256,0,hammock,inclusion-exclusion,0.1,65536,10000,18,16,20260810,13.22946810722351,206.28855400000134,137.3125,3.388423204421997,10.744058,2.465892,2.435325,0.030566,,,0.0011975632288440039,0.006714671221530744,c573,Intel(R) Xeon(R) Gold 6248R CPU @ 3.00GHz,ec2d14a-dirty,30328362
256,0,hammock,inclusion-exclusion,0.01,65536,10000,18,16,20260810,7.983702898025513,125.14219099999923,137.296875,3.388423204421997,5.122706,2.840961,2.810203,0.030757,,,0.0011919748709467686,0.007044856136077929,c573,Intel(R) Xeon(R) Gold 6248R CPU @ 3.00GHz,ec2d14a-dirty,30328362
256,0,hammock,inclusion-exclusion,0.001,65536,10000,18,16,20260810,7.345909118652344,116.1573950000004,137.3515625,3.388423204421997,3.612221,3.713984,3.683099,0.030884,,,0.0008619714202852494,0.004680562837861141,c573,Intel(R) Xeon(R) Gold 6248R CPU @ 3.00GHz,ec2d14a-dirty,30328362
256,1,bedtools,exact,,65536,10000,18,16,20260810,159.17571306228638,1026.9806210000004,19.4609375,3.388044834136963,,,,,11.42573356628418,0.2940134759703383,0.0,0.0,c573,Intel(R) Xeon(R) Gold 6248R CPU @ 3.00GHz,ec2d14a-dirty,30328362
256,1,hammock,register-equality,1.0,65536,10000,18,16,20260810,30.38507318496704,454.77878099999975,137.28125,3.388044834136963,29.385348,0.981463,0.951426,0.030037,,,0.16394483636170465,0.16742933349609374,c573,Intel(R) Xeon(R) Gold 6248R CPU @ 3.00GHz,ec2d14a-dirty,30328362
256,1,hammock,register-equality,0.1,65536,10000,18,16,20260810,11.781262874603271,183.02401400000053,137.328125,3.388044834136963,10.76021,1.001635,0.971683,0.029952,,,0.16415503819510177,0.16797791845703125,c573,Intel(R) Xeon(R) Gold 6248R CPU @ 3.00GHz,ec2d14a-dirty,30328362
256,1,hammock,register-equality,0.01,65536,10000,18,16,20260810,6.454082012176514,100.8840679999987,137.328125,3.388044834136963,5.147531,1.288389,1.258605,0.029783,,,0.14349953794972872,0.14672198722860794,c573,Intel(R) Xeon(R) Gold 6248R CPU @ 3.00GHz,ec2d14a-dirty,30328362
256,1,hammock,register-equality,0.001,65536,10000,18,16,20260810,6.80805230140686,107.28795200000104,137.3125,3.388044834136963,3.638158,3.150623,3.120844,0.029779,,,0.024764284617719165,0.02791973345075857,c573,Intel(R) Xeon(R) Gold 6248R CPU @ 3.00GHz,ec2d14a-dirty,30328362
256,1,hammock,inclusion-exclusion,1.0,65536,10000,18,16,20260810,31.864484548568726,478.43334399999867,137.28125,3.388044834136963,29.393777,2.452847,2.422179,0.030667,,,0.001188313379203453,0.006426581176534302,c573,Intel(R) Xeon(R) Gold 6248R CPU @ 3.00GHz,ec2d14a-dirty,30328362
256,1,hammock,inclusion-exclusion,0.1,65536,10000,18,16,20260810,13.235379934310913,206.34705200000008,137.296875,3.388044834136963,10.75262,2.464405,2.433804,0.030601,,,0.0011886576759705715,0.006027566868799225,c573,Intel(R) Xeon(R) Gold 6248R CPU @ 3.00GHz,ec2d14a-dirty,30328362
256,1,hammock,inclusion-exclusion,0.01,65536,10000,18,16,20260810,7.979069948196411,125.03399700000159,137.3203125,3.388044834136963,5.130757,2.828419,2.797696,0.030723,,,0.001183046581058437,0.006633028554861475,c573,Intel(R) Xeon(R) Gold 6248R CPU @ 3.00GHz,ec2d14a-dirty,30328362
256,1,hammock,inclusion-exclusion,0.001,65536,10000,18,16,20260810,7.347144842147827,116.12689699999873,137.3203125,3.388044834136963,3.616154,3.71188,3.681248,0.030632,,,0.000860086004051172,0.005152658476144184,c573,Intel(R) Xeon(R) Gold 6248R CPU @ 3.00GHz,ec2d14a-dirty,30328362
256,2,bedtools,exact,,65536,10000,18,16,20260810,159.38071465492249,1025.7952009999985,19.46875,3.385042667388916,,,,,11.497259140014648,0.29547347393604834,0.0,0.0,c573,Intel(R) Xeon(R) Gold 6248R CPU @ 3.00GHz,ec2d14a-dirty,30328362
256,2,hammock,register-equality,1.0,65536,10000,18,16,20260810,30.37068200111389,454.55928599999925,137.2421875,3.385042667388916,29.392528,0.955919,0.926088,0.029831,,,0.16394229926219284,0.1674541315917969,c573,Intel(R) Xeon(R) Gold 6248R CPU @ 3.00GHz,ec2d14a-dirty,30328362
256,2,hammock,register-equality,0.1,65536,10000,18,16,20260810,11.751656293869019,182.68333499999926,137.3125,3.385042667388916,10.740487,0.988324,0.958377,0.029946,,,0.16419320158012274,0.16780431127929687,c573,Intel(R) Xeon(R) Gold 6248R CPU @ 3.00GHz,ec2d14a-dirty,30328362
256,2,hammock,register-equality,0.01,65536,10000,18,16,20260810,6.448855400085449,100.88145999999938,137.3046875,3.385042667388916,5.139393,1.291404,1.261724,0.029679,,,0.14349426894043402,0.14684081079875588,c573,Intel(R) Xeon(R) Gold 6248R CPU @ 3.00GHz,ec2d14a-dirty,30328362
256,2,hammock,register-equality,0.001,65536,10000,18,16,20260810,6.825940847396851,106.99304500000198,137.3203125,3.385042667388916,3.622643,3.183886,3.154256,0.02963,,,0.024780187809952416,0.02795391710758377,c573,Intel(R) Xeon(R) Gold 6248R CPU @ 3.00GHz,ec2d14a-dirty,30328362
256,2,hammock,inclusion-exclusion,1.0,65536,10000,18,16,20260810,31.976073741912842,479.8769039999986,137.25,3.385042667388916,29.390294,2.566658,2.535866,0.030792,,,0.0011991459751241086,0.006605465416036446,c573,Intel(R) Xeon(R) Gold 6248R CPU @ 3.00GHz,ec2d14a-dirty,30328362
256,2,hammock,inclusion-exclusion,0.1,65536,10000,18,16,20260810,13.223544836044312,206.28411799999935,137.3203125,3.385042667388916,10.750681,2.454828,2.424201,0.030626,,,0.0012214785262615927,0.007203586263573786,c573,Intel(R) Xeon(R) Gold 6248R CPU @ 3.00GHz,ec2d14a-dirty,30328362
256,2,hammock,inclusion-exclusion,0.01,65536,10000,18,16,20260810,7.995910167694092,125.24722400000064,137.3046875,3.385042667388916,5.138298,2.838266,2.807552,0.030713,,,0.0012060378019560865,0.006083639175804928,c573,Intel(R) Xeon(R) Gold 6248R CPU @ 3.00GHz,ec2d14a-dirty,30328362
256,2,hammock,inclusion-exclusion,0.001,65536,10000,18,16,20260810,7.356830835342407,116.22974500000078,137.3203125,3.385042667388916,3.625833,3.71226,3.681543,0.030716,,,0.000862177681954877,0.004730419848805678,c573,Intel(R) Xeon(R) Gold 6248R CPU @ 3.00GHz,ec2d14a-dirty,30328362
512,0,bedtools,exact,,262144,10000,18,16,20260810,635.2899010181427,4078.325029000003,19.953125,6.744140863418579,,,,,10.868072509765625,0.2802854251494152,0.0,0.0,c573,Intel(R) Xeon(R) Gold 6248R CPU @ 3.00GHz,ec2d14a-dirty,30328362
512,0,hammock,register-equality,1.0,262144,10000,18,16,20260810,62.62860679626465,937.7179339999989,266.33203125,6.744140863418579,58.8251,3.773217,3.65422,0.118997,,,0.16396920633599962,0.16804611254882812,c573,Intel(R) Xeon(R) Gold 6248R CPU @ 3.00GHz,ec2d14a-dirty,30328362
512,0,hammock,register-equality,0.1,262144,10000,18,16,20260810,25.43046545982361,394.5204779999999,266.35546875,6.744140863418579,21.598542,3.804809,3.685613,0.119196,,,0.16415159865903983,0.16873115454101562,c573,Intel(R) Xeon(R) Gold 6248R CPU @ 3.00GHz,ec2d14a-dirty,30328362
512,0,hammock,register-equality,0.01,262144,10000,18,16,20260810,15.449802875518799,241.38654300000144,266.39453125,6.744140863418579,10.312197,5.107967,4.990029,0.117937,,,0.1435113001520079,0.14727275664580924,c573,Intel(R) Xeon(R) Gold 6248R CPU @ 3.00GHz,ec2d14a-dirty,30328362
512,0,hammock,register-equality,0.001,262144,10000,18,16,20260810,19.708893299102783,310.2838510000006,266.37109375,6.744140863418579,7.275275,12.404581,12.28659,0.11799,,,0.024764261739715708,0.02827060724709901,c573,Intel(R) Xeon(R) Gold 6248R CPU @ 3.00GHz,ec2d14a-dirty,30328362
512,0,hammock,inclusion-exclusion,1.0,262144,10000,18,16,20260810,68.75462937355042,1034.6166020000005,266.38671875,6.744140863418579,58.91017,9.815799,9.69358,0.122218,,,0.0011960960960582215,0.006737744256522016,c573,Intel(R) Xeon(R) Gold 6248R CPU @ 3.00GHz,ec2d14a-dirty,30328362
512,0,hammock,inclusion-exclusion,0.1,262144,10000,18,16,20260810,31.517946481704712,491.1954059999971,266.38671875,6.744140863418579,21.598999,9.889165,9.76666,0.122505,,,0.001192847341725767,0.0067355411087202804,c573,Intel(R) Xeon(R) Gold 6248R CPU @ 3.00GHz,ec2d14a-dirty,30328362
512,0,hammock,inclusion-exclusion,0.01,262144,10000,18,16,20260810,21.38032627105713,334.7208449999994,266.39453125,6.744140863418579,10.415265,10.935775,10.813384,0.122391,,,0.0011917563697844949,0.007044856136077929,c573,Intel(R) Xeon(R) Gold 6248R CPU @ 3.00GHz,ec2d14a-dirty,30328362
512,0,hammock,inclusion-exclusion,0.001,262144,10000,18,16,20260810,22.1062970161438,348.45691100000295,266.37109375,6.744140863418579,7.378537,14.698802,14.576405,0.122396,,,0.0008559225649977504,0.005021725283506723,c573,Intel(R) Xeon(R) Gold 6248R CPU @ 3.00GHz,ec2d14a-dirty,30328362
512,1,bedtools,exact,,262144,10000,18,16,20260810,637.4640176296234,4084.4708650000007,19.953125,6.7531232833862305,,,,,10.846138000488281,0.27876573435592455,0.0,0.0,c573,Intel(R) Xeon(R) Gold 6248R CPU @ 3.00GHz,ec2d14a-dirty,30328362
512,1,hammock,register-equality,1.0,262144,10000,18,16,20260810,62.60663318634033,938.1997399999982,266.30078125,6.7531232833862305,58.774233,3.805166,3.686278,0.118888,,,0.16395879313792375,0.16764841333007813,c573,Intel(R) Xeon(R) Gold 6248R CPU @ 3.00GHz,ec2d14a-dirty,30328362
512,1,hammock,register-equality,0.1,262144,10000,18,16,20260810,25.412808179855347,394.91405300000133,266.36328125,6.7531232833862305,21.523613,3.857332,3.737803,0.119528,,,0.16416619981034,0.1679965185546875,c573,Intel(R) Xeon(R) Gold 6248R CPU @ 3.00GHz,ec2d14a-dirty,30328362
512,1,hammock,register-equality,0.01,262144,10000,18,16,20260810,15.471573829650879,241.68427699999938,266.37890625,6.7531232833862305,10.307297,5.136691,5.018574,0.118116,,,0.14350800288344978,0.14707707471791398,c573,Intel(R) Xeon(R) Gold 6248R CPU @ 3.00GHz,ec2d14a-dirty,30328362
512,1,hammock,register-equality,0.001,262144,10000,18,16,20260810,19.87881636619568,312.3238690000003,266.35546875,6.7531232833862305,7.316086,12.532192,12.41318,0.119012,,,0.024776726193755108,0.02810137951475633,c573,Intel(R) Xeon(R) Gold 6248R CPU @ 3.00GHz,ec2d14a-dirty,30328362
512,1,hammock,inclusion-exclusion,1.0,262144,10000,18,16,20260810,68.60371494293213,1033.7168840000013,266.36328125,6.7531232833862305,58.768131,9.80783,9.685623,0.122206,,,0.001193360531966427,0.007242761805459699,c573,Intel(R) Xeon(R) Gold 6248R CPU @ 3.00GHz,ec2d14a-dirty,30328362
512,1,hammock,inclusion-exclusion,0.1,262144,10000,18,16,20260810,31.406903982162476,490.3842789999985,266.35546875,6.7531232833862305,21.51546,9.864174,9.742141,0.122032,,,0.0012036330371834748,0.006722106919262977,c573,Intel(R) Xeon(R) Gold 6248R CPU @ 3.00GHz,ec2d14a-dirty,30328362
512,1,hammock,inclusion-exclusion,0.01,262144,10000,18,16,20260810,21.285102128982544,334.29257200000256,266.39453125,6.7531232833862305,10.288253,10.96801,10.845617,0.122392,,,0.001192689601503938,0.006633028554861475,c573,Intel(R) Xeon(R) Gold 6248R CPU @ 3.00GHz,ec2d14a-dirty,30328362
512,1,hammock,inclusion-exclusion,0.001,262144,10000,18,16,20260810,22.061972618103027,348.1009529999983,266.36328125,6.7531232833862305,7.320772,14.712164,14.589904,0.12226,,,0.0008591210026822655,0.005152658476144184,c573,Intel(R) Xeon(R) Gold 6248R CPU @ 3.00GHz,ec2d14a-dirty,30328362
512,2,bedtools,exact,,262144,10000,18,16,20260810,637.6437251567841,4071.6176900000028,19.94921875,6.74929141998291,,,,,11.056661605834961,0.284096489313775,0.0,0.0,c573,Intel(R) Xeon(R) Gold 6248R CPU @ 3.00GHz,ec2d14a-dirty,30328362
512,2,hammock,register-equality,1.0,262144,10000,18,16,20260810,62.65424370765686,937.8407590000024,266.29296875,6.74929141998291,58.849538,3.77358,3.654554,0.119026,,,0.16394076487522363,0.16815669506835937,c573,Intel(R) Xeon(R) Gold 6248R CPU @ 3.00GHz,ec2d14a-dirty,30328362
512,2,hammock,register-equality,0.1,262144,10000,18,16,20260810,25.403539180755615,394.4664590000011,266.37109375,6.74929141998291,21.540581,3.823615,3.704673,0.118942,,,0.1641772852442953,0.1681236428222656,c573,Intel(R) Xeon(R) Gold 6248R CPU @ 3.00GHz,ec2d14a-dirty,30328362
512,2,hammock,register-equality,0.01,262144,10000,18,16,20260810,15.632764101028442,243.4721399999953,266.37890625,6.74929141998291,10.371263,5.233844,5.115673,0.118171,,,0.14349143800888317,0.14715627888446217,c573,Intel(R) Xeon(R) Gold 6248R CPU @ 3.00GHz,ec2d14a-dirty,30328362
512,2,hammock,register-equality,0.001,262144,10000,18,16,20260810,19.65593695640564,309.5889770000058,266.37109375,6.74929141998291,7.286579,12.341061,12.222331,0.11873,,,0.024768789054955682,0.02795391710758377,c573,Intel(R) Xeon(R) Gold 6248R CPU @ 3.00GHz,ec2d14a-dirty,30328362
512,2,hammock,inclusion-exclusion,1.0,262144,10000,18,16,20260810,68.58511400222778,1033.3978009999964,266.37890625,6.74929141998291,58.780257,9.778175,9.656078,0.122097,,,0.001201608697897019,0.006984217615942395,c573,Intel(R) Xeon(R) Gold 6248R CPU @ 3.00GHz,ec2d14a-dirty,30328362
512,2,hammock,inclusion-exclusion,0.1,262144,10000,18,16,20260810,31.40883731842041,489.74683899999945,266.36328125,6.74929141998291,21.576427,9.798161,9.676125,0.122036,,,0.001214708113553581,0.007203586263573786,c573,Intel(R) Xeon(R) Gold 6248R CPU @ 3.00GHz,ec2d14a-dirty,30328362
512,2,hammock,inclusion-exclusion,0.01,262144,10000,18,16,20260810,21.32596230506897,334.41620299999977,266.38671875,6.74929141998291,10.362126,10.935478,10.813218,0.12226,,,0.001206620082697915,0.007699021971963302,c573,Intel(R) Xeon(R) Gold 6248R CPU @ 3.00GHz,ec2d14a-dirty,30328362
512,2,hammock,inclusion-exclusion,0.001,262144,10000,18,16,20260810,21.93501305580139,346.8313160000025,266.37890625,6.74929141998291,7.27366,14.633345,14.510954,0.122391,,,0.0008539650112068767,0.004730419848805678,c573,Intel(R) Xeon(R) Gold 6248R CPU @ 3.00GHz,ec2d14a-dirty,30328362
