corpus,method,size_class,num_intervals,subB,rep,run_id,file_a,file_b,jaccard,wall_time,cpu_time,max_rss_mb,sketch_creation_time,comparison_time,precision,threads
maurano,bedtools,maurano,,1.0,0,1,fBrain-DS14718.hotspot.twopass.fdr0.05.merge.bed,fIntestine_Sm-DS16712.hg19.hotspot.twopass.fdr0.05.merge.bed,0.206104,7.813109874725342,54.197527,31.9609375,,,,8
maurano,bedtools,maurano,,1.0,0,1,fBrain-DS14718.hotspot.twopass.fdr0.05.merge.bed,fHeart-DS15643.hotspot.twopass.fdr0.05.merge.bed,0.240543,7.813109874725342,54.197527,31.9609375,,,,8
maurano,bedtools,maurano,,1.0,0,1,fBrain-DS14718.hotspot.twopass.fdr0.05.merge.bed,fBrain-DS16302.hotspot.twopass.fdr0.05.merge.bed,0.354341,7.813109874725342,54.197527,31.9609375,,,,8
maurano,bedtools,maurano,,1.0,0,1,fBrain-DS14718.hotspot.twopass.fdr0.05.merge.bed,fHeart-DS16621.hotspot.twopass.fdr0.05.merge.bed,0.227235,7.813109874725342,54.197527,31.9609375,,,,8
maurano,bedtools,maurano,,1.0,0,1,fBrain-DS14718.hotspot.twopass.fdr0.05.merge.bed,fIntestine_Sm-DS16559.hotspot.twopass.fdr0.05.merge.bed,0.208473,7.813109874725342,54.197527,31.9609375,,,,8
maurano,bedtools,maurano,,1.0,0,1,fBrain-DS14718.hotspot.twopass.fdr0.05.merge.bed,fIntestine_Sm-DS16822.hotspot.twopass.fdr0.05.merge.bed,0.201612,7.813109874725342,54.197527,31.9609375,,,,8
maurano,bedtools,maurano,,1.0,0,1,fBrain-DS14718.hotspot.twopass.fdr0.05.merge.bed,fHeart-DS15839.hotspot.twopass.fdr0.05.merge.bed,0.220057,7.813109874725342,54.197527,31.9609375,,,,8
maurano,bedtools,maurano,,1.0,0,1,fBrain-DS14718.hotspot.twopass.fdr0.05.merge.bed,fIntestine_Sm-DS18495.hg19.hotspot.twopass.fdr0.05.merge.bed,0.190684,7.813109874725342,54.197527,31.9609375,,,,8
maurano,bedtools,maurano,,1.0,0,1,fBrain-DS14718.hotspot.twopass.fdr0.05.merge.bed,fIntestine_Sm-DS17808.hg19.hotspot.twopass.fdr0.05.merge.bed,0.215237,7.813109874725342,54.197527,31.9609375,,,,8
maurano,bedtools,maurano,,1.0,0,1,fBrain-DS14718.hotspot.twopass.fdr0.05.merge.bed,fLung_R-DS15632.hotspot.twopass.fdr0.05.merge.bed,0.260759,7.813109874725342,54.197527,31.9609375,,,,8
maurano,bedtools,maurano,,1.0,0,1,fBrain-DS14718.hotspot.twopass.fdr0.05.merge.bed,fKidney_renal_cortex_L-DS17550.hg19.hotspot.twopass.fdr0.05.merge.bed,0.260934,7.813109874725342,54.197527,31.9609375,,,,8
maurano,bedtools,maurano,,1.0,0,1,fBrain-DS14718.hotspot.twopass.fdr0.05.merge.bed,fLung_L-DS17154.hg19.hotspot.twopass.fdr0.05.merge.bed,0.254287,7.813109874725342,54.197527,31.9609375,,,,8
maurano,bedtools,maurano,,1.0,0,1,fBrain-DS14718.hotspot.twopass.fdr0.05.merge.bed,fLung_L-DS18421.hg19.hotspot.twopass.fdr0.05.merge.bed,0.25417,7.813109874725342,54.197527,31.9609375,,,,8
maurano,bedtools,maurano,,1.0,0,1,fBrain-DS14718.hotspot.twopass.fdr0.05.merge.bed,fMuscle_arm-DS19053.hg19.hotspot.twopass.fdr0.05.merge.bed,0.263693,7.813109874725342,54.197527,31.9609375,,,,8
maurano,bedtools,maurano,,1.0,0,1,fBrain-DS14718.hotspot.twopass.fdr0.05.merge.bed,fMuscle_back-DS18454.hg19.hotspot.twopass.fdr0.05.merge.bed,0.265443,7.813109874725342,54.197527,31.9609375,,,,8
maurano,bedtools,maurano,,1.0,0,1,fBrain-DS14718.hotspot.twopass.fdr0.05.merge.bed,fMuscle_leg-DS19115.hg19.hotspot.twopass.fdr0.05.merge.bed,0.266904,7.813109874725342,54.197527,31.9609375,,,,8
maurano,bedtools,maurano,,1.0,0,1,fBrain-DS16302.hotspot.twopass.fdr0.05.merge.bed,fHeart-DS15643.hotspot.twopass.fdr0.05.merge.bed,0.231572,7.813109874725342,54.197527,31.9609375,,,,8
maurano,bedtools,maurano,,1.0,0,1,fBrain-DS14718.hotspot.twopass.fdr0.05.merge.bed,fMuscle_leg-DS19158.hg19.hotspot.twopass.fdr0.05.merge.bed,0.244176,7.813109874725342,54.197527,31.9609375,,,,8
maurano,bedtools,maurano,,1.0,0,1,fBrain-DS14718.hotspot.twopass.fdr0.05.merge.bed,fSkin_fibro_bicep_R-DS19745.hg19.hotspot.twopass.fdr0.05.merge.bed,0.15608,7.813109874725342,54.197527,31.9609375,,,,8
maurano,bedtools,maurano,,1.0,0,1,fBrain-DS14718.hotspot.twopass.fdr0.05.merge.bed,fStomach-DS17659.hg19.hotspot.twopass.fdr0.05.merge.bed,0.248625,7.813109874725342,54.197527,31.9609375,,,,8
maurano,bedtools,maurano,,1.0,0,1,fBrain-DS16302.hotspot.twopass.fdr0.05.merge.bed,fHeart-DS15839.hotspot.twopass.fdr0.05.merge.bed,0.209813,7.813109874725342,54.197527,31.9609375,,,,8
maurano,bedtools,maurano,,1.0,0,1,fBrain-DS16302.hotspot.twopass.fdr0.05.merge.bed,fIntestine_Sm-DS16712.hg19.hotspot.twopass.fdr0.05.merge.bed,0.17876,7.813109874725342,54.197527,31.9609375,,,,8
maurano,bedtools,maurano,,1.0,0,1,fBrain-DS16302.hotspot.twopass.fdr0.05.merge.bed,fHeart-DS16621.hotspot.twopass.fdr0.05.merge.bed,0.226111,7.813109874725342,54.197527,31.9609375,,,,8
maurano,bedtools,maurano,,1.0,0,1,fBrain-DS16302.hotspot.twopass.fdr0.05.merge.bed,fIntestine_Sm-DS16559.hotspot.twopass.fdr0.05.merge.bed,0.194993,7.813109874725342,54.197527,31.9609375,,,,8
maurano,bedtools,maurano,,1.0,0,1,fBrain-DS16302.hotspot.twopass.fdr0.05.merge.bed,fIntestine_Sm-DS18495.hg19.hotspot.twopass.fdr0.05.merge.bed,0.175085,7.813109874725342,54.197527,31.9609375,,,,8
maurano,bedtools,maurano,,1.0,0,1,fBrain-DS16302.hotspot.twopass.fdr0.05.merge.bed,fIntestine_Sm-DS17808.hg19.hotspot.twopass.fdr0.05.merge.bed,0.191957,7.813109874725342,54.197527,31.9609375,,,,8
maurano,bedtools,maurano,,1.0,0,1,fBrain-DS16302.hotspot.twopass.fdr0.05.merge.bed,fIntestine_Sm-DS16822.hotspot.twopass.fdr0.05.merge.bed,0.183641,7.813109874725342,54.197527,31.9609375,,,,8
maurano,bedtools,maurano,,1.0,0,1,fBrain-DS16302.hotspot.twopass.fdr0.05.merge.bed,fKidney_renal_cortex_L-DS17550.hg19.hotspot.twopass.fdr0.05.merge.bed,0.237877,7.813109874725342,54.197527,31.9609375,,,,8
maurano,bedtools,maurano,,1.0,0,1,fBrain-DS16302.hotspot.twopass.fdr0.05.merge.bed,fLung_L-DS17154.hg19.hotspot.twopass.fdr0.05.merge.bed,0.258712,7.813109874725342,54.197527,31.9609375,,,,8
maurano,bedtools,maurano,,1.0,0,1,fBrain-DS16302.hotspot.twopass.fdr0.05.merge.bed,fLung_R-DS15632.hotspot.twopass.fdr0.05.merge.bed,0.259236,7.813109874725342,54.197527,31.9609375,,,,8
maurano,bedtools,maurano,,1.0,0,1,fBrain-DS16302.hotspot.twopass.fdr0.05.merge.bed,fLung_L-DS18421.hg19.hotspot.twopass.fdr0.05.merge.bed,0.251358,7.813109874725342,54.197527,31.9609375,,,,8
maurano,bedtools,maurano,,1.0,0,1,fBrain-DS16302.hotspot.twopass.fdr0.05.merge.bed,fMuscle_arm-DS19053.hg19.hotspot.twopass.fdr0.05.merge.bed,0.252318,7.813109874725342,54.197527,31.9609375,,,,8
maurano,bedtools,maurano,,1.0,0,1,fBrain-DS16302.hotspot.twopass.fdr0.05.merge.bed,fMuscle_leg-DS19115.hg19.hotspot.twopass.fdr0.05.merge.bed,0.249425,7.813109874725342,54.197527,31.9609375,,,,8
maurano,bedtools,maurano,,1.0,0,1,fBrain-DS16302.hotspot.twopass.fdr0.05.merge.bed,fMuscle_back-DS18454.hg19.hotspot.twopass.fdr0.05.merge.bed,0.24471,7.813109874725342,54.197527,31.9609375,,,,8
maurano,bedtools,maurano,,1.0,0,1,fBrain-DS16302.hotspot.twopass.fdr0.05.merge.bed,fMuscle_leg-DS19158.hg19.hotspot.twopass.fdr0.05.merge.bed,0.244333,7.813109874725342,54.197527,31.9609375,,,,8
maurano,bedtools,maurano,,1.0,0,1,fBrain-DS16302.hotspot.twopass.fdr0.05.merge.bed,fSkin_fibro_bicep_R-DS19745.hg19.hotspot.twopass.fdr0.05.merge.bed,0.135481,7.813109874725342,54.197527,31.9609375,,,,8
maurano,bedtools,maurano,,1.0,0,1,fBrain-DS16302.hotspot.twopass.fdr0.05.merge.bed,fStomach-DS17659.hg19.hotspot.twopass.fdr0.05.merge.bed,0.215611,7.813109874725342,54.197527,31.9609375,,,,8
maurano,bedtools,maurano,,1.0,0,1,fHeart-DS15643.hotspot.twopass.fdr0.05.merge.bed,fIntestine_Sm-DS16712.hg19.hotspot.twopass.fdr0.05.merge.bed,0.252223,7.813109874725342,54.197527,31.9609375,,,,8
maurano,bedtools,maurano,,1.0,0,1,fHeart-DS15643.hotspot.twopass.fdr0.05.merge.bed,fHeart-DS16621.hotspot.twopass.fdr0.05.merge.bed,0.612503,7.813109874725342,54.197527,31.9609375,,,,8
maurano,bedtools,maurano,,1.0,0,1,fHeart-DS15643.hotspot.twopass.fdr0.05.merge.bed,fIntestine_Sm-DS16559.hotspot.twopass.fdr0.05.merge.bed,0.274958,7.813109874725342,54.197527,31.9609375,,,,8
maurano,bedtools,maurano,,1.0,0,1,fHeart-DS15643.hotspot.twopass.fdr0.05.merge.bed,fHeart-DS15839.hotspot.twopass.fdr0.05.merge.bed,0.501456,7.813109874725342,54.197527,31.9609375,,,,8
maurano,bedtools,maurano,,1.0,0,1,fHeart-DS15643.hotspot.twopass.fdr0.05.merge.bed,fIntestine_Sm-DS16822.hotspot.twopass.fdr0.05.merge.bed,0.259862,7.813109874725342,54.197527,31.9609375,,,,8
maurano,bedtools,maurano,,1.0,0,1,fHeart-DS15643.hotspot.twopass.fdr0.05.merge.bed,fIntestine_Sm-DS17808.hg19.hotspot.twopass.fdr0.05.merge.bed,0.279561,7.813109874725342,54.197527,31.9609375,,,,8
maurano,bedtools,maurano,,1.0,0,1,fHeart-DS15643.hotspot.twopass.fdr0.05.merge.bed,fIntestine_Sm-DS18495.hg19.hotspot.twopass.fdr0.05.merge.bed,0.247321,7.813109874725342,54.197527,31.9609375,,,,8
maurano,bedtools,maurano,,1.0,0,1,fHeart-DS15643.hotspot.twopass.fdr0.05.merge.bed,fKidney_renal_cortex_L-DS17550.hg19.hotspot.twopass.fdr0.05.merge.bed,0.305128,7.813109874725342,54.197527,31.9609375,,,,8
maurano,bedtools,maurano,,1.0,0,1,fHeart-DS15643.hotspot.twopass.fdr0.05.merge.bed,fLung_L-DS17154.hg19.hotspot.twopass.fdr0.05.merge.bed,0.321958,7.813109874725342,54.197527,31.9609375,,,,8
maurano,bedtools,maurano,,1.0,0,1,fHeart-DS15643.hotspot.twopass.fdr0.05.merge.bed,fLung_R-DS15632.hotspot.twopass.fdr0.05.merge.bed,0.327153,7.813109874725342,54.197527,31.9609375,,,,8
maurano,bedtools,maurano,,1.0,0,1,fHeart-DS15643.hotspot.twopass.fdr0.05.merge.bed,fLung_L-DS18421.hg19.hotspot.twopass.fdr0.05.merge.bed,0.323751,7.813109874725342,54.197527,31.9609375,,,,8
maurano,bedtools,maurano,,1.0,0,1,fHeart-DS15643.hotspot.twopass.fdr0.05.merge.bed,fMuscle_arm-DS19053.hg19.hotspot.twopass.fdr0.05.merge.bed,0.322471,7.813109874725342,54.197527,31.9609375,,,,8
maurano,bedtools,maurano,,1.0,0,1,fHeart-DS15643.hotspot.twopass.fdr0.05.merge.bed,fMuscle_back-DS18454.hg19.hotspot.twopass.fdr0.05.merge.bed,0.32779,7.813109874725342,54.197527,31.9609375,,,,8
maurano,bedtools,maurano,,1.0,0,1,fHeart-DS15643.hotspot.twopass.fdr0.05.merge.bed,fMuscle_leg-DS19115.hg19.hotspot.twopass.fdr0.05.merge.bed,0.321602,7.813109874725342,54.197527,31.9609375,,,,8
maurano,bedtools,maurano,,1.0,0,1,fHeart-DS15643.hotspot.twopass.fdr0.05.merge.bed,fMuscle_leg-DS19158.hg19.hotspot.twopass.fdr0.05.merge.bed,0.297134,7.813109874725342,54.197527,31.9609375,,,,8
maurano,bedtools,maurano,,1.0,0,1,fHeart-DS15643.hotspot.twopass.fdr0.05.merge.bed,fSkin_fibro_bicep_R-DS19745.hg19.hotspot.twopass.fdr0.05.merge.bed,0.18551,7.813109874725342,54.197527,31.9609375,,,,8
maurano,bedtools,maurano,,1.0,0,1,fHeart-DS15643.hotspot.twopass.fdr0.05.merge.bed,fStomach-DS17659.hg19.hotspot.twopass.fdr0.05.merge.bed,0.295735,7.813109874725342,54.197527,31.9609375,,,,8
maurano,bedtools,maurano,,1.0,0,1,fHeart-DS15839.hotspot.twopass.fdr0.05.merge.bed,fIntestine_Sm-DS16712.hg19.hotspot.twopass.fdr0.05.merge.bed,0.234683,7.813109874725342,54.197527,31.9609375,,,,8
maurano,bedtools,maurano,,1.0,0,1,fHeart-DS15839.hotspot.twopass.fdr0.05.merge.bed,fHeart-DS16621.hotspot.twopass.fdr0.05.merge.bed,0.50637,7.813109874725342,54.197527,31.9609375,,,,8
maurano,bedtools,maurano,,1.0,0,1,fHeart-DS15839.hotspot.twopass.fdr0.05.merge.bed,fIntestine_Sm-DS16559.hotspot.twopass.fdr0.05.merge.bed,0.253843,7.813109874725342,54.197527,31.9609375,,,,8
maurano,bedtools,maurano,,1.0,0,1,fHeart-DS15839.hotspot.twopass.fdr0.05.merge.bed,fIntestine_Sm-DS16822.hotspot.twopass.fdr0.05.merge.bed,0.236505,7.813109874725342,54.197527,31.9609375,,,,8
maurano,bedtools,maurano,,1.0,0,1,fHeart-DS15839.hotspot.twopass.fdr0.05.merge.bed,fIntestine_Sm-DS18495.hg19.hotspot.twopass.fdr0.05.merge.bed,0.220866,7.813109874725342,54.197527,31.9609375,,,,8
maurano,bedtools,maurano,,1.0,0,1,fHeart-DS15839.hotspot.twopass.fdr0.05.merge.bed,fIntestine_Sm-DS17808.hg19.hotspot.twopass.fdr0.05.merge.bed,0.262172,7.813109874725342,54.197527,31.9609375,,,,8
maurano,bedtools,maurano,,1.0,0,1,fHeart-DS15839.hotspot.twopass.fdr0.05.merge.bed,fKidney_renal_cortex_L-DS17550.hg19.hotspot.twopass.fdr0.05.merge.bed,0.278114,7.813109874725342,54.197527,31.9609375,,,,8
maurano,bedtools,maurano,,1.0,0,1,fHeart-DS15839.hotspot.twopass.fdr0.05.merge.bed,fLung_L-DS17154.hg19.hotspot.twopass.fdr0.05.merge.bed,0.289965,7.813109874725342,54.197527,31.9609375,,,,8
maurano,bedtools,maurano,,1.0,0,1,fHeart-DS15839.hotspot.twopass.fdr0.05.merge.bed,fLung_R-DS15632.hotspot.twopass.fdr0.05.merge.bed,0.280371,7.813109874725342,54.197527,31.9609375,,,,8
maurano,bedtools,maurano,,1.0,0,1,fHeart-DS15839.hotspot.twopass.fdr0.05.merge.bed,fLung_L-DS18421.hg19.hotspot.twopass.fdr0.05.merge.bed,0.285643,7.813109874725342,54.197527,31.9609375,,,,8
maurano,bedtools,maurano,,1.0,0,1,fHeart-DS15839.hotspot.twopass.fdr0.05.merge.bed,fMuscle_arm-DS19053.hg19.hotspot.twopass.fdr0.05.merge.bed,0.273637,7.813109874725342,54.197527,31.9609375,,,,8
maurano,bedtools,maurano,,1.0,0,1,fHeart-DS15839.hotspot.twopass.fdr0.05.merge.bed,fMuscle_back-DS18454.hg19.hotspot.twopass.fdr0.05.merge.bed,0.273879,7.813109874725342,54.197527,31.9609375,,,,8
maurano,bedtools,maurano,,1.0,0,1,fHeart-DS15839.hotspot.twopass.fdr0.05.merge.bed,fMuscle_leg-DS19115.hg19.hotspot.twopass.fdr0.05.merge.bed,0.265811,7.813109874725342,54.197527,31.9609375,,,,8
maurano,bedtools,maurano,,1.0,0,1,fHeart-DS15839.hotspot.twopass.fdr0.05.merge.bed,fMuscle_leg-DS19158.hg19.hotspot.twopass.fdr0.05.merge.bed,0.250537,7.813109874725342,54.197527,31.9609375,,,,8
maurano,bedtools,maurano,,1.0,0,1,fHeart-DS15839.hotspot.twopass.fdr0.05.merge.bed,fSkin_fibro_bicep_R-DS19745.hg19.hotspot.twopass.fdr0.05.merge.bed,0.155952,7.813109874725342,54.197527,31.9609375,,,,8
maurano,bedtools,maurano,,1.0,0,1,fHeart-DS15839.hotspot.twopass.fdr0.05.merge.bed,fStomach-DS17659.hg19.hotspot.twopass.fdr0.05.merge.bed,0.2491,7.813109874725342,54.197527,31.9609375,,,,8
maurano,bedtools,maurano,,1.0,0,1,fHeart-DS16621.hotspot.twopass.fdr0.05.merge.bed,fIntestine_Sm-DS16712.hg19.hotspot.twopass.fdr0.05.merge.bed,0.226441,7.813109874725342,54.197527,31.9609375,,,,8
maurano,bedtools,maurano,,1.0,0,1,fHeart-DS16621.hotspot.twopass.fdr0.05.merge.bed,fIntestine_Sm-DS16559.hotspot.twopass.fdr0.05.merge.bed,0.270273,7.813109874725342,54.197527,31.9609375,,,,8
maurano,bedtools,maurano,,1.0,0,1,fHeart-DS16621.hotspot.twopass.fdr0.05.merge.bed,fIntestine_Sm-DS16822.hotspot.twopass.fdr0.05.merge.bed,0.248787,7.813109874725342,54.197527,31.9609375,,,,8
maurano,bedtools,maurano,,1.0,0,1,fHeart-DS16621.hotspot.twopass.fdr0.05.merge.bed,fIntestine_Sm-DS18495.hg19.hotspot.twopass.fdr0.05.merge.bed,0.23503,7.813109874725342,54.197527,31.9609375,,,,8
maurano,bedtools,maurano,,1.0,0,1,fHeart-DS16621.hotspot.twopass.fdr0.05.merge.bed,fIntestine_Sm-DS17808.hg19.hotspot.twopass.fdr0.05.merge.bed,0.262196,7.813109874725342,54.197527,31.9609375,,,,8
maurano,bedtools,maurano,,1.0,0,1,fHeart-DS16621.hotspot.twopass.fdr0.05.merge.bed,fKidney_renal_cortex_L-DS17550.hg19.hotspot.twopass.fdr0.05.merge.bed,0.296984,7.813109874725342,54.197527,31.9609375,,,,8
maurano,bedtools,maurano,,1.0,0,1,fHeart-DS16621.hotspot.twopass.fdr0.05.merge.bed,fLung_R-DS15632.hotspot.twopass.fdr0.05.merge.bed,0.309777,7.813109874725342,54.197527,31.9609375,,,,8
maurano,bedtools,maurano,,1.0,0,1,fHeart-DS16621.hotspot.twopass.fdr0.05.merge.bed,fLung_L-DS18421.hg19.hotspot.twopass.fdr0.05.merge.bed,0.317823,7.813109874725342,54.197527,31.9609375,,,,8
maurano,bedtools,maurano,,1.0,0,1,fHeart-DS16621.hotspot.twopass.fdr0.05.merge.bed,fLung_L-DS17154.hg19.hotspot.twopass.fdr0.05.merge.bed,0.319891,7.813109874725342,54.197527,31.9609375,,,,8
maurano,bedtools,maurano,,1.0,0,1,fHeart-DS16621.hotspot.twopass.fdr0.05.merge.bed,fMuscle_arm-DS19053.hg19.hotspot.twopass.fdr0.05.merge.bed,0.305358,7.813109874725342,54.197527,31.9609375,,,,8
maurano,bedtools,maurano,,1.0,0,1,fHeart-DS16621.hotspot.twopass.fdr0.05.merge.bed,fMuscle_back-DS18454.hg19.hotspot.twopass.fdr0.05.merge.bed,0.309559,7.813109874725342,54.197527,31.9609375,,,,8
maurano,bedtools,maurano,,1.0,0,1,fHeart-DS16621.hotspot.twopass.fdr0.05.merge.bed,fMuscle_leg-DS19115.hg19.hotspot.twopass.fdr0.05.merge.bed,0.301319,7.813109874725342,54.197527,31.9609375,,,,8
maurano,bedtools,maurano,,1.0,0,1,fHeart-DS16621.hotspot.twopass.fdr0.05.merge.bed,fMuscle_leg-DS19158.hg19.hotspot.twopass.fdr0.05.merge.bed,0.291388,7.813109874725342,54.197527,31.9609375,,,,8
maurano,bedtools,maurano,,1.0,0,1,fHeart-DS16621.hotspot.twopass.fdr0.05.merge.bed,fSkin_fibro_bicep_R-DS19745.hg19.hotspot.twopass.fdr0.05.merge.bed,0.170995,7.813109874725342,54.197527,31.9609375,,,,8
maurano,bedtools,maurano,,1.0,0,1,fHeart-DS16621.hotspot.twopass.fdr0.05.merge.bed,fStomach-DS17659.hg19.hotspot.twopass.fdr0.05.merge.bed,0.267889,7.813109874725342,54.197527,31.9609375,,,,8
maurano,bedtools,maurano,,1.0,0,1,fIntestine_Sm-DS16559.hotspot.twopass.fdr0.05.merge.bed,fIntestine_Sm-DS16712.hg19.hotspot.twopass.fdr0.05.merge.bed,0.451537,7.813109874725342,54.197527,31.9609375,,,,8
maurano,bedtools,maurano,,1.0,0,1,fIntestine_Sm-DS16559.hotspot.twopass.fdr0.05.merge.bed,fIntestine_Sm-DS16822.hotspot.twopass.fdr0.05.merge.bed,0.607371,7.813109874725342,54.197527,31.9609375,,,,8
maurano,bedtools,maurano,,1.0,0,1,fIntestine_Sm-DS16559.hotspot.twopass.fdr0.05.merge.bed,fIntestine_Sm-DS18495.hg19.hotspot.twopass.fdr0.05.merge.bed,0.554788,7.813109874725342,54.197527,31.9609375,,,,8
maurano,bedtools,maurano,,1.0,0,1,fIntestine_Sm-DS16559.hotspot.twopass.fdr0.05.merge.bed,fIntestine_Sm-DS17808.hg19.hotspot.twopass.fdr0.05.merge.bed,0.57613,7.813109874725342,54.197527,31.9609375,,,,8
maurano,bedtools,maurano,,1.0,0,1,fIntestine_Sm-DS16559.hotspot.twopass.fdr0.05.merge.bed,fKidney_renal_cortex_L-DS17550.hg19.hotspot.twopass.fdr0.05.merge.bed,0.313097,7.813109874725342,54.197527,31.9609375,,,,8
maurano,bedtools,maurano,,1.0,0,1,fIntestine_Sm-DS16559.hotspot.twopass.fdr0.05.merge.bed,fLung_R-DS15632.hotspot.twopass.fdr0.05.merge.bed,0.310454,7.813109874725342,54.197527,31.9609375,,,,8
maurano,bedtools,maurano,,1.0,0,1,fIntestine_Sm-DS16559.hotspot.twopass.fdr0.05.merge.bed,fLung_L-DS17154.hg19.hotspot.twopass.fdr0.05.merge.bed,0.313202,7.813109874725342,54.197527,31.9609375,,,,8
maurano,bedtools,maurano,,1.0,0,1,fIntestine_Sm-DS16559.hotspot.twopass.fdr0.05.merge.bed,fLung_L-DS18421.hg19.hotspot.twopass.fdr0.05.merge.bed,0.325796,7.813109874725342,54.197527,31.9609375,,,,8
maurano,bedtools,maurano,,1.0,0,1,fIntestine_Sm-DS16559.hotspot.twopass.fdr0.05.merge.bed,fMuscle_arm-DS19053.hg19.hotspot.twopass.fdr0.05.merge.bed,0.27922,7.813109874725342,54.197527,31.9609375,,,,8
maurano,bedtools,maurano,,1.0,0,1,fIntestine_Sm-DS16559.hotspot.twopass.fdr0.05.merge.bed,fMuscle_leg-DS19115.hg19.hotspot.twopass.fdr0.05.merge.bed,0.273837,7.813109874725342,54.197527,31.9609375,,,,8
maurano,bedtools,maurano,,1.0,0,1,fIntestine_Sm-DS16559.hotspot.twopass.fdr0.05.merge.bed,fMuscle_back-DS18454.hg19.hotspot.twopass.fdr0.05.merge.bed,0.276469,7.813109874725342,54.197527,31.9609375,,,,8
maurano,bedtools,maurano,,1.0,0,1,fIntestine_Sm-DS16559.hotspot.twopass.fdr0.05.merge.bed,fMuscle_leg-DS19158.hg19.hotspot.twopass.fdr0.05.merge.bed,0.264617,7.813109874725342,54.197527,31.9609375,,,,8
maurano,bedtools,maurano,,1.0,0,1,fIntestine_Sm-DS16559.hotspot.twopass.fdr0.05.merge.bed,fSkin_fibro_bicep_R-DS19745.hg19.hotspot.twopass.fdr0.05.merge.bed,0.177436,7.813109874725342,54.197527,31.9609375,,,,8
maurano,bedtools,maurano,,1.0,0,1,fIntestine_Sm-DS16559.hotspot.twopass.fdr0.05.merge.bed,fStomach-DS17659.hg19.hotspot.twopass.fdr0.05.merge.bed,0.347187,7.813109874725342,54.197527,31.9609375,,,,8
maurano,bedtools,maurano,,1.0,0,1,fIntestine_Sm-DS16712.hg19.hotspot.twopass.fdr0.05.merge.bed,fIntestine_Sm-DS18495.hg19.hotspot.twopass.fdr0.05.merge.bed,0.480868,7.813109874725342,54.197527,31.9609375,,,,8
maurano,bedtools,maurano,,1.0,0,1,fIntestine_Sm-DS16712.hg19.hotspot.twopass.fdr0.05.merge.bed,fIntestine_Sm-DS16822.hotspot.twopass.fdr0.05.merge.bed,0.481841,7.813109874725342,54.197527,31.9609375,,,,8
maurano,bedtools,maurano,,1.0,0,1,fIntestine_Sm-DS16712.hg19.hotspot.twopass.fdr0.05.merge.bed,fIntestine_Sm-DS17808.hg19.hotspot.twopass.fdr0.05.merge.bed,0.523853,7.813109874725342,54.197527,31.9609375,,,,8
maurano,bedtools,maurano,,1.0,0,1,fIntestine_Sm-DS16712.hg19.hotspot.twopass.fdr0.05.merge.bed,fKidney_renal_cortex_L-DS17550.hg19.hotspot.twopass.fdr0.05.merge.bed,0.269365,7.813109874725342,54.197527,31.9609375,,,,8
maurano,bedtools,maurano,,1.0,0,1,fIntestine_Sm-DS16712.hg19.hotspot.twopass.fdr0.05.merge.bed,fLung_L-DS17154.hg19.hotspot.twopass.fdr0.05.merge.bed,0.251144,7.813109874725342,54.197527,31.9609375,,,,8
maurano,bedtools,maurano,,1.0,0,1,fIntestine_Sm-DS16712.hg19.hotspot.twopass.fdr0.05.merge.bed,fLung_L-DS18421.hg19.hotspot.twopass.fdr0.05.merge.bed,0.26833,7.813109874725342,54.197527,31.9609375,,,,8
maurano,bedtools,maurano,,1.0,0,1,fIntestine_Sm-DS16712.hg19.hotspot.twopass.fdr0.05.merge.bed,fLung_R-DS15632.hotspot.twopass.fdr0.05.merge.bed,0.273746,7.813109874725342,54.197527,31.9609375,,,,8
maurano,bedtools,maurano,,1.0,0,1,fIntestine_Sm-DS16712.hg19.hotspot.twopass.fdr0.05.merge.bed,fMuscle_arm-DS19053.hg19.hotspot.twopass.fdr0.05.merge.bed,0.242071,7.813109874725342,54.197527,31.9609375,,,,8
maurano,bedtools,maurano,,1.0,0,1,fIntestine_Sm-DS16712.hg19.hotspot.twopass.fdr0.05.merge.bed,fMuscle_leg-DS19115.hg19.hotspot.twopass.fdr0.05.merge.bed,0.240317,7.813109874725342,54.197527,31.9609375,,,,8
maurano,bedtools,maurano,,1.0,0,1,fIntestine_Sm-DS16712.hg19.hotspot.twopass.fdr0.05.merge.bed,fMuscle_back-DS18454.hg19.hotspot.twopass.fdr0.05.merge.bed,0.241538,7.813109874725342,54.197527,31.9609375,,,,8
maurano,bedtools,maurano,,1.0,0,1,fIntestine_Sm-DS16712.hg19.hotspot.twopass.fdr0.05.merge.bed,fMuscle_leg-DS19158.hg19.hotspot.twopass.fdr0.05.merge.bed,0.210362,7.813109874725342,54.197527,31.9609375,,,,8
maurano,bedtools,maurano,,1.0,0,1,fIntestine_Sm-DS16712.hg19.hotspot.twopass.fdr0.05.merge.bed,fSkin_fibro_bicep_R-DS19745.hg19.hotspot.twopass.fdr0.05.merge.bed,0.190258,7.813109874725342,54.197527,31.9609375,,,,8
maurano,bedtools,maurano,,1.0,0,1,fIntestine_Sm-DS16712.hg19.hotspot.twopass.fdr0.05.merge.bed,fStomach-DS17659.hg19.hotspot.twopass.fdr0.05.merge.bed,0.344375,7.813109874725342,54.197527,31.9609375,,,,8
maurano,bedtools,maurano,,1.0,0,1,fIntestine_Sm-DS16822.hotspot.twopass.fdr0.05.merge.bed,fIntestine_Sm-DS18495.hg19.hotspot.twopass.fdr0.05.merge.bed,0.569733,7.813109874725342,54.197527,31.9609375,,,,8
maurano,bedtools,maurano,,1.0,0,1,fIntestine_Sm-DS16822.hotspot.twopass.fdr0.05.merge.bed,fIntestine_Sm-DS17808.hg19.hotspot.twopass.fdr0.05.merge.bed,0.59865,7.813109874725342,54.197527,31.9609375,,,,8
maurano,bedtools,maurano,,1.0,0,1,fIntestine_Sm-DS16822.hotspot.twopass.fdr0.05.merge.bed,fKidney_renal_cortex_L-DS17550.hg19.hotspot.twopass.fdr0.05.merge.bed,0.289532,7.813109874725342,54.197527,31.9609375,,,,8
maurano,bedtools,maurano,,1.0,0,1,fIntestine_Sm-DS16822.hotspot.twopass.fdr0.05.merge.bed,fLung_R-DS15632.hotspot.twopass.fdr0.05.merge.bed,0.289781,7.813109874725342,54.197527,31.9609375,,,,8
maurano,bedtools,maurano,,1.0,0,1,fIntestine_Sm-DS16822.hotspot.twopass.fdr0.05.merge.bed,fLung_L-DS17154.hg19.hotspot.twopass.fdr0.05.merge.bed,0.28457,7.813109874725342,54.197527,31.9609375,,,,8
maurano,bedtools,maurano,,1.0,0,1,fIntestine_Sm-DS16822.hotspot.twopass.fdr0.05.merge.bed,fLung_L-DS18421.hg19.hotspot.twopass.fdr0.05.merge.bed,0.300228,7.813109874725342,54.197527,31.9609375,,,,8
maurano,bedtools,maurano,,1.0,0,1,fIntestine_Sm-DS16822.hotspot.twopass.fdr0.05.merge.bed,fMuscle_arm-DS19053.hg19.hotspot.twopass.fdr0.05.merge.bed,0.256284,7.813109874725342,54.197527,31.9609375,,,,8
maurano,bedtools,maurano,,1.0,0,1,fIntestine_Sm-DS16822.hotspot.twopass.fdr0.05.merge.bed,fMuscle_back-DS18454.hg19.hotspot.twopass.fdr0.05.merge.bed,0.258686,7.813109874725342,54.197527,31.9609375,,,,8
maurano,bedtools,maurano,,1.0,0,1,fIntestine_Sm-DS16822.hotspot.twopass.fdr0.05.merge.bed,fMuscle_leg-DS19115.hg19.hotspot.twopass.fdr0.05.merge.bed,0.255764,7.813109874725342,54.197527,31.9609375,,,,8
maurano,bedtools,maurano,,1.0,0,1,fIntestine_Sm-DS16822.hotspot.twopass.fdr0.05.merge.bed,fMuscle_leg-DS19158.hg19.hotspot.twopass.fdr0.05.merge.bed,0.238165,7.813109874725342,54.197527,31.9609375,,,,8
maurano,bedtools,maurano,,1.0,0,1,fIntestine_Sm-DS16822.hotspot.twopass.fdr0.05.merge.bed,fSkin_fibro_bicep_R-DS19745.hg19.hotspot.twopass.fdr0.05.merge.bed,0.18352,7.813109874725342,54.197527,31.9609375,,,,8
maurano,bedtools,maurano,,1.0,0,1,fIntestine_Sm-DS16822.hotspot.twopass.fdr0.05.merge.bed,fStomach-DS17659.hg19.hotspot.twopass.fdr0.05.merge.bed,0.355715,7.813109874725342,54.197527,31.9609375,,,,8
maurano,bedtools,maurano,,1.0,0,1,fIntestine_Sm-DS17808.hg19.hotspot.twopass.fdr0.05.merge.bed,fIntestine_Sm-DS18495.hg19.hotspot.twopass.fdr0.05.merge.bed,0.538442,7.813109874725342,54.197527,31.9609375,,,,8
maurano,bedtools,maurano,,1.0,0,1,fIntestine_Sm-DS17808.hg19.hotspot.twopass.fdr0.05.merge.bed,fKidney_renal_cortex_L-DS17550.hg19.hotspot.twopass.fdr0.05.merge.bed,0.311739,7.813109874725342,54.197527,31.9609375,,,,8
maurano,bedtools,maurano,,1.0,0,1,fIntestine_Sm-DS17808.hg19.hotspot.twopass.fdr0.05.merge.bed,fLung_R-DS15632.hotspot.twopass.fdr0.05.merge.bed,0.306872,7.813109874725342,54.197527,31.9609375,,,,8
maurano,bedtools,maurano,,1.0,0,1,fIntestine_Sm-DS17808.hg19.hotspot.twopass.fdr0.05.merge.bed,fLung_L-DS17154.hg19.hotspot.twopass.fdr0.05.merge.bed,0.304329,7.813109874725342,54.197527,31.9609375,,,,8
maurano,bedtools,maurano,,1.0,0,1,fIntestine_Sm-DS17808.hg19.hotspot.twopass.fdr0.05.merge.bed,fLung_L-DS18421.hg19.hotspot.twopass.fdr0.05.merge.bed,0.315083,7.813109874725342,54.197527,31.9609375,,,,8
maurano,bedtools,maurano,,1.0,0,1,fIntestine_Sm-DS17808.hg19.hotspot.twopass.fdr0.05.merge.bed,fMuscle_arm-DS19053.hg19.hotspot.twopass.fdr0.05.merge.bed,0.274056,7.813109874725342,54.197527,31.9609375,,,,8
maurano,bedtools,maurano,,1.0,0,1,fIntestine_Sm-DS17808.hg19.hotspot.twopass.fdr0.05.merge.bed,fMuscle_leg-DS19115.hg19.hotspot.twopass.fdr0.05.merge.bed,0.272167,7.813109874725342,54.197527,31.9609375,,,,8
maurano,bedtools,maurano,,1.0,0,1,fIntestine_Sm-DS17808.hg19.hotspot.twopass.fdr0.05.merge.bed,fMuscle_back-DS18454.hg19.hotspot.twopass.fdr0.05.merge.bed,0.27464,7.813109874725342,54.197527,31.9609375,,,,8
maurano,bedtools,maurano,,1.0,0,1,fIntestine_Sm-DS17808.hg19.hotspot.twopass.fdr0.05.merge.bed,fMuscle_leg-DS19158.hg19.hotspot.twopass.fdr0.05.merge.bed,0.24807,7.813109874725342,54.197527,31.9609375,,,,8
maurano,bedtools,maurano,,1.0,0,1,fIntestine_Sm-DS17808.hg19.hotspot.twopass.fdr0.05.merge.bed,fSkin_fibro_bicep_R-DS19745.hg19.hotspot.twopass.fdr0.05.merge.bed,0.184359,7.813109874725342,54.197527,31.9609375,,,,8
maurano,bedtools,maurano,,1.0,0,1,fIntestine_Sm-DS17808.hg19.hotspot.twopass.fdr0.05.merge.bed,fStomach-DS17659.hg19.hotspot.twopass.fdr0.05.merge.bed,0.361087,7.813109874725342,54.197527,31.9609375,,,,8
maurano,bedtools,maurano,,1.0,0,1,fIntestine_Sm-DS18495.hg19.hotspot.twopass.fdr0.05.merge.bed,fKidney_renal_cortex_L-DS17550.hg19.hotspot.twopass.fdr0.05.merge.bed,0.270452,7.813109874725342,54.197527,31.9609375,,,,8
maurano,bedtools,maurano,,1.0,0,1,fIntestine_Sm-DS18495.hg19.hotspot.twopass.fdr0.05.merge.bed,fLung_L-DS17154.hg19.hotspot.twopass.fdr0.05.merge.bed,0.261521,7.813109874725342,54.197527,31.9609375,,,,8
maurano,bedtools,maurano,,1.0,0,1,fIntestine_Sm-DS18495.hg19.hotspot.twopass.fdr0.05.merge.bed,fLung_L-DS18421.hg19.hotspot.twopass.fdr0.05.merge.bed,0.278614,7.813109874725342,54.197527,31.9609375,,,,8
maurano,bedtools,maurano,,1.0,0,1,fIntestine_Sm-DS18495.hg19.hotspot.twopass.fdr0.05.merge.bed,fLung_R-DS15632.hotspot.twopass.fdr0.05.merge.bed,0.274002,7.813109874725342,54.197527,31.9609375,,,,8
maurano,bedtools,maurano,,1.0,0,1,fIntestine_Sm-DS18495.hg19.hotspot.twopass.fdr0.05.merge.bed,fMuscle_arm-DS19053.hg19.hotspot.twopass.fdr0.05.merge.bed,0.24693,7.813109874725342,54.197527,31.9609375,,,,8
maurano,bedtools,maurano,,1.0,0,1,fIntestine_Sm-DS18495.hg19.hotspot.twopass.fdr0.05.merge.bed,fMuscle_leg-DS19115.hg19.hotspot.twopass.fdr0.05.merge.bed,0.246235,7.813109874725342,54.197527,31.9609375,,,,8
maurano,bedtools,maurano,,1.0,0,1,fIntestine_Sm-DS18495.hg19.hotspot.twopass.fdr0.05.merge.bed,fMuscle_back-DS18454.hg19.hotspot.twopass.fdr0.05.merge.bed,0.247674,7.813109874725342,54.197527,31.9609375,,,,8
maurano,bedtools,maurano,,1.0,0,1,fIntestine_Sm-DS18495.hg19.hotspot.twopass.fdr0.05.merge.bed,fMuscle_leg-DS19158.hg19.hotspot.twopass.fdr0.05.merge.bed,0.229886,7.813109874725342,54.197527,31.9609375,,,,8
maurano,bedtools,maurano,,1.0,0,1,fIntestine_Sm-DS18495.hg19.hotspot.twopass.fdr0.05.merge.bed,fSkin_fibro_bicep_R-DS19745.hg19.hotspot.twopass.fdr0.05.merge.bed,0.182733,7.813109874725342,54.197527,31.9609375,,,,8
maurano,bedtools,maurano,,1.0,0,1,fIntestine_Sm-DS18495.hg19.hotspot.twopass.fdr0.05.merge.bed,fStomach-DS17659.hg19.hotspot.twopass.fdr0.05.merge.bed,0.336473,7.813109874725342,54.197527,31.9609375,,,,8
maurano,bedtools,maurano,,1.0,0,1,fKidney_renal_cortex_L-DS17550.hg19.hotspot.twopass.fdr0.05.merge.bed,fLung_L-DS17154.hg19.hotspot.twopass.fdr0.05.merge.bed,0.38651,7.813109874725342,54.197527,31.9609375,,,,8
maurano,bedtools,maurano,,1.0,0,1,fKidney_renal_cortex_L-DS17550.hg19.hotspot.twopass.fdr0.05.merge.bed,fLung_L-DS18421.hg19.hotspot.twopass.fdr0.05.merge.bed,0.383039,7.813109874725342,54.197527,31.9609375,,,,8
maurano,bedtools,maurano,,1.0,0,1,fKidney_renal_cortex_L-DS17550.hg19.hotspot.twopass.fdr0.05.merge.bed,fLung_R-DS15632.hotspot.twopass.fdr0.05.merge.bed,0.365728,7.813109874725342,54.197527,31.9609375,,,,8
maurano,bedtools,maurano,,1.0,0,1,fKidney_renal_cortex_L-DS17550.hg19.hotspot.twopass.fdr0.05.merge.bed,fMuscle_arm-DS19053.hg19.hotspot.twopass.fdr0.05.merge.bed,0.336901,7.813109874725342,54.197527,31.9609375,,,,8
maurano,bedtools,maurano,,1.0,0,1,fKidney_renal_cortex_L-DS17550.hg19.hotspot.twopass.fdr0.05.merge.bed,fMuscle_back-DS18454.hg19.hotspot.twopass.fdr0.05.merge.bed,0.33017,7.813109874725342,54.197527,31.9609375,,,,8
maurano,bedtools,maurano,,1.0,0,1,fKidney_renal_cortex_L-DS17550.hg19.hotspot.twopass.fdr0.05.merge.bed,fMuscle_leg-DS19115.hg19.hotspot.twopass.fdr0.05.merge.bed,0.33113,7.813109874725342,54.197527,31.9609375,,,,8
maurano,bedtools,maurano,,1.0,0,1,fKidney_renal_cortex_L-DS17550.hg19.hotspot.twopass.fdr0.05.merge.bed,fMuscle_leg-DS19158.hg19.hotspot.twopass.fdr0.05.merge.bed,0.321369,7.813109874725342,54.197527,31.9609375,,,,8
maurano,bedtools,maurano,,1.0,0,1,fKidney_renal_cortex_L-DS17550.hg19.hotspot.twopass.fdr0.05.merge.bed,fSkin_fibro_bicep_R-DS19745.hg19.hotspot.twopass.fdr0.05.merge.bed,0.181055,7.813109874725342,54.197527,31.9609375,,,,8
maurano,bedtools,maurano,,1.0,0,1,fKidney_renal_cortex_L-DS17550.hg19.hotspot.twopass.fdr0.05.merge.bed,fStomach-DS17659.hg19.hotspot.twopass.fdr0.05.merge.bed,0.314544,7.813109874725342,54.197527,31.9609375,,,,8
maurano,bedtools,maurano,,1.0,0,1,fLung_L-DS17154.hg19.hotspot.twopass.fdr0.05.merge.bed,fLung_R-DS15632.hotspot.twopass.fdr0.05.merge.bed,0.594137,7.813109874725342,54.197527,31.9609375,,,,8
maurano,bedtools,maurano,,1.0,0,1,fLung_L-DS17154.hg19.hotspot.twopass.fdr0.05.merge.bed,fMuscle_arm-DS19053.hg19.hotspot.twopass.fdr0.05.merge.bed,0.377284,7.813109874725342,54.197527,31.9609375,,,,8
maurano,bedtools,maurano,,1.0,0,1,fLung_L-DS17154.hg19.hotspot.twopass.fdr0.05.merge.bed,fLung_L-DS18421.hg19.hotspot.twopass.fdr0.05.merge.bed,0.626942,7.813109874725342,54.197527,31.9609375,,,,8
maurano,bedtools,maurano,,1.0,0,1,fLung_L-DS17154.hg19.hotspot.twopass.fdr0.05.merge.bed,fMuscle_back-DS18454.hg19.hotspot.twopass.fdr0.05.merge.bed,0.363956,7.813109874725342,54.197527,31.9609375,,,,8
maurano,bedtools,maurano,,1.0,0,1,fLung_L-DS17154.hg19.hotspot.twopass.fdr0.05.merge.bed,fMuscle_leg-DS19115.hg19.hotspot.twopass.fdr0.05.merge.bed,0.368251,7.813109874725342,54.197527,31.9609375,,,,8
maurano,bedtools,maurano,,1.0,0,1,fLung_L-DS17154.hg19.hotspot.twopass.fdr0.05.merge.bed,fMuscle_leg-DS19158.hg19.hotspot.twopass.fdr0.05.merge.bed,0.372015,7.813109874725342,54.197527,31.9609375,,,,8
maurano,bedtools,maurano,,1.0,0,1,fLung_L-DS17154.hg19.hotspot.twopass.fdr0.05.merge.bed,fSkin_fibro_bicep_R-DS19745.hg19.hotspot.twopass.fdr0.05.merge.bed,0.18337,7.813109874725342,54.197527,31.9609375,,,,8
maurano,bedtools,maurano,,1.0,0,1,fLung_L-DS17154.hg19.hotspot.twopass.fdr0.05.merge.bed,fStomach-DS17659.hg19.hotspot.twopass.fdr0.05.merge.bed,0.331727,7.813109874725342,54.197527,31.9609375,,,,8
maurano,bedtools,maurano,,1.0,0,1,fLung_L-DS18421.hg19.hotspot.twopass.fdr0.05.merge.bed,fLung_R-DS15632.hotspot.twopass.fdr0.05.merge.bed,0.590381,7.813109874725342,54.197527,31.9609375,,,,8
maurano,bedtools,maurano,,1.0,0,1,fLung_L-DS18421.hg19.hotspot.twopass.fdr0.05.merge.bed,fMuscle_arm-DS19053.hg19.hotspot.twopass.fdr0.05.merge.bed,0.366132,7.813109874725342,54.197527,31.9609375,,,,8
maurano,bedtools,maurano,,1.0,0,1,fLung_L-DS18421.hg19.hotspot.twopass.fdr0.05.merge.bed,fMuscle_back-DS18454.hg19.hotspot.twopass.fdr0.05.merge.bed,0.358442,7.813109874725342,54.197527,31.9609375,,,,8
maurano,bedtools,maurano,,1.0,0,1,fLung_L-DS18421.hg19.hotspot.twopass.fdr0.05.merge.bed,fMuscle_leg-DS19115.hg19.hotspot.twopass.fdr0.05.merge.bed,0.3614,7.813109874725342,54.197527,31.9609375,,,,8
maurano,bedtools,maurano,,1.0,0,1,fLung_L-DS18421.hg19.hotspot.twopass.fdr0.05.merge.bed,fSkin_fibro_bicep_R-DS19745.hg19.hotspot.twopass.fdr0.05.merge.bed,0.191675,7.813109874725342,54.197527,31.9609375,,,,8
maurano,bedtools,maurano,,1.0,0,1,fLung_L-DS18421.hg19.hotspot.twopass.fdr0.05.merge.bed,fMuscle_leg-DS19158.hg19.hotspot.twopass.fdr0.05.merge.bed,0.355591,7.813109874725342,54.197527,31.9609375,,,,8
maurano,bedtools,maurano,,1.0,0,1,fLung_L-DS18421.hg19.hotspot.twopass.fdr0.05.merge.bed,fStomach-DS17659.hg19.hotspot.twopass.fdr0.05.merge.bed,0.356052,7.813109874725342,54.197527,31.9609375,,,,8
maurano,bedtools,maurano,,1.0,0,1,fLung_R-DS15632.hotspot.twopass.fdr0.05.merge.bed,fMuscle_arm-DS19053.hg19.hotspot.twopass.fdr0.05.merge.bed,0.378953,7.813109874725342,54.197527,31.9609375,,,,8
maurano,bedtools,maurano,,1.0,0,1,fLung_R-DS15632.hotspot.twopass.fdr0.05.merge.bed,fMuscle_leg-DS19115.hg19.hotspot.twopass.fdr0.05.merge.bed,0.374624,7.813109874725342,54.197527,31.9609375,,,,8
maurano,bedtools,maurano,,1.0,0,1,fLung_R-DS15632.hotspot.twopass.fdr0.05.merge.bed,fMuscle_back-DS18454.hg19.hotspot.twopass.fdr0.05.merge.bed,0.3663,7.813109874725342,54.197527,31.9609375,,,,8
maurano,bedtools,maurano,,1.0,0,1,fLung_R-DS15632.hotspot.twopass.fdr0.05.merge.bed,fMuscle_leg-DS19158.hg19.hotspot.twopass.fdr0.05.merge.bed,0.360816,7.813109874725342,54.197527,31.9609375,,,,8
maurano,bedtools,maurano,,1.0,0,1,fLung_R-DS15632.hotspot.twopass.fdr0.05.merge.bed,fSkin_fibro_bicep_R-DS19745.hg19.hotspot.twopass.fdr0.05.merge.bed,0.199165,7.813109874725342,54.197527,31.9609375,,,,8
maurano,bedtools,maurano,,1.0,0,1,fLung_R-DS15632.hotspot.twopass.fdr0.05.merge.bed,fStomach-DS17659.hg19.hotspot.twopass.fdr0.05.merge.bed,0.357541,7.813109874725342,54.197527,31.9609375,,,,8
maurano,bedtools,maurano,,1.0,0,1,fMuscle_arm-DS19053.hg19.hotspot.twopass.fdr0.05.merge.bed,fMuscle_leg-DS19115.hg19.hotspot.twopass.fdr0.05.merge.bed,0.599604,7.813109874725342,54.197527,31.9609375,,,,8
maurano,bedtools,maurano,,1.0,0,1,fMuscle_arm-DS19053.hg19.hotspot.twopass.fdr0.05.merge.bed,fMuscle_back-DS18454.hg19.hotspot.twopass.fdr0.05.merge.bed,0.58994,7.813109874725342,54.197527,31.9609375,,,,8
maurano,bedtools,maurano,,1.0,0,1,fMuscle_arm-DS19053.hg19.hotspot.twopass.fdr0.05.merge.bed,fMuscle_leg-DS19158.hg19.hotspot.twopass.fdr0.05.merge.bed,0.573223,7.813109874725342,54.197527,31.9609375,,,,8
maurano,bedtools,maurano,,1.0,0,1,fMuscle_arm-DS19053.hg19.hotspot.twopass.fdr0.05.merge.bed,fSkin_fibro_bicep_R-DS19745.hg19.hotspot.twopass.fdr0.05.merge.bed,0.215222,7.813109874725342,54.197527,31.9609375,,,,8
maurano,bedtools,maurano,,1.0,0,1,fMuscle_arm-DS19053.hg19.hotspot.twopass.fdr0.05.merge.bed,fStomach-DS17659.hg19.hotspot.twopass.fdr0.05.merge.bed,0.322868,7.813109874725342,54.197527,31.9609375,,,,8
maurano,bedtools,maurano,,1.0,0,1,fMuscle_back-DS18454.hg19.hotspot.twopass.fdr0.05.merge.bed,fMuscle_leg-DS19115.hg19.hotspot.twopass.fdr0.05.merge.bed,0.605352,7.813109874725342,54.197527,31.9609375,,,,8
maurano,bedtools,maurano,,1.0,0,1,fMuscle_back-DS18454.hg19.hotspot.twopass.fdr0.05.merge.bed,fMuscle_leg-DS19158.hg19.hotspot.twopass.fdr0.05.merge.bed,0.555513,7.813109874725342,54.197527,31.9609375,,,,8
maurano,bedtools,maurano,,1.0,0,1,fMuscle_back-DS18454.hg19.hotspot.twopass.fdr0.05.merge.bed,fSkin_fibro_bicep_R-DS19745.hg19.hotspot.twopass.fdr0.05.merge.bed,0.223531,7.813109874725342,54.197527,31.9609375,,,,8
maurano,bedtools,maurano,,1.0,0,1,fMuscle_back-DS18454.hg19.hotspot.twopass.fdr0.05.merge.bed,fStomach-DS17659.hg19.hotspot.twopass.fdr0.05.merge.bed,0.327171,7.813109874725342,54.197527,31.9609375,,,,8
maurano,bedtools,maurano,,1.0,0,1,fMuscle_leg-DS19115.hg19.hotspot.twopass.fdr0.05.merge.bed,fMuscle_leg-DS19158.hg19.hotspot.twopass.fdr0.05.merge.bed,0.582839,7.813109874725342,54.197527,31.9609375,,,,8
maurano,bedtools,maurano,,1.0,0,1,fMuscle_leg-DS19115.hg19.hotspot.twopass.fdr0.05.merge.bed,fSkin_fibro_bicep_R-DS19745.hg19.hotspot.twopass.fdr0.05.merge.bed,0.218922,7.813109874725342,54.197527,31.9609375,,,,8
maurano,bedtools,maurano,,1.0,0,1,fMuscle_leg-DS19115.hg19.hotspot.twopass.fdr0.05.merge.bed,fStomach-DS17659.hg19.hotspot.twopass.fdr0.05.merge.bed,0.329439,7.813109874725342,54.197527,31.9609375,,,,8
maurano,bedtools,maurano,,1.0,0,1,fMuscle_leg-DS19158.hg19.hotspot.twopass.fdr0.05.merge.bed,fSkin_fibro_bicep_R-DS19745.hg19.hotspot.twopass.fdr0.05.merge.bed,0.195676,7.813109874725342,54.197527,31.9609375,,,,8
maurano,bedtools,maurano,,1.0,0,1,fMuscle_leg-DS19158.hg19.hotspot.twopass.fdr0.05.merge.bed,fStomach-DS17659.hg19.hotspot.twopass.fdr0.05.merge.bed,0.291063,7.813109874725342,54.197527,31.9609375,,,,8
maurano,bedtools,maurano,,1.0,0,1,fSkin_fibro_bicep_R-DS19745.hg19.hotspot.twopass.fdr0.05.merge.bed,fStomach-DS17659.hg19.hotspot.twopass.fdr0.05.merge.bed,0.229768,7.813109874725342,54.197527,31.9609375,,,,8
maurano,bedtools,maurano,,1.0,1,2,fBrain-DS14718.hotspot.twopass.fdr0.05.merge.bed,fIntestine_Sm-DS16712.hg19.hotspot.twopass.fdr0.05.merge.bed,0.206104,6.993025302886963,53.890494,19.03515625,,,,8
maurano,bedtools,maurano,,1.0,1,2,fBrain-DS14718.hotspot.twopass.fdr0.05.merge.bed,fHeart-DS15643.hotspot.twopass.fdr0.05.merge.bed,0.240543,6.993025302886963,53.890494,19.03515625,,,,8
maurano,bedtools,maurano,,1.0,1,2,fBrain-DS14718.hotspot.twopass.fdr0.05.merge.bed,fBrain-DS16302.hotspot.twopass.fdr0.05.merge.bed,0.354341,6.993025302886963,53.890494,19.03515625,,,,8
maurano,bedtools,maurano,,1.0,1,2,fBrain-DS14718.hotspot.twopass.fdr0.05.merge.bed,fHeart-DS16621.hotspot.twopass.fdr0.05.merge.bed,0.227235,6.993025302886963,53.890494,19.03515625,,,,8
maurano,bedtools,maurano,,1.0,1,2,fBrain-DS14718.hotspot.twopass.fdr0.05.merge.bed,fIntestine_Sm-DS16559.hotspot.twopass.fdr0.05.merge.bed,0.208473,6.993025302886963,53.890494,19.03515625,,,,8
maurano,bedtools,maurano,,1.0,1,2,fBrain-DS14718.hotspot.twopass.fdr0.05.merge.bed,fIntestine_Sm-DS16822.hotspot.twopass.fdr0.05.merge.bed,0.201612,6.993025302886963,53.890494,19.03515625,,,,8
maurano,bedtools,maurano,,1.0,1,2,fBrain-DS14718.hotspot.twopass.fdr0.05.merge.bed,fHeart-DS15839.hotspot.twopass.fdr0.05.merge.bed,0.220057,6.993025302886963,53.890494,19.03515625,,,,8
maurano,bedtools,maurano,,1.0,1,2,fBrain-DS14718.hotspot.twopass.fdr0.05.merge.bed,fIntestine_Sm-DS18495.hg19.hotspot.twopass.fdr0.05.merge.bed,0.190684,6.993025302886963,53.890494,19.03515625,,,,8
maurano,bedtools,maurano,,1.0,1,2,fBrain-DS14718.hotspot.twopass.fdr0.05.merge.bed,fIntestine_Sm-DS17808.hg19.hotspot.twopass.fdr0.05.merge.bed,0.215237,6.993025302886963,53.890494,19.03515625,,,,8
maurano,bedtools,maurano,,1.0,1,2,fBrain-DS14718.hotspot.twopass.fdr0.05.merge.bed,fLung_R-DS15632.hotspot.twopass.fdr0.05.merge.bed,0.260759,6.993025302886963,53.890494,19.03515625,,,,8
maurano,bedtools,maurano,,1.0,1,2,fBrain-DS14718.hotspot.twopass.fdr0.05.merge.bed,fKidney_renal_cortex_L-DS17550.hg19.hotspot.twopass.fdr0.05.merge.bed,0.260934,6.993025302886963,53.890494,19.03515625,,,,8
maurano,bedtools,maurano,,1.0,1,2,fBrain-DS14718.hotspot.twopass.fdr0.05.merge.bed,fLung_L-DS18421.hg19.hotspot.twopass.fdr0.05.merge.bed,0.25417,6.993025302886963,53.890494,19.03515625,,,,8
maurano,bedtools,maurano,,1.0,1,2,fBrain-DS14718.hotspot.twopass.fdr0.05.merge.bed,fLung_L-DS17154.hg19.hotspot.twopass.fdr0.05.merge.bed,0.254287,6.993025302886963,53.890494,19.03515625,,,,8
maurano,bedtools,maurano,,1.0,1,2,fBrain-DS14718.hotspot.twopass.fdr0.05.merge.bed,fMuscle_arm-DS19053.hg19.hotspot.twopass.fdr0.05.merge.bed,0.263693,6.993025302886963,53.890494,19.03515625,,,,8
maurano,bedtools,maurano,,1.0,1,2,fBrain-DS14718.hotspot.twopass.fdr0.05.merge.bed,fMuscle_back-DS18454.hg19.hotspot.twopass.fdr0.05.merge.bed,0.265443,6.993025302886963,53.890494,19.03515625,,,,8
maurano,bedtools,maurano,,1.0,1,2,fBrain-DS14718.hotspot.twopass.fdr0.05.merge.bed,fMuscle_leg-DS19115.hg19.hotspot.twopass.fdr0.05.merge.bed,0.266904,6.993025302886963,53.890494,19.03515625,,,,8
maurano,bedtools,maurano,,1.0,1,2,fBrain-DS16302.hotspot.twopass.fdr0.05.merge.bed,fHeart-DS15643.hotspot.twopass.fdr0.05.merge.bed,0.231572,6.993025302886963,53.890494,19.03515625,,,,8
maurano,bedtools,maurano,,1.0,1,2,fBrain-DS14718.hotspot.twopass.fdr0.05.merge.bed,fMuscle_leg-DS19158.hg19.hotspot.twopass.fdr0.05.merge.bed,0.244176,6.993025302886963,53.890494,19.03515625,,,,8
maurano,bedtools,maurano,,1.0,1,2,fBrain-DS14718.hotspot.twopass.fdr0.05.merge.bed,fSkin_fibro_bicep_R-DS19745.hg19.hotspot.twopass.fdr0.05.merge.bed,0.15608,6.993025302886963,53.890494,19.03515625,,,,8
maurano,bedtools,maurano,,1.0,1,2,fBrain-DS14718.hotspot.twopass.fdr0.05.merge.bed,fStomach-DS17659.hg19.hotspot.twopass.fdr0.05.merge.bed,0.248625,6.993025302886963,53.890494,19.03515625,,,,8
maurano,bedtools,maurano,,1.0,1,2,fBrain-DS16302.hotspot.twopass.fdr0.05.merge.bed,fHeart-DS15839.hotspot.twopass.fdr0.05.merge.bed,0.209813,6.993025302886963,53.890494,19.03515625,,,,8
maurano,bedtools,maurano,,1.0,1,2,fBrain-DS16302.hotspot.twopass.fdr0.05.merge.bed,fIntestine_Sm-DS16712.hg19.hotspot.twopass.fdr0.05.merge.bed,0.17876,6.993025302886963,53.890494,19.03515625,,,,8
maurano,bedtools,maurano,,1.0,1,2,fBrain-DS16302.hotspot.twopass.fdr0.05.merge.bed,fHeart-DS16621.hotspot.twopass.fdr0.05.merge.bed,0.226111,6.993025302886963,53.890494,19.03515625,,,,8
maurano,bedtools,maurano,,1.0,1,2,fBrain-DS16302.hotspot.twopass.fdr0.05.merge.bed,fIntestine_Sm-DS16559.hotspot.twopass.fdr0.05.merge.bed,0.194993,6.993025302886963,53.890494,19.03515625,,,,8
maurano,bedtools,maurano,,1.0,1,2,fBrain-DS16302.hotspot.twopass.fdr0.05.merge.bed,fIntestine_Sm-DS18495.hg19.hotspot.twopass.fdr0.05.merge.bed,0.175085,6.993025302886963,53.890494,19.03515625,,,,8
maurano,bedtools,maurano,,1.0,1,2,fBrain-DS16302.hotspot.twopass.fdr0.05.merge.bed,fIntestine_Sm-DS17808.hg19.hotspot.twopass.fdr0.05.merge.bed,0.191957,6.993025302886963,53.890494,19.03515625,,,,8
maurano,bedtools,maurano,,1.0,1,2,fBrain-DS16302.hotspot.twopass.fdr0.05.merge.bed,fIntestine_Sm-DS16822.hotspot.twopass.fdr0.05.merge.bed,0.183641,6.993025302886963,53.890494,19.03515625,,,,8
maurano,bedtools,maurano,,1.0,1,2,fBrain-DS16302.hotspot.twopass.fdr0.05.merge.bed,fKidney_renal_cortex_L-DS17550.hg19.hotspot.twopass.fdr0.05.merge.bed,0.237877,6.993025302886963,53.890494,19.03515625,,,,8
maurano,bedtools,maurano,,1.0,1,2,fBrain-DS16302.hotspot.twopass.fdr0.05.merge.bed,fLung_L-DS17154.hg19.hotspot.twopass.fdr0.05.merge.bed,0.258712,6.993025302886963,53.890494,19.03515625,,,,8
maurano,bedtools,maurano,,1.0,1,2,fBrain-DS16302.hotspot.twopass.fdr0.05.merge.bed,fLung_R-DS15632.hotspot.twopass.fdr0.05.merge.bed,0.259236,6.993025302886963,53.890494,19.03515625,,,,8
maurano,bedtools,maurano,,1.0,1,2,fBrain-DS16302.hotspot.twopass.fdr0.05.merge.bed,fLung_L-DS18421.hg19.hotspot.twopass.fdr0.05.merge.bed,0.251358,6.993025302886963,53.890494,19.03515625,,,,8
maurano,bedtools,maurano,,1.0,1,2,fBrain-DS16302.hotspot.twopass.fdr0.05.merge.bed,fMuscle_arm-DS19053.hg19.hotspot.twopass.fdr0.05.merge.bed,0.252318,6.993025302886963,53.890494,19.03515625,,,,8
maurano,bedtools,maurano,,1.0,1,2,fBrain-DS16302.hotspot.twopass.fdr0.05.merge.bed,fMuscle_leg-DS19115.hg19.hotspot.twopass.fdr0.05.merge.bed,0.249425,6.993025302886963,53.890494,19.03515625,,,,8
maurano,bedtools,maurano,,1.0,1,2,fBrain-DS16302.hotspot.twopass.fdr0.05.merge.bed,fMuscle_back-DS18454.hg19.hotspot.twopass.fdr0.05.merge.bed,0.24471,6.993025302886963,53.890494,19.03515625,,,,8
maurano,bedtools,maurano,,1.0,1,2,fBrain-DS16302.hotspot.twopass.fdr0.05.merge.bed,fMuscle_leg-DS19158.hg19.hotspot.twopass.fdr0.05.merge.bed,0.244333,6.993025302886963,53.890494,19.03515625,,,,8
maurano,bedtools,maurano,,1.0,1,2,fBrain-DS16302.hotspot.twopass.fdr0.05.merge.bed,fSkin_fibro_bicep_R-DS19745.hg19.hotspot.twopass.fdr0.05.merge.bed,0.135481,6.993025302886963,53.890494,19.03515625,,,,8
maurano,bedtools,maurano,,1.0,1,2,fBrain-DS16302.hotspot.twopass.fdr0.05.merge.bed,fStomach-DS17659.hg19.hotspot.twopass.fdr0.05.merge.bed,0.215611,6.993025302886963,53.890494,19.03515625,,,,8
maurano,bedtools,maurano,,1.0,1,2,fHeart-DS15643.hotspot.twopass.fdr0.05.merge.bed,fIntestine_Sm-DS16712.hg19.hotspot.twopass.fdr0.05.merge.bed,0.252223,6.993025302886963,53.890494,19.03515625,,,,8
maurano,bedtools,maurano,,1.0,1,2,fHeart-DS15643.hotspot.twopass.fdr0.05.merge.bed,fHeart-DS16621.hotspot.twopass.fdr0.05.merge.bed,0.612503,6.993025302886963,53.890494,19.03515625,,,,8
maurano,bedtools,maurano,,1.0,1,2,fHeart-DS15643.hotspot.twopass.fdr0.05.merge.bed,fIntestine_Sm-DS16559.hotspot.twopass.fdr0.05.merge.bed,0.274958,6.993025302886963,53.890494,19.03515625,,,,8
maurano,bedtools,maurano,,1.0,1,2,fHeart-DS15643.hotspot.twopass.fdr0.05.merge.bed,fHeart-DS15839.hotspot.twopass.fdr0.05.merge.bed,0.501456,6.993025302886963,53.890494,19.03515625,,,,8
maurano,bedtools,maurano,,1.0,1,2,fHeart-DS15643.hotspot.twopass.fdr0.05.merge.bed,fIntestine_Sm-DS16822.hotspot.twopass.fdr0.05.merge.bed,0.259862,6.993025302886963,53.890494,19.03515625,,,,8
maurano,bedtools,maurano,,1.0,1,2,fHeart-DS15643.hotspot.twopass.fdr0.05.merge.bed,fIntestine_Sm-DS18495.hg19.hotspot.twopass.fdr0.05.merge.bed,0.247321,6.993025302886963,53.890494,19.03515625,,,,8
maurano,bedtools,maurano,,1.0,1,2,fHeart-DS15643.hotspot.twopass.fdr0.05.merge.bed,fIntestine_Sm-DS17808.hg19.hotspot.twopass.fdr0.05.merge.bed,0.279561,6.993025302886963,53.890494,19.03515625,,,,8
maurano,bedtools,maurano,,1.0,1,2,fHeart-DS15643.hotspot.twopass.fdr0.05.merge.bed,fKidney_renal_cortex_L-DS17550.hg19.hotspot.twopass.fdr0.05.merge.bed,0.305128,6.993025302886963,53.890494,19.03515625,,,,8
maurano,bedtools,maurano,,1.0,1,2,fHeart-DS15643.hotspot.twopass.fdr0.05.merge.bed,fLung_L-DS17154.hg19.hotspot.twopass.fdr0.05.merge.bed,0.321958,6.993025302886963,53.890494,19.03515625,,,,8
maurano,bedtools,maurano,,1.0,1,2,fHeart-DS15643.hotspot.twopass.fdr0.05.merge.bed,fLung_R-DS15632.hotspot.twopass.fdr0.05.merge.bed,0.327153,6.993025302886963,53.890494,19.03515625,,,,8
maurano,bedtools,maurano,,1.0,1,2,fHeart-DS15643.hotspot.twopass.fdr0.05.merge.bed,fLung_L-DS18421.hg19.hotspot.twopass.fdr0.05.merge.bed,0.323751,6.993025302886963,53.890494,19.03515625,,,,8
maurano,bedtools,maurano,,1.0,1,2,fHeart-DS15643.hotspot.twopass.fdr0.05.merge.bed,fMuscle_arm-DS19053.hg19.hotspot.twopass.fdr0.05.merge.bed,0.322471,6.993025302886963,53.890494,19.03515625,,,,8
maurano,bedtools,maurano,,1.0,1,2,fHeart-DS15643.hotspot.twopass.fdr0.05.merge.bed,fMuscle_back-DS18454.hg19.hotspot.twopass.fdr0.05.merge.bed,0.32779,6.993025302886963,53.890494,19.03515625,,,,8
maurano,bedtools,maurano,,1.0,1,2,fHeart-DS15643.hotspot.twopass.fdr0.05.merge.bed,fMuscle_leg-DS19115.hg19.hotspot.twopass.fdr0.05.merge.bed,0.321602,6.993025302886963,53.890494,19.03515625,,,,8
maurano,bedtools,maurano,,1.0,1,2,fHeart-DS15643.hotspot.twopass.fdr0.05.merge.bed,fMuscle_leg-DS19158.hg19.hotspot.twopass.fdr0.05.merge.bed,0.297134,6.993025302886963,53.890494,19.03515625,,,,8
maurano,bedtools,maurano,,1.0,1,2,fHeart-DS15643.hotspot.twopass.fdr0.05.merge.bed,fSkin_fibro_bicep_R-DS19745.hg19.hotspot.twopass.fdr0.05.merge.bed,0.18551,6.993025302886963,53.890494,19.03515625,,,,8
maurano,bedtools,maurano,,1.0,1,2,fHeart-DS15643.hotspot.twopass.fdr0.05.merge.bed,fStomach-DS17659.hg19.hotspot.twopass.fdr0.05.merge.bed,0.295735,6.993025302886963,53.890494,19.03515625,,,,8
maurano,bedtools,maurano,,1.0,1,2,fHeart-DS15839.hotspot.twopass.fdr0.05.merge.bed,fHeart-DS16621.hotspot.twopass.fdr0.05.merge.bed,0.50637,6.993025302886963,53.890494,19.03515625,,,,8
maurano,bedtools,maurano,,1.0,1,2,fHeart-DS15839.hotspot.twopass.fdr0.05.merge.bed,fIntestine_Sm-DS16712.hg19.hotspot.twopass.fdr0.05.merge.bed,0.234683,6.993025302886963,53.890494,19.03515625,,,,8
maurano,bedtools,maurano,,1.0,1,2,fHeart-DS15839.hotspot.twopass.fdr0.05.merge.bed,fIntestine_Sm-DS16559.hotspot.twopass.fdr0.05.merge.bed,0.253843,6.993025302886963,53.890494,19.03515625,,,,8
maurano,bedtools,maurano,,1.0,1,2,fHeart-DS15839.hotspot.twopass.fdr0.05.merge.bed,fIntestine_Sm-DS16822.hotspot.twopass.fdr0.05.merge.bed,0.236505,6.993025302886963,53.890494,19.03515625,,,,8
maurano,bedtools,maurano,,1.0,1,2,fHeart-DS15839.hotspot.twopass.fdr0.05.merge.bed,fIntestine_Sm-DS18495.hg19.hotspot.twopass.fdr0.05.merge.bed,0.220866,6.993025302886963,53.890494,19.03515625,,,,8
maurano,bedtools,maurano,,1.0,1,2,fHeart-DS15839.hotspot.twopass.fdr0.05.merge.bed,fIntestine_Sm-DS17808.hg19.hotspot.twopass.fdr0.05.merge.bed,0.262172,6.993025302886963,53.890494,19.03515625,,,,8
maurano,bedtools,maurano,,1.0,1,2,fHeart-DS15839.hotspot.twopass.fdr0.05.merge.bed,fKidney_renal_cortex_L-DS17550.hg19.hotspot.twopass.fdr0.05.merge.bed,0.278114,6.993025302886963,53.890494,19.03515625,,,,8
maurano,bedtools,maurano,,1.0,1,2,fHeart-DS15839.hotspot.twopass.fdr0.05.merge.bed,fLung_L-DS17154.hg19.hotspot.twopass.fdr0.05.merge.bed,0.289965,6.993025302886963,53.890494,19.03515625,,,,8
maurano,bedtools,maurano,,1.0,1,2,fHeart-DS15839.hotspot.twopass.fdr0.05.merge.bed,fLung_R-DS15632.hotspot.twopass.fdr0.05.merge.bed,0.280371,6.993025302886963,53.890494,19.03515625,,,,8
maurano,bedtools,maurano,,1.0,1,2,fHeart-DS15839.hotspot.twopass.fdr0.05.merge.bed,fLung_L-DS18421.hg19.hotspot.twopass.fdr0.05.merge.bed,0.285643,6.993025302886963,53.890494,19.03515625,,,,8
maurano,bedtools,maurano,,1.0,1,2,fHeart-DS15839.hotspot.twopass.fdr0.05.merge.bed,fMuscle_arm-DS19053.hg19.hotspot.twopass.fdr0.05.merge.bed,0.273637,6.993025302886963,53.890494,19.03515625,,,,8
maurano,bedtools,maurano,,1.0,1,2,fHeart-DS15839.hotspot.twopass.fdr0.05.merge.bed,fMuscle_back-DS18454.hg19.hotspot.twopass.fdr0.05.merge.bed,0.273879,6.993025302886963,53.890494,19.03515625,,,,8
maurano,bedtools,maurano,,1.0,1,2,fHeart-DS15839.hotspot.twopass.fdr0.05.merge.bed,fMuscle_leg-DS19115.hg19.hotspot.twopass.fdr0.05.merge.bed,0.265811,6.993025302886963,53.890494,19.03515625,,,,8
maurano,bedtools,maurano,,1.0,1,2,fHeart-DS15839.hotspot.twopass.fdr0.05.merge.bed,fMuscle_leg-DS19158.hg19.hotspot.twopass.fdr0.05.merge.bed,0.250537,6.993025302886963,53.890494,19.03515625,,,,8
maurano,bedtools,maurano,,1.0,1,2,fHeart-DS15839.hotspot.twopass.fdr0.05.merge.bed,fSkin_fibro_bicep_R-DS19745.hg19.hotspot.twopass.fdr0.05.merge.bed,0.155952,6.993025302886963,53.890494,19.03515625,,,,8
maurano,bedtools,maurano,,1.0,1,2,fHeart-DS15839.hotspot.twopass.fdr0.05.merge.bed,fStomach-DS17659.hg19.hotspot.twopass.fdr0.05.merge.bed,0.2491,6.993025302886963,53.890494,19.03515625,,,,8
maurano,bedtools,maurano,,1.0,1,2,fHeart-DS16621.hotspot.twopass.fdr0.05.merge.bed,fIntestine_Sm-DS16712.hg19.hotspot.twopass.fdr0.05.merge.bed,0.226441,6.993025302886963,53.890494,19.03515625,,,,8
maurano,bedtools,maurano,,1.0,1,2,fHeart-DS16621.hotspot.twopass.fdr0.05.merge.bed,fIntestine_Sm-DS16559.hotspot.twopass.fdr0.05.merge.bed,0.270273,6.993025302886963,53.890494,19.03515625,,,,8
maurano,bedtools,maurano,,1.0,1,2,fHeart-DS16621.hotspot.twopass.fdr0.05.merge.bed,fIntestine_Sm-DS16822.hotspot.twopass.fdr0.05.merge.bed,0.248787,6.993025302886963,53.890494,19.03515625,,,,8
maurano,bedtools,maurano,,1.0,1,2,fHeart-DS16621.hotspot.twopass.fdr0.05.merge.bed,fIntestine_Sm-DS18495.hg19.hotspot.twopass.fdr0.05.merge.bed,0.23503,6.993025302886963,53.890494,19.03515625,,,,8
maurano,bedtools,maurano,,1.0,1,2,fHeart-DS16621.hotspot.twopass.fdr0.05.merge.bed,fIntestine_Sm-DS17808.hg19.hotspot.twopass.fdr0.05.merge.bed,0.262196,6.993025302886963,53.890494,19.03515625,,,,8
maurano,bedtools,maurano,,1.0,1,2,fHeart-DS16621.hotspot.twopass.fdr0.05.merge.bed,fKidney_renal_cortex_L-DS17550.hg19.hotspot.twopass.fdr0.05.merge.bed,0.296984,6.993025302886963,53.890494,19.03515625,,,,8
maurano,bedtools,maurano,,1.0,1,2,fHeart-DS16621.hotspot.twopass.fdr0.05.merge.bed,fLung_L-DS17154.hg19.hotspot.twopass.fdr0.05.merge.bed,0.319891,6.993025302886963,53.890494,19.03515625,,,,8
maurano,bedtools,maurano,,1.0,1,2,fHeart-DS16621.hotspot.twopass.fdr0.05.merge.bed,fLung_R-DS15632.hotspot.twopass.fdr0.05.merge.bed,0.309777,6.993025302886963,53.890494,19.03515625,,,,8
maurano,bedtools,maurano,,1.0,1,2,fHeart-DS16621.hotspot.twopass.fdr0.05.merge.bed,fLung_L-DS18421.hg19.hotspot.twopass.fdr0.05.merge.bed,0.317823,6.993025302886963,53.890494,19.03515625,,,,8
maurano,bedtools,maurano,,1.0,1,2,fHeart-DS16621.hotspot.twopass.fdr0.05.merge.bed,fMuscle_arm-DS19053.hg19.hotspot.twopass.fdr0.05.merge.bed,0.305358,6.993025302886963,53.890494,19.03515625,,,,8
maurano,bedtools,maurano,,1.0,1,2,fHeart-DS16621.hotspot.twopass.fdr0.05.merge.bed,fMuscle_back-DS18454.hg19.hotspot.twopass.fdr0.05.merge.bed,0.309559,6.993025302886963,53.890494,19.03515625,,,,8
maurano,bedtools,maurano,,1.0,1,2,fHeart-DS16621.hotspot.twopass.fdr0.05.merge.bed,fMuscle_leg-DS19115.hg19.hotspot.twopass.fdr0.05.merge.bed,0.301319,6.993025302886963,53.890494,19.03515625,,,,8
maurano,bedtools,maurano,,1.0,1,2,fHeart-DS16621.hotspot.twopass.fdr0.05.merge.bed,fMuscle_leg-DS19158.hg19.hotspot.twopass.fdr0.05.merge.bed,0.291388,6.993025302886963,53.890494,19.03515625,,,,8
maurano,bedtools,maurano,,1.0,1,2,fHeart-DS16621.hotspot.twopass.fdr0.05.merge.bed,fSkin_fibro_bicep_R-DS19745.hg19.hotspot.twopass.fdr0.05.merge.bed,0.170995,6.993025302886963,53.890494,19.03515625,,,,8
maurano,bedtools,maurano,,1.0,1,2,fHeart-DS16621.hotspot.twopass.fdr0.05.merge.bed,fStomach-DS17659.hg19.hotspot.twopass.fdr0.05.merge.bed,0.267889,6.993025302886963,53.890494,19.03515625,,,,8
maurano,bedtools,maurano,,1.0,1,2,fIntestine_Sm-DS16559.hotspot.twopass.fdr0.05.merge.bed,fIntestine_Sm-DS16712.hg19.hotspot.twopass.fdr0.05.merge.bed,0.451537,6.993025302886963,53.890494,19.03515625,,,,8
maurano,bedtools,maurano,,1.0,1,2,fIntestine_Sm-DS16559.hotspot.twopass.fdr0.05.merge.bed,fIntestine_Sm-DS16822.hotspot.twopass.fdr0.05.merge.bed,0.607371,6.993025302886963,53.890494,19.03515625,,,,8
maurano,bedtools,maurano,,1.0,1,2,fIntestine_Sm-DS16559.hotspot.twopass.fdr0.05.merge.bed,fIntestine_Sm-DS18495.hg19.hotspot.twopass.fdr0.05.merge.bed,0.554788,6.993025302886963,53.890494,19.03515625,,,,8
maurano,bedtools,maurano,,1.0,1,2,fIntestine_Sm-DS16559.hotspot.twopass.fdr0.05.merge.bed,fIntestine_Sm-DS17808.hg19.hotspot.twopass.fdr0.05.merge.bed,0.57613,6.993025302886963,53.890494,19.03515625,,,,8
maurano,bedtools,maurano,,1.0,1,2,fIntestine_Sm-DS16559.hotspot.twopass.fdr0.05.merge.bed,fKidney_renal_cortex_L-DS17550.hg19.hotspot.twopass.fdr0.05.merge.bed,0.313097,6.993025302886963,53.890494,19.03515625,,,,8
maurano,bedtools,maurano,,1.0,1,2,fIntestine_Sm-DS16559.hotspot.twopass.fdr0.05.merge.bed,fLung_R-DS15632.hotspot.twopass.fdr0.05.merge.bed,0.310454,6.993025302886963,53.890494,19.03515625,,,,8
maurano,bedtools,maurano,,1.0,1,2,fIntestine_Sm-DS16559.hotspot.twopass.fdr0.05.merge.bed,fLung_L-DS17154.hg19.hotspot.twopass.fdr0.05.merge.bed,0.313202,6.993025302886963,53.890494,19.03515625,,,,8
maurano,bedtools,maurano,,1.0,1,2,fIntestine_Sm-DS16559.hotspot.twopass.fdr0.05.merge.bed,fLung_L-DS18421.hg19.hotspot.twopass.fdr0.05.merge.bed,0.325796,6.993025302886963,53.890494,19.03515625,,,,8
maurano,bedtools,maurano,,1.0,1,2,fIntestine_Sm-DS16559.hotspot.twopass.fdr0.05.merge.bed,fMuscle_arm-DS19053.hg19.hotspot.twopass.fdr0.05.merge.bed,0.27922,6.993025302886963,53.890494,19.03515625,,,,8
maurano,bedtools,maurano,,1.0,1,2,fIntestine_Sm-DS16559.hotspot.twopass.fdr0.05.merge.bed,fMuscle_back-DS18454.hg19.hotspot.twopass.fdr0.05.merge.bed,0.276469,6.993025302886963,53.890494,19.03515625,,,,8
maurano,bedtools,maurano,,1.0,1,2,fIntestine_Sm-DS16559.hotspot.twopass.fdr0.05.merge.bed,fMuscle_leg-DS19115.hg19.hotspot.twopass.fdr0.05.merge.bed,0.273837,6.993025302886963,53.890494,19.03515625,,,,8
maurano,bedtools,maurano,,1.0,1,2,fIntestine_Sm-DS16559.hotspot.twopass.fdr0.05.merge.bed,fMuscle_leg-DS19158.hg19.hotspot.twopass.fdr0.05.merge.bed,0.264617,6.993025302886963,53.890494,19.03515625,,,,8
maurano,bedtools,maurano,,1.0,1,2,fIntestine_Sm-DS16559.hotspot.twopass.fdr0.05.merge.bed,fSkin_fibro_bicep_R-DS19745.hg19.hotspot.twopass.fdr0.05.merge.bed,0.177436,6.993025302886963,53.890494,19.03515625,,,,8
maurano,bedtools,maurano,,1.0,1,2,fIntestine_Sm-DS16559.hotspot.twopass.fdr0.05.merge.bed,fStomach-DS17659.hg19.hotspot.twopass.fdr0.05.merge.bed,0.347187,6.993025302886963,53.890494,19.03515625,,,,8
maurano,bedtools,maurano,,1.0,1,2,fIntestine_Sm-DS16712.hg19.hotspot.twopass.fdr0.05.merge.bed,fIntestine_Sm-DS18495.hg19.hotspot.twopass.fdr0.05.merge.bed,0.480868,6.993025302886963,53.890494,19.03515625,,,,8
maurano,bedtools,maurano,,1.0,1,2,fIntestine_Sm-DS16712.hg19.hotspot.twopass.fdr0.05.merge.bed,fIntestine_Sm-DS16822.hotspot.twopass.fdr0.05.merge.bed,0.481841,6.993025302886963,53.890494,19.03515625,,,,8
maurano,bedtools,maurano,,1.0,1,2,fIntestine_Sm-DS16712.hg19.hotspot.twopass.fdr0.05.merge.bed,fIntestine_Sm-DS17808.hg19.hotspot.twopass.fdr0.05.merge.bed,0.523853,6.993025302886963,53.890494,19.03515625,,,,8
maurano,bedtools,maurano,,1.0,1,2,fIntestine_Sm-DS16712.hg19.hotspot.twopass.fdr0.05.merge.bed,fKidney_renal_cortex_L-DS17550.hg19.hotspot.twopass.fdr0.05.merge.bed,0.269365,6.993025302886963,53.890494,19.03515625,,,,8
maurano,bedtools,maurano,,1.0,1,2,fIntestine_Sm-DS16712.hg19.hotspot.twopass.fdr0.05.merge.bed,fLung_L-DS17154.hg19.hotspot.twopass.fdr0.05.merge.bed,0.251144,6.993025302886963,53.890494,19.03515625,,,,8
maurano,bedtools,maurano,,1.0,1,2,fIntestine_Sm-DS16712.hg19.hotspot.twopass.fdr0.05.merge.bed,fLung_L-DS18421.hg19.hotspot.twopass.fdr0.05.merge.bed,0.26833,6.993025302886963,53.890494,19.03515625,,,,8
maurano,bedtools,maurano,,1.0,1,2,fIntestine_Sm-DS16712.hg19.hotspot.twopass.fdr0.05.merge.bed,fLung_R-DS15632.hotspot.twopass.fdr0.05.merge.bed,0.273746,6.993025302886963,53.890494,19.03515625,,,,8
maurano,bedtools,maurano,,1.0,1,2,fIntestine_Sm-DS16712.hg19.hotspot.twopass.fdr0.05.merge.bed,fMuscle_arm-DS19053.hg19.hotspot.twopass.fdr0.05.merge.bed,0.242071,6.993025302886963,53.890494,19.03515625,,,,8
maurano,bedtools,maurano,,1.0,1,2,fIntestine_Sm-DS16712.hg19.hotspot.twopass.fdr0.05.merge.bed,fMuscle_leg-DS19115.hg19.hotspot.twopass.fdr0.05.merge.bed,0.240317,6.993025302886963,53.890494,19.03515625,,,,8
maurano,bedtools,maurano,,1.0,1,2,fIntestine_Sm-DS16712.hg19.hotspot.twopass.fdr0.05.merge.bed,fMuscle_back-DS18454.hg19.hotspot.twopass.fdr0.05.merge.bed,0.241538,6.993025302886963,53.890494,19.03515625,,,,8
maurano,bedtools,maurano,,1.0,1,2,fIntestine_Sm-DS16712.hg19.hotspot.twopass.fdr0.05.merge.bed,fMuscle_leg-DS19158.hg19.hotspot.twopass.fdr0.05.merge.bed,0.210362,6.993025302886963,53.890494,19.03515625,,,,8
maurano,bedtools,maurano,,1.0,1,2,fIntestine_Sm-DS16712.hg19.hotspot.twopass.fdr0.05.merge.bed,fSkin_fibro_bicep_R-DS19745.hg19.hotspot.twopass.fdr0.05.merge.bed,0.190258,6.993025302886963,53.890494,19.03515625,,,,8
maurano,bedtools,maurano,,1.0,1,2,fIntestine_Sm-DS16712.hg19.hotspot.twopass.fdr0.05.merge.bed,fStomach-DS17659.hg19.hotspot.twopass.fdr0.05.merge.bed,0.344375,6.993025302886963,53.890494,19.03515625,,,,8
maurano,bedtools,maurano,,1.0,1,2,fIntestine_Sm-DS16822.hotspot.twopass.fdr0.05.merge.bed,fIntestine_Sm-DS18495.hg19.hotspot.twopass.fdr0.05.merge.bed,0.569733,6.993025302886963,53.890494,19.03515625,,,,8
maurano,bedtools,maurano,,1.0,1,2,fIntestine_Sm-DS16822.hotspot.twopass.fdr0.05.merge.bed,fIntestine_Sm-DS17808.hg19.hotspot.twopass.fdr0.05.merge.bed,0.59865,6.993025302886963,53.890494,19.03515625,,,,8
maurano,bedtools,maurano,,1.0,1,2,fIntestine_Sm-DS16822.hotspot.twopass.fdr0.05.merge.bed,fKidney_renal_cortex_L-DS17550.hg19.hotspot.twopass.fdr0.05.merge.bed,0.289532,6.993025302886963,53.890494,19.03515625,,,,8
maurano,bedtools,maurano,,1.0,1,2,fIntestine_Sm-DS16822.hotspot.twopass.fdr0.05.merge.bed,fLung_L-DS17154.hg19.hotspot.twopass.fdr0.05.merge.bed,0.28457,6.993025302886963,53.890494,19.03515625,,,,8
maurano,bedtools,maurano,,1.0,1,2,fIntestine_Sm-DS16822.hotspot.twopass.fdr0.05.merge.bed,fLung_R-DS15632.hotspot.twopass.fdr0.05.merge.bed,0.289781,6.993025302886963,53.890494,19.03515625,,,,8
maurano,bedtools,maurano,,1.0,1,2,fIntestine_Sm-DS16822.hotspot.twopass.fdr0.05.merge.bed,fMuscle_arm-DS19053.hg19.hotspot.twopass.fdr0.05.merge.bed,0.256284,6.993025302886963,53.890494,19.03515625,,,,8
maurano,bedtools,maurano,,1.0,1,2,fIntestine_Sm-DS16822.hotspot.twopass.fdr0.05.merge.bed,fLung_L-DS18421.hg19.hotspot.twopass.fdr0.05.merge.bed,0.300228,6.993025302886963,53.890494,19.03515625,,,,8
maurano,bedtools,maurano,,1.0,1,2,fIntestine_Sm-DS16822.hotspot.twopass.fdr0.05.merge.bed,fMuscle_back-DS18454.hg19.hotspot.twopass.fdr0.05.merge.bed,0.258686,6.993025302886963,53.890494,19.03515625,,,,8
maurano,bedtools,maurano,,1.0,1,2,fIntestine_Sm-DS16822.hotspot.twopass.fdr0.05.merge.bed,fMuscle_leg-DS19115.hg19.hotspot.twopass.fdr0.05.merge.bed,0.255764,6.993025302886963,53.890494,19.03515625,,,,8
maurano,bedtools,maurano,,1.0,1,2,fIntestine_Sm-DS16822.hotspot.twopass.fdr0.05.merge.bed,fMuscle_leg-DS19158.hg19.hotspot.twopass.fdr0.05.merge.bed,0.238165,6.993025302886963,53.890494,19.03515625,,,,8
maurano,bedtools,maurano,,1.0,1,2,fIntestine_Sm-DS16822.hotspot.twopass.fdr0.05.merge.bed,fSkin_fibro_bicep_R-DS19745.hg19.hotspot.twopass.fdr0.05.merge.bed,0.18352,6.993025302886963,53.890494,19.03515625,,,,8
maurano,bedtools,maurano,,1.0,1,2,fIntestine_Sm-DS16822.hotspot.twopass.fdr0.05.merge.bed,fStomach-DS17659.hg19.hotspot.twopass.fdr0.05.merge.bed,0.355715,6.993025302886963,53.890494,19.03515625,,,,8
maurano,bedtools,maurano,,1.0,1,2,fIntestine_Sm-DS17808.hg19.hotspot.twopass.fdr0.05.merge.bed,fIntestine_Sm-DS18495.hg19.hotspot.twopass.fdr0.05.merge.bed,0.538442,6.993025302886963,53.890494,19.03515625,,,,8
maurano,bedtools,maurano,,1.0,1,2,fIntestine_Sm-DS17808.hg19.hotspot.twopass.fdr0.05.merge.bed,fKidney_renal_cortex_L-DS17550.hg19.hotspot.twopass.fdr0.05.merge.bed,0.311739,6.993025302886963,53.890494,19.03515625,,,,8
maurano,bedtools,maurano,,1.0,1,2,fIntestine_Sm-DS17808.hg19.hotspot.twopass.fdr0.05.merge.bed,fLung_L-DS17154.hg19.hotspot.twopass.fdr0.05.merge.bed,0.304329,6.993025302886963,53.890494,19.03515625,,,,8
maurano,bedtools,maurano,,1.0,1,2,fIntestine_Sm-DS17808.hg19.hotspot.twopass.fdr0.05.merge.bed,fLung_R-DS15632.hotspot.twopass.fdr0.05.merge.bed,0.306872,6.993025302886963,53.890494,19.03515625,,,,8
maurano,bedtools,maurano,,1.0,1,2,fIntestine_Sm-DS17808.hg19.hotspot.twopass.fdr0.05.merge.bed,fLung_L-DS18421.hg19.hotspot.twopass.fdr0.05.merge.bed,0.315083,6.993025302886963,53.890494,19.03515625,,,,8
maurano,bedtools,maurano,,1.0,1,2,fIntestine_Sm-DS17808.hg19.hotspot.twopass.fdr0.05.merge.bed,fMuscle_arm-DS19053.hg19.hotspot.twopass.fdr0.05.merge.bed,0.274056,6.993025302886963,53.890494,19.03515625,,,,8
maurano,bedtools,maurano,,1.0,1,2,fIntestine_Sm-DS17808.hg19.hotspot.twopass.fdr0.05.merge.bed,fMuscle_leg-DS19115.hg19.hotspot.twopass.fdr0.05.merge.bed,0.272167,6.993025302886963,53.890494,19.03515625,,,,8
maurano,bedtools,maurano,,1.0,1,2,fIntestine_Sm-DS17808.hg19.hotspot.twopass.fdr0.05.merge.bed,fMuscle_back-DS18454.hg19.hotspot.twopass.fdr0.05.merge.bed,0.27464,6.993025302886963,53.890494,19.03515625,,,,8
maurano,bedtools,maurano,,1.0,1,2,fIntestine_Sm-DS17808.hg19.hotspot.twopass.fdr0.05.merge.bed,fMuscle_leg-DS19158.hg19.hotspot.twopass.fdr0.05.merge.bed,0.24807,6.993025302886963,53.890494,19.03515625,,,,8
maurano,bedtools,maurano,,1.0,1,2,fIntestine_Sm-DS17808.hg19.hotspot.twopass.fdr0.05.merge.bed,fSkin_fibro_bicep_R-DS19745.hg19.hotspot.twopass.fdr0.05.merge.bed,0.184359,6.993025302886963,53.890494,19.03515625,,,,8
maurano,bedtools,maurano,,1.0,1,2,fIntestine_Sm-DS17808.hg19.hotspot.twopass.fdr0.05.merge.bed,fStomach-DS17659.hg19.hotspot.twopass.fdr0.05.merge.bed,0.361087,6.993025302886963,53.890494,19.03515625,,,,8
maurano,bedtools,maurano,,1.0,1,2,fIntestine_Sm-DS18495.hg19.hotspot.twopass.fdr0.05.merge.bed,fKidney_renal_cortex_L-DS17550.hg19.hotspot.twopass.fdr0.05.merge.bed,0.270452,6.993025302886963,53.890494,19.03515625,,,,8
maurano,bedtools,maurano,,1.0,1,2,fIntestine_Sm-DS18495.hg19.hotspot.twopass.fdr0.05.merge.bed,fLung_L-DS17154.hg19.hotspot.twopass.fdr0.05.merge.bed,0.261521,6.993025302886963,53.890494,19.03515625,,,,8
maurano,bedtools,maurano,,1.0,1,2,fIntestine_Sm-DS18495.hg19.hotspot.twopass.fdr0.05.merge.bed,fLung_L-DS18421.hg19.hotspot.twopass.fdr0.05.merge.bed,0.278614,6.993025302886963,53.890494,19.03515625,,,,8
maurano,bedtools,maurano,,1.0,1,2,fIntestine_Sm-DS18495.hg19.hotspot.twopass.fdr0.05.merge.bed,fLung_R-DS15632.hotspot.twopass.fdr0.05.merge.bed,0.274002,6.993025302886963,53.890494,19.03515625,,,,8
maurano,bedtools,maurano,,1.0,1,2,fIntestine_Sm-DS18495.hg19.hotspot.twopass.fdr0.05.merge.bed,fMuscle_arm-DS19053.hg19.hotspot.twopass.fdr0.05.merge.bed,0.24693,6.993025302886963,53.890494,19.03515625,,,,8
maurano,bedtools,maurano,,1.0,1,2,fIntestine_Sm-DS18495.hg19.hotspot.twopass.fdr0.05.merge.bed,fMuscle_leg-DS19115.hg19.hotspot.twopass.fdr0.05.merge.bed,0.246235,6.993025302886963,53.890494,19.03515625,,,,8
maurano,bedtools,maurano,,1.0,1,2,fIntestine_Sm-DS18495.hg19.hotspot.twopass.fdr0.05.merge.bed,fMuscle_back-DS18454.hg19.hotspot.twopass.fdr0.05.merge.bed,0.247674,6.993025302886963,53.890494,19.03515625,,,,8
maurano,bedtools,maurano,,1.0,1,2,fIntestine_Sm-DS18495.hg19.hotspot.twopass.fdr0.05.merge.bed,fMuscle_leg-DS19158.hg19.hotspot.twopass.fdr0.05.merge.bed,0.229886,6.993025302886963,53.890494,19.03515625,,,,8
maurano,bedtools,maurano,,1.0,1,2,fIntestine_Sm-DS18495.hg19.hotspot.twopass.fdr0.05.merge.bed,fSkin_fibro_bicep_R-DS19745.hg19.hotspot.twopass.fdr0.05.merge.bed,0.182733,6.993025302886963,53.890494,19.03515625,,,,8
maurano,bedtools,maurano,,1.0,1,2,fIntestine_Sm-DS18495.hg19.hotspot.twopass.fdr0.05.merge.bed,fStomach-DS17659.hg19.hotspot.twopass.fdr0.05.merge.bed,0.336473,6.993025302886963,53.890494,19.03515625,,,,8
maurano,bedtools,maurano,,1.0,1,2,fKidney_renal_cortex_L-DS17550.hg19.hotspot.twopass.fdr0.05.merge.bed,fLung_L-DS17154.hg19.hotspot.twopass.fdr0.05.merge.bed,0.38651,6.993025302886963,53.890494,19.03515625,,,,8
maurano,bedtools,maurano,,1.0,1,2,fKidney_renal_cortex_L-DS17550.hg19.hotspot.twopass.fdr0.05.merge.bed,fLung_L-DS18421.hg19.hotspot.twopass.fdr0.05.merge.bed,0.383039,6.993025302886963,53.890494,19.03515625,,,,8
maurano,bedtools,maurano,,1.0,1,2,fKidney_renal_cortex_L-DS17550.hg19.hotspot.twopass.fdr0.05.merge.bed,fLung_R-DS15632.hotspot.twopass.fdr0.05.merge.bed,0.365728,6.993025302886963,53.890494,19.03515625,,,,8
maurano,bedtools,maurano,,1.0,1,2,fKidney_renal_cortex_L-DS17550.hg19.hotspot.twopass.fdr0.05.merge.bed,fMuscle_arm-DS19053.hg19.hotspot.twopass.fdr0.05.merge.bed,0.336901,6.993025302886963,53.890494,19.03515625,,,,8
maurano,bedtools,maurano,,1.0,1,2,fKidney_renal_cortex_L-DS17550.hg19.hotspot.twopass.fdr0.05.merge.bed,fMuscle_back-DS18454.hg19.hotspot.twopass.fdr0.05.merge.bed,0.33017,6.993025302886963,53.890494,19.03515625,,,,8
maurano,bedtools,maurano,,1.0,1,2,fKidney_renal_cortex_L-DS17550.hg19.hotspot.twopass.fdr0.05.merge.bed,fMuscle_leg-DS19115.hg19.hotspot.twopass.fdr0.05.merge.bed,0.33113,6.993025302886963,53.890494,19.03515625,,,,8
maurano,bedtools,maurano,,1.0,1,2,fKidney_renal_cortex_L-DS17550.hg19.hotspot.twopass.fdr0.05.merge.bed,fMuscle_leg-DS19158.hg19.hotspot.twopass.fdr0.05.merge.bed,0.321369,6.993025302886963,53.890494,19.03515625,,,,8
maurano,bedtools,maurano,,1.0,1,2,fKidney_renal_cortex_L-DS17550.hg19.hotspot.twopass.fdr0.05.merge.bed,fSkin_fibro_bicep_R-DS19745.hg19.hotspot.twopass.fdr0.05.merge.bed,0.181055,6.993025302886963,53.890494,19.03515625,,,,8
maurano,bedtools,maurano,,1.0,1,2,fKidney_renal_cortex_L-DS17550.hg19.hotspot.twopass.fdr0.05.merge.bed,fStomach-DS17659.hg19.hotspot.twopass.fdr0.05.merge.bed,0.314544,6.993025302886963,53.890494,19.03515625,,,,8
maurano,bedtools,maurano,,1.0,1,2,fLung_L-DS17154.hg19.hotspot.twopass.fdr0.05.merge.bed,fLung_R-DS15632.hotspot.twopass.fdr0.05.merge.bed,0.594137,6.993025302886963,53.890494,19.03515625,,,,8
maurano,bedtools,maurano,,1.0,1,2,fLung_L-DS17154.hg19.hotspot.twopass.fdr0.05.merge.bed,fMuscle_arm-DS19053.hg19.hotspot.twopass.fdr0.05.merge.bed,0.377284,6.993025302886963,53.890494,19.03515625,,,,8
maurano,bedtools,maurano,,1.0,1,2,fLung_L-DS17154.hg19.hotspot.twopass.fdr0.05.merge.bed,fLung_L-DS18421.hg19.hotspot.twopass.fdr0.05.merge.bed,0.626942,6.993025302886963,53.890494,19.03515625,,,,8
maurano,bedtools,maurano,,1.0,1,2,fLung_L-DS17154.hg19.hotspot.twopass.fdr0.05.merge.bed,fMuscle_leg-DS19115.hg19.hotspot.twopass.fdr0.05.merge.bed,0.368251,6.993025302886963,53.890494,19.03515625,,,,8
maurano,bedtools,maurano,,1.0,1,2,fLung_L-DS17154.hg19.hotspot.twopass.fdr0.05.merge.bed,fMuscle_back-DS18454.hg19.hotspot.twopass.fdr0.05.merge.bed,0.363956,6.993025302886963,53.890494,19.03515625,,,,8
maurano,bedtools,maurano,,1.0,1,2,fLung_L-DS17154.hg19.hotspot.twopass.fdr0.05.merge.bed,fSkin_fibro_bicep_R-DS19745.hg19.hotspot.twopass.fdr0.05.merge.bed,0.18337,6.993025302886963,53.890494,19.03515625,,,,8
maurano,bedtools,maurano,,1.0,1,2,fLung_L-DS17154.hg19.hotspot.twopass.fdr0.05.merge.bed,fMuscle_leg-DS19158.hg19.hotspot.twopass.fdr0.05.merge.bed,0.372015,6.993025302886963,53.890494,19.03515625,,,,8
maurano,bedtools,maurano,,1.0,1,2,fLung_L-DS17154.hg19.hotspot.twopass.fdr0.05.merge.bed,fStomach-DS17659.hg19.hotspot.twopass.fdr0.05.merge.bed,0.331727,6.993025302886963,53.890494,19.03515625,,,,8
maurano,bedtools,maurano,,1.0,1,2,fLung_L-DS18421.hg19.hotspot.twopass.fdr0.05.merge.bed,fLung_R-DS15632.hotspot.twopass.fdr0.05.merge.bed,0.590381,6.993025302886963,53.890494,19.03515625,,,,8
maurano,bedtools,maurano,,1.0,1,2,fLung_L-DS18421.hg19.hotspot.twopass.fdr0.05.merge.bed,fMuscle_arm-DS19053.hg19.hotspot.twopass.fdr0.05.merge.bed,0.366132,6.993025302886963,53.890494,19.03515625,,,,8
maurano,bedtools,maurano,,1.0,1,2,fLung_L-DS18421.hg19.hotspot.twopass.fdr0.05.merge.bed,fMuscle_back-DS18454.hg19.hotspot.twopass.fdr0.05.merge.bed,0.358442,6.993025302886963,53.890494,19.03515625,,,,8
maurano,bedtools,maurano,,1.0,1,2,fLung_L-DS18421.hg19.hotspot.twopass.fdr0.05.merge.bed,fMuscle_leg-DS19115.hg19.hotspot.twopass.fdr0.05.merge.bed,0.3614,6.993025302886963,53.890494,19.03515625,,,,8
maurano,bedtools,maurano,,1.0,1,2,fLung_L-DS18421.hg19.hotspot.twopass.fdr0.05.merge.bed,fMuscle_leg-DS19158.hg19.hotspot.twopass.fdr0.05.merge.bed,0.355591,6.993025302886963,53.890494,19.03515625,,,,8
maurano,bedtools,maurano,,1.0,1,2,fLung_L-DS18421.hg19.hotspot.twopass.fdr0.05.merge.bed,fSkin_fibro_bicep_R-DS19745.hg19.hotspot.twopass.fdr0.05.merge.bed,0.191675,6.993025302886963,53.890494,19.03515625,,,,8
maurano,bedtools,maurano,,1.0,1,2,fLung_L-DS18421.hg19.hotspot.twopass.fdr0.05.merge.bed,fStomach-DS17659.hg19.hotspot.twopass.fdr0.05.merge.bed,0.356052,6.993025302886963,53.890494,19.03515625,,,,8
maurano,bedtools,maurano,,1.0,1,2,fLung_R-DS15632.hotspot.twopass.fdr0.05.merge.bed,fMuscle_arm-DS19053.hg19.hotspot.twopass.fdr0.05.merge.bed,0.378953,6.993025302886963,53.890494,19.03515625,,,,8
maurano,bedtools,maurano,,1.0,1,2,fLung_R-DS15632.hotspot.twopass.fdr0.05.merge.bed,fMuscle_leg-DS19115.hg19.hotspot.twopass.fdr0.05.merge.bed,0.374624,6.993025302886963,53.890494,19.03515625,,,,8
maurano,bedtools,maurano,,1.0,1,2,fLung_R-DS15632.hotspot.twopass.fdr0.05.merge.bed,fMuscle_back-DS18454.hg19.hotspot.twopass.fdr0.05.merge.bed,0.3663,6.993025302886963,53.890494,19.03515625,,,,8
maurano,bedtools,maurano,,1.0,1,2,fLung_R-DS15632.hotspot.twopass.fdr0.05.merge.bed,fMuscle_leg-DS19158.hg19.hotspot.twopass.fdr0.05.merge.bed,0.360816,6.993025302886963,53.890494,19.03515625,,,,8
maurano,bedtools,maurano,,1.0,1,2,fLung_R-DS15632.hotspot.twopass.fdr0.05.merge.bed,fSkin_fibro_bicep_R-DS19745.hg19.hotspot.twopass.fdr0.05.merge.bed,0.199165,6.993025302886963,53.890494,19.03515625,,,,8
maurano,bedtools,maurano,,1.0,1,2,fLung_R-DS15632.hotspot.twopass.fdr0.05.merge.bed,fStomach-DS17659.hg19.hotspot.twopass.fdr0.05.merge.bed,0.357541,6.993025302886963,53.890494,19.03515625,,,,8
maurano,bedtools,maurano,,1.0,1,2,fMuscle_arm-DS19053.hg19.hotspot.twopass.fdr0.05.merge.bed,fMuscle_back-DS18454.hg19.hotspot.twopass.fdr0.05.merge.bed,0.58994,6.993025302886963,53.890494,19.03515625,,,,8
maurano,bedtools,maurano,,1.0,1,2,fMuscle_arm-DS19053.hg19.hotspot.twopass.fdr0.05.merge.bed,fMuscle_leg-DS19115.hg19.hotspot.twopass.fdr0.05.merge.bed,0.599604,6.993025302886963,53.890494,19.03515625,,,,8
maurano,bedtools,maurano,,1.0,1,2,fMuscle_arm-DS19053.hg19.hotspot.twopass.fdr0.05.merge.bed,fMuscle_leg-DS19158.hg19.hotspot.twopass.fdr0.05.merge.bed,0.573223,6.993025302886963,53.890494,19.03515625,,,,8
maurano,bedtools,maurano,,1.0,1,2,fMuscle_arm-DS19053.hg19.hotspot.twopass.fdr0.05.merge.bed,fSkin_fibro_bicep_R-DS19745.hg19.hotspot.twopass.fdr0.05.merge.bed,0.215222,6.993025302886963,53.890494,19.03515625,,,,8
maurano,bedtools,maurano,,1.0,1,2,fMuscle_arm-DS19053.hg19.hotspot.twopass.fdr0.05.merge.bed,fStomach-DS17659.hg19.hotspot.twopass.fdr0.05.merge.bed,0.322868,6.993025302886963,53.890494,19.03515625,,,,8
maurano,bedtools,maurano,,1.0,1,2,fMuscle_back-DS18454.hg19.hotspot.twopass.fdr0.05.merge.bed,fMuscle_leg-DS19115.hg19.hotspot.twopass.fdr0.05.merge.bed,0.605352,6.993025302886963,53.890494,19.03515625,,,,8
maurano,bedtools,maurano,,1.0,1,2,fMuscle_back-DS18454.hg19.hotspot.twopass.fdr0.05.merge.bed,fMuscle_leg-DS19158.hg19.hotspot.twopass.fdr0.05.merge.bed,0.555513,6.993025302886963,53.890494,19.03515625,,,,8
maurano,bedtools,maurano,,1.0,1,2,fMuscle_back-DS18454.hg19.hotspot.twopass.fdr0.05.merge.bed,fSkin_fibro_bicep_R-DS19745.hg19.hotspot.twopass.fdr0.05.merge.bed,0.223531,6.993025302886963,53.890494,19.03515625,,,,8
maurano,bedtools,maurano,,1.0,1,2,fMuscle_back-DS18454.hg19.hotspot.twopass.fdr0.05.merge.bed,fStomach-DS17659.hg19.hotspot.twopass.fdr0.05.merge.bed,0.327171,6.993025302886963,53.890494,19.03515625,,,,8
maurano,bedtools,maurano,,1.0,1,2,fMuscle_leg-DS19115.hg19.hotspot.twopass.fdr0.05.merge.bed,fMuscle_leg-DS19158.hg19.hotspot.twopass.fdr0.05.merge.bed,0.582839,6.993025302886963,53.890494,19.03515625,,,,8
maurano,bedtools,maurano,,1.0,1,2,fMuscle_leg-DS19115.hg19.hotspot.twopass.fdr0.05.merge.bed,fSkin_fibro_bicep_R-DS19745.hg19.hotspot.twopass.fdr0.05.merge.bed,0.218922,6.993025302886963,53.890494,19.03515625,,,,8
maurano,bedtools,maurano,,1.0,1,2,fMuscle_leg-DS19115.hg19.hotspot.twopass.fdr0.05.merge.bed,fStomach-DS17659.hg19.hotspot.twopass.fdr0.05.merge.bed,0.329439,6.993025302886963,53.890494,19.03515625,,,,8
maurano,bedtools,maurano,,1.0,1,2,fMuscle_leg-DS19158.hg19.hotspot.twopass.fdr0.05.merge.bed,fSkin_fibro_bicep_R-DS19745.hg19.hotspot.twopass.fdr0.05.merge.bed,0.195676,6.993025302886963,53.890494,19.03515625,,,,8
maurano,bedtools,maurano,,1.0,1,2,fMuscle_leg-DS19158.hg19.hotspot.twopass.fdr0.05.merge.bed,fStomach-DS17659.hg19.hotspot.twopass.fdr0.05.merge.bed,0.291063,6.993025302886963,53.890494,19.03515625,,,,8
maurano,bedtools,maurano,,1.0,1,2,fSkin_fibro_bicep_R-DS19745.hg19.hotspot.twopass.fdr0.05.merge.bed,fStomach-DS17659.hg19.hotspot.twopass.fdr0.05.merge.bed,0.229768,6.993025302886963,53.890494,19.03515625,,,,8
maurano,bedtools,maurano,,1.0,2,3,fBrain-DS14718.hotspot.twopass.fdr0.05.merge.bed,fIntestine_Sm-DS16712.hg19.hotspot.twopass.fdr0.05.merge.bed,0.206104,6.99741268157959,53.88439300000002,19.04296875,,,,8
maurano,bedtools,maurano,,1.0,2,3,fBrain-DS14718.hotspot.twopass.fdr0.05.merge.bed,fHeart-DS15643.hotspot.twopass.fdr0.05.merge.bed,0.240543,6.99741268157959,53.88439300000002,19.04296875,,,,8
maurano,bedtools,maurano,,1.0,2,3,fBrain-DS14718.hotspot.twopass.fdr0.05.merge.bed,fBrain-DS16302.hotspot.twopass.fdr0.05.merge.bed,0.354341,6.99741268157959,53.88439300000002,19.04296875,,,,8
maurano,bedtools,maurano,,1.0,2,3,fBrain-DS14718.hotspot.twopass.fdr0.05.merge.bed,fHeart-DS16621.hotspot.twopass.fdr0.05.merge.bed,0.227235,6.99741268157959,53.88439300000002,19.04296875,,,,8
maurano,bedtools,maurano,,1.0,2,3,fBrain-DS14718.hotspot.twopass.fdr0.05.merge.bed,fIntestine_Sm-DS16559.hotspot.twopass.fdr0.05.merge.bed,0.208473,6.99741268157959,53.88439300000002,19.04296875,,,,8
maurano,bedtools,maurano,,1.0,2,3,fBrain-DS14718.hotspot.twopass.fdr0.05.merge.bed,fIntestine_Sm-DS16822.hotspot.twopass.fdr0.05.merge.bed,0.201612,6.99741268157959,53.88439300000002,19.04296875,,,,8
maurano,bedtools,maurano,,1.0,2,3,fBrain-DS14718.hotspot.twopass.fdr0.05.merge.bed,fHeart-DS15839.hotspot.twopass.fdr0.05.merge.bed,0.220057,6.99741268157959,53.88439300000002,19.04296875,,,,8
maurano,bedtools,maurano,,1.0,2,3,fBrain-DS14718.hotspot.twopass.fdr0.05.merge.bed,fIntestine_Sm-DS18495.hg19.hotspot.twopass.fdr0.05.merge.bed,0.190684,6.99741268157959,53.88439300000002,19.04296875,,,,8
maurano,bedtools,maurano,,1.0,2,3,fBrain-DS14718.hotspot.twopass.fdr0.05.merge.bed,fIntestine_Sm-DS17808.hg19.hotspot.twopass.fdr0.05.merge.bed,0.215237,6.99741268157959,53.88439300000002,19.04296875,,,,8
maurano,bedtools,maurano,,1.0,2,3,fBrain-DS14718.hotspot.twopass.fdr0.05.merge.bed,fLung_R-DS15632.hotspot.twopass.fdr0.05.merge.bed,0.260759,6.99741268157959,53.88439300000002,19.04296875,,,,8
maurano,bedtools,maurano,,1.0,2,3,fBrain-DS14718.hotspot.twopass.fdr0.05.merge.bed,fKidney_renal_cortex_L-DS17550.hg19.hotspot.twopass.fdr0.05.merge.bed,0.260934,6.99741268157959,53.88439300000002,19.04296875,,,,8
maurano,bedtools,maurano,,1.0,2,3,fBrain-DS14718.hotspot.twopass.fdr0.05.merge.bed,fLung_L-DS17154.hg19.hotspot.twopass.fdr0.05.merge.bed,0.254287,6.99741268157959,53.88439300000002,19.04296875,,,,8
maurano,bedtools,maurano,,1.0,2,3,fBrain-DS14718.hotspot.twopass.fdr0.05.merge.bed,fLung_L-DS18421.hg19.hotspot.twopass.fdr0.05.merge.bed,0.25417,6.99741268157959,53.88439300000002,19.04296875,,,,8
maurano,bedtools,maurano,,1.0,2,3,fBrain-DS14718.hotspot.twopass.fdr0.05.merge.bed,fMuscle_arm-DS19053.hg19.hotspot.twopass.fdr0.05.merge.bed,0.263693,6.99741268157959,53.88439300000002,19.04296875,,,,8
maurano,bedtools,maurano,,1.0,2,3,fBrain-DS14718.hotspot.twopass.fdr0.05.merge.bed,fMuscle_back-DS18454.hg19.hotspot.twopass.fdr0.05.merge.bed,0.265443,6.99741268157959,53.88439300000002,19.04296875,,,,8
maurano,bedtools,maurano,,1.0,2,3,fBrain-DS14718.hotspot.twopass.fdr0.05.merge.bed,fMuscle_leg-DS19115.hg19.hotspot.twopass.fdr0.05.merge.bed,0.266904,6.99741268157959,53.88439300000002,19.04296875,,,,8
maurano,bedtools,maurano,,1.0,2,3,fBrain-DS16302.hotspot.twopass.fdr0.05.merge.bed,fHeart-DS15643.hotspot.twopass.fdr0.05.merge.bed,0.231572,6.99741268157959,53.88439300000002,19.04296875,,,,8
maurano,bedtools,maurano,,1.0,2,3,fBrain-DS14718.hotspot.twopass.fdr0.05.merge.bed,fMuscle_leg-DS19158.hg19.hotspot.twopass.fdr0.05.merge.bed,0.244176,6.99741268157959,53.88439300000002,19.04296875,,,,8
maurano,bedtools,maurano,,1.0,2,3,fBrain-DS14718.hotspot.twopass.fdr0.05.merge.bed,fSkin_fibro_bicep_R-DS19745.hg19.hotspot.twopass.fdr0.05.merge.bed,0.15608,6.99741268157959,53.88439300000002,19.04296875,,,,8
maurano,bedtools,maurano,,1.0,2,3,fBrain-DS14718.hotspot.twopass.fdr0.05.merge.bed,fStomach-DS17659.hg19.hotspot.twopass.fdr0.05.merge.bed,0.248625,6.99741268157959,53.88439300000002,19.04296875,,,,8
maurano,bedtools,maurano,,1.0,2,3,fBrain-DS16302.hotspot.twopass.fdr0.05.merge.bed,fHeart-DS15839.hotspot.twopass.fdr0.05.merge.bed,0.209813,6.99741268157959,53.88439300000002,19.04296875,,,,8
maurano,bedtools,maurano,,1.0,2,3,fBrain-DS16302.hotspot.twopass.fdr0.05.merge.bed,fIntestine_Sm-DS16712.hg19.hotspot.twopass.fdr0.05.merge.bed,0.17876,6.99741268157959,53.88439300000002,19.04296875,,,,8
maurano,bedtools,maurano,,1.0,2,3,fBrain-DS16302.hotspot.twopass.fdr0.05.merge.bed,fHeart-DS16621.hotspot.twopass.fdr0.05.merge.bed,0.226111,6.99741268157959,53.88439300000002,19.04296875,,,,8
maurano,bedtools,maurano,,1.0,2,3,fBrain-DS16302.hotspot.twopass.fdr0.05.merge.bed,fIntestine_Sm-DS16559.hotspot.twopass.fdr0.05.merge.bed,0.194993,6.99741268157959,53.88439300000002,19.04296875,,,,8
maurano,bedtools,maurano,,1.0,2,3,fBrain-DS16302.hotspot.twopass.fdr0.05.merge.bed,fIntestine_Sm-DS17808.hg19.hotspot.twopass.fdr0.05.merge.bed,0.191957,6.99741268157959,53.88439300000002,19.04296875,,,,8
maurano,bedtools,maurano,,1.0,2,3,fBrain-DS16302.hotspot.twopass.fdr0.05.merge.bed,fIntestine_Sm-DS16822.hotspot.twopass.fdr0.05.merge.bed,0.183641,6.99741268157959,53.88439300000002,19.04296875,,,,8
maurano,bedtools,maurano,,1.0,2,3,fBrain-DS16302.hotspot.twopass.fdr0.05.merge.bed,fIntestine_Sm-DS18495.hg19.hotspot.twopass.fdr0.05.merge.bed,0.175085,6.99741268157959,53.88439300000002,19.04296875,,,,8
maurano,bedtools,maurano,,1.0,2,3,fBrain-DS16302.hotspot.twopass.fdr0.05.merge.bed,fKidney_renal_cortex_L-DS17550.hg19.hotspot.twopass.fdr0.05.merge.bed,0.237877,6.99741268157959,53.88439300000002,19.04296875,,,,8
maurano,bedtools,maurano,,1.0,2,3,fBrain-DS16302.hotspot.twopass.fdr0.05.merge.bed,fLung_L-DS17154.hg19.hotspot.twopass.fdr0.05.merge.bed,0.258712,6.99741268157959,53.88439300000002,19.04296875,,,,8
maurano,bedtools,maurano,,1.0,2,3,fBrain-DS16302.hotspot.twopass.fdr0.05.merge.bed,fLung_R-DS15632.hotspot.twopass.fdr0.05.merge.bed,0.259236,6.99741268157959,53.88439300000002,19.04296875,,,,8
maurano,bedtools,maurano,,1.0,2,3,fBrain-DS16302.hotspot.twopass.fdr0.05.merge.bed,fLung_L-DS18421.hg19.hotspot.twopass.fdr0.05.merge.bed,0.251358,6.99741268157959,53.88439300000002,19.04296875,,,,8
maurano,bedtools,maurano,,1.0,2,3,fBrain-DS16302.hotspot.twopass.fdr0.05.merge.bed,fMuscle_arm-DS19053.hg19.hotspot.twopass.fdr0.05.merge.bed,0.252318,6.99741268157959,53.88439300000002,19.04296875,,,,8
maurano,bedtools,maurano,,1.0,2,3,fBrain-DS16302.hotspot.twopass.fdr0.05.merge.bed,fMuscle_leg-DS19115.hg19.hotspot.twopass.fdr0.05.merge.bed,0.249425,6.99741268157959,53.88439300000002,19.04296875,,,,8
maurano,bedtools,maurano,,1.0,2,3,fBrain-DS16302.hotspot.twopass.fdr0.05.merge.bed,fMuscle_back-DS18454.hg19.hotspot.twopass.fdr0.05.merge.bed,0.24471,6.99741268157959,53.88439300000002,19.04296875,,,,8
maurano,bedtools,maurano,,1.0,2,3,fBrain-DS16302.hotspot.twopass.fdr0.05.merge.bed,fMuscle_leg-DS19158.hg19.hotspot.twopass.fdr0.05.merge.bed,0.244333,6.99741268157959,53.88439300000002,19.04296875,,,,8
maurano,bedtools,maurano,,1.0,2,3,fBrain-DS16302.hotspot.twopass.fdr0.05.merge.bed,fSkin_fibro_bicep_R-DS19745.hg19.hotspot.twopass.fdr0.05.merge.bed,0.135481,6.99741268157959,53.88439300000002,19.04296875,,,,8
maurano,bedtools,maurano,,1.0,2,3,fBrain-DS16302.hotspot.twopass.fdr0.05.merge.bed,fStomach-DS17659.hg19.hotspot.twopass.fdr0.05.merge.bed,0.215611,6.99741268157959,53.88439300000002,19.04296875,,,,8
maurano,bedtools,maurano,,1.0,2,3,fHeart-DS15643.hotspot.twopass.fdr0.05.merge.bed,fHeart-DS16621.hotspot.twopass.fdr0.05.merge.bed,0.612503,6.99741268157959,53.88439300000002,19.04296875,,,,8
maurano,bedtools,maurano,,1.0,2,3,fHeart-DS15643.hotspot.twopass.fdr0.05.merge.bed,fIntestine_Sm-DS16712.hg19.hotspot.twopass.fdr0.05.merge.bed,0.252223,6.99741268157959,53.88439300000002,19.04296875,,,,8
maurano,bedtools,maurano,,1.0,2,3,fHeart-DS15643.hotspot.twopass.fdr0.05.merge.bed,fIntestine_Sm-DS16559.hotspot.twopass.fdr0.05.merge.bed,0.274958,6.99741268157959,53.88439300000002,19.04296875,,,,8
maurano,bedtools,maurano,,1.0,2,3,fHeart-DS15643.hotspot.twopass.fdr0.05.merge.bed,fHeart-DS15839.hotspot.twopass.fdr0.05.merge.bed,0.501456,6.99741268157959,53.88439300000002,19.04296875,,,,8
maurano,bedtools,maurano,,1.0,2,3,fHeart-DS15643.hotspot.twopass.fdr0.05.merge.bed,fIntestine_Sm-DS16822.hotspot.twopass.fdr0.05.merge.bed,0.259862,6.99741268157959,53.88439300000002,19.04296875,,,,8
maurano,bedtools,maurano,,1.0,2,3,fHeart-DS15643.hotspot.twopass.fdr0.05.merge.bed,fIntestine_Sm-DS17808.hg19.hotspot.twopass.fdr0.05.merge.bed,0.279561,6.99741268157959,53.88439300000002,19.04296875,,,,8
maurano,bedtools,maurano,,1.0,2,3,fHeart-DS15643.hotspot.twopass.fdr0.05.merge.bed,fIntestine_Sm-DS18495.hg19.hotspot.twopass.fdr0.05.merge.bed,0.247321,6.99741268157959,53.88439300000002,19.04296875,,,,8
maurano,bedtools,maurano,,1.0,2,3,fHeart-DS15643.hotspot.twopass.fdr0.05.merge.bed,fKidney_renal_cortex_L-DS17550.hg19.hotspot.twopass.fdr0.05.merge.bed,0.305128,6.99741268157959,53.88439300000002,19.04296875,,,,8
maurano,bedtools,maurano,,1.0,2,3,fHeart-DS15643.hotspot.twopass.fdr0.05.merge.bed,fLung_L-DS17154.hg19.hotspot.twopass.fdr0.05.merge.bed,0.321958,6.99741268157959,53.88439300000002,19.04296875,,,,8
maurano,bedtools,maurano,,1.0,2,3,fHeart-DS15643.hotspot.twopass.fdr0.05.merge.bed,fLung_R-DS15632.hotspot.twopass.fdr0.05.merge.bed,0.327153,6.99741268157959,53.88439300000002,19.04296875,,,,8
maurano,bedtools,maurano,,1.0,2,3,fHeart-DS15643.hotspot.twopass.fdr0.05.merge.bed,fLung_L-DS18421.hg19.hotspot.twopass.fdr0.05.merge.bed,0.323751,6.99741268157959,53.88439300000002,19.04296875,,,,8
maurano,bedtools,maurano,,1.0,2,3,fHeart-DS15643.hotspot.twopass.fdr0.05.merge.bed,fMuscle_arm-DS19053.hg19.hotspot.twopass.fdr0.05.merge.bed,0.322471,6.99741268157959,53.88439300000002,19.04296875,,,,8
maurano,bedtools,maurano,,1.0,2,3,fHeart-DS15643.hotspot.twopass.fdr0.05.merge.bed,fMuscle_back-DS18454.hg19.hotspot.twopass.fdr0.05.merge.bed,0.32779,6.99741268157959,53.88439300000002,19.04296875,,,,8
maurano,bedtools,maurano,,1.0,2,3,fHeart-DS15643.hotspot.twopass.fdr0.05.merge.bed,fMuscle_leg-DS19115.hg19.hotspot.twopass.fdr0.05.merge.bed,0.321602,6.99741268157959,53.88439300000002,19.04296875,,,,8
maurano,bedtools,maurano,,1.0,2,3,fHeart-DS15643.hotspot.twopass.fdr0.05.merge.bed,fMuscle_leg-DS19158.hg19.hotspot.twopass.fdr0.05.merge.bed,0.297134,6.99741268157959,53.88439300000002,19.04296875,,,,8
maurano,bedtools,maurano,,1.0,2,3,fHeart-DS15643.hotspot.twopass.fdr0.05.merge.bed,fSkin_fibro_bicep_R-DS19745.hg19.hotspot.twopass.fdr0.05.merge.bed,0.18551,6.99741268157959,53.88439300000002,19.04296875,,,,8
maurano,bedtools,maurano,,1.0,2,3,fHeart-DS15643.hotspot.twopass.fdr0.05.merge.bed,fStomach-DS17659.hg19.hotspot.twopass.fdr0.05.merge.bed,0.295735,6.99741268157959,53.88439300000002,19.04296875,,,,8
maurano,bedtools,maurano,,1.0,2,3,fHeart-DS15839.hotspot.twopass.fdr0.05.merge.bed,fHeart-DS16621.hotspot.twopass.fdr0.05.merge.bed,0.50637,6.99741268157959,53.88439300000002,19.04296875,,,,8
maurano,bedtools,maurano,,1.0,2,3,fHeart-DS15839.hotspot.twopass.fdr0.05.merge.bed,fIntestine_Sm-DS16712.hg19.hotspot.twopass.fdr0.05.merge.bed,0.234683,6.99741268157959,53.88439300000002,19.04296875,,,,8
maurano,bedtools,maurano,,1.0,2,3,fHeart-DS15839.hotspot.twopass.fdr0.05.merge.bed,fIntestine_Sm-DS16559.hotspot.twopass.fdr0.05.merge.bed,0.253843,6.99741268157959,53.88439300000002,19.04296875,,,,8
maurano,bedtools,maurano,,1.0,2,3,fHeart-DS15839.hotspot.twopass.fdr0.05.merge.bed,fIntestine_Sm-DS16822.hotspot.twopass.fdr0.05.merge.bed,0.236505,6.99741268157959,53.88439300000002,19.04296875,,,,8
maurano,bedtools,maurano,,1.0,2,3,fHeart-DS15839.hotspot.twopass.fdr0.05.merge.bed,fIntestine_Sm-DS18495.hg19.hotspot.twopass.fdr0.05.merge.bed,0.220866,6.99741268157959,53.88439300000002,19.04296875,,,,8
maurano,bedtools,maurano,,1.0,2,3,fHeart-DS15839.hotspot.twopass.fdr0.05.merge.bed,fIntestine_Sm-DS17808.hg19.hotspot.twopass.fdr0.05.merge.bed,0.262172,6.99741268157959,53.88439300000002,19.04296875,,,,8
maurano,bedtools,maurano,,1.0,2,3,fHeart-DS15839.hotspot.twopass.fdr0.05.merge.bed,fKidney_renal_cortex_L-DS17550.hg19.hotspot.twopass.fdr0.05.merge.bed,0.278114,6.99741268157959,53.88439300000002,19.04296875,,,,8
maurano,bedtools,maurano,,1.0,2,3,fHeart-DS15839.hotspot.twopass.fdr0.05.merge.bed,fLung_L-DS17154.hg19.hotspot.twopass.fdr0.05.merge.bed,0.289965,6.99741268157959,53.88439300000002,19.04296875,,,,8
maurano,bedtools,maurano,,1.0,2,3,fHeart-DS15839.hotspot.twopass.fdr0.05.merge.bed,fLung_R-DS15632.hotspot.twopass.fdr0.05.merge.bed,0.280371,6.99741268157959,53.88439300000002,19.04296875,,,,8
maurano,bedtools,maurano,,1.0,2,3,fHeart-DS15839.hotspot.twopass.fdr0.05.merge.bed,fLung_L-DS18421.hg19.hotspot.twopass.fdr0.05.merge.bed,0.285643,6.99741268157959,53.88439300000002,19.04296875,,,,8
maurano,bedtools,maurano,,1.0,2,3,fHeart-DS15839.hotspot.twopass.fdr0.05.merge.bed,fMuscle_arm-DS19053.hg19.hotspot.twopass.fdr0.05.merge.bed,0.273637,6.99741268157959,53.88439300000002,19.04296875,,,,8
maurano,bedtools,maurano,,1.0,2,3,fHeart-DS15839.hotspot.twopass.fdr0.05.merge.bed,fMuscle_back-DS18454.hg19.hotspot.twopass.fdr0.05.merge.bed,0.273879,6.99741268157959,53.88439300000002,19.04296875,,,,8
maurano,bedtools,maurano,,1.0,2,3,fHeart-DS15839.hotspot.twopass.fdr0.05.merge.bed,fMuscle_leg-DS19115.hg19.hotspot.twopass.fdr0.05.merge.bed,0.265811,6.99741268157959,53.88439300000002,19.04296875,,,,8
maurano,bedtools,maurano,,1.0,2,3,fHeart-DS15839.hotspot.twopass.fdr0.05.merge.bed,fMuscle_leg-DS19158.hg19.hotspot.twopass.fdr0.05.merge.bed,0.250537,6.99741268157959,53.88439300000002,19.04296875,,,,8
maurano,bedtools,maurano,,1.0,2,3,fHeart-DS15839.hotspot.twopass.fdr0.05.merge.bed,fSkin_fibro_bicep_R-DS19745.hg19.hotspot.twopass.fdr0.05.merge.bed,0.155952,6.99741268157959,53.88439300000002,19.04296875,,,,8
maurano,bedtools,maurano,,1.0,2,3,fHeart-DS15839.hotspot.twopass.fdr0.05.merge.bed,fStomach-DS17659.hg19.hotspot.twopass.fdr0.05.merge.bed,0.2491,6.99741268157959,53.88439300000002,19.04296875,,,,8
maurano,bedtools,maurano,,1.0,2,3,fHeart-DS16621.hotspot.twopass.fdr0.05.merge.bed,fIntestine_Sm-DS16712.hg19.hotspot.twopass.fdr0.05.merge.bed,0.226441,6.99741268157959,53.88439300000002,19.04296875,,,,8
maurano,bedtools,maurano,,1.0,2,3,fHeart-DS16621.hotspot.twopass.fdr0.05.merge.bed,fIntestine_Sm-DS16559.hotspot.twopass.fdr0.05.merge.bed,0.270273,6.99741268157959,53.88439300000002,19.04296875,,,,8
maurano,bedtools,maurano,,1.0,2,3,fHeart-DS16621.hotspot.twopass.fdr0.05.merge.bed,fIntestine_Sm-DS16822.hotspot.twopass.fdr0.05.merge.bed,0.248787,6.99741268157959,53.88439300000002,19.04296875,,,,8
maurano,bedtools,maurano,,1.0,2,3,fHeart-DS16621.hotspot.twopass.fdr0.05.merge.bed,fIntestine_Sm-DS18495.hg19.hotspot.twopass.fdr0.05.merge.bed,0.23503,6.99741268157959,53.88439300000002,19.04296875,,,,8
maurano,bedtools,maurano,,1.0,2,3,fHeart-DS16621.hotspot.twopass.fdr0.05.merge.bed,fIntestine_Sm-DS17808.hg19.hotspot.twopass.fdr0.05.merge.bed,0.262196,6.99741268157959,53.88439300000002,19.04296875,,,,8
maurano,bedtools,maurano,,1.0,2,3,fHeart-DS16621.hotspot.twopass.fdr0.05.merge.bed,fKidney_renal_cortex_L-DS17550.hg19.hotspot.twopass.fdr0.05.merge.bed,0.296984,6.99741268157959,53.88439300000002,19.04296875,,,,8
maurano,bedtools,maurano,,1.0,2,3,fHeart-DS16621.hotspot.twopass.fdr0.05.merge.bed,fLung_R-DS15632.hotspot.twopass.fdr0.05.merge.bed,0.309777,6.99741268157959,53.88439300000002,19.04296875,,,,8
maurano,bedtools,maurano,,1.0,2,3,fHeart-DS16621.hotspot.twopass.fdr0.05.merge.bed,fLung_L-DS17154.hg19.hotspot.twopass.fdr0.05.merge.bed,0.319891,6.99741268157959,53.88439300000002,19.04296875,,,,8
maurano,bedtools,maurano,,1.0,2,3,fHeart-DS16621.hotspot.twopass.fdr0.05.merge.bed,fLung_L-DS18421.hg19.hotspot.twopass.fdr0.05.merge.bed,0.317823,6.99741268157959,53.88439300000002,19.04296875,,,,8
maurano,bedtools,maurano,,1.0,2,3,fHeart-DS16621.hotspot.twopass.fdr0.05.merge.bed,fMuscle_arm-DS19053.hg19.hotspot.twopass.fdr0.05.merge.bed,0.305358,6.99741268157959,53.88439300000002,19.04296875,,,,8
maurano,bedtools,maurano,,1.0,2,3,fHeart-DS16621.hotspot.twopass.fdr0.05.merge.bed,fMuscle_back-DS18454.hg19.hotspot.twopass.fdr0.05.merge.bed,0.309559,6.99741268157959,53.88439300000002,19.04296875,,,,8
maurano,bedtools,maurano,,1.0,2,3,fHeart-DS16621.hotspot.twopass.fdr0.05.merge.bed,fMuscle_leg-DS19115.hg19.hotspot.twopass.fdr0.05.merge.bed,0.301319,6.99741268157959,53.88439300000002,19.04296875,,,,8
maurano,bedtools,maurano,,1.0,2,3,fHeart-DS16621.hotspot.twopass.fdr0.05.merge.bed,fMuscle_leg-DS19158.hg19.hotspot.twopass.fdr0.05.merge.bed,0.291388,6.99741268157959,53.88439300000002,19.04296875,,,,8
maurano,bedtools,maurano,,1.0,2,3,fHeart-DS16621.hotspot.twopass.fdr0.05.merge.bed,fSkin_fibro_bicep_R-DS19745.hg19.hotspot.twopass.fdr0.05.merge.bed,0.170995,6.99741268157959,53.88439300000002,19.04296875,,,,8
maurano,bedtools,maurano,,1.0,2,3,fHeart-DS16621.hotspot.twopass.fdr0.05.merge.bed,fStomach-DS17659.hg19.hotspot.twopass.fdr0.05.merge.bed,0.267889,6.99741268157959,53.88439300000002,19.04296875,,,,8
maurano,bedtools,maurano,,1.0,2,3,fIntestine_Sm-DS16559.hotspot.twopass.fdr0.05.merge.bed,fIntestine_Sm-DS16712.hg19.hotspot.twopass.fdr0.05.merge.bed,0.451537,6.99741268157959,53.88439300000002,19.04296875,,,,8
maurano,bedtools,maurano,,1.0,2,3,fIntestine_Sm-DS16559.hotspot.twopass.fdr0.05.merge.bed,fIntestine_Sm-DS18495.hg19.hotspot.twopass.fdr0.05.merge.bed,0.554788,6.99741268157959,53.88439300000002,19.04296875,,,,8
maurano,bedtools,maurano,,1.0,2,3,fIntestine_Sm-DS16559.hotspot.twopass.fdr0.05.merge.bed,fIntestine_Sm-DS16822.hotspot.twopass.fdr0.05.merge.bed,0.607371,6.99741268157959,53.88439300000002,19.04296875,,,,8
maurano,bedtools,maurano,,1.0,2,3,fIntestine_Sm-DS16559.hotspot.twopass.fdr0.05.merge.bed,fIntestine_Sm-DS17808.hg19.hotspot.twopass.fdr0.05.merge.bed,0.57613,6.99741268157959,53.88439300000002,19.04296875,,,,8
maurano,bedtools,maurano,,1.0,2,3,fIntestine_Sm-DS16559.hotspot.twopass.fdr0.05.merge.bed,fKidney_renal_cortex_L-DS17550.hg19.hotspot.twopass.fdr0.05.merge.bed,0.313097,6.99741268157959,53.88439300000002,19.04296875,,,,8
maurano,bedtools,maurano,,1.0,2,3,fIntestine_Sm-DS16559.hotspot.twopass.fdr0.05.merge.bed,fLung_R-DS15632.hotspot.twopass.fdr0.05.merge.bed,0.310454,6.99741268157959,53.88439300000002,19.04296875,,,,8
maurano,bedtools,maurano,,1.0,2,3,fIntestine_Sm-DS16559.hotspot.twopass.fdr0.05.merge.bed,fLung_L-DS17154.hg19.hotspot.twopass.fdr0.05.merge.bed,0.313202,6.99741268157959,53.88439300000002,19.04296875,,,,8
maurano,bedtools,maurano,,1.0,2,3,fIntestine_Sm-DS16559.hotspot.twopass.fdr0.05.merge.bed,fLung_L-DS18421.hg19.hotspot.twopass.fdr0.05.merge.bed,0.325796,6.99741268157959,53.88439300000002,19.04296875,,,,8
maurano,bedtools,maurano,,1.0,2,3,fIntestine_Sm-DS16559.hotspot.twopass.fdr0.05.merge.bed,fMuscle_arm-DS19053.hg19.hotspot.twopass.fdr0.05.merge.bed,0.27922,6.99741268157959,53.88439300000002,19.04296875,,,,8
maurano,bedtools,maurano,,1.0,2,3,fIntestine_Sm-DS16559.hotspot.twopass.fdr0.05.merge.bed,fMuscle_leg-DS19115.hg19.hotspot.twopass.fdr0.05.merge.bed,0.273837,6.99741268157959,53.88439300000002,19.04296875,,,,8
maurano,bedtools,maurano,,1.0,2,3,fIntestine_Sm-DS16559.hotspot.twopass.fdr0.05.merge.bed,fMuscle_back-DS18454.hg19.hotspot.twopass.fdr0.05.merge.bed,0.276469,6.99741268157959,53.88439300000002,19.04296875,,,,8
maurano,bedtools,maurano,,1.0,2,3,fIntestine_Sm-DS16559.hotspot.twopass.fdr0.05.merge.bed,fMuscle_leg-DS19158.hg19.hotspot.twopass.fdr0.05.merge.bed,0.264617,6.99741268157959,53.88439300000002,19.04296875,,,,8
maurano,bedtools,maurano,,1.0,2,3,fIntestine_Sm-DS16559.hotspot.twopass.fdr0.05.merge.bed,fSkin_fibro_bicep_R-DS19745.hg19.hotspot.twopass.fdr0.05.merge.bed,0.177436,6.99741268157959,53.88439300000002,19.04296875,,,,8
maurano,bedtools,maurano,,1.0,2,3,fIntestine_Sm-DS16559.hotspot.twopass.fdr0.05.merge.bed,fStomach-DS17659.hg19.hotspot.twopass.fdr0.05.merge.bed,0.347187,6.99741268157959,53.88439300000002,19.04296875,,,,8
maurano,bedtools,maurano,,1.0,2,3,fIntestine_Sm-DS16712.hg19.hotspot.twopass.fdr0.05.merge.bed,fIntestine_Sm-DS18495.hg19.hotspot.twopass.fdr0.05.merge.bed,0.480868,6.99741268157959,53.88439300000002,19.04296875,,,,8
maurano,bedtools,maurano,,1.0,2,3,fIntestine_Sm-DS16712.hg19.hotspot.twopass.fdr0.05.merge.bed,fIntestine_Sm-DS16822.hotspot.twopass.fdr0.05.merge.bed,0.481841,6.99741268157959,53.88439300000002,19.04296875,,,,8
maurano,bedtools,maurano,,1.0,2,3,fIntestine_Sm-DS16712.hg19.hotspot.twopass.fdr0.05.merge.bed,fIntestine_Sm-DS17808.hg19.hotspot.twopass.fdr0.05.merge.bed,0.523853,6.99741268157959,53.88439300000002,19.04296875,,,,8
maurano,bedtools,maurano,,1.0,2,3,fIntestine_Sm-DS16712.hg19.hotspot.twopass.fdr0.05.merge.bed,fKidney_renal_cortex_L-DS17550.hg19.hotspot.twopass.fdr0.05.merge.bed,0.269365,6.99741268157959,53.88439300000002,19.04296875,,,,8
maurano,bedtools,maurano,,1.0,2,3,fIntestine_Sm-DS16712.hg19.hotspot.twopass.fdr0.05.merge.bed,fLung_L-DS17154.hg19.hotspot.twopass.fdr0.05.merge.bed,0.251144,6.99741268157959,53.88439300000002,19.04296875,,,,8
maurano,bedtools,maurano,,1.0,2,3,fIntestine_Sm-DS16712.hg19.hotspot.twopass.fdr0.05.merge.bed,fLung_R-DS15632.hotspot.twopass.fdr0.05.merge.bed,0.273746,6.99741268157959,53.88439300000002,19.04296875,,,,8
maurano,bedtools,maurano,,1.0,2,3,fIntestine_Sm-DS16712.hg19.hotspot.twopass.fdr0.05.merge.bed,fLung_L-DS18421.hg19.hotspot.twopass.fdr0.05.merge.bed,0.26833,6.99741268157959,53.88439300000002,19.04296875,,,,8
maurano,bedtools,maurano,,1.0,2,3,fIntestine_Sm-DS16712.hg19.hotspot.twopass.fdr0.05.merge.bed,fMuscle_arm-DS19053.hg19.hotspot.twopass.fdr0.05.merge.bed,0.242071,6.99741268157959,53.88439300000002,19.04296875,,,,8
maurano,bedtools,maurano,,1.0,2,3,fIntestine_Sm-DS16712.hg19.hotspot.twopass.fdr0.05.merge.bed,fMuscle_leg-DS19115.hg19.hotspot.twopass.fdr0.05.merge.bed,0.240317,6.99741268157959,53.88439300000002,19.04296875,,,,8
maurano,bedtools,maurano,,1.0,2,3,fIntestine_Sm-DS16712.hg19.hotspot.twopass.fdr0.05.merge.bed,fMuscle_back-DS18454.hg19.hotspot.twopass.fdr0.05.merge.bed,0.241538,6.99741268157959,53.88439300000002,19.04296875,,,,8
maurano,bedtools,maurano,,1.0,2,3,fIntestine_Sm-DS16712.hg19.hotspot.twopass.fdr0.05.merge.bed,fMuscle_leg-DS19158.hg19.hotspot.twopass.fdr0.05.merge.bed,0.210362,6.99741268157959,53.88439300000002,19.04296875,,,,8
maurano,bedtools,maurano,,1.0,2,3,fIntestine_Sm-DS16712.hg19.hotspot.twopass.fdr0.05.merge.bed,fSkin_fibro_bicep_R-DS19745.hg19.hotspot.twopass.fdr0.05.merge.bed,0.190258,6.99741268157959,53.88439300000002,19.04296875,,,,8
maurano,bedtools,maurano,,1.0,2,3,fIntestine_Sm-DS16712.hg19.hotspot.twopass.fdr0.05.merge.bed,fStomach-DS17659.hg19.hotspot.twopass.fdr0.05.merge.bed,0.344375,6.99741268157959,53.88439300000002,19.04296875,,,,8
maurano,bedtools,maurano,,1.0,2,3,fIntestine_Sm-DS16822.hotspot.twopass.fdr0.05.merge.bed,fIntestine_Sm-DS17808.hg19.hotspot.twopass.fdr0.05.merge.bed,0.59865,6.99741268157959,53.88439300000002,19.04296875,,,,8
maurano,bedtools,maurano,,1.0,2,3,fIntestine_Sm-DS16822.hotspot.twopass.fdr0.05.merge.bed,fIntestine_Sm-DS18495.hg19.hotspot.twopass.fdr0.05.merge.bed,0.569733,6.99741268157959,53.88439300000002,19.04296875,,,,8
maurano,bedtools,maurano,,1.0,2,3,fIntestine_Sm-DS16822.hotspot.twopass.fdr0.05.merge.bed,fKidney_renal_cortex_L-DS17550.hg19.hotspot.twopass.fdr0.05.merge.bed,0.289532,6.99741268157959,53.88439300000002,19.04296875,,,,8
maurano,bedtools,maurano,,1.0,2,3,fIntestine_Sm-DS16822.hotspot.twopass.fdr0.05.merge.bed,fLung_L-DS17154.hg19.hotspot.twopass.fdr0.05.merge.bed,0.28457,6.99741268157959,53.88439300000002,19.04296875,,,,8
maurano,bedtools,maurano,,1.0,2,3,fIntestine_Sm-DS16822.hotspot.twopass.fdr0.05.merge.bed,fLung_L-DS18421.hg19.hotspot.twopass.fdr0.05.merge.bed,0.300228,6.99741268157959,53.88439300000002,19.04296875,,,,8
maurano,bedtools,maurano,,1.0,2,3,fIntestine_Sm-DS16822.hotspot.twopass.fdr0.05.merge.bed,fLung_R-DS15632.hotspot.twopass.fdr0.05.merge.bed,0.289781,6.99741268157959,53.88439300000002,19.04296875,,,,8
maurano,bedtools,maurano,,1.0,2,3,fIntestine_Sm-DS16822.hotspot.twopass.fdr0.05.merge.bed,fMuscle_arm-DS19053.hg19.hotspot.twopass.fdr0.05.merge.bed,0.256284,6.99741268157959,53.88439300000002,19.04296875,,,,8
maurano,bedtools,maurano,,1.0,2,3,fIntestine_Sm-DS16822.hotspot.twopass.fdr0.05.merge.bed,fMuscle_back-DS18454.hg19.hotspot.twopass.fdr0.05.merge.bed,0.258686,6.99741268157959,53.88439300000002,19.04296875,,,,8
maurano,bedtools,maurano,,1.0,2,3,fIntestine_Sm-DS16822.hotspot.twopass.fdr0.05.merge.bed,fMuscle_leg-DS19115.hg19.hotspot.twopass.fdr0.05.merge.bed,0.255764,6.99741268157959,53.88439300000002,19.04296875,,,,8
maurano,bedtools,maurano,,1.0,2,3,fIntestine_Sm-DS16822.hotspot.twopass.fdr0.05.merge.bed,fMuscle_leg-DS19158.hg19.hotspot.twopass.fdr0.05.merge.bed,0.238165,6.99741268157959,53.88439300000002,19.04296875,,,,8
maurano,bedtools,maurano,,1.0,2,3,fIntestine_Sm-DS16822.hotspot.twopass.fdr0.05.merge.bed,fSkin_fibro_bicep_R-DS19745.hg19.hotspot.twopass.fdr0.05.merge.bed,0.18352,6.99741268157959,53.88439300000002,19.04296875,,,,8
maurano,bedtools,maurano,,1.0,2,3,fIntestine_Sm-DS16822.hotspot.twopass.fdr0.05.merge.bed,fStomach-DS17659.hg19.hotspot.twopass.fdr0.05.merge.bed,0.355715,6.99741268157959,53.88439300000002,19.04296875,,,,8
maurano,bedtools,maurano,,1.0,2,3,fIntestine_Sm-DS17808.hg19.hotspot.twopass.fdr0.05.merge.bed,fIntestine_Sm-DS18495.hg19.hotspot.twopass.fdr0.05.merge.bed,0.538442,6.99741268157959,53.88439300000002,19.04296875,,,,8
maurano,bedtools,maurano,,1.0,2,3,fIntestine_Sm-DS17808.hg19.hotspot.twopass.fdr0.05.merge.bed,fKidney_renal_cortex_L-DS17550.hg19.hotspot.twopass.fdr0.05.merge.bed,0.311739,6.99741268157959,53.88439300000002,19.04296875,,,,8
maurano,bedtools,maurano,,1.0,2,3,fIntestine_Sm-DS17808.hg19.hotspot.twopass.fdr0.05.merge.bed,fLung_R-DS15632.hotspot.twopass.fdr0.05.merge.bed,0.306872,6.99741268157959,53.88439300000002,19.04296875,,,,8
maurano,bedtools,maurano,,1.0,2,3,fIntestine_Sm-DS17808.hg19.hotspot.twopass.fdr0.05.merge.bed,fLung_L-DS18421.hg19.hotspot.twopass.fdr0.05.merge.bed,0.315083,6.99741268157959,53.88439300000002,19.04296875,,,,8
maurano,bedtools,maurano,,1.0,2,3,fIntestine_Sm-DS17808.hg19.hotspot.twopass.fdr0.05.merge.bed,fLung_L-DS17154.hg19.hotspot.twopass.fdr0.05.merge.bed,0.304329,6.99741268157959,53.88439300000002,19.04296875,,,,8
maurano,bedtools,maurano,,1.0,2,3,fIntestine_Sm-DS17808.hg19.hotspot.twopass.fdr0.05.merge.bed,fMuscle_arm-DS19053.hg19.hotspot.twopass.fdr0.05.merge.bed,0.274056,6.99741268157959,53.88439300000002,19.04296875,,,,8
maurano,bedtools,maurano,,1.0,2,3,fIntestine_Sm-DS17808.hg19.hotspot.twopass.fdr0.05.merge.bed,fMuscle_back-DS18454.hg19.hotspot.twopass.fdr0.05.merge.bed,0.27464,6.99741268157959,53.88439300000002,19.04296875,,,,8
maurano,bedtools,maurano,,1.0,2,3,fIntestine_Sm-DS17808.hg19.hotspot.twopass.fdr0.05.merge.bed,fMuscle_leg-DS19115.hg19.hotspot.twopass.fdr0.05.merge.bed,0.272167,6.99741268157959,53.88439300000002,19.04296875,,,,8
maurano,bedtools,maurano,,1.0,2,3,fIntestine_Sm-DS17808.hg19.hotspot.twopass.fdr0.05.merge.bed,fSkin_fibro_bicep_R-DS19745.hg19.hotspot.twopass.fdr0.05.merge.bed,0.184359,6.99741268157959,53.88439300000002,19.04296875,,,,8
maurano,bedtools,maurano,,1.0,2,3,fIntestine_Sm-DS17808.hg19.hotspot.twopass.fdr0.05.merge.bed,fMuscle_leg-DS19158.hg19.hotspot.twopass.fdr0.05.merge.bed,0.24807,6.99741268157959,53.88439300000002,19.04296875,,,,8
maurano,bedtools,maurano,,1.0,2,3,fIntestine_Sm-DS17808.hg19.hotspot.twopass.fdr0.05.merge.bed,fStomach-DS17659.hg19.hotspot.twopass.fdr0.05.merge.bed,0.361087,6.99741268157959,53.88439300000002,19.04296875,,,,8
maurano,bedtools,maurano,,1.0,2,3,fIntestine_Sm-DS18495.hg19.hotspot.twopass.fdr0.05.merge.bed,fKidney_renal_cortex_L-DS17550.hg19.hotspot.twopass.fdr0.05.merge.bed,0.270452,6.99741268157959,53.88439300000002,19.04296875,,,,8
maurano,bedtools,maurano,,1.0,2,3,fIntestine_Sm-DS18495.hg19.hotspot.twopass.fdr0.05.merge.bed,fLung_L-DS17154.hg19.hotspot.twopass.fdr0.05.merge.bed,0.261521,6.99741268157959,53.88439300000002,19.04296875,,,,8
maurano,bedtools,maurano,,1.0,2,3,fIntestine_Sm-DS18495.hg19.hotspot.twopass.fdr0.05.merge.bed,fLung_L-DS18421.hg19.hotspot.twopass.fdr0.05.merge.bed,0.278614,6.99741268157959,53.88439300000002,19.04296875,,,,8
maurano,bedtools,maurano,,1.0,2,3,fIntestine_Sm-DS18495.hg19.hotspot.twopass.fdr0.05.merge.bed,fLung_R-DS15632.hotspot.twopass.fdr0.05.merge.bed,0.274002,6.99741268157959,53.88439300000002,19.04296875,,,,8
maurano,bedtools,maurano,,1.0,2,3,fIntestine_Sm-DS18495.hg19.hotspot.twopass.fdr0.05.merge.bed,fMuscle_arm-DS19053.hg19.hotspot.twopass.fdr0.05.merge.bed,0.24693,6.99741268157959,53.88439300000002,19.04296875,,,,8
maurano,bedtools,maurano,,1.0,2,3,fIntestine_Sm-DS18495.hg19.hotspot.twopass.fdr0.05.merge.bed,fMuscle_leg-DS19115.hg19.hotspot.twopass.fdr0.05.merge.bed,0.246235,6.99741268157959,53.88439300000002,19.04296875,,,,8
maurano,bedtools,maurano,,1.0,2,3,fIntestine_Sm-DS18495.hg19.hotspot.twopass.fdr0.05.merge.bed,fMuscle_back-DS18454.hg19.hotspot.twopass.fdr0.05.merge.bed,0.247674,6.99741268157959,53.88439300000002,19.04296875,,,,8
maurano,bedtools,maurano,,1.0,2,3,fIntestine_Sm-DS18495.hg19.hotspot.twopass.fdr0.05.merge.bed,fMuscle_leg-DS19158.hg19.hotspot.twopass.fdr0.05.merge.bed,0.229886,6.99741268157959,53.88439300000002,19.04296875,,,,8
maurano,bedtools,maurano,,1.0,2,3,fIntestine_Sm-DS18495.hg19.hotspot.twopass.fdr0.05.merge.bed,fSkin_fibro_bicep_R-DS19745.hg19.hotspot.twopass.fdr0.05.merge.bed,0.182733,6.99741268157959,53.88439300000002,19.04296875,,,,8
maurano,bedtools,maurano,,1.0,2,3,fIntestine_Sm-DS18495.hg19.hotspot.twopass.fdr0.05.merge.bed,fStomach-DS17659.hg19.hotspot.twopass.fdr0.05.merge.bed,0.336473,6.99741268157959,53.88439300000002,19.04296875,,,,8
maurano,bedtools,maurano,,1.0,2,3,fKidney_renal_cortex_L-DS17550.hg19.hotspot.twopass.fdr0.05.merge.bed,fLung_R-DS15632.hotspot.twopass.fdr0.05.merge.bed,0.365728,6.99741268157959,53.88439300000002,19.04296875,,,,8
maurano,bedtools,maurano,,1.0,2,3,fKidney_renal_cortex_L-DS17550.hg19.hotspot.twopass.fdr0.05.merge.bed,fLung_L-DS17154.hg19.hotspot.twopass.fdr0.05.merge.bed,0.38651,6.99741268157959,53.88439300000002,19.04296875,,,,8
maurano,bedtools,maurano,,1.0,2,3,fKidney_renal_cortex_L-DS17550.hg19.hotspot.twopass.fdr0.05.merge.bed,fLung_L-DS18421.hg19.hotspot.twopass.fdr0.05.merge.bed,0.383039,6.99741268157959,53.88439300000002,19.04296875,,,,8
maurano,bedtools,maurano,,1.0,2,3,fKidney_renal_cortex_L-DS17550.hg19.hotspot.twopass.fdr0.05.merge.bed,fMuscle_arm-DS19053.hg19.hotspot.twopass.fdr0.05.merge.bed,0.336901,6.99741268157959,53.88439300000002,19.04296875,,,,8
maurano,bedtools,maurano,,1.0,2,3,fKidney_renal_cortex_L-DS17550.hg19.hotspot.twopass.fdr0.05.merge.bed,fMuscle_back-DS18454.hg19.hotspot.twopass.fdr0.05.merge.bed,0.33017,6.99741268157959,53.88439300000002,19.04296875,,,,8
maurano,bedtools,maurano,,1.0,2,3,fKidney_renal_cortex_L-DS17550.hg19.hotspot.twopass.fdr0.05.merge.bed,fMuscle_leg-DS19115.hg19.hotspot.twopass.fdr0.05.merge.bed,0.33113,6.99741268157959,53.88439300000002,19.04296875,,,,8
maurano,bedtools,maurano,,1.0,2,3,fKidney_renal_cortex_L-DS17550.hg19.hotspot.twopass.fdr0.05.merge.bed,fMuscle_leg-DS19158.hg19.hotspot.twopass.fdr0.05.merge.bed,0.321369,6.99741268157959,53.88439300000002,19.04296875,,,,8
maurano,bedtools,maurano,,1.0,2,3,fKidney_renal_cortex_L-DS17550.hg19.hotspot.twopass.fdr0.05.merge.bed,fSkin_fibro_bicep_R-DS19745.hg19.hotspot.twopass.fdr0.05.merge.bed,0.181055,6.99741268157959,53.88439300000002,19.04296875,,,,8
maurano,bedtools,maurano,,1.0,2,3,fKidney_renal_cortex_L-DS17550.hg19.hotspot.twopass.fdr0.05.merge.bed,fStomach-DS17659.hg19.hotspot.twopass.fdr0.05.merge.bed,0.314544,6.99741268157959,53.88439300000002,19.04296875,,,,8
maurano,bedtools,maurano,,1.0,2,3,fLung_L-DS17154.hg19.hotspot.twopass.fdr0.05.merge.bed,fLung_R-DS15632.hotspot.twopass.fdr0.05.merge.bed,0.594137,6.99741268157959,53.88439300000002,19.04296875,,,,8
maurano,bedtools,maurano,,1.0,2,3,fLung_L-DS17154.hg19.hotspot.twopass.fdr0.05.merge.bed,fLung_L-DS18421.hg19.hotspot.twopass.fdr0.05.merge.bed,0.626942,6.99741268157959,53.88439300000002,19.04296875,,,,8
maurano,bedtools,maurano,,1.0,2,3,fLung_L-DS17154.hg19.hotspot.twopass.fdr0.05.merge.bed,fMuscle_arm-DS19053.hg19.hotspot.twopass.fdr0.05.merge.bed,0.377284,6.99741268157959,53.88439300000002,19.04296875,,,,8
maurano,bedtools,maurano,,1.0,2,3,fLung_L-DS17154.hg19.hotspot.twopass.fdr0.05.merge.bed,fMuscle_leg-DS19115.hg19.hotspot.twopass.fdr0.05.merge.bed,0.368251,6.99741268157959,53.88439300000002,19.04296875,,,,8
maurano,bedtools,maurano,,1.0,2,3,fLung_L-DS17154.hg19.hotspot.twopass.fdr0.05.merge.bed,fMuscle_back-DS18454.hg19.hotspot.twopass.fdr0.05.merge.bed,0.363956,6.99741268157959,53.88439300000002,19.04296875,,,,8
maurano,bedtools,maurano,,1.0,2,3,fLung_L-DS17154.hg19.hotspot.twopass.fdr0.05.merge.bed,fMuscle_leg-DS19158.hg19.hotspot.twopass.fdr0.05.merge.bed,0.372015,6.99741268157959,53.88439300000002,19.04296875,,,,8
maurano,bedtools,maurano,,1.0,2,3,fLung_L-DS17154.hg19.hotspot.twopass.fdr0.05.merge.bed,fSkin_fibro_bicep_R-DS19745.hg19.hotspot.twopass.fdr0.05.merge.bed,0.18337,6.99741268157959,53.88439300000002,19.04296875,,,,8
maurano,bedtools,maurano,,1.0,2,3,fLung_L-DS17154.hg19.hotspot.twopass.fdr0.05.merge.bed,fStomach-DS17659.hg19.hotspot.twopass.fdr0.05.merge.bed,0.331727,6.99741268157959,53.88439300000002,19.04296875,,,,8
maurano,bedtools,maurano,,1.0,2,3,fLung_L-DS18421.hg19.hotspot.twopass.fdr0.05.merge.bed,fLung_R-DS15632.hotspot.twopass.fdr0.05.merge.bed,0.590381,6.99741268157959,53.88439300000002,19.04296875,,,,8
maurano,bedtools,maurano,,1.0,2,3,fLung_L-DS18421.hg19.hotspot.twopass.fdr0.05.merge.bed,fMuscle_arm-DS19053.hg19.hotspot.twopass.fdr0.05.merge.bed,0.366132,6.99741268157959,53.88439300000002,19.04296875,,,,8
maurano,bedtools,maurano,,1.0,2,3,fLung_L-DS18421.hg19.hotspot.twopass.fdr0.05.merge.bed,fMuscle_back-DS18454.hg19.hotspot.twopass.fdr0.05.merge.bed,0.358442,6.99741268157959,53.88439300000002,19.04296875,,,,8
maurano,bedtools,maurano,,1.0,2,3,fLung_L-DS18421.hg19.hotspot.twopass.fdr0.05.merge.bed,fMuscle_leg-DS19115.hg19.hotspot.twopass.fdr0.05.merge.bed,0.3614,6.99741268157959,53.88439300000002,19.04296875,,,,8
maurano,bedtools,maurano,,1.0,2,3,fLung_L-DS18421.hg19.hotspot.twopass.fdr0.05.merge.bed,fMuscle_leg-DS19158.hg19.hotspot.twopass.fdr0.05.merge.bed,0.355591,6.99741268157959,53.88439300000002,19.04296875,,,,8
maurano,bedtools,maurano,,1.0,2,3,fLung_L-DS18421.hg19.hotspot.twopass.fdr0.05.merge.bed,fSkin_fibro_bicep_R-DS19745.hg19.hotspot.twopass.fdr0.05.merge.bed,0.191675,6.99741268157959,53.88439300000002,19.04296875,,,,8
maurano,bedtools,maurano,,1.0,2,3,fLung_L-DS18421.hg19.hotspot.twopass.fdr0.05.merge.bed,fStomach-DS17659.hg19.hotspot.twopass.fdr0.05.merge.bed,0.356052,6.99741268157959,53.88439300000002,19.04296875,,,,8
maurano,bedtools,maurano,,1.0,2,3,fLung_R-DS15632.hotspot.twopass.fdr0.05.merge.bed,fMuscle_arm-DS19053.hg19.hotspot.twopass.fdr0.05.merge.bed,0.378953,6.99741268157959,53.88439300000002,19.04296875,,,,8
maurano,bedtools,maurano,,1.0,2,3,fLung_R-DS15632.hotspot.twopass.fdr0.05.merge.bed,fMuscle_leg-DS19115.hg19.hotspot.twopass.fdr0.05.merge.bed,0.374624,6.99741268157959,53.88439300000002,19.04296875,,,,8
maurano,bedtools,maurano,,1.0,2,3,fLung_R-DS15632.hotspot.twopass.fdr0.05.merge.bed,fMuscle_back-DS18454.hg19.hotspot.twopass.fdr0.05.merge.bed,0.3663,6.99741268157959,53.88439300000002,19.04296875,,,,8
maurano,bedtools,maurano,,1.0,2,3,fLung_R-DS15632.hotspot.twopass.fdr0.05.merge.bed,fMuscle_leg-DS19158.hg19.hotspot.twopass.fdr0.05.merge.bed,0.360816,6.99741268157959,53.88439300000002,19.04296875,,,,8
maurano,bedtools,maurano,,1.0,2,3,fLung_R-DS15632.hotspot.twopass.fdr0.05.merge.bed,fSkin_fibro_bicep_R-DS19745.hg19.hotspot.twopass.fdr0.05.merge.bed,0.199165,6.99741268157959,53.88439300000002,19.04296875,,,,8
maurano,bedtools,maurano,,1.0,2,3,fLung_R-DS15632.hotspot.twopass.fdr0.05.merge.bed,fStomach-DS17659.hg19.hotspot.twopass.fdr0.05.merge.bed,0.357541,6.99741268157959,53.88439300000002,19.04296875,,,,8
maurano,bedtools,maurano,,1.0,2,3,fMuscle_arm-DS19053.hg19.hotspot.twopass.fdr0.05.merge.bed,fMuscle_leg-DS19115.hg19.hotspot.twopass.fdr0.05.merge.bed,0.599604,6.99741268157959,53.88439300000002,19.04296875,,,,8
maurano,bedtools,maurano,,1.0,2,3,fMuscle_arm-DS19053.hg19.hotspot.twopass.fdr0.05.merge.bed,fMuscle_back-DS18454.hg19.hotspot.twopass.fdr0.05.merge.bed,0.58994,6.99741268157959,53.88439300000002,19.04296875,,,,8
maurano,bedtools,maurano,,1.0,2,3,fMuscle_arm-DS19053.hg19.hotspot.twopass.fdr0.05.merge.bed,fMuscle_leg-DS19158.hg19.hotspot.twopass.fdr0.05.merge.bed,0.573223,6.99741268157959,53.88439300000002,19.04296875,,,,8
maurano,bedtools,maurano,,1.0,2,3,fMuscle_arm-DS19053.hg19.hotspot.twopass.fdr0.05.merge.bed,fSkin_fibro_bicep_R-DS19745.hg19.hotspot.twopass.fdr0.05.merge.bed,0.215222,6.99741268157959,53.88439300000002,19.04296875,,,,8
maurano,bedtools,maurano,,1.0,2,3,fMuscle_arm-DS19053.hg19.hotspot.twopass.fdr0.05.merge.bed,fStomach-DS17659.hg19.hotspot.twopass.fdr0.05.merge.bed,0.322868,6.99741268157959,53.88439300000002,19.04296875,,,,8
maurano,bedtools,maurano,,1.0,2,3,fMuscle_back-DS18454.hg19.hotspot.twopass.fdr0.05.merge.bed,fMuscle_leg-DS19115.hg19.hotspot.twopass.fdr0.05.merge.bed,0.605352,6.99741268157959,53.88439300000002,19.04296875,,,,8
maurano,bedtools,maurano,,1.0,2,3,fMuscle_back-DS18454.hg19.hotspot.twopass.fdr0.05.merge.bed,fMuscle_leg-DS19158.hg19.hotspot.twopass.fdr0.05.merge.bed,0.555513,6.99741268157959,53.88439300000002,19.04296875,,,,8
maurano,bedtools,maurano,,1.0,2,3,fMuscle_back-DS18454.hg19.hotspot.twopass.fdr0.05.merge.bed,fSkin_fibro_bicep_R-DS19745.hg19.hotspot.twopass.fdr0.05.merge.bed,0.223531,6.99741268157959,53.88439300000002,19.04296875,,,,8
maurano,bedtools,maurano,,1.0,2,3,fMuscle_back-DS18454.hg19.hotspot.twopass.fdr0.05.merge.bed,fStomach-DS17659.hg19.hotspot.twopass.fdr0.05.merge.bed,0.327171,6.99741268157959,53.88439300000002,19.04296875,,,,8
maurano,bedtools,maurano,,1.0,2,3,fMuscle_leg-DS19115.hg19.hotspot.twopass.fdr0.05.merge.bed,fMuscle_leg-DS19158.hg19.hotspot.twopass.fdr0.05.merge.bed,0.582839,6.99741268157959,53.88439300000002,19.04296875,,,,8
maurano,bedtools,maurano,,1.0,2,3,fMuscle_leg-DS19115.hg19.hotspot.twopass.fdr0.05.merge.bed,fSkin_fibro_bicep_R-DS19745.hg19.hotspot.twopass.fdr0.05.merge.bed,0.218922,6.99741268157959,53.88439300000002,19.04296875,,,,8
maurano,bedtools,maurano,,1.0,2,3,fMuscle_leg-DS19115.hg19.hotspot.twopass.fdr0.05.merge.bed,fStomach-DS17659.hg19.hotspot.twopass.fdr0.05.merge.bed,0.329439,6.99741268157959,53.88439300000002,19.04296875,,,,8
maurano,bedtools,maurano,,1.0,2,3,fMuscle_leg-DS19158.hg19.hotspot.twopass.fdr0.05.merge.bed,fSkin_fibro_bicep_R-DS19745.hg19.hotspot.twopass.fdr0.05.merge.bed,0.195676,6.99741268157959,53.88439300000002,19.04296875,,,,8
maurano,bedtools,maurano,,1.0,2,3,fMuscle_leg-DS19158.hg19.hotspot.twopass.fdr0.05.merge.bed,fStomach-DS17659.hg19.hotspot.twopass.fdr0.05.merge.bed,0.291063,6.99741268157959,53.88439300000002,19.04296875,,,,8
maurano,bedtools,maurano,,1.0,2,3,fSkin_fibro_bicep_R-DS19745.hg19.hotspot.twopass.fdr0.05.merge.bed,fStomach-DS17659.hg19.hotspot.twopass.fdr0.05.merge.bed,0.229768,6.99741268157959,53.88439300000002,19.04296875,,,,8
maurano,bedtools,maurano,,1.0,3,4,fBrain-DS14718.hotspot.twopass.fdr0.05.merge.bed,fHeart-DS15643.hotspot.twopass.fdr0.05.merge.bed,0.240543,6.969705581665039,53.925311999999984,19.046875,,,,8
maurano,bedtools,maurano,,1.0,3,4,fBrain-DS14718.hotspot.twopass.fdr0.05.merge.bed,fIntestine_Sm-DS16712.hg19.hotspot.twopass.fdr0.05.merge.bed,0.206104,6.969705581665039,53.925311999999984,19.046875,,,,8
maurano,bedtools,maurano,,1.0,3,4,fBrain-DS14718.hotspot.twopass.fdr0.05.merge.bed,fBrain-DS16302.hotspot.twopass.fdr0.05.merge.bed,0.354341,6.969705581665039,53.925311999999984,19.046875,,,,8
maurano,bedtools,maurano,,1.0,3,4,fBrain-DS14718.hotspot.twopass.fdr0.05.merge.bed,fHeart-DS16621.hotspot.twopass.fdr0.05.merge.bed,0.227235,6.969705581665039,53.925311999999984,19.046875,,,,8
maurano,bedtools,maurano,,1.0,3,4,fBrain-DS14718.hotspot.twopass.fdr0.05.merge.bed,fIntestine_Sm-DS16559.hotspot.twopass.fdr0.05.merge.bed,0.208473,6.969705581665039,53.925311999999984,19.046875,,,,8
maurano,bedtools,maurano,,1.0,3,4,fBrain-DS14718.hotspot.twopass.fdr0.05.merge.bed,fIntestine_Sm-DS16822.hotspot.twopass.fdr0.05.merge.bed,0.201612,6.969705581665039,53.925311999999984,19.046875,,,,8
maurano,bedtools,maurano,,1.0,3,4,fBrain-DS14718.hotspot.twopass.fdr0.05.merge.bed,fHeart-DS15839.hotspot.twopass.fdr0.05.merge.bed,0.220057,6.969705581665039,53.925311999999984,19.046875,,,,8
maurano,bedtools,maurano,,1.0,3,4,fBrain-DS14718.hotspot.twopass.fdr0.05.merge.bed,fIntestine_Sm-DS18495.hg19.hotspot.twopass.fdr0.05.merge.bed,0.190684,6.969705581665039,53.925311999999984,19.046875,,,,8
maurano,bedtools,maurano,,1.0,3,4,fBrain-DS14718.hotspot.twopass.fdr0.05.merge.bed,fIntestine_Sm-DS17808.hg19.hotspot.twopass.fdr0.05.merge.bed,0.215237,6.969705581665039,53.925311999999984,19.046875,,,,8
maurano,bedtools,maurano,,1.0,3,4,fBrain-DS14718.hotspot.twopass.fdr0.05.merge.bed,fLung_R-DS15632.hotspot.twopass.fdr0.05.merge.bed,0.260759,6.969705581665039,53.925311999999984,19.046875,,,,8
maurano,bedtools,maurano,,1.0,3,4,fBrain-DS14718.hotspot.twopass.fdr0.05.merge.bed,fLung_L-DS18421.hg19.hotspot.twopass.fdr0.05.merge.bed,0.25417,6.969705581665039,53.925311999999984,19.046875,,,,8
maurano,bedtools,maurano,,1.0,3,4,fBrain-DS14718.hotspot.twopass.fdr0.05.merge.bed,fKidney_renal_cortex_L-DS17550.hg19.hotspot.twopass.fdr0.05.merge.bed,0.260934,6.969705581665039,53.925311999999984,19.046875,,,,8
maurano,bedtools,maurano,,1.0,3,4,fBrain-DS14718.hotspot.twopass.fdr0.05.merge.bed,fLung_L-DS17154.hg19.hotspot.twopass.fdr0.05.merge.bed,0.254287,6.969705581665039,53.925311999999984,19.046875,,,,8
maurano,bedtools,maurano,,1.0,3,4,fBrain-DS14718.hotspot.twopass.fdr0.05.merge.bed,fMuscle_arm-DS19053.hg19.hotspot.twopass.fdr0.05.merge.bed,0.263693,6.969705581665039,53.925311999999984,19.046875,,,,8
maurano,bedtools,maurano,,1.0,3,4,fBrain-DS14718.hotspot.twopass.fdr0.05.merge.bed,fMuscle_back-DS18454.hg19.hotspot.twopass.fdr0.05.merge.bed,0.265443,6.969705581665039,53.925311999999984,19.046875,,,,8
maurano,bedtools,maurano,,1.0,3,4,fBrain-DS14718.hotspot.twopass.fdr0.05.merge.bed,fMuscle_leg-DS19115.hg19.hotspot.twopass.fdr0.05.merge.bed,0.266904,6.969705581665039,53.925311999999984,19.046875,,,,8
maurano,bedtools,maurano,,1.0,3,4,fBrain-DS16302.hotspot.twopass.fdr0.05.merge.bed,fHeart-DS15643.hotspot.twopass.fdr0.05.merge.bed,0.231572,6.969705581665039,53.925311999999984,19.046875,,,,8
maurano,bedtools,maurano,,1.0,3,4,fBrain-DS14718.hotspot.twopass.fdr0.05.merge.bed,fMuscle_leg-DS19158.hg19.hotspot.twopass.fdr0.05.merge.bed,0.244176,6.969705581665039,53.925311999999984,19.046875,,,,8
maurano,bedtools,maurano,,1.0,3,4,fBrain-DS14718.hotspot.twopass.fdr0.05.merge.bed,fSkin_fibro_bicep_R-DS19745.hg19.hotspot.twopass.fdr0.05.merge.bed,0.15608,6.969705581665039,53.925311999999984,19.046875,,,,8
maurano,bedtools,maurano,,1.0,3,4,fBrain-DS14718.hotspot.twopass.fdr0.05.merge.bed,fStomach-DS17659.hg19.hotspot.twopass.fdr0.05.merge.bed,0.248625,6.969705581665039,53.925311999999984,19.046875,,,,8
maurano,bedtools,maurano,,1.0,3,4,fBrain-DS16302.hotspot.twopass.fdr0.05.merge.bed,fHeart-DS15839.hotspot.twopass.fdr0.05.merge.bed,0.209813,6.969705581665039,53.925311999999984,19.046875,,,,8
maurano,bedtools,maurano,,1.0,3,4,fBrain-DS16302.hotspot.twopass.fdr0.05.merge.bed,fIntestine_Sm-DS16712.hg19.hotspot.twopass.fdr0.05.merge.bed,0.17876,6.969705581665039,53.925311999999984,19.046875,,,,8
maurano,bedtools,maurano,,1.0,3,4,fBrain-DS16302.hotspot.twopass.fdr0.05.merge.bed,fHeart-DS16621.hotspot.twopass.fdr0.05.merge.bed,0.226111,6.969705581665039,53.925311999999984,19.046875,,,,8
maurano,bedtools,maurano,,1.0,3,4,fBrain-DS16302.hotspot.twopass.fdr0.05.merge.bed,fIntestine_Sm-DS16559.hotspot.twopass.fdr0.05.merge.bed,0.194993,6.969705581665039,53.925311999999984,19.046875,,,,8
maurano,bedtools,maurano,,1.0,3,4,fBrain-DS16302.hotspot.twopass.fdr0.05.merge.bed,fIntestine_Sm-DS18495.hg19.hotspot.twopass.fdr0.05.merge.bed,0.175085,6.969705581665039,53.925311999999984,19.046875,,,,8
maurano,bedtools,maurano,,1.0,3,4,fBrain-DS16302.hotspot.twopass.fdr0.05.merge.bed,fIntestine_Sm-DS17808.hg19.hotspot.twopass.fdr0.05.merge.bed,0.191957,6.969705581665039,53.925311999999984,19.046875,,,,8
maurano,bedtools,maurano,,1.0,3,4,fBrain-DS16302.hotspot.twopass.fdr0.05.merge.bed,fIntestine_Sm-DS16822.hotspot.twopass.fdr0.05.merge.bed,0.183641,6.969705581665039,53.925311999999984,19.046875,,,,8
maurano,bedtools,maurano,,1.0,3,4,fBrain-DS16302.hotspot.twopass.fdr0.05.merge.bed,fKidney_renal_cortex_L-DS17550.hg19.hotspot.twopass.fdr0.05.merge.bed,0.237877,6.969705581665039,53.925311999999984,19.046875,,,,8
maurano,bedtools,maurano,,1.0,3,4,fBrain-DS16302.hotspot.twopass.fdr0.05.merge.bed,fLung_L-DS17154.hg19.hotspot.twopass.fdr0.05.merge.bed,0.258712,6.969705581665039,53.925311999999984,19.046875,,,,8
maurano,bedtools,maurano,,1.0,3,4,fBrain-DS16302.hotspot.twopass.fdr0.05.merge.bed,fLung_R-DS15632.hotspot.twopass.fdr0.05.merge.bed,0.259236,6.969705581665039,53.925311999999984,19.046875,,,,8
maurano,bedtools,maurano,,1.0,3,4,fBrain-DS16302.hotspot.twopass.fdr0.05.merge.bed,fLung_L-DS18421.hg19.hotspot.twopass.fdr0.05.merge.bed,0.251358,6.969705581665039,53.925311999999984,19.046875,,,,8
maurano,bedtools,maurano,,1.0,3,4,fBrain-DS16302.hotspot.twopass.fdr0.05.merge.bed,fMuscle_arm-DS19053.hg19.hotspot.twopass.fdr0.05.merge.bed,0.252318,6.969705581665039,53.925311999999984,19.046875,,,,8
maurano,bedtools,maurano,,1.0,3,4,fBrain-DS16302.hotspot.twopass.fdr0.05.merge.bed,fMuscle_leg-DS19115.hg19.hotspot.twopass.fdr0.05.merge.bed,0.249425,6.969705581665039,53.925311999999984,19.046875,,,,8
maurano,bedtools,maurano,,1.0,3,4,fBrain-DS16302.hotspot.twopass.fdr0.05.merge.bed,fMuscle_back-DS18454.hg19.hotspot.twopass.fdr0.05.merge.bed,0.24471,6.969705581665039,53.925311999999984,19.046875,,,,8
maurano,bedtools,maurano,,1.0,3,4,fBrain-DS16302.hotspot.twopass.fdr0.05.merge.bed,fMuscle_leg-DS19158.hg19.hotspot.twopass.fdr0.05.merge.bed,0.244333,6.969705581665039,53.925311999999984,19.046875,,,,8
maurano,bedtools,maurano,,1.0,3,4,fBrain-DS16302.hotspot.twopass.fdr0.05.merge.bed,fSkin_fibro_bicep_R-DS19745.hg19.hotspot.twopass.fdr0.05.merge.bed,0.135481,6.969705581665039,53.925311999999984,19.046875,,,,8
maurano,bedtools,maurano,,1.0,3,4,fBrain-DS16302.hotspot.twopass.fdr0.05.merge.bed,fStomach-DS17659.hg19.hotspot.twopass.fdr0.05.merge.bed,0.215611,6.969705581665039,53.925311999999984,19.046875,,,,8
maurano,bedtools,maurano,,1.0,3,4,fHeart-DS15643.hotspot.twopass.fdr0.05.merge.bed,fIntestine_Sm-DS16712.hg19.hotspot.twopass.fdr0.05.merge.bed,0.252223,6.969705581665039,53.925311999999984,19.046875,,,,8
maurano,bedtools,maurano,,1.0,3,4,fHeart-DS15643.hotspot.twopass.fdr0.05.merge.bed,fHeart-DS16621.hotspot.twopass.fdr0.05.merge.bed,0.612503,6.969705581665039,53.925311999999984,19.046875,,,,8
maurano,bedtools,maurano,,1.0,3,4,fHeart-DS15643.hotspot.twopass.fdr0.05.merge.bed,fIntestine_Sm-DS16559.hotspot.twopass.fdr0.05.merge.bed,0.274958,6.969705581665039,53.925311999999984,19.046875,,,,8
maurano,bedtools,maurano,,1.0,3,4,fHeart-DS15643.hotspot.twopass.fdr0.05.merge.bed,fHeart-DS15839.hotspot.twopass.fdr0.05.merge.bed,0.501456,6.969705581665039,53.925311999999984,19.046875,,,,8
maurano,bedtools,maurano,,1.0,3,4,fHeart-DS15643.hotspot.twopass.fdr0.05.merge.bed,fIntestine_Sm-DS16822.hotspot.twopass.fdr0.05.merge.bed,0.259862,6.969705581665039,53.925311999999984,19.046875,,,,8
maurano,bedtools,maurano,,1.0,3,4,fHeart-DS15643.hotspot.twopass.fdr0.05.merge.bed,fIntestine_Sm-DS17808.hg19.hotspot.twopass.fdr0.05.merge.bed,0.279561,6.969705581665039,53.925311999999984,19.046875,,,,8
maurano,bedtools,maurano,,1.0,3,4,fHeart-DS15643.hotspot.twopass.fdr0.05.merge.bed,fIntestine_Sm-DS18495.hg19.hotspot.twopass.fdr0.05.merge.bed,0.247321,6.969705581665039,53.925311999999984,19.046875,,,,8
maurano,bedtools,maurano,,1.0,3,4,fHeart-DS15643.hotspot.twopass.fdr0.05.merge.bed,fKidney_renal_cortex_L-DS17550.hg19.hotspot.twopass.fdr0.05.merge.bed,0.305128,6.969705581665039,53.925311999999984,19.046875,,,,8
maurano,bedtools,maurano,,1.0,3,4,fHeart-DS15643.hotspot.twopass.fdr0.05.merge.bed,fLung_L-DS17154.hg19.hotspot.twopass.fdr0.05.merge.bed,0.321958,6.969705581665039,53.925311999999984,19.046875,,,,8
maurano,bedtools,maurano,,1.0,3,4,fHeart-DS15643.hotspot.twopass.fdr0.05.merge.bed,fLung_R-DS15632.hotspot.twopass.fdr0.05.merge.bed,0.327153,6.969705581665039,53.925311999999984,19.046875,,,,8
maurano,bedtools,maurano,,1.0,3,4,fHeart-DS15643.hotspot.twopass.fdr0.05.merge.bed,fLung_L-DS18421.hg19.hotspot.twopass.fdr0.05.merge.bed,0.323751,6.969705581665039,53.925311999999984,19.046875,,,,8
maurano,bedtools,maurano,,1.0,3,4,fHeart-DS15643.hotspot.twopass.fdr0.05.merge.bed,fMuscle_arm-DS19053.hg19.hotspot.twopass.fdr0.05.merge.bed,0.322471,6.969705581665039,53.925311999999984,19.046875,,,,8
maurano,bedtools,maurano,,1.0,3,4,fHeart-DS15643.hotspot.twopass.fdr0.05.merge.bed,fMuscle_back-DS18454.hg19.hotspot.twopass.fdr0.05.merge.bed,0.32779,6.969705581665039,53.925311999999984,19.046875,,,,8
maurano,bedtools,maurano,,1.0,3,4,fHeart-DS15643.hotspot.twopass.fdr0.05.merge.bed,fMuscle_leg-DS19115.hg19.hotspot.twopass.fdr0.05.merge.bed,0.321602,6.969705581665039,53.925311999999984,19.046875,,,,8
maurano,bedtools,maurano,,1.0,3,4,fHeart-DS15643.hotspot.twopass.fdr0.05.merge.bed,fMuscle_leg-DS19158.hg19.hotspot.twopass.fdr0.05.merge.bed,0.297134,6.969705581665039,53.925311999999984,19.046875,,,,8
maurano,bedtools,maurano,,1.0,3,4,fHeart-DS15643.hotspot.twopass.fdr0.05.merge.bed,fSkin_fibro_bicep_R-DS19745.hg19.hotspot.twopass.fdr0.05.merge.bed,0.18551,6.969705581665039,53.925311999999984,19.046875,,,,8
maurano,bedtools,maurano,,1.0,3,4,fHeart-DS15643.hotspot.twopass.fdr0.05.merge.bed,fStomach-DS17659.hg19.hotspot.twopass.fdr0.05.merge.bed,0.295735,6.969705581665039,53.925311999999984,19.046875,,,,8
maurano,bedtools,maurano,,1.0,3,4,fHeart-DS15839.hotspot.twopass.fdr0.05.merge.bed,fIntestine_Sm-DS16712.hg19.hotspot.twopass.fdr0.05.merge.bed,0.234683,6.969705581665039,53.925311999999984,19.046875,,,,8
maurano,bedtools,maurano,,1.0,3,4,fHeart-DS15839.hotspot.twopass.fdr0.05.merge.bed,fHeart-DS16621.hotspot.twopass.fdr0.05.merge.bed,0.50637,6.969705581665039,53.925311999999984,19.046875,,,,8
maurano,bedtools,maurano,,1.0,3,4,fHeart-DS15839.hotspot.twopass.fdr0.05.merge.bed,fIntestine_Sm-DS16559.hotspot.twopass.fdr0.05.merge.bed,0.253843,6.969705581665039,53.925311999999984,19.046875,,,,8
maurano,bedtools,maurano,,1.0,3,4,fHeart-DS15839.hotspot.twopass.fdr0.05.merge.bed,fIntestine_Sm-DS16822.hotspot.twopass.fdr0.05.merge.bed,0.236505,6.969705581665039,53.925311999999984,19.046875,,,,8
maurano,bedtools,maurano,,1.0,3,4,fHeart-DS15839.hotspot.twopass.fdr0.05.merge.bed,fIntestine_Sm-DS18495.hg19.hotspot.twopass.fdr0.05.merge.bed,0.220866,6.969705581665039,53.925311999999984,19.046875,,,,8
maurano,bedtools,maurano,,1.0,3,4,fHeart-DS15839.hotspot.twopass.fdr0.05.merge.bed,fIntestine_Sm-DS17808.hg19.hotspot.twopass.fdr0.05.merge.bed,0.262172,6.969705581665039,53.925311999999984,19.046875,,,,8
maurano,bedtools,maurano,,1.0,3,4,fHeart-DS15839.hotspot.twopass.fdr0.05.merge.bed,fKidney_renal_cortex_L-DS17550.hg19.hotspot.twopass.fdr0.05.merge.bed,0.278114,6.969705581665039,53.925311999999984,19.046875,,,,8
maurano,bedtools,maurano,,1.0,3,4,fHeart-DS15839.hotspot.twopass.fdr0.05.merge.bed,fLung_L-DS17154.hg19.hotspot.twopass.fdr0.05.merge.bed,0.289965,6.969705581665039,53.925311999999984,19.046875,,,,8
maurano,bedtools,maurano,,1.0,3,4,fHeart-DS15839.hotspot.twopass.fdr0.05.merge.bed,fLung_R-DS15632.hotspot.twopass.fdr0.05.merge.bed,0.280371,6.969705581665039,53.925311999999984,19.046875,,,,8
maurano,bedtools,maurano,,1.0,3,4,fHeart-DS15839.hotspot.twopass.fdr0.05.merge.bed,fLung_L-DS18421.hg19.hotspot.twopass.fdr0.05.merge.bed,0.285643,6.969705581665039,53.925311999999984,19.046875,,,,8
maurano,bedtools,maurano,,1.0,3,4,fHeart-DS15839.hotspot.twopass.fdr0.05.merge.bed,fMuscle_arm-DS19053.hg19.hotspot.twopass.fdr0.05.merge.bed,0.273637,6.969705581665039,53.925311999999984,19.046875,,,,8
maurano,bedtools,maurano,,1.0,3,4,fHeart-DS15839.hotspot.twopass.fdr0.05.merge.bed,fMuscle_back-DS18454.hg19.hotspot.twopass.fdr0.05.merge.bed,0.273879,6.969705581665039,53.925311999999984,19.046875,,,,8
maurano,bedtools,maurano,,1.0,3,4,fHeart-DS15839.hotspot.twopass.fdr0.05.merge.bed,fMuscle_leg-DS19115.hg19.hotspot.twopass.fdr0.05.merge.bed,0.265811,6.969705581665039,53.925311999999984,19.046875,,,,8
maurano,bedtools,maurano,,1.0,3,4,fHeart-DS15839.hotspot.twopass.fdr0.05.merge.bed,fMuscle_leg-DS19158.hg19.hotspot.twopass.fdr0.05.merge.bed,0.250537,6.969705581665039,53.925311999999984,19.046875,,,,8
maurano,bedtools,maurano,,1.0,3,4,fHeart-DS15839.hotspot.twopass.fdr0.05.merge.bed,fSkin_fibro_bicep_R-DS19745.hg19.hotspot.twopass.fdr0.05.merge.bed,0.155952,6.969705581665039,53.925311999999984,19.046875,,,,8
maurano,bedtools,maurano,,1.0,3,4,fHeart-DS15839.hotspot.twopass.fdr0.05.merge.bed,fStomach-DS17659.hg19.hotspot.twopass.fdr0.05.merge.bed,0.2491,6.969705581665039,53.925311999999984,19.046875,,,,8
maurano,bedtools,maurano,,1.0,3,4,fHeart-DS16621.hotspot.twopass.fdr0.05.merge.bed,fIntestine_Sm-DS16712.hg19.hotspot.twopass.fdr0.05.merge.bed,0.226441,6.969705581665039,53.925311999999984,19.046875,,,,8
maurano,bedtools,maurano,,1.0,3,4,fHeart-DS16621.hotspot.twopass.fdr0.05.merge.bed,fIntestine_Sm-DS16559.hotspot.twopass.fdr0.05.merge.bed,0.270273,6.969705581665039,53.925311999999984,19.046875,,,,8
maurano,bedtools,maurano,,1.0,3,4,fHeart-DS16621.hotspot.twopass.fdr0.05.merge.bed,fIntestine_Sm-DS16822.hotspot.twopass.fdr0.05.merge.bed,0.248787,6.969705581665039,53.925311999999984,19.046875,,,,8
maurano,bedtools,maurano,,1.0,3,4,fHeart-DS16621.hotspot.twopass.fdr0.05.merge.bed,fIntestine_Sm-DS18495.hg19.hotspot.twopass.fdr0.05.merge.bed,0.23503,6.969705581665039,53.925311999999984,19.046875,,,,8
maurano,bedtools,maurano,,1.0,3,4,fHeart-DS16621.hotspot.twopass.fdr0.05.merge.bed,fIntestine_Sm-DS17808.hg19.hotspot.twopass.fdr0.05.merge.bed,0.262196,6.969705581665039,53.925311999999984,19.046875,,,,8
maurano,bedtools,maurano,,1.0,3,4,fHeart-DS16621.hotspot.twopass.fdr0.05.merge.bed,fKidney_renal_cortex_L-DS17550.hg19.hotspot.twopass.fdr0.05.merge.bed,0.296984,6.969705581665039,53.925311999999984,19.046875,,,,8
maurano,bedtools,maurano,,1.0,3,4,fHeart-DS16621.hotspot.twopass.fdr0.05.merge.bed,fLung_L-DS17154.hg19.hotspot.twopass.fdr0.05.merge.bed,0.319891,6.969705581665039,53.925311999999984,19.046875,,,,8
maurano,bedtools,maurano,,1.0,3,4,fHeart-DS16621.hotspot.twopass.fdr0.05.merge.bed,fLung_R-DS15632.hotspot.twopass.fdr0.05.merge.bed,0.309777,6.969705581665039,53.925311999999984,19.046875,,,,8
maurano,bedtools,maurano,,1.0,3,4,fHeart-DS16621.hotspot.twopass.fdr0.05.merge.bed,fLung_L-DS18421.hg19.hotspot.twopass.fdr0.05.merge.bed,0.317823,6.969705581665039,53.925311999999984,19.046875,,,,8
maurano,bedtools,maurano,,1.0,3,4,fHeart-DS16621.hotspot.twopass.fdr0.05.merge.bed,fMuscle_arm-DS19053.hg19.hotspot.twopass.fdr0.05.merge.bed,0.305358,6.969705581665039,53.925311999999984,19.046875,,,,8
maurano,bedtools,maurano,,1.0,3,4,fHeart-DS16621.hotspot.twopass.fdr0.05.merge.bed,fMuscle_back-DS18454.hg19.hotspot.twopass.fdr0.05.merge.bed,0.309559,6.969705581665039,53.925311999999984,19.046875,,,,8
maurano,bedtools,maurano,,1.0,3,4,fHeart-DS16621.hotspot.twopass.fdr0.05.merge.bed,fMuscle_leg-DS19115.hg19.hotspot.twopass.fdr0.05.merge.bed,0.301319,6.969705581665039,53.925311999999984,19.046875,,,,8
maurano,bedtools,maurano,,1.0,3,4,fHeart-DS16621.hotspot.twopass.fdr0.05.merge.bed,fMuscle_leg-DS19158.hg19.hotspot.twopass.fdr0.05.merge.bed,0.291388,6.969705581665039,53.925311999999984,19.046875,,,,8
maurano,bedtools,maurano,,1.0,3,4,fHeart-DS16621.hotspot.twopass.fdr0.05.merge.bed,fSkin_fibro_bicep_R-DS19745.hg19.hotspot.twopass.fdr0.05.merge.bed,0.170995,6.969705581665039,53.925311999999984,19.046875,,,,8
maurano,bedtools,maurano,,1.0,3,4,fHeart-DS16621.hotspot.twopass.fdr0.05.merge.bed,fStomach-DS17659.hg19.hotspot.twopass.fdr0.05.merge.bed,0.267889,6.969705581665039,53.925311999999984,19.046875,,,,8
maurano,bedtools,maurano,,1.0,3,4,fIntestine_Sm-DS16559.hotspot.twopass.fdr0.05.merge.bed,fIntestine_Sm-DS16712.hg19.hotspot.twopass.fdr0.05.merge.bed,0.451537,6.969705581665039,53.925311999999984,19.046875,,,,8
maurano,bedtools,maurano,,1.0,3,4,fIntestine_Sm-DS16559.hotspot.twopass.fdr0.05.merge.bed,fIntestine_Sm-DS16822.hotspot.twopass.fdr0.05.merge.bed,0.607371,6.969705581665039,53.925311999999984,19.046875,,,,8
maurano,bedtools,maurano,,1.0,3,4,fIntestine_Sm-DS16559.hotspot.twopass.fdr0.05.merge.bed,fIntestine_Sm-DS18495.hg19.hotspot.twopass.fdr0.05.merge.bed,0.554788,6.969705581665039,53.925311999999984,19.046875,,,,8
maurano,bedtools,maurano,,1.0,3,4,fIntestine_Sm-DS16559.hotspot.twopass.fdr0.05.merge.bed,fIntestine_Sm-DS17808.hg19.hotspot.twopass.fdr0.05.merge.bed,0.57613,6.969705581665039,53.925311999999984,19.046875,,,,8
maurano,bedtools,maurano,,1.0,3,4,fIntestine_Sm-DS16559.hotspot.twopass.fdr0.05.merge.bed,fKidney_renal_cortex_L-DS17550.hg19.hotspot.twopass.fdr0.05.merge.bed,0.313097,6.969705581665039,53.925311999999984,19.046875,,,,8
maurano,bedtools,maurano,,1.0,3,4,fIntestine_Sm-DS16559.hotspot.twopass.fdr0.05.merge.bed,fLung_L-DS17154.hg19.hotspot.twopass.fdr0.05.merge.bed,0.313202,6.969705581665039,53.925311999999984,19.046875,,,,8
maurano,bedtools,maurano,,1.0,3,4,fIntestine_Sm-DS16559.hotspot.twopass.fdr0.05.merge.bed,fLung_R-DS15632.hotspot.twopass.fdr0.05.merge.bed,0.310454,6.969705581665039,53.925311999999984,19.046875,,,,8
maurano,bedtools,maurano,,1.0,3,4,fIntestine_Sm-DS16559.hotspot.twopass.fdr0.05.merge.bed,fLung_L-DS18421.hg19.hotspot.twopass.fdr0.05.merge.bed,0.325796,6.969705581665039,53.925311999999984,19.046875,,,,8
maurano,bedtools,maurano,,1.0,3,4,fIntestine_Sm-DS16559.hotspot.twopass.fdr0.05.merge.bed,fMuscle_arm-DS19053.hg19.hotspot.twopass.fdr0.05.merge.bed,0.27922,6.969705581665039,53.925311999999984,19.046875,,,,8
maurano,bedtools,maurano,,1.0,3,4,fIntestine_Sm-DS16559.hotspot.twopass.fdr0.05.merge.bed,fMuscle_back-DS18454.hg19.hotspot.twopass.fdr0.05.merge.bed,0.276469,6.969705581665039,53.925311999999984,19.046875,,,,8
maurano,bedtools,maurano,,1.0,3,4,fIntestine_Sm-DS16559.hotspot.twopass.fdr0.05.merge.bed,fMuscle_leg-DS19115.hg19.hotspot.twopass.fdr0.05.merge.bed,0.273837,6.969705581665039,53.925311999999984,19.046875,,,,8
maurano,bedtools,maurano,,1.0,3,4,fIntestine_Sm-DS16559.hotspot.twopass.fdr0.05.merge.bed,fMuscle_leg-DS19158.hg19.hotspot.twopass.fdr0.05.merge.bed,0.264617,6.969705581665039,53.925311999999984,19.046875,,,,8
maurano,bedtools,maurano,,1.0,3,4,fIntestine_Sm-DS16559.hotspot.twopass.fdr0.05.merge.bed,fSkin_fibro_bicep_R-DS19745.hg19.hotspot.twopass.fdr0.05.merge.bed,0.177436,6.969705581665039,53.925311999999984,19.046875,,,,8
maurano,bedtools,maurano,,1.0,3,4,fIntestine_Sm-DS16559.hotspot.twopass.fdr0.05.merge.bed,fStomach-DS17659.hg19.hotspot.twopass.fdr0.05.merge.bed,0.347187,6.969705581665039,53.925311999999984,19.046875,,,,8
maurano,bedtools,maurano,,1.0,3,4,fIntestine_Sm-DS16712.hg19.hotspot.twopass.fdr0.05.merge.bed,fIntestine_Sm-DS18495.hg19.hotspot.twopass.fdr0.05.merge.bed,0.480868,6.969705581665039,53.925311999999984,19.046875,,,,8
maurano,bedtools,maurano,,1.0,3,4,fIntestine_Sm-DS16712.hg19.hotspot.twopass.fdr0.05.merge.bed,fIntestine_Sm-DS16822.hotspot.twopass.fdr0.05.merge.bed,0.481841,6.969705581665039,53.925311999999984,19.046875,,,,8
maurano,bedtools,maurano,,1.0,3,4,fIntestine_Sm-DS16712.hg19.hotspot.twopass.fdr0.05.merge.bed,fIntestine_Sm-DS17808.hg19.hotspot.twopass.fdr0.05.merge.bed,0.523853,6.969705581665039,53.925311999999984,19.046875,,,,8
maurano,bedtools,maurano,,1.0,3,4,fIntestine_Sm-DS16712.hg19.hotspot.twopass.fdr0.05.merge.bed,fKidney_renal_cortex_L-DS17550.hg19.hotspot.twopass.fdr0.05.merge.bed,0.269365,6.969705581665039,53.925311999999984,19.046875,,,,8
maurano,bedtools,maurano,,1.0,3,4,fIntestine_Sm-DS16712.hg19.hotspot.twopass.fdr0.05.merge.bed,fLung_L-DS17154.hg19.hotspot.twopass.fdr0.05.merge.bed,0.251144,6.969705581665039,53.925311999999984,19.046875,,,,8
maurano,bedtools,maurano,,1.0,3,4,fIntestine_Sm-DS16712.hg19.hotspot.twopass.fdr0.05.merge.bed,fLung_L-DS18421.hg19.hotspot.twopass.fdr0.05.merge.bed,0.26833,6.969705581665039,53.925311999999984,19.046875,,,,8
maurano,bedtools,maurano,,1.0,3,4,fIntestine_Sm-DS16712.hg19.hotspot.twopass.fdr0.05.merge.bed,fLung_R-DS15632.hotspot.twopass.fdr0.05.merge.bed,0.273746,6.969705581665039,53.925311999999984,19.046875,,,,8
maurano,bedtools,maurano,,1.0,3,4,fIntestine_Sm-DS16712.hg19.hotspot.twopass.fdr0.05.merge.bed,fMuscle_arm-DS19053.hg19.hotspot.twopass.fdr0.05.merge.bed,0.242071,6.969705581665039,53.925311999999984,19.046875,,,,8
maurano,bedtools,maurano,,1.0,3,4,fIntestine_Sm-DS16712.hg19.hotspot.twopass.fdr0.05.merge.bed,fMuscle_leg-DS19115.hg19.hotspot.twopass.fdr0.05.merge.bed,0.240317,6.969705581665039,53.925311999999984,19.046875,,,,8
maurano,bedtools,maurano,,1.0,3,4,fIntestine_Sm-DS16712.hg19.hotspot.twopass.fdr0.05.merge.bed,fMuscle_back-DS18454.hg19.hotspot.twopass.fdr0.05.merge.bed,0.241538,6.969705581665039,53.925311999999984,19.046875,,,,8
maurano,bedtools,maurano,,1.0,3,4,fIntestine_Sm-DS16712.hg19.hotspot.twopass.fdr0.05.merge.bed,fMuscle_leg-DS19158.hg19.hotspot.twopass.fdr0.05.merge.bed,0.210362,6.969705581665039,53.925311999999984,19.046875,,,,8
maurano,bedtools,maurano,,1.0,3,4,fIntestine_Sm-DS16712.hg19.hotspot.twopass.fdr0.05.merge.bed,fSkin_fibro_bicep_R-DS19745.hg19.hotspot.twopass.fdr0.05.merge.bed,0.190258,6.969705581665039,53.925311999999984,19.046875,,,,8
maurano,bedtools,maurano,,1.0,3,4,fIntestine_Sm-DS16712.hg19.hotspot.twopass.fdr0.05.merge.bed,fStomach-DS17659.hg19.hotspot.twopass.fdr0.05.merge.bed,0.344375,6.969705581665039,53.925311999999984,19.046875,,,,8
maurano,bedtools,maurano,,1.0,3,4,fIntestine_Sm-DS16822.hotspot.twopass.fdr0.05.merge.bed,fIntestine_Sm-DS18495.hg19.hotspot.twopass.fdr0.05.merge.bed,0.569733,6.969705581665039,53.925311999999984,19.046875,,,,8
maurano,bedtools,maurano,,1.0,3,4,fIntestine_Sm-DS16822.hotspot.twopass.fdr0.05.merge.bed,fIntestine_Sm-DS17808.hg19.hotspot.twopass.fdr0.05.merge.bed,0.59865,6.969705581665039,53.925311999999984,19.046875,,,,8
maurano,bedtools,maurano,,1.0,3,4,fIntestine_Sm-DS16822.hotspot.twopass.fdr0.05.merge.bed,fKidney_renal_cortex_L-DS17550.hg19.hotspot.twopass.fdr0.05.merge.bed,0.289532,6.969705581665039,53.925311999999984,19.046875,,,,8
maurano,bedtools,maurano,,1.0,3,4,fIntestine_Sm-DS16822.hotspot.twopass.fdr0.05.merge.bed,fLung_R-DS15632.hotspot.twopass.fdr0.05.merge.bed,0.289781,6.969705581665039,53.925311999999984,19.046875,,,,8
maurano,bedtools,maurano,,1.0,3,4,fIntestine_Sm-DS16822.hotspot.twopass.fdr0.05.merge.bed,fLung_L-DS17154.hg19.hotspot.twopass.fdr0.05.merge.bed,0.28457,6.969705581665039,53.925311999999984,19.046875,,,,8
maurano,bedtools,maurano,,1.0,3,4,fIntestine_Sm-DS16822.hotspot.twopass.fdr0.05.merge.bed,fLung_L-DS18421.hg19.hotspot.twopass.fdr0.05.merge.bed,0.300228,6.969705581665039,53.925311999999984,19.046875,,,,8
maurano,bedtools,maurano,,1.0,3,4,fIntestine_Sm-DS16822.hotspot.twopass.fdr0.05.merge.bed,fMuscle_arm-DS19053.hg19.hotspot.twopass.fdr0.05.merge.bed,0.256284,6.969705581665039,53.925311999999984,19.046875,,,,8
maurano,bedtools,maurano,,1.0,3,4,fIntestine_Sm-DS16822.hotspot.twopass.fdr0.05.merge.bed,fMuscle_back-DS18454.hg19.hotspot.twopass.fdr0.05.merge.bed,0.258686,6.969705581665039,53.925311999999984,19.046875,,,,8
maurano,bedtools,maurano,,1.0,3,4,fIntestine_Sm-DS16822.hotspot.twopass.fdr0.05.merge.bed,fMuscle_leg-DS19115.hg19.hotspot.twopass.fdr0.05.merge.bed,0.255764,6.969705581665039,53.925311999999984,19.046875,,,,8
maurano,bedtools,maurano,,1.0,3,4,fIntestine_Sm-DS16822.hotspot.twopass.fdr0.05.merge.bed,fMuscle_leg-DS19158.hg19.hotspot.twopass.fdr0.05.merge.bed,0.238165,6.969705581665039,53.925311999999984,19.046875,,,,8
maurano,bedtools,maurano,,1.0,3,4,fIntestine_Sm-DS16822.hotspot.twopass.fdr0.05.merge.bed,fSkin_fibro_bicep_R-DS19745.hg19.hotspot.twopass.fdr0.05.merge.bed,0.18352,6.969705581665039,53.925311999999984,19.046875,,,,8
maurano,bedtools,maurano,,1.0,3,4,fIntestine_Sm-DS16822.hotspot.twopass.fdr0.05.merge.bed,fStomach-DS17659.hg19.hotspot.twopass.fdr0.05.merge.bed,0.355715,6.969705581665039,53.925311999999984,19.046875,,,,8
maurano,bedtools,maurano,,1.0,3,4,fIntestine_Sm-DS17808.hg19.hotspot.twopass.fdr0.05.merge.bed,fIntestine_Sm-DS18495.hg19.hotspot.twopass.fdr0.05.merge.bed,0.538442,6.969705581665039,53.925311999999984,19.046875,,,,8
maurano,bedtools,maurano,,1.0,3,4,fIntestine_Sm-DS17808.hg19.hotspot.twopass.fdr0.05.merge.bed,fKidney_renal_cortex_L-DS17550.hg19.hotspot.twopass.fdr0.05.merge.bed,0.311739,6.969705581665039,53.925311999999984,19.046875,,,,8
maurano,bedtools,maurano,,1.0,3,4,fIntestine_Sm-DS17808.hg19.hotspot.twopass.fdr0.05.merge.bed,fLung_R-DS15632.hotspot.twopass.fdr0.05.merge.bed,0.306872,6.969705581665039,53.925311999999984,19.046875,,,,8
maurano,bedtools,maurano,,1.0,3,4,fIntestine_Sm-DS17808.hg19.hotspot.twopass.fdr0.05.merge.bed,fLung_L-DS17154.hg19.hotspot.twopass.fdr0.05.merge.bed,0.304329,6.969705581665039,53.925311999999984,19.046875,,,,8
maurano,bedtools,maurano,,1.0,3,4,fIntestine_Sm-DS17808.hg19.hotspot.twopass.fdr0.05.merge.bed,fLung_L-DS18421.hg19.hotspot.twopass.fdr0.05.merge.bed,0.315083,6.969705581665039,53.925311999999984,19.046875,,,,8
maurano,bedtools,maurano,,1.0,3,4,fIntestine_Sm-DS17808.hg19.hotspot.twopass.fdr0.05.merge.bed,fMuscle_arm-DS19053.hg19.hotspot.twopass.fdr0.05.merge.bed,0.274056,6.969705581665039,53.925311999999984,19.046875,,,,8
maurano,bedtools,maurano,,1.0,3,4,fIntestine_Sm-DS17808.hg19.hotspot.twopass.fdr0.05.merge.bed,fMuscle_back-DS18454.hg19.hotspot.twopass.fdr0.05.merge.bed,0.27464,6.969705581665039,53.925311999999984,19.046875,,,,8
maurano,bedtools,maurano,,1.0,3,4,fIntestine_Sm-DS17808.hg19.hotspot.twopass.fdr0.05.merge.bed,fMuscle_leg-DS19115.hg19.hotspot.twopass.fdr0.05.merge.bed,0.272167,6.969705581665039,53.925311999999984,19.046875,,,,8
maurano,bedtools,maurano,,1.0,3,4,fIntestine_Sm-DS17808.hg19.hotspot.twopass.fdr0.05.merge.bed,fSkin_fibro_bicep_R-DS19745.hg19.hotspot.twopass.fdr0.05.merge.bed,0.184359,6.969705581665039,53.925311999999984,19.046875,,,,8
maurano,bedtools,maurano,,1.0,3,4,fIntestine_Sm-DS17808.hg19.hotspot.twopass.fdr0.05.merge.bed,fMuscle_leg-DS19158.hg19.hotspot.twopass.fdr0.05.merge.bed,0.24807,6.969705581665039,53.925311999999984,19.046875,,,,8
maurano,bedtools,maurano,,1.0,3,4,fIntestine_Sm-DS17808.hg19.hotspot.twopass.fdr0.05.merge.bed,fStomach-DS17659.hg19.hotspot.twopass.fdr0.05.merge.bed,0.361087,6.969705581665039,53.925311999999984,19.046875,,,,8
maurano,bedtools,maurano,,1.0,3,4,fIntestine_Sm-DS18495.hg19.hotspot.twopass.fdr0.05.merge.bed,fKidney_renal_cortex_L-DS17550.hg19.hotspot.twopass.fdr0.05.merge.bed,0.270452,6.969705581665039,53.925311999999984,19.046875,,,,8
maurano,bedtools,maurano,,1.0,3,4,fIntestine_Sm-DS18495.hg19.hotspot.twopass.fdr0.05.merge.bed,fLung_L-DS18421.hg19.hotspot.twopass.fdr0.05.merge.bed,0.278614,6.969705581665039,53.925311999999984,19.046875,,,,8
maurano,bedtools,maurano,,1.0,3,4,fIntestine_Sm-DS18495.hg19.hotspot.twopass.fdr0.05.merge.bed,fLung_L-DS17154.hg19.hotspot.twopass.fdr0.05.merge.bed,0.261521,6.969705581665039,53.925311999999984,19.046875,,,,8
maurano,bedtools,maurano,,1.0,3,4,fIntestine_Sm-DS18495.hg19.hotspot.twopass.fdr0.05.merge.bed,fLung_R-DS15632.hotspot.twopass.fdr0.05.merge.bed,0.274002,6.969705581665039,53.925311999999984,19.046875,,,,8
maurano,bedtools,maurano,,1.0,3,4,fIntestine_Sm-DS18495.hg19.hotspot.twopass.fdr0.05.merge.bed,fMuscle_arm-DS19053.hg19.hotspot.twopass.fdr0.05.merge.bed,0.24693,6.969705581665039,53.925311999999984,19.046875,,,,8
maurano,bedtools,maurano,,1.0,3,4,fIntestine_Sm-DS18495.hg19.hotspot.twopass.fdr0.05.merge.bed,fMuscle_leg-DS19115.hg19.hotspot.twopass.fdr0.05.merge.bed,0.246235,6.969705581665039,53.925311999999984,19.046875,,,,8
maurano,bedtools,maurano,,1.0,3,4,fIntestine_Sm-DS18495.hg19.hotspot.twopass.fdr0.05.merge.bed,fMuscle_back-DS18454.hg19.hotspot.twopass.fdr0.05.merge.bed,0.247674,6.969705581665039,53.925311999999984,19.046875,,,,8
maurano,bedtools,maurano,,1.0,3,4,fIntestine_Sm-DS18495.hg19.hotspot.twopass.fdr0.05.merge.bed,fMuscle_leg-DS19158.hg19.hotspot.twopass.fdr0.05.merge.bed,0.229886,6.969705581665039,53.925311999999984,19.046875,,,,8
maurano,bedtools,maurano,,1.0,3,4,fIntestine_Sm-DS18495.hg19.hotspot.twopass.fdr0.05.merge.bed,fSkin_fibro_bicep_R-DS19745.hg19.hotspot.twopass.fdr0.05.merge.bed,0.182733,6.969705581665039,53.925311999999984,19.046875,,,,8
maurano,bedtools,maurano,,1.0,3,4,fIntestine_Sm-DS18495.hg19.hotspot.twopass.fdr0.05.merge.bed,fStomach-DS17659.hg19.hotspot.twopass.fdr0.05.merge.bed,0.336473,6.969705581665039,53.925311999999984,19.046875,,,,8
maurano,bedtools,maurano,,1.0,3,4,fKidney_renal_cortex_L-DS17550.hg19.hotspot.twopass.fdr0.05.merge.bed,fLung_L-DS17154.hg19.hotspot.twopass.fdr0.05.merge.bed,0.38651,6.969705581665039,53.925311999999984,19.046875,,,,8
maurano,bedtools,maurano,,1.0,3,4,fKidney_renal_cortex_L-DS17550.hg19.hotspot.twopass.fdr0.05.merge.bed,fLung_L-DS18421.hg19.hotspot.twopass.fdr0.05.merge.bed,0.383039,6.969705581665039,53.925311999999984,19.046875,,,,8
maurano,bedtools,maurano,,1.0,3,4,fKidney_renal_cortex_L-DS17550.hg19.hotspot.twopass.fdr0.05.merge.bed,fLung_R-DS15632.hotspot.twopass.fdr0.05.merge.bed,0.365728,6.969705581665039,53.925311999999984,19.046875,,,,8
maurano,bedtools,maurano,,1.0,3,4,fKidney_renal_cortex_L-DS17550.hg19.hotspot.twopass.fdr0.05.merge.bed,fMuscle_arm-DS19053.hg19.hotspot.twopass.fdr0.05.merge.bed,0.336901,6.969705581665039,53.925311999999984,19.046875,,,,8
maurano,bedtools,maurano,,1.0,3,4,fKidney_renal_cortex_L-DS17550.hg19.hotspot.twopass.fdr0.05.merge.bed,fMuscle_back-DS18454.hg19.hotspot.twopass.fdr0.05.merge.bed,0.33017,6.969705581665039,53.925311999999984,19.046875,,,,8
maurano,bedtools,maurano,,1.0,3,4,fKidney_renal_cortex_L-DS17550.hg19.hotspot.twopass.fdr0.05.merge.bed,fMuscle_leg-DS19115.hg19.hotspot.twopass.fdr0.05.merge.bed,0.33113,6.969705581665039,53.925311999999984,19.046875,,,,8
maurano,bedtools,maurano,,1.0,3,4,fKidney_renal_cortex_L-DS17550.hg19.hotspot.twopass.fdr0.05.merge.bed,fMuscle_leg-DS19158.hg19.hotspot.twopass.fdr0.05.merge.bed,0.321369,6.969705581665039,53.925311999999984,19.046875,,,,8
maurano,bedtools,maurano,,1.0,3,4,fKidney_renal_cortex_L-DS17550.hg19.hotspot.twopass.fdr0.05.merge.bed,fSkin_fibro_bicep_R-DS19745.hg19.hotspot.twopass.fdr0.05.merge.bed,0.181055,6.969705581665039,53.925311999999984,19.046875,,,,8
maurano,bedtools,maurano,,1.0,3,4,fKidney_renal_cortex_L-DS17550.hg19.hotspot.twopass.fdr0.05.merge.bed,fStomach-DS17659.hg19.hotspot.twopass.fdr0.05.merge.bed,0.314544,6.969705581665039,53.925311999999984,19.046875,,,,8
maurano,bedtools,maurano,,1.0,3,4,fLung_L-DS17154.hg19.hotspot.twopass.fdr0.05.merge.bed,fLung_R-DS15632.hotspot.twopass.fdr0.05.merge.bed,0.594137,6.969705581665039,53.925311999999984,19.046875,,,,8
maurano,bedtools,maurano,,1.0,3,4,fLung_L-DS17154.hg19.hotspot.twopass.fdr0.05.merge.bed,fLung_L-DS18421.hg19.hotspot.twopass.fdr0.05.merge.bed,0.626942,6.969705581665039,53.925311999999984,19.046875,,,,8
maurano,bedtools,maurano,,1.0,3,4,fLung_L-DS17154.hg19.hotspot.twopass.fdr0.05.merge.bed,fMuscle_arm-DS19053.hg19.hotspot.twopass.fdr0.05.merge.bed,0.377284,6.969705581665039,53.925311999999984,19.046875,,,,8
maurano,bedtools,maurano,,1.0,3,4,fLung_L-DS17154.hg19.hotspot.twopass.fdr0.05.merge.bed,fMuscle_leg-DS19115.hg19.hotspot.twopass.fdr0.05.merge.bed,0.368251,6.969705581665039,53.925311999999984,19.046875,,,,8
maurano,bedtools,maurano,,1.0,3,4,fLung_L-DS17154.hg19.hotspot.twopass.fdr0.05.merge.bed,fMuscle_back-DS18454.hg19.hotspot.twopass.fdr0.05.merge.bed,0.363956,6.969705581665039,53.925311999999984,19.046875,,,,8
maurano,bedtools,maurano,,1.0,3,4,fLung_L-DS17154.hg19.hotspot.twopass.fdr0.05.merge.bed,fMuscle_leg-DS19158.hg19.hotspot.twopass.fdr0.05.merge.bed,0.372015,6.969705581665039,53.925311999999984,19.046875,,,,8
maurano,bedtools,maurano,,1.0,3,4,fLung_L-DS17154.hg19.hotspot.twopass.fdr0.05.merge.bed,fSkin_fibro_bicep_R-DS19745.hg19.hotspot.twopass.fdr0.05.merge.bed,0.18337,6.969705581665039,53.925311999999984,19.046875,,,,8
maurano,bedtools,maurano,,1.0,3,4,fLung_L-DS17154.hg19.hotspot.twopass.fdr0.05.merge.bed,fStomach-DS17659.hg19.hotspot.twopass.fdr0.05.merge.bed,0.331727,6.969705581665039,53.925311999999984,19.046875,,,,8
maurano,bedtools,maurano,,1.0,3,4,fLung_L-DS18421.hg19.hotspot.twopass.fdr0.05.merge.bed,fLung_R-DS15632.hotspot.twopass.fdr0.05.merge.bed,0.590381,6.969705581665039,53.925311999999984,19.046875,,,,8
maurano,bedtools,maurano,,1.0,3,4,fLung_L-DS18421.hg19.hotspot.twopass.fdr0.05.merge.bed,fMuscle_arm-DS19053.hg19.hotspot.twopass.fdr0.05.merge.bed,0.366132,6.969705581665039,53.925311999999984,19.046875,,,,8
maurano,bedtools,maurano,,1.0,3,4,fLung_L-DS18421.hg19.hotspot.twopass.fdr0.05.merge.bed,fMuscle_back-DS18454.hg19.hotspot.twopass.fdr0.05.merge.bed,0.358442,6.969705581665039,53.925311999999984,19.046875,,,,8
maurano,bedtools,maurano,,1.0,3,4,fLung_L-DS18421.hg19.hotspot.twopass.fdr0.05.merge.bed,fMuscle_leg-DS19115.hg19.hotspot.twopass.fdr0.05.merge.bed,0.3614,6.969705581665039,53.925311999999984,19.046875,,,,8
maurano,bedtools,maurano,,1.0,3,4,fLung_L-DS18421.hg19.hotspot.twopass.fdr0.05.merge.bed,fSkin_fibro_bicep_R-DS19745.hg19.hotspot.twopass.fdr0.05.merge.bed,0.191675,6.969705581665039,53.925311999999984,19.046875,,,,8
maurano,bedtools,maurano,,1.0,3,4,fLung_L-DS18421.hg19.hotspot.twopass.fdr0.05.merge.bed,fMuscle_leg-DS19158.hg19.hotspot.twopass.fdr0.05.merge.bed,0.355591,6.969705581665039,53.925311999999984,19.046875,,,,8
maurano,bedtools,maurano,,1.0,3,4,fLung_L-DS18421.hg19.hotspot.twopass.fdr0.05.merge.bed,fStomach-DS17659.hg19.hotspot.twopass.fdr0.05.merge.bed,0.356052,6.969705581665039,53.925311999999984,19.046875,,,,8
maurano,bedtools,maurano,,1.0,3,4,fLung_R-DS15632.hotspot.twopass.fdr0.05.merge.bed,fMuscle_arm-DS19053.hg19.hotspot.twopass.fdr0.05.merge.bed,0.378953,6.969705581665039,53.925311999999984,19.046875,,,,8
maurano,bedtools,maurano,,1.0,3,4,fLung_R-DS15632.hotspot.twopass.fdr0.05.merge.bed,fMuscle_leg-DS19115.hg19.hotspot.twopass.fdr0.05.merge.bed,0.374624,6.969705581665039,53.925311999999984,19.046875,,,,8
maurano,bedtools,maurano,,1.0,3,4,fLung_R-DS15632.hotspot.twopass.fdr0.05.merge.bed,fMuscle_back-DS18454.hg19.hotspot.twopass.fdr0.05.merge.bed,0.3663,6.969705581665039,53.925311999999984,19.046875,,,,8
maurano,bedtools,maurano,,1.0,3,4,fLung_R-DS15632.hotspot.twopass.fdr0.05.merge.bed,fMuscle_leg-DS19158.hg19.hotspot.twopass.fdr0.05.merge.bed,0.360816,6.969705581665039,53.925311999999984,19.046875,,,,8
maurano,bedtools,maurano,,1.0,3,4,fLung_R-DS15632.hotspot.twopass.fdr0.05.merge.bed,fSkin_fibro_bicep_R-DS19745.hg19.hotspot.twopass.fdr0.05.merge.bed,0.199165,6.969705581665039,53.925311999999984,19.046875,,,,8
maurano,bedtools,maurano,,1.0,3,4,fLung_R-DS15632.hotspot.twopass.fdr0.05.merge.bed,fStomach-DS17659.hg19.hotspot.twopass.fdr0.05.merge.bed,0.357541,6.969705581665039,53.925311999999984,19.046875,,,,8
maurano,bedtools,maurano,,1.0,3,4,fMuscle_arm-DS19053.hg19.hotspot.twopass.fdr0.05.merge.bed,fMuscle_leg-DS19115.hg19.hotspot.twopass.fdr0.05.merge.bed,0.599604,6.969705581665039,53.925311999999984,19.046875,,,,8
maurano,bedtools,maurano,,1.0,3,4,fMuscle_arm-DS19053.hg19.hotspot.twopass.fdr0.05.merge.bed,fMuscle_back-DS18454.hg19.hotspot.twopass.fdr0.05.merge.bed,0.58994,6.969705581665039,53.925311999999984,19.046875,,,,8
maurano,bedtools,maurano,,1.0,3,4,fMuscle_arm-DS19053.hg19.hotspot.twopass.fdr0.05.merge.bed,fMuscle_leg-DS19158.hg19.hotspot.twopass.fdr0.05.merge.bed,0.573223,6.969705581665039,53.925311999999984,19.046875,,,,8
maurano,bedtools,maurano,,1.0,3,4,fMuscle_arm-DS19053.hg19.hotspot.twopass.fdr0.05.merge.bed,fSkin_fibro_bicep_R-DS19745.hg19.hotspot.twopass.fdr0.05.merge.bed,0.215222,6.969705581665039,53.925311999999984,19.046875,,,,8
maurano,bedtools,maurano,,1.0,3,4,fMuscle_arm-DS19053.hg19.hotspot.twopass.fdr0.05.merge.bed,fStomach-DS17659.hg19.hotspot.twopass.fdr0.05.merge.bed,0.322868,6.969705581665039,53.925311999999984,19.046875,,,,8
maurano,bedtools,maurano,,1.0,3,4,fMuscle_back-DS18454.hg19.hotspot.twopass.fdr0.05.merge.bed,fMuscle_leg-DS19115.hg19.hotspot.twopass.fdr0.05.merge.bed,0.605352,6.969705581665039,53.925311999999984,19.046875,,,,8
maurano,bedtools,maurano,,1.0,3,4,fMuscle_back-DS18454.hg19.hotspot.twopass.fdr0.05.merge.bed,fMuscle_leg-DS19158.hg19.hotspot.twopass.fdr0.05.merge.bed,0.555513,6.969705581665039,53.925311999999984,19.046875,,,,8
maurano,bedtools,maurano,,1.0,3,4,fMuscle_back-DS18454.hg19.hotspot.twopass.fdr0.05.merge.bed,fSkin_fibro_bicep_R-DS19745.hg19.hotspot.twopass.fdr0.05.merge.bed,0.223531,6.969705581665039,53.925311999999984,19.046875,,,,8
maurano,bedtools,maurano,,1.0,3,4,fMuscle_back-DS18454.hg19.hotspot.twopass.fdr0.05.merge.bed,fStomach-DS17659.hg19.hotspot.twopass.fdr0.05.merge.bed,0.327171,6.969705581665039,53.925311999999984,19.046875,,,,8
maurano,bedtools,maurano,,1.0,3,4,fMuscle_leg-DS19115.hg19.hotspot.twopass.fdr0.05.merge.bed,fMuscle_leg-DS19158.hg19.hotspot.twopass.fdr0.05.merge.bed,0.582839,6.969705581665039,53.925311999999984,19.046875,,,,8
maurano,bedtools,maurano,,1.0,3,4,fMuscle_leg-DS19115.hg19.hotspot.twopass.fdr0.05.merge.bed,fSkin_fibro_bicep_R-DS19745.hg19.hotspot.twopass.fdr0.05.merge.bed,0.218922,6.969705581665039,53.925311999999984,19.046875,,,,8
maurano,bedtools,maurano,,1.0,3,4,fMuscle_leg-DS19115.hg19.hotspot.twopass.fdr0.05.merge.bed,fStomach-DS17659.hg19.hotspot.twopass.fdr0.05.merge.bed,0.329439,6.969705581665039,53.925311999999984,19.046875,,,,8
maurano,bedtools,maurano,,1.0,3,4,fMuscle_leg-DS19158.hg19.hotspot.twopass.fdr0.05.merge.bed,fSkin_fibro_bicep_R-DS19745.hg19.hotspot.twopass.fdr0.05.merge.bed,0.195676,6.969705581665039,53.925311999999984,19.046875,,,,8
maurano,bedtools,maurano,,1.0,3,4,fMuscle_leg-DS19158.hg19.hotspot.twopass.fdr0.05.merge.bed,fStomach-DS17659.hg19.hotspot.twopass.fdr0.05.merge.bed,0.291063,6.969705581665039,53.925311999999984,19.046875,,,,8
maurano,bedtools,maurano,,1.0,3,4,fSkin_fibro_bicep_R-DS19745.hg19.hotspot.twopass.fdr0.05.merge.bed,fStomach-DS17659.hg19.hotspot.twopass.fdr0.05.merge.bed,0.229768,6.969705581665039,53.925311999999984,19.046875,,,,8
maurano,bedtools,maurano,,1.0,4,5,fBrain-DS14718.hotspot.twopass.fdr0.05.merge.bed,fHeart-DS15643.hotspot.twopass.fdr0.05.merge.bed,0.240543,6.990535259246826,53.90155,19.02734375,,,,8
maurano,bedtools,maurano,,1.0,4,5,fBrain-DS14718.hotspot.twopass.fdr0.05.merge.bed,fIntestine_Sm-DS16712.hg19.hotspot.twopass.fdr0.05.merge.bed,0.206104,6.990535259246826,53.90155,19.02734375,,,,8
maurano,bedtools,maurano,,1.0,4,5,fBrain-DS14718.hotspot.twopass.fdr0.05.merge.bed,fBrain-DS16302.hotspot.twopass.fdr0.05.merge.bed,0.354341,6.990535259246826,53.90155,19.02734375,,,,8
maurano,bedtools,maurano,,1.0,4,5,fBrain-DS14718.hotspot.twopass.fdr0.05.merge.bed,fHeart-DS16621.hotspot.twopass.fdr0.05.merge.bed,0.227235,6.990535259246826,53.90155,19.02734375,,,,8
maurano,bedtools,maurano,,1.0,4,5,fBrain-DS14718.hotspot.twopass.fdr0.05.merge.bed,fIntestine_Sm-DS16559.hotspot.twopass.fdr0.05.merge.bed,0.208473,6.990535259246826,53.90155,19.02734375,,,,8
maurano,bedtools,maurano,,1.0,4,5,fBrain-DS14718.hotspot.twopass.fdr0.05.merge.bed,fIntestine_Sm-DS16822.hotspot.twopass.fdr0.05.merge.bed,0.201612,6.990535259246826,53.90155,19.02734375,,,,8
maurano,bedtools,maurano,,1.0,4,5,fBrain-DS14718.hotspot.twopass.fdr0.05.merge.bed,fHeart-DS15839.hotspot.twopass.fdr0.05.merge.bed,0.220057,6.990535259246826,53.90155,19.02734375,,,,8
maurano,bedtools,maurano,,1.0,4,5,fBrain-DS14718.hotspot.twopass.fdr0.05.merge.bed,fIntestine_Sm-DS18495.hg19.hotspot.twopass.fdr0.05.merge.bed,0.190684,6.990535259246826,53.90155,19.02734375,,,,8
maurano,bedtools,maurano,,1.0,4,5,fBrain-DS14718.hotspot.twopass.fdr0.05.merge.bed,fIntestine_Sm-DS17808.hg19.hotspot.twopass.fdr0.05.merge.bed,0.215237,6.990535259246826,53.90155,19.02734375,,,,8
maurano,bedtools,maurano,,1.0,4,5,fBrain-DS14718.hotspot.twopass.fdr0.05.merge.bed,fLung_R-DS15632.hotspot.twopass.fdr0.05.merge.bed,0.260759,6.990535259246826,53.90155,19.02734375,,,,8
maurano,bedtools,maurano,,1.0,4,5,fBrain-DS14718.hotspot.twopass.fdr0.05.merge.bed,fKidney_renal_cortex_L-DS17550.hg19.hotspot.twopass.fdr0.05.merge.bed,0.260934,6.990535259246826,53.90155,19.02734375,,,,8
maurano,bedtools,maurano,,1.0,4,5,fBrain-DS14718.hotspot.twopass.fdr0.05.merge.bed,fLung_L-DS18421.hg19.hotspot.twopass.fdr0.05.merge.bed,0.25417,6.990535259246826,53.90155,19.02734375,,,,8
maurano,bedtools,maurano,,1.0,4,5,fBrain-DS14718.hotspot.twopass.fdr0.05.merge.bed,fLung_L-DS17154.hg19.hotspot.twopass.fdr0.05.merge.bed,0.254287,6.990535259246826,53.90155,19.02734375,,,,8
maurano,bedtools,maurano,,1.0,4,5,fBrain-DS14718.hotspot.twopass.fdr0.05.merge.bed,fMuscle_arm-DS19053.hg19.hotspot.twopass.fdr0.05.merge.bed,0.263693,6.990535259246826,53.90155,19.02734375,,,,8
maurano,bedtools,maurano,,1.0,4,5,fBrain-DS14718.hotspot.twopass.fdr0.05.merge.bed,fMuscle_back-DS18454.hg19.hotspot.twopass.fdr0.05.merge.bed,0.265443,6.990535259246826,53.90155,19.02734375,,,,8
maurano,bedtools,maurano,,1.0,4,5,fBrain-DS14718.hotspot.twopass.fdr0.05.merge.bed,fMuscle_leg-DS19115.hg19.hotspot.twopass.fdr0.05.merge.bed,0.266904,6.990535259246826,53.90155,19.02734375,,,,8
maurano,bedtools,maurano,,1.0,4,5,fBrain-DS16302.hotspot.twopass.fdr0.05.merge.bed,fHeart-DS15643.hotspot.twopass.fdr0.05.merge.bed,0.231572,6.990535259246826,53.90155,19.02734375,,,,8
maurano,bedtools,maurano,,1.0,4,5,fBrain-DS14718.hotspot.twopass.fdr0.05.merge.bed,fMuscle_leg-DS19158.hg19.hotspot.twopass.fdr0.05.merge.bed,0.244176,6.990535259246826,53.90155,19.02734375,,,,8
maurano,bedtools,maurano,,1.0,4,5,fBrain-DS14718.hotspot.twopass.fdr0.05.merge.bed,fSkin_fibro_bicep_R-DS19745.hg19.hotspot.twopass.fdr0.05.merge.bed,0.15608,6.990535259246826,53.90155,19.02734375,,,,8
maurano,bedtools,maurano,,1.0,4,5,fBrain-DS14718.hotspot.twopass.fdr0.05.merge.bed,fStomach-DS17659.hg19.hotspot.twopass.fdr0.05.merge.bed,0.248625,6.990535259246826,53.90155,19.02734375,,,,8
maurano,bedtools,maurano,,1.0,4,5,fBrain-DS16302.hotspot.twopass.fdr0.05.merge.bed,fHeart-DS15839.hotspot.twopass.fdr0.05.merge.bed,0.209813,6.990535259246826,53.90155,19.02734375,,,,8
maurano,bedtools,maurano,,1.0,4,5,fBrain-DS16302.hotspot.twopass.fdr0.05.merge.bed,fIntestine_Sm-DS16712.hg19.hotspot.twopass.fdr0.05.merge.bed,0.17876,6.990535259246826,53.90155,19.02734375,,,,8
maurano,bedtools,maurano,,1.0,4,5,fBrain-DS16302.hotspot.twopass.fdr0.05.merge.bed,fHeart-DS16621.hotspot.twopass.fdr0.05.merge.bed,0.226111,6.990535259246826,53.90155,19.02734375,,,,8
maurano,bedtools,maurano,,1.0,4,5,fBrain-DS16302.hotspot.twopass.fdr0.05.merge.bed,fIntestine_Sm-DS16559.hotspot.twopass.fdr0.05.merge.bed,0.194993,6.990535259246826,53.90155,19.02734375,,,,8
maurano,bedtools,maurano,,1.0,4,5,fBrain-DS16302.hotspot.twopass.fdr0.05.merge.bed,fIntestine_Sm-DS18495.hg19.hotspot.twopass.fdr0.05.merge.bed,0.175085,6.990535259246826,53.90155,19.02734375,,,,8
maurano,bedtools,maurano,,1.0,4,5,fBrain-DS16302.hotspot.twopass.fdr0.05.merge.bed,fIntestine_Sm-DS17808.hg19.hotspot.twopass.fdr0.05.merge.bed,0.191957,6.990535259246826,53.90155,19.02734375,,,,8
maurano,bedtools,maurano,,1.0,4,5,fBrain-DS16302.hotspot.twopass.fdr0.05.merge.bed,fIntestine_Sm-DS16822.hotspot.twopass.fdr0.05.merge.bed,0.183641,6.990535259246826,53.90155,19.02734375,,,,8
maurano,bedtools,maurano,,1.0,4,5,fBrain-DS16302.hotspot.twopass.fdr0.05.merge.bed,fKidney_renal_cortex_L-DS17550.hg19.hotspot.twopass.fdr0.05.merge.bed,0.237877,6.990535259246826,53.90155,19.02734375,,,,8
maurano,bedtools,maurano,,1.0,4,5,fBrain-DS16302.hotspot.twopass.fdr0.05.merge.bed,fLung_L-DS17154.hg19.hotspot.twopass.fdr0.05.merge.bed,0.258712,6.990535259246826,53.90155,19.02734375,,,,8
maurano,bedtools,maurano,,1.0,4,5,fBrain-DS16302.hotspot.twopass.fdr0.05.merge.bed,fLung_R-DS15632.hotspot.twopass.fdr0.05.merge.bed,0.259236,6.990535259246826,53.90155,19.02734375,,,,8
maurano,bedtools,maurano,,1.0,4,5,fBrain-DS16302.hotspot.twopass.fdr0.05.merge.bed,fLung_L-DS18421.hg19.hotspot.twopass.fdr0.05.merge.bed,0.251358,6.990535259246826,53.90155,19.02734375,,,,8
maurano,bedtools,maurano,,1.0,4,5,fBrain-DS16302.hotspot.twopass.fdr0.05.merge.bed,fMuscle_arm-DS19053.hg19.hotspot.twopass.fdr0.05.merge.bed,0.252318,6.990535259246826,53.90155,19.02734375,,,,8
maurano,bedtools,maurano,,1.0,4,5,fBrain-DS16302.hotspot.twopass.fdr0.05.merge.bed,fMuscle_leg-DS19115.hg19.hotspot.twopass.fdr0.05.merge.bed,0.249425,6.990535259246826,53.90155,19.02734375,,,,8
maurano,bedtools,maurano,,1.0,4,5,fBrain-DS16302.hotspot.twopass.fdr0.05.merge.bed,fMuscle_back-DS18454.hg19.hotspot.twopass.fdr0.05.merge.bed,0.24471,6.990535259246826,53.90155,19.02734375,,,,8
maurano,bedtools,maurano,,1.0,4,5,fBrain-DS16302.hotspot.twopass.fdr0.05.merge.bed,fMuscle_leg-DS19158.hg19.hotspot.twopass.fdr0.05.merge.bed,0.244333,6.990535259246826,53.90155,19.02734375,,,,8
maurano,bedtools,maurano,,1.0,4,5,fBrain-DS16302.hotspot.twopass.fdr0.05.merge.bed,fSkin_fibro_bicep_R-DS19745.hg19.hotspot.twopass.fdr0.05.merge.bed,0.135481,6.990535259246826,53.90155,19.02734375,,,,8
maurano,bedtools,maurano,,1.0,4,5,fBrain-DS16302.hotspot.twopass.fdr0.05.merge.bed,fStomach-DS17659.hg19.hotspot.twopass.fdr0.05.merge.bed,0.215611,6.990535259246826,53.90155,19.02734375,,,,8
maurano,bedtools,maurano,,1.0,4,5,fHeart-DS15643.hotspot.twopass.fdr0.05.merge.bed,fIntestine_Sm-DS16712.hg19.hotspot.twopass.fdr0.05.merge.bed,0.252223,6.990535259246826,53.90155,19.02734375,,,,8
maurano,bedtools,maurano,,1.0,4,5,fHeart-DS15643.hotspot.twopass.fdr0.05.merge.bed,fHeart-DS16621.hotspot.twopass.fdr0.05.merge.bed,0.612503,6.990535259246826,53.90155,19.02734375,,,,8
maurano,bedtools,maurano,,1.0,4,5,fHeart-DS15643.hotspot.twopass.fdr0.05.merge.bed,fIntestine_Sm-DS16559.hotspot.twopass.fdr0.05.merge.bed,0.274958,6.990535259246826,53.90155,19.02734375,,,,8
maurano,bedtools,maurano,,1.0,4,5,fHeart-DS15643.hotspot.twopass.fdr0.05.merge.bed,fHeart-DS15839.hotspot.twopass.fdr0.05.merge.bed,0.501456,6.990535259246826,53.90155,19.02734375,,,,8
maurano,bedtools,maurano,,1.0,4,5,fHeart-DS15643.hotspot.twopass.fdr0.05.merge.bed,fIntestine_Sm-DS16822.hotspot.twopass.fdr0.05.merge.bed,0.259862,6.990535259246826,53.90155,19.02734375,,,,8
maurano,bedtools,maurano,,1.0,4,5,fHeart-DS15643.hotspot.twopass.fdr0.05.merge.bed,fIntestine_Sm-DS18495.hg19.hotspot.twopass.fdr0.05.merge.bed,0.247321,6.990535259246826,53.90155,19.02734375,,,,8
maurano,bedtools,maurano,,1.0,4,5,fHeart-DS15643.hotspot.twopass.fdr0.05.merge.bed,fIntestine_Sm-DS17808.hg19.hotspot.twopass.fdr0.05.merge.bed,0.279561,6.990535259246826,53.90155,19.02734375,,,,8
maurano,bedtools,maurano,,1.0,4,5,fHeart-DS15643.hotspot.twopass.fdr0.05.merge.bed,fKidney_renal_cortex_L-DS17550.hg19.hotspot.twopass.fdr0.05.merge.bed,0.305128,6.990535259246826,53.90155,19.02734375,,,,8
maurano,bedtools,maurano,,1.0,4,5,fHeart-DS15643.hotspot.twopass.fdr0.05.merge.bed,fLung_R-DS15632.hotspot.twopass.fdr0.05.merge.bed,0.327153,6.990535259246826,53.90155,19.02734375,,,,8
maurano,bedtools,maurano,,1.0,4,5,fHeart-DS15643.hotspot.twopass.fdr0.05.merge.bed,fLung_L-DS17154.hg19.hotspot.twopass.fdr0.05.merge.bed,0.321958,6.990535259246826,53.90155,19.02734375,,,,8
maurano,bedtools,maurano,,1.0,4,5,fHeart-DS15643.hotspot.twopass.fdr0.05.merge.bed,fLung_L-DS18421.hg19.hotspot.twopass.fdr0.05.merge.bed,0.323751,6.990535259246826,53.90155,19.02734375,,,,8
maurano,bedtools,maurano,,1.0,4,5,fHeart-DS15643.hotspot.twopass.fdr0.05.merge.bed,fMuscle_arm-DS19053.hg19.hotspot.twopass.fdr0.05.merge.bed,0.322471,6.990535259246826,53.90155,19.02734375,,,,8
maurano,bedtools,maurano,,1.0,4,5,fHeart-DS15643.hotspot.twopass.fdr0.05.merge.bed,fMuscle_back-DS18454.hg19.hotspot.twopass.fdr0.05.merge.bed,0.32779,6.990535259246826,53.90155,19.02734375,,,,8
maurano,bedtools,maurano,,1.0,4,5,fHeart-DS15643.hotspot.twopass.fdr0.05.merge.bed,fMuscle_leg-DS19115.hg19.hotspot.twopass.fdr0.05.merge.bed,0.321602,6.990535259246826,53.90155,19.02734375,,,,8
maurano,bedtools,maurano,,1.0,4,5,fHeart-DS15643.hotspot.twopass.fdr0.05.merge.bed,fMuscle_leg-DS19158.hg19.hotspot.twopass.fdr0.05.merge.bed,0.297134,6.990535259246826,53.90155,19.02734375,,,,8
maurano,bedtools,maurano,,1.0,4,5,fHeart-DS15643.hotspot.twopass.fdr0.05.merge.bed,fSkin_fibro_bicep_R-DS19745.hg19.hotspot.twopass.fdr0.05.merge.bed,0.18551,6.990535259246826,53.90155,19.02734375,,,,8
maurano,bedtools,maurano,,1.0,4,5,fHeart-DS15643.hotspot.twopass.fdr0.05.merge.bed,fStomach-DS17659.hg19.hotspot.twopass.fdr0.05.merge.bed,0.295735,6.990535259246826,53.90155,19.02734375,,,,8
maurano,bedtools,maurano,,1.0,4,5,fHeart-DS15839.hotspot.twopass.fdr0.05.merge.bed,fIntestine_Sm-DS16712.hg19.hotspot.twopass.fdr0.05.merge.bed,0.234683,6.990535259246826,53.90155,19.02734375,,,,8
maurano,bedtools,maurano,,1.0,4,5,fHeart-DS15839.hotspot.twopass.fdr0.05.merge.bed,fHeart-DS16621.hotspot.twopass.fdr0.05.merge.bed,0.50637,6.990535259246826,53.90155,19.02734375,,,,8
maurano,bedtools,maurano,,1.0,4,5,fHeart-DS15839.hotspot.twopass.fdr0.05.merge.bed,fIntestine_Sm-DS16559.hotspot.twopass.fdr0.05.merge.bed,0.253843,6.990535259246826,53.90155,19.02734375,,,,8
maurano,bedtools,maurano,,1.0,4,5,fHeart-DS15839.hotspot.twopass.fdr0.05.merge.bed,fIntestine_Sm-DS16822.hotspot.twopass.fdr0.05.merge.bed,0.236505,6.990535259246826,53.90155,19.02734375,,,,8
maurano,bedtools,maurano,,1.0,4,5,fHeart-DS15839.hotspot.twopass.fdr0.05.merge.bed,fIntestine_Sm-DS18495.hg19.hotspot.twopass.fdr0.05.merge.bed,0.220866,6.990535259246826,53.90155,19.02734375,,,,8
maurano,bedtools,maurano,,1.0,4,5,fHeart-DS15839.hotspot.twopass.fdr0.05.merge.bed,fIntestine_Sm-DS17808.hg19.hotspot.twopass.fdr0.05.merge.bed,0.262172,6.990535259246826,53.90155,19.02734375,,,,8
maurano,bedtools,maurano,,1.0,4,5,fHeart-DS15839.hotspot.twopass.fdr0.05.merge.bed,fKidney_renal_cortex_L-DS17550.hg19.hotspot.twopass.fdr0.05.merge.bed,0.278114,6.990535259246826,53.90155,19.02734375,,,,8
maurano,bedtools,maurano,,1.0,4,5,fHeart-DS15839.hotspot.twopass.fdr0.05.merge.bed,fLung_L-DS17154.hg19.hotspot.twopass.fdr0.05.merge.bed,0.289965,6.990535259246826,53.90155,19.02734375,,,,8
maurano,bedtools,maurano,,1.0,4,5,fHeart-DS15839.hotspot.twopass.fdr0.05.merge.bed,fLung_R-DS15632.hotspot.twopass.fdr0.05.merge.bed,0.280371,6.990535259246826,53.90155,19.02734375,,,,8
maurano,bedtools,maurano,,1.0,4,5,fHeart-DS15839.hotspot.twopass.fdr0.05.merge.bed,fLung_L-DS18421.hg19.hotspot.twopass.fdr0.05.merge.bed,0.285643,6.990535259246826,53.90155,19.02734375,,,,8
maurano,bedtools,maurano,,1.0,4,5,fHeart-DS15839.hotspot.twopass.fdr0.05.merge.bed,fMuscle_arm-DS19053.hg19.hotspot.twopass.fdr0.05.merge.bed,0.273637,6.990535259246826,53.90155,19.02734375,,,,8
maurano,bedtools,maurano,,1.0,4,5,fHeart-DS15839.hotspot.twopass.fdr0.05.merge.bed,fMuscle_back-DS18454.hg19.hotspot.twopass.fdr0.05.merge.bed,0.273879,6.990535259246826,53.90155,19.02734375,,,,8
maurano,bedtools,maurano,,1.0,4,5,fHeart-DS15839.hotspot.twopass.fdr0.05.merge.bed,fMuscle_leg-DS19115.hg19.hotspot.twopass.fdr0.05.merge.bed,0.265811,6.990535259246826,53.90155,19.02734375,,,,8
maurano,bedtools,maurano,,1.0,4,5,fHeart-DS15839.hotspot.twopass.fdr0.05.merge.bed,fMuscle_leg-DS19158.hg19.hotspot.twopass.fdr0.05.merge.bed,0.250537,6.990535259246826,53.90155,19.02734375,,,,8
maurano,bedtools,maurano,,1.0,4,5,fHeart-DS15839.hotspot.twopass.fdr0.05.merge.bed,fSkin_fibro_bicep_R-DS19745.hg19.hotspot.twopass.fdr0.05.merge.bed,0.155952,6.990535259246826,53.90155,19.02734375,,,,8
maurano,bedtools,maurano,,1.0,4,5,fHeart-DS15839.hotspot.twopass.fdr0.05.merge.bed,fStomach-DS17659.hg19.hotspot.twopass.fdr0.05.merge.bed,0.2491,6.990535259246826,53.90155,19.02734375,,,,8
maurano,bedtools,maurano,,1.0,4,5,fHeart-DS16621.hotspot.twopass.fdr0.05.merge.bed,fIntestine_Sm-DS16712.hg19.hotspot.twopass.fdr0.05.merge.bed,0.226441,6.990535259246826,53.90155,19.02734375,,,,8
maurano,bedtools,maurano,,1.0,4,5,fHeart-DS16621.hotspot.twopass.fdr0.05.merge.bed,fIntestine_Sm-DS16559.hotspot.twopass.fdr0.05.merge.bed,0.270273,6.990535259246826,53.90155,19.02734375,,,,8
maurano,bedtools,maurano,,1.0,4,5,fHeart-DS16621.hotspot.twopass.fdr0.05.merge.bed,fIntestine_Sm-DS16822.hotspot.twopass.fdr0.05.merge.bed,0.248787,6.990535259246826,53.90155,19.02734375,,,,8
maurano,bedtools,maurano,,1.0,4,5,fHeart-DS16621.hotspot.twopass.fdr0.05.merge.bed,fIntestine_Sm-DS18495.hg19.hotspot.twopass.fdr0.05.merge.bed,0.23503,6.990535259246826,53.90155,19.02734375,,,,8
maurano,bedtools,maurano,,1.0,4,5,fHeart-DS16621.hotspot.twopass.fdr0.05.merge.bed,fIntestine_Sm-DS17808.hg19.hotspot.twopass.fdr0.05.merge.bed,0.262196,6.990535259246826,53.90155,19.02734375,,,,8
maurano,bedtools,maurano,,1.0,4,5,fHeart-DS16621.hotspot.twopass.fdr0.05.merge.bed,fKidney_renal_cortex_L-DS17550.hg19.hotspot.twopass.fdr0.05.merge.bed,0.296984,6.990535259246826,53.90155,19.02734375,,,,8
maurano,bedtools,maurano,,1.0,4,5,fHeart-DS16621.hotspot.twopass.fdr0.05.merge.bed,fLung_L-DS17154.hg19.hotspot.twopass.fdr0.05.merge.bed,0.319891,6.990535259246826,53.90155,19.02734375,,,,8
maurano,bedtools,maurano,,1.0,4,5,fHeart-DS16621.hotspot.twopass.fdr0.05.merge.bed,fLung_R-DS15632.hotspot.twopass.fdr0.05.merge.bed,0.309777,6.990535259246826,53.90155,19.02734375,,,,8
maurano,bedtools,maurano,,1.0,4,5,fHeart-DS16621.hotspot.twopass.fdr0.05.merge.bed,fLung_L-DS18421.hg19.hotspot.twopass.fdr0.05.merge.bed,0.317823,6.990535259246826,53.90155,19.02734375,,,,8
maurano,bedtools,maurano,,1.0,4,5,fHeart-DS16621.hotspot.twopass.fdr0.05.merge.bed,fMuscle_arm-DS19053.hg19.hotspot.twopass.fdr0.05.merge.bed,0.305358,6.990535259246826,53.90155,19.02734375,,,,8
maurano,bedtools,maurano,,1.0,4,5,fHeart-DS16621.hotspot.twopass.fdr0.05.merge.bed,fMuscle_back-DS18454.hg19.hotspot.twopass.fdr0.05.merge.bed,0.309559,6.990535259246826,53.90155,19.02734375,,,,8
maurano,bedtools,maurano,,1.0,4,5,fHeart-DS16621.hotspot.twopass.fdr0.05.merge.bed,fMuscle_leg-DS19115.hg19.hotspot.twopass.fdr0.05.merge.bed,0.301319,6.990535259246826,53.90155,19.02734375,,,,8
maurano,bedtools,maurano,,1.0,4,5,fHeart-DS16621.hotspot.twopass.fdr0.05.merge.bed,fMuscle_leg-DS19158.hg19.hotspot.twopass.fdr0.05.merge.bed,0.291388,6.990535259246826,53.90155,19.02734375,,,,8
maurano,bedtools,maurano,,1.0,4,5,fHeart-DS16621.hotspot.twopass.fdr0.05.merge.bed,fSkin_fibro_bicep_R-DS19745.hg19.hotspot.twopass.fdr0.05.merge.bed,0.170995,6.990535259246826,53.90155,19.02734375,,,,8
maurano,bedtools,maurano,,1.0,4,5,fHeart-DS16621.hotspot.twopass.fdr0.05.merge.bed,fStomach-DS17659.hg19.hotspot.twopass.fdr0.05.merge.bed,0.267889,6.990535259246826,53.90155,19.02734375,,,,8
maurano,bedtools,maurano,,1.0,4,5,fIntestine_Sm-DS16559.hotspot.twopass.fdr0.05.merge.bed,fIntestine_Sm-DS16712.hg19.hotspot.twopass.fdr0.05.merge.bed,0.451537,6.990535259246826,53.90155,19.02734375,,,,8
maurano,bedtools,maurano,,1.0,4,5,fIntestine_Sm-DS16559.hotspot.twopass.fdr0.05.merge.bed,fIntestine_Sm-DS16822.hotspot.twopass.fdr0.05.merge.bed,0.607371,6.990535259246826,53.90155,19.02734375,,,,8
maurano,bedtools,maurano,,1.0,4,5,fIntestine_Sm-DS16559.hotspot.twopass.fdr0.05.merge.bed,fIntestine_Sm-DS18495.hg19.hotspot.twopass.fdr0.05.merge.bed,0.554788,6.990535259246826,53.90155,19.02734375,,,,8
maurano,bedtools,maurano,,1.0,4,5,fIntestine_Sm-DS16559.hotspot.twopass.fdr0.05.merge.bed,fIntestine_Sm-DS17808.hg19.hotspot.twopass.fdr0.05.merge.bed,0.57613,6.990535259246826,53.90155,19.02734375,,,,8
maurano,bedtools,maurano,,1.0,4,5,fIntestine_Sm-DS16559.hotspot.twopass.fdr0.05.merge.bed,fKidney_renal_cortex_L-DS17550.hg19.hotspot.twopass.fdr0.05.merge.bed,0.313097,6.990535259246826,53.90155,19.02734375,,,,8
maurano,bedtools,maurano,,1.0,4,5,fIntestine_Sm-DS16559.hotspot.twopass.fdr0.05.merge.bed,fLung_L-DS17154.hg19.hotspot.twopass.fdr0.05.merge.bed,0.313202,6.990535259246826,53.90155,19.02734375,,,,8
maurano,bedtools,maurano,,1.0,4,5,fIntestine_Sm-DS16559.hotspot.twopass.fdr0.05.merge.bed,fLung_R-DS15632.hotspot.twopass.fdr0.05.merge.bed,0.310454,6.990535259246826,53.90155,19.02734375,,,,8
maurano,bedtools,maurano,,1.0,4,5,fIntestine_Sm-DS16559.hotspot.twopass.fdr0.05.merge.bed,fLung_L-DS18421.hg19.hotspot.twopass.fdr0.05.merge.bed,0.325796,6.990535259246826,53.90155,19.02734375,,,,8
maurano,bedtools,maurano,,1.0,4,5,fIntestine_Sm-DS16559.hotspot.twopass.fdr0.05.merge.bed,fMuscle_arm-DS19053.hg19.hotspot.twopass.fdr0.05.merge.bed,0.27922,6.990535259246826,53.90155,19.02734375,,,,8
maurano,bedtools,maurano,,1.0,4,5,fIntestine_Sm-DS16559.hotspot.twopass.fdr0.05.merge.bed,fMuscle_leg-DS19115.hg19.hotspot.twopass.fdr0.05.merge.bed,0.273837,6.990535259246826,53.90155,19.02734375,,,,8
maurano,bedtools,maurano,,1.0,4,5,fIntestine_Sm-DS16559.hotspot.twopass.fdr0.05.merge.bed,fMuscle_back-DS18454.hg19.hotspot.twopass.fdr0.05.merge.bed,0.276469,6.990535259246826,53.90155,19.02734375,,,,8
maurano,bedtools,maurano,,1.0,4,5,fIntestine_Sm-DS16559.hotspot.twopass.fdr0.05.merge.bed,fMuscle_leg-DS19158.hg19.hotspot.twopass.fdr0.05.merge.bed,0.264617,6.990535259246826,53.90155,19.02734375,,,,8
maurano,bedtools,maurano,,1.0,4,5,fIntestine_Sm-DS16559.hotspot.twopass.fdr0.05.merge.bed,fSkin_fibro_bicep_R-DS19745.hg19.hotspot.twopass.fdr0.05.merge.bed,0.177436,6.990535259246826,53.90155,19.02734375,,,,8
maurano,bedtools,maurano,,1.0,4,5,fIntestine_Sm-DS16559.hotspot.twopass.fdr0.05.merge.bed,fStomach-DS17659.hg19.hotspot.twopass.fdr0.05.merge.bed,0.347187,6.990535259246826,53.90155,19.02734375,,,,8
maurano,bedtools,maurano,,1.0,4,5,fIntestine_Sm-DS16712.hg19.hotspot.twopass.fdr0.05.merge.bed,fIntestine_Sm-DS18495.hg19.hotspot.twopass.fdr0.05.merge.bed,0.480868,6.990535259246826,53.90155,19.02734375,,,,8
maurano,bedtools,maurano,,1.0,4,5,fIntestine_Sm-DS16712.hg19.hotspot.twopass.fdr0.05.merge.bed,fIntestine_Sm-DS16822.hotspot.twopass.fdr0.05.merge.bed,0.481841,6.990535259246826,53.90155,19.02734375,,,,8
maurano,bedtools,maurano,,1.0,4,5,fIntestine_Sm-DS16712.hg19.hotspot.twopass.fdr0.05.merge.bed,fIntestine_Sm-DS17808.hg19.hotspot.twopass.fdr0.05.merge.bed,0.523853,6.990535259246826,53.90155,19.02734375,,,,8
maurano,bedtools,maurano,,1.0,4,5,fIntestine_Sm-DS16712.hg19.hotspot.twopass.fdr0.05.merge.bed,fKidney_renal_cortex_L-DS17550.hg19.hotspot.twopass.fdr0.05.merge.bed,0.269365,6.990535259246826,53.90155,19.02734375,,,,8
maurano,bedtools,maurano,,1.0,4,5,fIntestine_Sm-DS16712.hg19.hotspot.twopass.fdr0.05.merge.bed,fLung_L-DS18421.hg19.hotspot.twopass.fdr0.05.merge.bed,0.26833,6.990535259246826,53.90155,19.02734375,,,,8
maurano,bedtools,maurano,,1.0,4,5,fIntestine_Sm-DS16712.hg19.hotspot.twopass.fdr0.05.merge.bed,fLung_L-DS17154.hg19.hotspot.twopass.fdr0.05.merge.bed,0.251144,6.990535259246826,53.90155,19.02734375,,,,8
maurano,bedtools,maurano,,1.0,4,5,fIntestine_Sm-DS16712.hg19.hotspot.twopass.fdr0.05.merge.bed,fLung_R-DS15632.hotspot.twopass.fdr0.05.merge.bed,0.273746,6.990535259246826,53.90155,19.02734375,,,,8
maurano,bedtools,maurano,,1.0,4,5,fIntestine_Sm-DS16712.hg19.hotspot.twopass.fdr0.05.merge.bed,fMuscle_arm-DS19053.hg19.hotspot.twopass.fdr0.05.merge.bed,0.242071,6.990535259246826,53.90155,19.02734375,,,,8
maurano,bedtools,maurano,,1.0,4,5,fIntestine_Sm-DS16712.hg19.hotspot.twopass.fdr0.05.merge.bed,fMuscle_back-DS18454.hg19.hotspot.twopass.fdr0.05.merge.bed,0.241538,6.990535259246826,53.90155,19.02734375,,,,8
maurano,bedtools,maurano,,1.0,4,5,fIntestine_Sm-DS16712.hg19.hotspot.twopass.fdr0.05.merge.bed,fMuscle_leg-DS19115.hg19.hotspot.twopass.fdr0.05.merge.bed,0.240317,6.990535259246826,53.90155,19.02734375,,,,8
maurano,bedtools,maurano,,1.0,4,5,fIntestine_Sm-DS16712.hg19.hotspot.twopass.fdr0.05.merge.bed,fMuscle_leg-DS19158.hg19.hotspot.twopass.fdr0.05.merge.bed,0.210362,6.990535259246826,53.90155,19.02734375,,,,8
maurano,bedtools,maurano,,1.0,4,5,fIntestine_Sm-DS16712.hg19.hotspot.twopass.fdr0.05.merge.bed,fSkin_fibro_bicep_R-DS19745.hg19.hotspot.twopass.fdr0.05.merge.bed,0.190258,6.990535259246826,53.90155,19.02734375,,,,8
maurano,bedtools,maurano,,1.0,4,5,fIntestine_Sm-DS16712.hg19.hotspot.twopass.fdr0.05.merge.bed,fStomach-DS17659.hg19.hotspot.twopass.fdr0.05.merge.bed,0.344375,6.990535259246826,53.90155,19.02734375,,,,8
maurano,bedtools,maurano,,1.0,4,5,fIntestine_Sm-DS16822.hotspot.twopass.fdr0.05.merge.bed,fIntestine_Sm-DS18495.hg19.hotspot.twopass.fdr0.05.merge.bed,0.569733,6.990535259246826,53.90155,19.02734375,,,,8
maurano,bedtools,maurano,,1.0,4,5,fIntestine_Sm-DS16822.hotspot.twopass.fdr0.05.merge.bed,fIntestine_Sm-DS17808.hg19.hotspot.twopass.fdr0.05.merge.bed,0.59865,6.990535259246826,53.90155,19.02734375,,,,8
maurano,bedtools,maurano,,1.0,4,5,fIntestine_Sm-DS16822.hotspot.twopass.fdr0.05.merge.bed,fKidney_renal_cortex_L-DS17550.hg19.hotspot.twopass.fdr0.05.merge.bed,0.289532,6.990535259246826,53.90155,19.02734375,,,,8
maurano,bedtools,maurano,,1.0,4,5,fIntestine_Sm-DS16822.hotspot.twopass.fdr0.05.merge.bed,fLung_R-DS15632.hotspot.twopass.fdr0.05.merge.bed,0.289781,6.990535259246826,53.90155,19.02734375,,,,8
maurano,bedtools,maurano,,1.0,4,5,fIntestine_Sm-DS16822.hotspot.twopass.fdr0.05.merge.bed,fLung_L-DS17154.hg19.hotspot.twopass.fdr0.05.merge.bed,0.28457,6.990535259246826,53.90155,19.02734375,,,,8
maurano,bedtools,maurano,,1.0,4,5,fIntestine_Sm-DS16822.hotspot.twopass.fdr0.05.merge.bed,fLung_L-DS18421.hg19.hotspot.twopass.fdr0.05.merge.bed,0.300228,6.990535259246826,53.90155,19.02734375,,,,8
maurano,bedtools,maurano,,1.0,4,5,fIntestine_Sm-DS16822.hotspot.twopass.fdr0.05.merge.bed,fMuscle_arm-DS19053.hg19.hotspot.twopass.fdr0.05.merge.bed,0.256284,6.990535259246826,53.90155,19.02734375,,,,8
maurano,bedtools,maurano,,1.0,4,5,fIntestine_Sm-DS16822.hotspot.twopass.fdr0.05.merge.bed,fMuscle_back-DS18454.hg19.hotspot.twopass.fdr0.05.merge.bed,0.258686,6.990535259246826,53.90155,19.02734375,,,,8
maurano,bedtools,maurano,,1.0,4,5,fIntestine_Sm-DS16822.hotspot.twopass.fdr0.05.merge.bed,fMuscle_leg-DS19115.hg19.hotspot.twopass.fdr0.05.merge.bed,0.255764,6.990535259246826,53.90155,19.02734375,,,,8
maurano,bedtools,maurano,,1.0,4,5,fIntestine_Sm-DS16822.hotspot.twopass.fdr0.05.merge.bed,fMuscle_leg-DS19158.hg19.hotspot.twopass.fdr0.05.merge.bed,0.238165,6.990535259246826,53.90155,19.02734375,,,,8
maurano,bedtools,maurano,,1.0,4,5,fIntestine_Sm-DS16822.hotspot.twopass.fdr0.05.merge.bed,fSkin_fibro_bicep_R-DS19745.hg19.hotspot.twopass.fdr0.05.merge.bed,0.18352,6.990535259246826,53.90155,19.02734375,,,,8
maurano,bedtools,maurano,,1.0,4,5,fIntestine_Sm-DS16822.hotspot.twopass.fdr0.05.merge.bed,fStomach-DS17659.hg19.hotspot.twopass.fdr0.05.merge.bed,0.355715,6.990535259246826,53.90155,19.02734375,,,,8
maurano,bedtools,maurano,,1.0,4,5,fIntestine_Sm-DS17808.hg19.hotspot.twopass.fdr0.05.merge.bed,fIntestine_Sm-DS18495.hg19.hotspot.twopass.fdr0.05.merge.bed,0.538442,6.990535259246826,53.90155,19.02734375,,,,8
maurano,bedtools,maurano,,1.0,4,5,fIntestine_Sm-DS17808.hg19.hotspot.twopass.fdr0.05.merge.bed,fKidney_renal_cortex_L-DS17550.hg19.hotspot.twopass.fdr0.05.merge.bed,0.311739,6.990535259246826,53.90155,19.02734375,,,,8
maurano,bedtools,maurano,,1.0,4,5,fIntestine_Sm-DS17808.hg19.hotspot.twopass.fdr0.05.merge.bed,fLung_R-DS15632.hotspot.twopass.fdr0.05.merge.bed,0.306872,6.990535259246826,53.90155,19.02734375,,,,8
maurano,bedtools,maurano,,1.0,4,5,fIntestine_Sm-DS17808.hg19.hotspot.twopass.fdr0.05.merge.bed,fLung_L-DS18421.hg19.hotspot.twopass.fdr0.05.merge.bed,0.315083,6.990535259246826,53.90155,19.02734375,,,,8
maurano,bedtools,maurano,,1.0,4,5,fIntestine_Sm-DS17808.hg19.hotspot.twopass.fdr0.05.merge.bed,fLung_L-DS17154.hg19.hotspot.twopass.fdr0.05.merge.bed,0.304329,6.990535259246826,53.90155,19.02734375,,,,8
maurano,bedtools,maurano,,1.0,4,5,fIntestine_Sm-DS17808.hg19.hotspot.twopass.fdr0.05.merge.bed,fMuscle_arm-DS19053.hg19.hotspot.twopass.fdr0.05.merge.bed,0.274056,6.990535259246826,53.90155,19.02734375,,,,8
maurano,bedtools,maurano,,1.0,4,5,fIntestine_Sm-DS17808.hg19.hotspot.twopass.fdr0.05.merge.bed,fMuscle_leg-DS19115.hg19.hotspot.twopass.fdr0.05.merge.bed,0.272167,6.990535259246826,53.90155,19.02734375,,,,8
maurano,bedtools,maurano,,1.0,4,5,fIntestine_Sm-DS17808.hg19.hotspot.twopass.fdr0.05.merge.bed,fMuscle_back-DS18454.hg19.hotspot.twopass.fdr0.05.merge.bed,0.27464,6.990535259246826,53.90155,19.02734375,,,,8
maurano,bedtools,maurano,,1.0,4,5,fIntestine_Sm-DS17808.hg19.hotspot.twopass.fdr0.05.merge.bed,fSkin_fibro_bicep_R-DS19745.hg19.hotspot.twopass.fdr0.05.merge.bed,0.184359,6.990535259246826,53.90155,19.02734375,,,,8
maurano,bedtools,maurano,,1.0,4,5,fIntestine_Sm-DS17808.hg19.hotspot.twopass.fdr0.05.merge.bed,fMuscle_leg-DS19158.hg19.hotspot.twopass.fdr0.05.merge.bed,0.24807,6.990535259246826,53.90155,19.02734375,,,,8
maurano,bedtools,maurano,,1.0,4,5,fIntestine_Sm-DS17808.hg19.hotspot.twopass.fdr0.05.merge.bed,fStomach-DS17659.hg19.hotspot.twopass.fdr0.05.merge.bed,0.361087,6.990535259246826,53.90155,19.02734375,,,,8
maurano,bedtools,maurano,,1.0,4,5,fIntestine_Sm-DS18495.hg19.hotspot.twopass.fdr0.05.merge.bed,fKidney_renal_cortex_L-DS17550.hg19.hotspot.twopass.fdr0.05.merge.bed,0.270452,6.990535259246826,53.90155,19.02734375,,,,8
maurano,bedtools,maurano,,1.0,4,5,fIntestine_Sm-DS18495.hg19.hotspot.twopass.fdr0.05.merge.bed,fLung_L-DS17154.hg19.hotspot.twopass.fdr0.05.merge.bed,0.261521,6.990535259246826,53.90155,19.02734375,,,,8
maurano,bedtools,maurano,,1.0,4,5,fIntestine_Sm-DS18495.hg19.hotspot.twopass.fdr0.05.merge.bed,fLung_L-DS18421.hg19.hotspot.twopass.fdr0.05.merge.bed,0.278614,6.990535259246826,53.90155,19.02734375,,,,8
maurano,bedtools,maurano,,1.0,4,5,fIntestine_Sm-DS18495.hg19.hotspot.twopass.fdr0.05.merge.bed,fLung_R-DS15632.hotspot.twopass.fdr0.05.merge.bed,0.274002,6.990535259246826,53.90155,19.02734375,,,,8
maurano,bedtools,maurano,,1.0,4,5,fIntestine_Sm-DS18495.hg19.hotspot.twopass.fdr0.05.merge.bed,fMuscle_arm-DS19053.hg19.hotspot.twopass.fdr0.05.merge.bed,0.24693,6.990535259246826,53.90155,19.02734375,,,,8
maurano,bedtools,maurano,,1.0,4,5,fIntestine_Sm-DS18495.hg19.hotspot.twopass.fdr0.05.merge.bed,fMuscle_leg-DS19115.hg19.hotspot.twopass.fdr0.05.merge.bed,0.246235,6.990535259246826,53.90155,19.02734375,,,,8
maurano,bedtools,maurano,,1.0,4,5,fIntestine_Sm-DS18495.hg19.hotspot.twopass.fdr0.05.merge.bed,fMuscle_back-DS18454.hg19.hotspot.twopass.fdr0.05.merge.bed,0.247674,6.990535259246826,53.90155,19.02734375,,,,8
maurano,bedtools,maurano,,1.0,4,5,fIntestine_Sm-DS18495.hg19.hotspot.twopass.fdr0.05.merge.bed,fSkin_fibro_bicep_R-DS19745.hg19.hotspot.twopass.fdr0.05.merge.bed,0.182733,6.990535259246826,53.90155,19.02734375,,,,8
maurano,bedtools,maurano,,1.0,4,5,fIntestine_Sm-DS18495.hg19.hotspot.twopass.fdr0.05.merge.bed,fMuscle_leg-DS19158.hg19.hotspot.twopass.fdr0.05.merge.bed,0.229886,6.990535259246826,53.90155,19.02734375,,,,8
maurano,bedtools,maurano,,1.0,4,5,fIntestine_Sm-DS18495.hg19.hotspot.twopass.fdr0.05.merge.bed,fStomach-DS17659.hg19.hotspot.twopass.fdr0.05.merge.bed,0.336473,6.990535259246826,53.90155,19.02734375,,,,8
maurano,bedtools,maurano,,1.0,4,5,fKidney_renal_cortex_L-DS17550.hg19.hotspot.twopass.fdr0.05.merge.bed,fLung_L-DS17154.hg19.hotspot.twopass.fdr0.05.merge.bed,0.38651,6.990535259246826,53.90155,19.02734375,,,,8
maurano,bedtools,maurano,,1.0,4,5,fKidney_renal_cortex_L-DS17550.hg19.hotspot.twopass.fdr0.05.merge.bed,fLung_L-DS18421.hg19.hotspot.twopass.fdr0.05.merge.bed,0.383039,6.990535259246826,53.90155,19.02734375,,,,8
maurano,bedtools,maurano,,1.0,4,5,fKidney_renal_cortex_L-DS17550.hg19.hotspot.twopass.fdr0.05.merge.bed,fLung_R-DS15632.hotspot.twopass.fdr0.05.merge.bed,0.365728,6.990535259246826,53.90155,19.02734375,,,,8
maurano,bedtools,maurano,,1.0,4,5,fKidney_renal_cortex_L-DS17550.hg19.hotspot.twopass.fdr0.05.merge.bed,fMuscle_arm-DS19053.hg19.hotspot.twopass.fdr0.05.merge.bed,0.336901,6.990535259246826,53.90155,19.02734375,,,,8
maurano,bedtools,maurano,,1.0,4,5,fKidney_renal_cortex_L-DS17550.hg19.hotspot.twopass.fdr0.05.merge.bed,fMuscle_back-DS18454.hg19.hotspot.twopass.fdr0.05.merge.bed,0.33017,6.990535259246826,53.90155,19.02734375,,,,8
maurano,bedtools,maurano,,1.0,4,5,fKidney_renal_cortex_L-DS17550.hg19.hotspot.twopass.fdr0.05.merge.bed,fMuscle_leg-DS19115.hg19.hotspot.twopass.fdr0.05.merge.bed,0.33113,6.990535259246826,53.90155,19.02734375,,,,8
maurano,bedtools,maurano,,1.0,4,5,fKidney_renal_cortex_L-DS17550.hg19.hotspot.twopass.fdr0.05.merge.bed,fMuscle_leg-DS19158.hg19.hotspot.twopass.fdr0.05.merge.bed,0.321369,6.990535259246826,53.90155,19.02734375,,,,8
maurano,bedtools,maurano,,1.0,4,5,fKidney_renal_cortex_L-DS17550.hg19.hotspot.twopass.fdr0.05.merge.bed,fSkin_fibro_bicep_R-DS19745.hg19.hotspot.twopass.fdr0.05.merge.bed,0.181055,6.990535259246826,53.90155,19.02734375,,,,8
maurano,bedtools,maurano,,1.0,4,5,fKidney_renal_cortex_L-DS17550.hg19.hotspot.twopass.fdr0.05.merge.bed,fStomach-DS17659.hg19.hotspot.twopass.fdr0.05.merge.bed,0.314544,6.990535259246826,53.90155,19.02734375,,,,8
maurano,bedtools,maurano,,1.0,4,5,fLung_L-DS17154.hg19.hotspot.twopass.fdr0.05.merge.bed,fLung_R-DS15632.hotspot.twopass.fdr0.05.merge.bed,0.594137,6.990535259246826,53.90155,19.02734375,,,,8
maurano,bedtools,maurano,,1.0,4,5,fLung_L-DS17154.hg19.hotspot.twopass.fdr0.05.merge.bed,fLung_L-DS18421.hg19.hotspot.twopass.fdr0.05.merge.bed,0.626942,6.990535259246826,53.90155,19.02734375,,,,8
maurano,bedtools,maurano,,1.0,4,5,fLung_L-DS17154.hg19.hotspot.twopass.fdr0.05.merge.bed,fMuscle_arm-DS19053.hg19.hotspot.twopass.fdr0.05.merge.bed,0.377284,6.990535259246826,53.90155,19.02734375,,,,8
maurano,bedtools,maurano,,1.0,4,5,fLung_L-DS17154.hg19.hotspot.twopass.fdr0.05.merge.bed,fMuscle_leg-DS19115.hg19.hotspot.twopass.fdr0.05.merge.bed,0.368251,6.990535259246826,53.90155,19.02734375,,,,8
maurano,bedtools,maurano,,1.0,4,5,fLung_L-DS17154.hg19.hotspot.twopass.fdr0.05.merge.bed,fMuscle_back-DS18454.hg19.hotspot.twopass.fdr0.05.merge.bed,0.363956,6.990535259246826,53.90155,19.02734375,,,,8
maurano,bedtools,maurano,,1.0,4,5,fLung_L-DS17154.hg19.hotspot.twopass.fdr0.05.merge.bed,fMuscle_leg-DS19158.hg19.hotspot.twopass.fdr0.05.merge.bed,0.372015,6.990535259246826,53.90155,19.02734375,,,,8
maurano,bedtools,maurano,,1.0,4,5,fLung_L-DS17154.hg19.hotspot.twopass.fdr0.05.merge.bed,fSkin_fibro_bicep_R-DS19745.hg19.hotspot.twopass.fdr0.05.merge.bed,0.18337,6.990535259246826,53.90155,19.02734375,,,,8
maurano,bedtools,maurano,,1.0,4,5,fLung_L-DS17154.hg19.hotspot.twopass.fdr0.05.merge.bed,fStomach-DS17659.hg19.hotspot.twopass.fdr0.05.merge.bed,0.331727,6.990535259246826,53.90155,19.02734375,,,,8
maurano,bedtools,maurano,,1.0,4,5,fLung_L-DS18421.hg19.hotspot.twopass.fdr0.05.merge.bed,fLung_R-DS15632.hotspot.twopass.fdr0.05.merge.bed,0.590381,6.990535259246826,53.90155,19.02734375,,,,8
maurano,bedtools,maurano,,1.0,4,5,fLung_L-DS18421.hg19.hotspot.twopass.fdr0.05.merge.bed,fMuscle_arm-DS19053.hg19.hotspot.twopass.fdr0.05.merge.bed,0.366132,6.990535259246826,53.90155,19.02734375,,,,8
maurano,bedtools,maurano,,1.0,4,5,fLung_L-DS18421.hg19.hotspot.twopass.fdr0.05.merge.bed,fMuscle_leg-DS19115.hg19.hotspot.twopass.fdr0.05.merge.bed,0.3614,6.990535259246826,53.90155,19.02734375,,,,8
maurano,bedtools,maurano,,1.0,4,5,fLung_L-DS18421.hg19.hotspot.twopass.fdr0.05.merge.bed,fMuscle_back-DS18454.hg19.hotspot.twopass.fdr0.05.merge.bed,0.358442,6.990535259246826,53.90155,19.02734375,,,,8
maurano,bedtools,maurano,,1.0,4,5,fLung_L-DS18421.hg19.hotspot.twopass.fdr0.05.merge.bed,fMuscle_leg-DS19158.hg19.hotspot.twopass.fdr0.05.merge.bed,0.355591,6.990535259246826,53.90155,19.02734375,,,,8
maurano,bedtools,maurano,,1.0,4,5,fLung_L-DS18421.hg19.hotspot.twopass.fdr0.05.merge.bed,fSkin_fibro_bicep_R-DS19745.hg19.hotspot.twopass.fdr0.05.merge.bed,0.191675,6.990535259246826,53.90155,19.02734375,,,,8
maurano,bedtools,maurano,,1.0,4,5,fLung_L-DS18421.hg19.hotspot.twopass.fdr0.05.merge.bed,fStomach-DS17659.hg19.hotspot.twopass.fdr0.05.merge.bed,0.356052,6.990535259246826,53.90155,19.02734375,,,,8
maurano,bedtools,maurano,,1.0,4,5,fLung_R-DS15632.hotspot.twopass.fdr0.05.merge.bed,fMuscle_arm-DS19053.hg19.hotspot.twopass.fdr0.05.merge.bed,0.378953,6.990535259246826,53.90155,19.02734375,,,,8
maurano,bedtools,maurano,,1.0,4,5,fLung_R-DS15632.hotspot.twopass.fdr0.05.merge.bed,fMuscle_leg-DS19115.hg19.hotspot.twopass.fdr0.05.merge.bed,0.374624,6.990535259246826,53.90155,19.02734375,,,,8
maurano,bedtools,maurano,,1.0,4,5,fLung_R-DS15632.hotspot.twopass.fdr0.05.merge.bed,fMuscle_back-DS18454.hg19.hotspot.twopass.fdr0.05.merge.bed,0.3663,6.990535259246826,53.90155,19.02734375,,,,8
maurano,bedtools,maurano,,1.0,4,5,fLung_R-DS15632.hotspot.twopass.fdr0.05.merge.bed,fMuscle_leg-DS19158.hg19.hotspot.twopass.fdr0.05.merge.bed,0.360816,6.990535259246826,53.90155,19.02734375,,,,8
maurano,bedtools,maurano,,1.0,4,5,fLung_R-DS15632.hotspot.twopass.fdr0.05.merge.bed,fSkin_fibro_bicep_R-DS19745.hg19.hotspot.twopass.fdr0.05.merge.bed,0.199165,6.990535259246826,53.90155,19.02734375,,,,8
maurano,bedtools,maurano,,1.0,4,5,fLung_R-DS15632.hotspot.twopass.fdr0.05.merge.bed,fStomach-DS17659.hg19.hotspot.twopass.fdr0.05.merge.bed,0.357541,6.990535259246826,53.90155,19.02734375,,,,8
maurano,bedtools,maurano,,1.0,4,5,fMuscle_arm-DS19053.hg19.hotspot.twopass.fdr0.05.merge.bed,fMuscle_back-DS18454.hg19.hotspot.twopass.fdr0.05.merge.bed,0.58994,6.990535259246826,53.90155,19.02734375,,,,8
maurano,bedtools,maurano,,1.0,4,5,fMuscle_arm-DS19053.hg19.hotspot.twopass.fdr0.05.merge.bed,fMuscle_leg-DS19115.hg19.hotspot.twopass.fdr0.05.merge.bed,0.599604,6.990535259246826,53.90155,19.02734375,,,,8
maurano,bedtools,maurano,,1.0,4,5,fMuscle_arm-DS19053.hg19.hotspot.twopass.fdr0.05.merge.bed,fMuscle_leg-DS19158.hg19.hotspot.twopass.fdr0.05.merge.bed,0.573223,6.990535259246826,53.90155,19.02734375,,,,8
maurano,bedtools,maurano,,1.0,4,5,fMuscle_arm-DS19053.hg19.hotspot.twopass.fdr0.05.merge.bed,fSkin_fibro_bicep_R-DS19745.hg19.hotspot.twopass.fdr0.05.merge.bed,0.215222,6.990535259246826,53.90155,19.02734375,,,,8
maurano,bedtools,maurano,,1.0,4,5,fMuscle_arm-DS19053.hg19.hotspot.twopass.fdr0.05.merge.bed,fStomach-DS17659.hg19.hotspot.twopass.fdr0.05.merge.bed,0.322868,6.990535259246826,53.90155,19.02734375,,,,8
maurano,bedtools,maurano,,1.0,4,5,fMuscle_back-DS18454.hg19.hotspot.twopass.fdr0.05.merge.bed,fMuscle_leg-DS19115.hg19.hotspot.twopass.fdr0.05.merge.bed,0.605352,6.990535259246826,53.90155,19.02734375,,,,8
maurano,bedtools,maurano,,1.0,4,5,fMuscle_back-DS18454.hg19.hotspot.twopass.fdr0.05.merge.bed,fMuscle_leg-DS19158.hg19.hotspot.twopass.fdr0.05.merge.bed,0.555513,6.990535259246826,53.90155,19.02734375,,,,8
maurano,bedtools,maurano,,1.0,4,5,fMuscle_back-DS18454.hg19.hotspot.twopass.fdr0.05.merge.bed,fSkin_fibro_bicep_R-DS19745.hg19.hotspot.twopass.fdr0.05.merge.bed,0.223531,6.990535259246826,53.90155,19.02734375,,,,8
maurano,bedtools,maurano,,1.0,4,5,fMuscle_back-DS18454.hg19.hotspot.twopass.fdr0.05.merge.bed,fStomach-DS17659.hg19.hotspot.twopass.fdr0.05.merge.bed,0.327171,6.990535259246826,53.90155,19.02734375,,,,8
maurano,bedtools,maurano,,1.0,4,5,fMuscle_leg-DS19115.hg19.hotspot.twopass.fdr0.05.merge.bed,fSkin_fibro_bicep_R-DS19745.hg19.hotspot.twopass.fdr0.05.merge.bed,0.218922,6.990535259246826,53.90155,19.02734375,,,,8
maurano,bedtools,maurano,,1.0,4,5,fMuscle_leg-DS19115.hg19.hotspot.twopass.fdr0.05.merge.bed,fMuscle_leg-DS19158.hg19.hotspot.twopass.fdr0.05.merge.bed,0.582839,6.990535259246826,53.90155,19.02734375,,,,8
maurano,bedtools,maurano,,1.0,4,5,fMuscle_leg-DS19115.hg19.hotspot.twopass.fdr0.05.merge.bed,fStomach-DS17659.hg19.hotspot.twopass.fdr0.05.merge.bed,0.329439,6.990535259246826,53.90155,19.02734375,,,,8
maurano,bedtools,maurano,,1.0,4,5,fMuscle_leg-DS19158.hg19.hotspot.twopass.fdr0.05.merge.bed,fSkin_fibro_bicep_R-DS19745.hg19.hotspot.twopass.fdr0.05.merge.bed,0.195676,6.990535259246826,53.90155,19.02734375,,,,8
maurano,bedtools,maurano,,1.0,4,5,fMuscle_leg-DS19158.hg19.hotspot.twopass.fdr0.05.merge.bed,fStomach-DS17659.hg19.hotspot.twopass.fdr0.05.merge.bed,0.291063,6.990535259246826,53.90155,19.02734375,,,,8
maurano,bedtools,maurano,,1.0,4,5,fSkin_fibro_bicep_R-DS19745.hg19.hotspot.twopass.fdr0.05.merge.bed,fStomach-DS17659.hg19.hotspot.twopass.fdr0.05.merge.bed,0.229768,6.990535259246826,53.90155,19.02734375,,,,8
