file1,file2,sketch_type,mode,precision,num_hashes,kmer_size,window_size,reg_eq_similarity,jaccard_similarity_ie,containment_AB,containment_BA,cosketch_geom,cosketch_arith,cosketch_max
fBrain-DS14718.hotspot.twopass.fdr0.05.merge.bed,fBrain-DS14718.hotspot.twopass.fdr0.05.merge.bed,hyperloglog,B,21,NA,8,40,1.0,1.0,1.0,1.0,1.0,1.0,1.0
fBrain-DS14718.hotspot.twopass.fdr0.05.merge.bed,fBrain-DS16302.hotspot.twopass.fdr0.05.merge.bed,hyperloglog,B,21,NA,8,40,0.4887404441833496,0.353639307885231,0.5889828501843517,0.4695061289827003,0.5258622044102929,0.529244489583526,0.5889828501843517
fBrain-DS14718.hotspot.twopass.fdr0.05.merge.bed,fHeart-DS15643.hotspot.twopass.fdr0.05.merge.bed,hyperloglog,B,21,NA,8,40,0.39188432693481445,0.2397598811738326,0.40900611774963647,0.36685288069009103,0.38735651861860376,0.38792949921986375,0.40900611774963647
fBrain-DS14718.hotspot.twopass.fdr0.05.merge.bed,fHeart-DS15839.hotspot.twopass.fdr0.05.merge.bed,hyperloglog,B,21,NA,8,40,0.3714179992675781,0.2188885748445397,0.4031008039403178,0.32385879888627805,0.36131391087834464,0.36347980141329794,0.4031008039403178
fBrain-DS14718.hotspot.twopass.fdr0.05.merge.bed,fHeart-DS16621.hotspot.twopass.fdr0.05.merge.bed,hyperloglog,B,21,NA,8,40,0.3748331069946289,0.22651856496018832,0.44279585458419657,0.31682946136451273,0.37455409769798287,0.37981265797435465,0.44279585458419657
fBrain-DS14718.hotspot.twopass.fdr0.05.merge.bed,fIntestine_Sm-DS16559.hotspot.twopass.fdr0.05.merge.bed,hyperloglog,B,21,NA,8,40,0.3622097969055176,0.20855366639208617,0.385281825365727,0.3125560416656123,0.3470189652771349,0.34891893351566966,0.385281825365727
fBrain-DS14718.hotspot.twopass.fdr0.05.merge.bed,fIntestine_Sm-DS16712.hg19.hotspot.twopass.fdr0.05.merge.bed,hyperloglog,B,21,NA,8,40,0.35505104064941406,0.2056089762219094,0.28867199629747115,0.41676015706169073,0.34685297536023224,0.35271607667958094,0.41676015706169073
fBrain-DS14718.hotspot.twopass.fdr0.05.merge.bed,fIntestine_Sm-DS16822.hotspot.twopass.fdr0.05.merge.bed,hyperloglog,B,21,NA,8,40,0.3571128845214844,0.2013026683601516,0.35119654876232914,0.3204886148932487,0.3354914238369263,0.3358425818277889,0.35119654876232914
fBrain-DS14718.hotspot.twopass.fdr0.05.merge.bed,fIntestine_Sm-DS17808.hg19.hotspot.twopass.fdr0.05.merge.bed,hyperloglog,B,21,NA,8,40,0.36998558044433594,0.21517254304331673,0.367116858420679,0.34205519278054536,0.3543645408051905,0.35458602560061214,0.367116858420679
fBrain-DS14718.hotspot.twopass.fdr0.05.merge.bed,fIntestine_Sm-DS18495.hg19.hotspot.twopass.fdr0.05.merge.bed,hyperloglog,B,21,NA,8,40,0.3478250503540039,0.1910984060801486,0.3120631115373862,0.3302045329972013,0.3210056915552373,0.32113382226729376,0.3302045329972013
fBrain-DS14718.hotspot.twopass.fdr0.05.merge.bed,fKidney_renal_cortex_L-DS17550.hg19.hotspot.twopass.fdr0.05.merge.bed,hyperloglog,B,21,NA,8,40,0.40625953674316406,0.2602553992394884,0.48243763839462406,0.3610665291197001,0.4173632513912214,0.4217520837571621,0.48243763839462406
fBrain-DS14718.hotspot.twopass.fdr0.05.merge.bed,fLung_L-DS17154.hg19.hotspot.twopass.fdr0.05.merge.bed,hyperloglog,B,21,NA,8,40,0.3956899642944336,0.2540001419347978,0.5111582373119906,0.3354956794480791,0.4141151773751703,0.42332695838003487,0.5111582373119906
fBrain-DS14718.hotspot.twopass.fdr0.05.merge.bed,fLung_L-DS18421.hg19.hotspot.twopass.fdr0.05.merge.bed,hyperloglog,B,21,NA,8,40,0.40008544921875,0.25404708494211375,0.4773722697994336,0.3519296480035583,0.40987980540296726,0.41465095890149595,0.4773722697994336
fBrain-DS14718.hotspot.twopass.fdr0.05.merge.bed,fLung_R-DS15632.hotspot.twopass.fdr0.05.merge.bed,hyperloglog,B,21,NA,8,40,0.40976858139038086,0.2605833269239366,0.4412923068074076,0.38888226300934975,0.41425927982349525,0.41508728490837865,0.4412923068074076
fBrain-DS14718.hotspot.twopass.fdr0.05.merge.bed,fMuscle_arm-DS19053.hg19.hotspot.twopass.fdr0.05.merge.bed,hyperloglog,B,21,NA,8,40,0.4116172790527344,0.26337108131916387,0.45288537253621414,0.3862704303128136,0.41825378388239637,0.4195779014245139,0.45288537253621414
fBrain-DS14718.hotspot.twopass.fdr0.05.merge.bed,fMuscle_back-DS18454.hg19.hotspot.twopass.fdr0.05.merge.bed,hyperloglog,B,21,NA,8,40,0.4127521514892578,0.2651913000097641,0.457028162881251,0.3871746384909229,0.4206539120746638,0.4221014006860869,0.457028162881251
fBrain-DS14718.hotspot.twopass.fdr0.05.merge.bed,fMuscle_leg-DS19115.hg19.hotspot.twopass.fdr0.05.merge.bed,hyperloglog,B,21,NA,8,40,0.41474199295043945,0.2666315457040441,0.45184696135813834,0.3941111523497637,0.4219928039985931,0.422979056853951,0.45184696135813834
fBrain-DS14718.hotspot.twopass.fdr0.05.merge.bed,fMuscle_leg-DS19158.hg19.hotspot.twopass.fdr0.05.merge.bed,hyperloglog,B,21,NA,8,40,0.38870811462402344,0.24323428168633965,0.4769844583916824,0.3317015594559699,0.3977643632664724,0.40434300892382613,0.4769844583916824
fBrain-DS14718.hotspot.twopass.fdr0.05.merge.bed,fSkin_fibro_bicep_R-DS19745.hg19.hotspot.twopass.fdr0.05.merge.bed,hyperloglog,B,21,NA,8,40,0.3107900619506836,0.15605871828134574,0.2300981084224259,0.32659756060674855,0.2741340564595932,0.2783478345145872,0.32659756060674855
fBrain-DS14718.hotspot.twopass.fdr0.05.merge.bed,fStomach-DS17659.hg19.hotspot.twopass.fdr0.05.merge.bed,hyperloglog,B,21,NA,8,40,0.39667224884033203,0.24885986642990368,0.3547965697727117,0.45458488506574146,0.40160323441407625,0.40469072741922657,0.45458488506574146
fBrain-DS16302.hotspot.twopass.fdr0.05.merge.bed,fBrain-DS14718.hotspot.twopass.fdr0.05.merge.bed,hyperloglog,B,21,NA,8,40,0.4887404441833496,0.353639307885231,0.4695061289827003,0.5889828501843517,0.5258622044102929,0.529244489583526,0.5889828501843517
fBrain-DS16302.hotspot.twopass.fdr0.05.merge.bed,fBrain-DS16302.hotspot.twopass.fdr0.05.merge.bed,hyperloglog,B,21,NA,8,40,1.0,1.0,1.0,1.0,1.0,1.0,1.0
fBrain-DS16302.hotspot.twopass.fdr0.05.merge.bed,fHeart-DS15643.hotspot.twopass.fdr0.05.merge.bed,hyperloglog,B,21,NA,8,40,0.38353776931762695,0.23137620233520553,0.35489586435912457,0.3993231161342238,0.3764546751722369,0.3771094902466742,0.3993231161342238
fBrain-DS16302.hotspot.twopass.fdr0.05.merge.bed,fHeart-DS15839.hotspot.twopass.fdr0.05.merge.bed,hyperloglog,B,21,NA,8,40,0.36475610733032227,0.20968165845273987,0.34531939137179873,0.34803617474680654,0.34667512174792153,0.34667778305930264,0.34803617474680654
fBrain-DS16302.hotspot.twopass.fdr0.05.merge.bed,fHeart-DS16621.hotspot.twopass.fdr0.05.merge.bed,hyperloglog,B,21,NA,8,40,0.37880611419677734,0.22605240530576873,0.38978187075250176,0.34986865192225053,0.36928641684187447,0.36982526133737614,0.38978187075250176
fBrain-DS16302.hotspot.twopass.fdr0.05.merge.bed,fIntestine_Sm-DS16559.hotspot.twopass.fdr0.05.merge.bed,hyperloglog,B,21,NA,8,40,0.35128307342529297,0.19371140882246854,0.32173413666798495,0.3274220336439882,0.32456562559908353,0.3245780851559866,0.3274220336439882
fBrain-DS16302.hotspot.twopass.fdr0.05.merge.bed,fIntestine_Sm-DS16712.hg19.hotspot.twopass.fdr0.05.merge.bed,hyperloglog,B,21,NA,8,40,0.32027101516723633,0.17793162385324088,0.23445891508298367,0.4246290204382265,0.31552822289724997,0.32954396776060507,0.4246290204382265
fBrain-DS16302.hotspot.twopass.fdr0.05.merge.bed,fIntestine_Sm-DS16822.hotspot.twopass.fdr0.05.merge.bed,hyperloglog,B,21,NA,8,40,0.34011268615722656,0.18238033710290782,0.2889886143610458,0.3308296936480229,0.30920222307873435,0.30990915400453434,0.3308296936480229
fBrain-DS16302.hotspot.twopass.fdr0.05.merge.bed,fIntestine_Sm-DS17808.hg19.hotspot.twopass.fdr0.05.merge.bed,hyperloglog,B,21,NA,8,40,0.34751272201538086,0.19059226563363627,0.2970403889331328,0.34719123114175754,0.32113831651255953,0.32211581003744516,0.34719123114175754
fBrain-DS16302.hotspot.twopass.fdr0.05.merge.bed,fIntestine_Sm-DS18495.hg19.hotspot.twopass.fdr0.05.merge.bed,hyperloglog,B,21,NA,8,40,0.3297739028930664,0.17477764554716255,0.260855114299377,0.3462592114520876,0.3005386600431739,0.3035571628757323,0.3462592114520876
fBrain-DS16302.hotspot.twopass.fdr0.05.merge.bed,fKidney_renal_cortex_L-DS17550.hg19.hotspot.twopass.fdr0.05.merge.bed,hyperloglog,B,21,NA,8,40,0.3897862434387207,0.23787120820432378,0.39683377615549875,0.37257701706492147,0.3845141669569854,0.3847053966102101,0.39683377615549875
fBrain-DS16302.hotspot.twopass.fdr0.05.merge.bed,fLung_L-DS17154.hg19.hotspot.twopass.fdr0.05.merge.bed,hyperloglog,B,21,NA,8,40,0.407010555267334,0.2595540497076573,0.456343545021037,0.37573777819250814,0.41408394040181906,0.41604066160677255,0.456343545021037
fBrain-DS16302.hotspot.twopass.fdr0.05.merge.bed,fLung_L-DS18421.hg19.hotspot.twopass.fdr0.05.merge.bed,hyperloglog,B,21,NA,8,40,0.40207815170288086,0.25173077912626607,0.41855913402533546,0.38709438767927534,0.4025194302056796,0.4028267608523054,0.41855913402533546
fBrain-DS16302.hotspot.twopass.fdr0.05.merge.bed,fLung_R-DS15632.hotspot.twopass.fdr0.05.merge.bed,hyperloglog,B,21,NA,8,40,0.4087333679199219,0.2598377744216773,0.3928138690866167,0.434250148284803,0.4130126885450258,0.41353200868570983,0.434250148284803
fBrain-DS16302.hotspot.twopass.fdr0.05.merge.bed,fMuscle_arm-DS19053.hg19.hotspot.twopass.fdr0.05.merge.bed,hyperloglog,B,21,NA,8,40,0.40249204635620117,0.2517461236486768,0.3890831221280931,0.4163005119788146,0.40246180308725055,0.40269181705345386,0.4163005119788146
fBrain-DS16302.hotspot.twopass.fdr0.05.merge.bed,fMuscle_back-DS18454.hg19.hotspot.twopass.fdr0.05.merge.bed,hyperloglog,B,21,NA,8,40,0.3957056999206543,0.24437985415024058,0.3811805388646697,0.40509421540022655,0.39295550806321433,0.3931373771324481,0.40509421540022655
fBrain-DS16302.hotspot.twopass.fdr0.05.merge.bed,fMuscle_leg-DS19115.hg19.hotspot.twopass.fdr0.05.merge.bed,hyperloglog,B,21,NA,8,40,0.39969491958618164,0.2487822731545505,0.3812922310508421,0.41720230412826564,0.3988433243024363,0.39924726758955387,0.41720230412826564
fBrain-DS16302.hotspot.twopass.fdr0.05.merge.bed,fMuscle_leg-DS19158.hg19.hotspot.twopass.fdr0.05.merge.bed,hyperloglog,B,21,NA,8,40,0.39461803436279297,0.2435683503048555,0.4203780571506951,0.36672853767673286,0.392638039637349,0.393553297413714,0.4203780571506951
fBrain-DS16302.hotspot.twopass.fdr0.05.merge.bed,fSkin_fibro_bicep_R-DS19745.hg19.hotspot.twopass.fdr0.05.merge.bed,hyperloglog,B,21,NA,8,40,0.2826824188232422,0.1356003727409739,0.18647015832443642,0.33202486675391135,0.2488226868098079,0.2592475125391739,0.33202486675391135
fBrain-DS16302.hotspot.twopass.fdr0.05.merge.bed,fStomach-DS17659.hg19.hotspot.twopass.fdr0.05.merge.bed,hyperloglog,B,21,NA,8,40,0.359189510345459,0.215891124116382,0.2880276311696035,0.4629468303889016,0.36515952529598833,0.37548723077925256,0.4629468303889016
fHeart-DS15643.hotspot.twopass.fdr0.05.merge.bed,fBrain-DS14718.hotspot.twopass.fdr0.05.merge.bed,hyperloglog,B,21,NA,8,40,0.39188432693481445,0.2397598811738326,0.36685288069009103,0.40900611774963647,0.38735651861860376,0.38792949921986375,0.40900611774963647
fHeart-DS15643.hotspot.twopass.fdr0.05.merge.bed,fBrain-DS16302.hotspot.twopass.fdr0.05.merge.bed,hyperloglog,B,21,NA,8,40,0.38353776931762695,0.23137620233520553,0.3993231161342238,0.35489586435912457,0.3764546751722369,0.3771094902466742,0.3993231161342238
fHeart-DS15643.hotspot.twopass.fdr0.05.merge.bed,fHeart-DS15643.hotspot.twopass.fdr0.05.merge.bed,hyperloglog,B,21,NA,8,40,1.0,1.0,1.0,1.0,1.0,1.0,1.0
fHeart-DS15643.hotspot.twopass.fdr0.05.merge.bed,fHeart-DS15839.hotspot.twopass.fdr0.05.merge.bed,hyperloglog,B,21,NA,8,40,0.6150903701782227,0.5019732813523988,0.7073205683135708,0.6335723184076337,0.6694316487318434,0.6704464433606023,0.7073205683135708
fHeart-DS15643.hotspot.twopass.fdr0.05.merge.bed,fHeart-DS16621.hotspot.twopass.fdr0.05.merge.bed,hyperloglog,B,21,NA,8,40,0.7022213935852051,0.6121433186859255,0.855688716637683,0.6826147813511563,0.7642681245559594,0.7691517489944196,0.855688716637683
fHeart-DS15643.hotspot.twopass.fdr0.05.merge.bed,fIntestine_Sm-DS16559.hotspot.twopass.fdr0.05.merge.bed,hyperloglog,B,21,NA,8,40,0.42218828201293945,0.27481204024180034,0.4539136083772287,0.4105446990042464,0.431684868538568,0.43222915369073756,0.4539136083772287
fHeart-DS15643.hotspot.twopass.fdr0.05.merge.bed,fIntestine_Sm-DS16712.hg19.hotspot.twopass.fdr0.05.merge.bed,hyperloglog,B,21,NA,8,40,0.3913264274597168,0.25272800879682805,0.32707851315865083,0.5264673257863511,0.4149652396825676,0.42677291947250096,0.5264673257863511
fHeart-DS15643.hotspot.twopass.fdr0.05.merge.bed,fIntestine_Sm-DS16822.hotspot.twopass.fdr0.05.merge.bed,hyperloglog,B,21,NA,8,40,0.4097294807434082,0.2599064079158481,0.4090484678089353,0.4161740600761986,0.41259588172447,0.412611263942567,0.4161740600761986
fHeart-DS15643.hotspot.twopass.fdr0.05.merge.bed,fIntestine_Sm-DS17808.hg19.hotspot.twopass.fdr0.05.merge.bed,hyperloglog,B,21,NA,8,40,0.42714500427246094,0.28027411973364963,0.4296588870622261,0.44632737965383784,0.43791383308530873,0.43799313335803197,0.44632737965383784
fHeart-DS15643.hotspot.twopass.fdr0.05.merge.bed,fIntestine_Sm-DS18495.hg19.hotspot.twopass.fdr0.05.merge.bed,hyperloglog,B,21,NA,8,40,0.3970365524291992,0.24740959421273304,0.3664624172607214,0.43232256968917937,0.3980326292211021,0.39939249347495037,0.43232256968917937
fHeart-DS15643.hotspot.twopass.fdr0.05.merge.bed,fKidney_renal_cortex_L-DS17550.hg19.hotspot.twopass.fdr0.05.merge.bed,hyperloglog,B,21,NA,8,40,0.4473233222961426,0.3044689888383514,0.5131257463679567,0.4281616100351202,0.4687224612874628,0.47064367820153846,0.5131257463679567
fHeart-DS15643.hotspot.twopass.fdr0.05.merge.bed,fLung_L-DS17154.hg19.hotspot.twopass.fdr0.05.merge.bed,hyperloglog,B,21,NA,8,40,0.45888805389404297,0.3217563804793289,0.576095316397879,0.4215642581879339,0.49280949128726703,0.4988297872929065,0.576095316397879
fHeart-DS15643.hotspot.twopass.fdr0.05.merge.bed,fLung_L-DS18421.hg19.hotspot.twopass.fdr0.05.merge.bed,hyperloglog,B,21,NA,8,40,0.46344804763793945,0.32346699786915456,0.5417672898987967,0.4452965374800455,0.49116911376010014,0.4935319136894211,0.5417672898987967
fHeart-DS15643.hotspot.twopass.fdr0.05.merge.bed,fLung_R-DS15632.hotspot.twopass.fdr0.05.merge.bed,hyperloglog,B,21,NA,8,40,0.4687209129333496,0.327277095951226,0.497549297487551,0.48883890968715943,0.4931748737511133,0.4931941035873552,0.497549297487551
fHeart-DS15643.hotspot.twopass.fdr0.05.merge.bed,fMuscle_arm-DS19053.hg19.hotspot.twopass.fdr0.05.merge.bed,hyperloglog,B,21,NA,8,40,0.46397924423217773,0.32154791230971425,0.4991829789493863,0.4746798629445361,0.486777267373837,0.4869314209469612,0.4991829789493863
fHeart-DS15643.hotspot.twopass.fdr0.05.merge.bed,fMuscle_back-DS18454.hg19.hotspot.twopass.fdr0.05.merge.bed,hyperloglog,B,21,NA,8,40,0.46845006942749023,0.32754109310803436,0.5079534154829194,0.47976183161564895,0.4936564199800405,0.4938576235492842,0.5079534154829194
fHeart-DS15643.hotspot.twopass.fdr0.05.merge.bed,fMuscle_leg-DS19115.hg19.hotspot.twopass.fdr0.05.merge.bed,hyperloglog,B,21,NA,8,40,0.46384143829345703,0.3219149907181255,0.49394368352331,0.48033326568145,0.48709093870598347,0.48713847460238,0.49394368352331
fHeart-DS15643.hotspot.twopass.fdr0.05.merge.bed,fMuscle_leg-DS19158.hg19.hotspot.twopass.fdr0.05.merge.bed,hyperloglog,B,21,NA,8,40,0.4382033348083496,0.2961413841662891,0.523169344941881,0.4056238133851478,0.4606625063335799,0.4643965791635144,0.523169344941881
fHeart-DS15643.hotspot.twopass.fdr0.05.merge.bed,fSkin_fibro_bicep_R-DS19745.hg19.hotspot.twopass.fdr0.05.merge.bed,hyperloglog,B,21,NA,8,40,0.33262014389038086,0.1854001799523715,0.25523726479035774,0.4039074283518843,0.3210797832954332,0.329572346571121,0.4039074283518843
fHeart-DS15643.hotspot.twopass.fdr0.05.merge.bed,fStomach-DS17659.hg19.hotspot.twopass.fdr0.05.merge.bed,hyperloglog,B,21,NA,8,40,0.4348411560058594,0.2962795583095545,0.3885649985658547,0.5550564154740585,0.46440875883497934,0.4718107070199566,0.5550564154740585
fHeart-DS15839.hotspot.twopass.fdr0.05.merge.bed,fBrain-DS14718.hotspot.twopass.fdr0.05.merge.bed,hyperloglog,B,21,NA,8,40,0.3714179992675781,0.2188885748445397,0.32385879888627805,0.4031008039403178,0.36131391087834464,0.36347980141329794,0.4031008039403178
fHeart-DS15839.hotspot.twopass.fdr0.05.merge.bed,fBrain-DS16302.hotspot.twopass.fdr0.05.merge.bed,hyperloglog,B,21,NA,8,40,0.36475610733032227,0.20968165845273987,0.34803617474680654,0.34531939137179873,0.34667512174792153,0.34667778305930264,0.34803617474680654
fHeart-DS15839.hotspot.twopass.fdr0.05.merge.bed,fHeart-DS15643.hotspot.twopass.fdr0.05.merge.bed,hyperloglog,B,21,NA,8,40,0.6150903701782227,0.5019732813523988,0.6335723184076337,0.7073205683135708,0.6694316487318434,0.6704464433606023,0.7073205683135708
fHeart-DS15839.hotspot.twopass.fdr0.05.merge.bed,fHeart-DS15839.hotspot.twopass.fdr0.05.merge.bed,hyperloglog,B,21,NA,8,40,1.0,1.0,1.0,1.0,1.0,1.0,1.0
fHeart-DS15839.hotspot.twopass.fdr0.05.merge.bed,fHeart-DS16621.hotspot.twopass.fdr0.05.merge.bed,hyperloglog,B,21,NA,8,40,0.6190476417541504,0.5061527280893341,0.7133964894343996,0.6353469419854567,0.6732416193205126,0.6743717157099282,0.7133964894343996
fHeart-DS15839.hotspot.twopass.fdr0.05.merge.bed,fIntestine_Sm-DS16559.hotspot.twopass.fdr0.05.merge.bed,hyperloglog,B,21,NA,8,40,0.4042520523071289,0.253889992266254,0.40301161919257905,0.4069348703347623,0.4049684938356745,0.4049732447636707,0.4069348703347623
fHeart-DS15839.hotspot.twopass.fdr0.05.merge.bed,fIntestine_Sm-DS16712.hg19.hotspot.twopass.fdr0.05.merge.bed,hyperloglog,B,21,NA,8,40,0.3698725700378418,0.23486090839197057,0.29603301564824214,0.531960824161585,0.3968349366969575,0.41399691990491355,0.531960824161585
fHeart-DS15839.hotspot.twopass.fdr0.05.merge.bed,fIntestine_Sm-DS16822.hotspot.twopass.fdr0.05.merge.bed,hyperloglog,B,21,NA,8,40,0.3881087303161621,0.23641464737780138,0.3595508427374186,0.4083952114533641,0.38319556684281114,0.3839730270953914,0.4083952114533641
fHeart-DS15839.hotspot.twopass.fdr0.05.merge.bed,fIntestine_Sm-DS17808.hg19.hotspot.twopass.fdr0.05.merge.bed,hyperloglog,B,21,NA,8,40,0.4107394218444824,0.26277920036419883,0.38753364132749685,0.44942707490876277,0.41733453110251795,0.4184803581181298,0.44942707490876277
fHeart-DS15839.hotspot.twopass.fdr0.05.merge.bed,fIntestine_Sm-DS18495.hg19.hotspot.twopass.fdr0.05.merge.bed,hyperloglog,B,21,NA,8,40,0.3712038993835449,0.2220856879360827,0.31970811124133103,0.42106797787491046,0.3669044124981249,0.37038804455812074,0.42106797787491046
fHeart-DS15839.hotspot.twopass.fdr0.05.merge.bed,fKidney_renal_cortex_L-DS17550.hg19.hotspot.twopass.fdr0.05.merge.bed,hyperloglog,B,21,NA,8,40,0.42514801025390625,0.27725603246040353,0.4500947462843595,0.41928367709999126,0.43441613720658895,0.4346892116921754,0.4500947462843595
fHeart-DS15839.hotspot.twopass.fdr0.05.merge.bed,fLung_L-DS17154.hg19.hotspot.twopass.fdr0.05.merge.bed,hyperloglog,B,21,NA,8,40,0.43369054794311523,0.28928493133235783,0.4990311745377632,0.40767793655460616,0.45104766878011554,0.45335455554618465,0.4990311745377632
fHeart-DS15839.hotspot.twopass.fdr0.05.merge.bed,fLung_L-DS18421.hg19.hotspot.twopass.fdr0.05.merge.bed,hyperloglog,B,21,NA,8,40,0.4318690299987793,0.28477214629461495,0.46320616360446054,0.42504113310826447,0.4437135028835296,0.44412364835636253,0.46320616360446054
fHeart-DS15839.hotspot.twopass.fdr0.05.merge.bed,fLung_R-DS15632.hotspot.twopass.fdr0.05.merge.bed,hyperloglog,B,21,NA,8,40,0.4273838996887207,0.28030552019106014,0.4185399935839414,0.45907823769149464,0.43834073807704127,0.438809115637718,0.45907823769149464
fHeart-DS15839.hotspot.twopass.fdr0.05.merge.bed,fMuscle_arm-DS19053.hg19.hotspot.twopass.fdr0.05.merge.bed,hyperloglog,B,21,NA,8,40,0.4212651252746582,0.2728478975046636,0.41628186300506154,0.4419250527864112,0.42891186073893717,0.42910345789573634,0.4419250527864112
fHeart-DS15839.hotspot.twopass.fdr0.05.merge.bed,fMuscle_back-DS18454.hg19.hotspot.twopass.fdr0.05.merge.bed,hyperloglog,B,21,NA,8,40,0.42174673080444336,0.2737050660173162,0.4186832001755578,0.4414763437207211,0.4299287480394816,0.43007977194813946,0.4414763437207211
fHeart-DS15839.hotspot.twopass.fdr0.05.merge.bed,fMuscle_leg-DS19115.hg19.hotspot.twopass.fdr0.05.merge.bed,hyperloglog,B,21,NA,8,40,0.41456079483032227,0.26592553032726557,0.4035576954359603,0.43811785748579385,0.42048285683997566,0.42083777646087706,0.43811785748579385
fHeart-DS15839.hotspot.twopass.fdr0.05.merge.bed,fMuscle_leg-DS19158.hg19.hotspot.twopass.fdr0.05.merge.bed,hyperloglog,B,21,NA,8,40,0.399869441986084,0.2494466850250014,0.4302985367280759,0.37245269179113377,0.4003321724245478,0.40137561425960483,0.4302985367280759
fHeart-DS15839.hotspot.twopass.fdr0.05.merge.bed,fSkin_fibro_bicep_R-DS19745.hg19.hotspot.twopass.fdr0.05.merge.bed,hyperloglog,B,21,NA,8,40,0.3013467788696289,0.15579314445118722,0.2110907882976737,0.3729298387068058,0.2805745063834987,0.2920103135022397,0.3729298387068058
fHeart-DS15839.hotspot.twopass.fdr0.05.merge.bed,fStomach-DS17659.hg19.hotspot.twopass.fdr0.05.merge.bed,hyperloglog,B,21,NA,8,40,0.3897061347961426,0.24974167771319236,0.32514218675789136,0.5185216146381265,0.41060108580552135,0.4218319006980089,0.5185216146381265
fHeart-DS16621.hotspot.twopass.fdr0.05.merge.bed,fBrain-DS14718.hotspot.twopass.fdr0.05.merge.bed,hyperloglog,B,21,NA,8,40,0.3748331069946289,0.22651856496018832,0.31682946136451273,0.44279585458419657,0.37455409769798287,0.37981265797435465,0.44279585458419657
fHeart-DS16621.hotspot.twopass.fdr0.05.merge.bed,fBrain-DS16302.hotspot.twopass.fdr0.05.merge.bed,hyperloglog,B,21,NA,8,40,0.37880611419677734,0.22605240530576873,0.34986865192225053,0.38978187075250176,0.36928641684187447,0.36982526133737614,0.38978187075250176
fHeart-DS16621.hotspot.twopass.fdr0.05.merge.bed,fHeart-DS15643.hotspot.twopass.fdr0.05.merge.bed,hyperloglog,B,21,NA,8,40,0.7022213935852051,0.6121433186859255,0.6826147813511563,0.855688716637683,0.7642681245559594,0.7691517489944196,0.855688716637683
fHeart-DS16621.hotspot.twopass.fdr0.05.merge.bed,fHeart-DS15839.hotspot.twopass.fdr0.05.merge.bed,hyperloglog,B,21,NA,8,40,0.6190476417541504,0.5061527280893341,0.6353469419854567,0.7133964894343996,0.6732416193205126,0.6743717157099282,0.7133964894343996
fHeart-DS16621.hotspot.twopass.fdr0.05.merge.bed,fHeart-DS16621.hotspot.twopass.fdr0.05.merge.bed,hyperloglog,B,21,NA,8,40,1.0,1.0,1.0,1.0,1.0,1.0,1.0
fHeart-DS16621.hotspot.twopass.fdr0.05.merge.bed,fIntestine_Sm-DS16559.hotspot.twopass.fdr0.05.merge.bed,hyperloglog,B,21,NA,8,40,0.4180293083190918,0.2701601081329406,0.4002987839965381,0.4538492619971198,0.4262338650262005,0.42707402299682895,0.4538492619971198
fHeart-DS16621.hotspot.twopass.fdr0.05.merge.bed,fIntestine_Sm-DS16712.hg19.hotspot.twopass.fdr0.05.merge.bed,hyperloglog,B,21,NA,8,40,0.35636186599731445,0.22679672566490405,0.2764920634876932,0.5578818013737861,0.39274659825906766,0.4171869324307396,0.5578818013737861
fHeart-DS16621.hotspot.twopass.fdr0.05.merge.bed,fIntestine_Sm-DS16822.hotspot.twopass.fdr0.05.merge.bed,hyperloglog,B,21,NA,8,40,0.39695072174072266,0.2489236543563091,0.35558569452824423,0.4535076682205546,0.40157295623347256,0.4045466813743994,0.4535076682205546
fHeart-DS16621.hotspot.twopass.fdr0.05.merge.bed,fIntestine_Sm-DS17808.hg19.hotspot.twopass.fdr0.05.merge.bed,hyperloglog,B,21,NA,8,40,0.40828561782836914,0.26313577326334797,0.36829737642002114,0.47958818143926935,0.4202749921017571,0.42394277892964527,0.47958818143926935
fHeart-DS16621.hotspot.twopass.fdr0.05.merge.bed,fIntestine_Sm-DS18495.hg19.hotspot.twopass.fdr0.05.merge.bed,hyperloglog,B,21,NA,8,40,0.3799710273742676,0.23544556918887627,0.31944438835169253,0.4724043055208199,0.3884673788515638,0.3959243469362562,0.4724043055208199
fHeart-DS16621.hotspot.twopass.fdr0.05.merge.bed,fKidney_renal_cortex_L-DS17550.hg19.hotspot.twopass.fdr0.05.merge.bed,hyperloglog,B,21,NA,8,40,0.4419112205505371,0.2960504401765088,0.446808565917113,0.4673535288203354,0.45696560044331147,0.4570810473687242,0.4673535288203354
fHeart-DS16621.hotspot.twopass.fdr0.05.merge.bed,fLung_L-DS17154.hg19.hotspot.twopass.fdr0.05.merge.bed,hyperloglog,B,21,NA,8,40,0.46209716796875,0.3196504632102413,0.5062861665287584,0.46441433475080846,0.4848984978549535,0.48535025063978343,0.5062861665287584
fHeart-DS16621.hotspot.twopass.fdr0.05.merge.bed,fLung_L-DS18421.hg19.hotspot.twopass.fdr0.05.merge.bed,hyperloglog,B,21,NA,8,40,0.46045780181884766,0.3171097238720021,0.4744361110761069,0.4888261068592717,0.4815773635988161,0.4816311089676893,0.4888261068592717
fHeart-DS16621.hotspot.twopass.fdr0.05.merge.bed,fLung_R-DS15632.hotspot.twopass.fdr0.05.merge.bed,hyperloglog,B,21,NA,8,40,0.45137500762939453,0.31005942131590314,0.4288452176442275,0.5281658748751642,0.47592164225121514,0.4785055462596959,0.5281658748751642
fHeart-DS16621.hotspot.twopass.fdr0.05.merge.bed,fMuscle_arm-DS19053.hg19.hotspot.twopass.fdr0.05.merge.bed,hyperloglog,B,21,NA,8,40,0.44825172424316406,0.3052053235987557,0.4300068029788747,0.5125738940775786,0.46947871249155904,0.47129034852822665,0.5125738940775786
fHeart-DS16621.hotspot.twopass.fdr0.05.merge.bed,fMuscle_back-DS18454.hg19.hotspot.twopass.fdr0.05.merge.bed,hyperloglog,B,21,NA,8,40,0.45165252685546875,0.30958656722459277,0.4360670832022724,0.5162918041837156,0.47448694516459733,0.476179443692994,0.5162918041837156
fHeart-DS16621.hotspot.twopass.fdr0.05.merge.bed,fMuscle_leg-DS19115.hg19.hotspot.twopass.fdr0.05.merge.bed,hyperloglog,B,21,NA,8,40,0.44461536407470703,0.30231941272901675,0.42257264361137764,0.5151179980352968,0.46655629263956544,0.4688453208233372,0.5151179980352968
fHeart-DS16621.hotspot.twopass.fdr0.05.merge.bed,fMuscle_leg-DS19158.hg19.hotspot.twopass.fdr0.05.merge.bed,hyperloglog,B,21,NA,8,40,0.43729639053344727,0.29070345708388906,0.4569694693261512,0.4441283101608285,0.4505031389534529,0.45054888974348983,0.4569694693261512
fHeart-DS16621.hotspot.twopass.fdr0.05.merge.bed,fSkin_fibro_bicep_R-DS19745.hg19.hotspot.twopass.fdr0.05.merge.bed,hyperloglog,B,21,NA,8,40,0.30876922607421875,0.17169964308845956,0.22041016764735682,0.43722954450602,0.31043491621425146,0.3288198560766884,0.43722954450602
fHeart-DS16621.hotspot.twopass.fdr0.05.merge.bed,fStomach-DS17659.hg19.hotspot.twopass.fdr0.05.merge.bed,hyperloglog,B,21,NA,8,40,0.40006113052368164,0.2683749405921355,0.3297523868674553,0.5904749991360622,0.4412601730846271,0.46011369300175875,0.5904749991360622
fIntestine_Sm-DS16559.hotspot.twopass.fdr0.05.merge.bed,fBrain-DS14718.hotspot.twopass.fdr0.05.merge.bed,hyperloglog,B,21,NA,8,40,0.3622097969055176,0.20855366639208617,0.3125560416656123,0.385281825365727,0.3470189652771349,0.34891893351566966,0.385281825365727
fIntestine_Sm-DS16559.hotspot.twopass.fdr0.05.merge.bed,fBrain-DS16302.hotspot.twopass.fdr0.05.merge.bed,hyperloglog,B,21,NA,8,40,0.35128307342529297,0.19371140882246854,0.3274220336439882,0.32173413666798495,0.32456562559908353,0.3245780851559866,0.3274220336439882
fIntestine_Sm-DS16559.hotspot.twopass.fdr0.05.merge.bed,fHeart-DS15643.hotspot.twopass.fdr0.05.merge.bed,hyperloglog,B,21,NA,8,40,0.42218828201293945,0.27481204024180034,0.4105446990042464,0.4539136083772287,0.431684868538568,0.43222915369073756,0.4539136083772287
fIntestine_Sm-DS16559.hotspot.twopass.fdr0.05.merge.bed,fHeart-DS15839.hotspot.twopass.fdr0.05.merge.bed,hyperloglog,B,21,NA,8,40,0.4042520523071289,0.253889992266254,0.4069348703347623,0.40301161919257905,0.4049684938356745,0.4049732447636707,0.4069348703347623
fIntestine_Sm-DS16559.hotspot.twopass.fdr0.05.merge.bed,fHeart-DS16621.hotspot.twopass.fdr0.05.merge.bed,hyperloglog,B,21,NA,8,40,0.4180293083190918,0.2701601081329406,0.4538492619971198,0.4002987839965381,0.4262338650262005,0.42707402299682895,0.4538492619971198
fIntestine_Sm-DS16559.hotspot.twopass.fdr0.05.merge.bed,fIntestine_Sm-DS16559.hotspot.twopass.fdr0.05.merge.bed,hyperloglog,B,21,NA,8,40,1.0,1.0,1.0,1.0,1.0,1.0,1.0
fIntestine_Sm-DS16559.hotspot.twopass.fdr0.05.merge.bed,fIntestine_Sm-DS16712.hg19.hotspot.twopass.fdr0.05.merge.bed,hyperloglog,B,21,NA,8,40,0.5544543266296387,0.4518830482555478,0.4861281921691499,0.8651331829248783,0.6485103161868849,0.675630687547014,0.8651331829248783
fIntestine_Sm-DS16559.hotspot.twopass.fdr0.05.merge.bed,fIntestine_Sm-DS16822.hotspot.twopass.fdr0.05.merge.bed,hyperloglog,B,21,NA,8,40,0.7008914947509766,0.6078727349548771,0.7141443567598559,0.8033392751926166,0.757430003328598,0.7587418159762362,0.8033392751926166
fIntestine_Sm-DS16559.hotspot.twopass.fdr0.05.merge.bed,fIntestine_Sm-DS17808.hg19.hotspot.twopass.fdr0.05.merge.bed,hyperloglog,B,21,NA,8,40,0.675386905670166,0.57633931657094,0.6839550373751484,0.7855431335347146,0.7329912572851923,0.7347490854549314,0.7855431335347146
fIntestine_Sm-DS16559.hotspot.twopass.fdr0.05.merge.bed,fIntestine_Sm-DS18495.hg19.hotspot.twopass.fdr0.05.merge.bed,hyperloglog,B,21,NA,8,40,0.6542062759399414,0.5548493961399632,0.6304379627764595,0.8223062251667231,0.7200090703404434,0.7263720939715913,0.8223062251667231
fIntestine_Sm-DS16559.hotspot.twopass.fdr0.05.merge.bed,fKidney_renal_cortex_L-DS17550.hg19.hotspot.twopass.fdr0.05.merge.bed,hyperloglog,B,21,NA,8,40,0.4561638832092285,0.3130420306718805,0.49683048761623283,0.45835810062380283,0.47720674621779424,0.47759429412001786,0.49683048761623283
fIntestine_Sm-DS16559.hotspot.twopass.fdr0.05.merge.bed,fLung_L-DS17154.hg19.hotspot.twopass.fdr0.05.merge.bed,hyperloglog,B,21,NA,8,40,0.4545559883117676,0.31405716291307123,0.5343992965560309,0.4323625506749603,0.4806810199476052,0.4833809236154956,0.5343992965560309
fIntestine_Sm-DS16559.hotspot.twopass.fdr0.05.merge.bed,fLung_L-DS18421.hg19.hotspot.twopass.fdr0.05.merge.bed,hyperloglog,B,21,NA,8,40,0.46724510192871094,0.3257976228977643,0.5161462197382578,0.46905313515012365,0.4920365866113154,0.49259967744419075,0.5161462197382578
fIntestine_Sm-DS16559.hotspot.twopass.fdr0.05.merge.bed,fLung_R-DS15632.hotspot.twopass.fdr0.05.merge.bed,hyperloglog,B,21,NA,8,40,0.45435619354248047,0.3108909675796549,0.45548286884453826,0.494782637196785,0.4747262527445243,0.4751327530206616,0.494782637196785
fIntestine_Sm-DS16559.hotspot.twopass.fdr0.05.merge.bed,fMuscle_arm-DS19053.hg19.hotspot.twopass.fdr0.05.merge.bed,hyperloglog,B,21,NA,8,40,0.4268641471862793,0.27932137982928795,0.4260041316131638,0.4478861214779449,0.43680812520121454,0.43694512654555434,0.4478861214779449
fIntestine_Sm-DS16559.hotspot.twopass.fdr0.05.merge.bed,fMuscle_back-DS18454.hg19.hotspot.twopass.fdr0.05.merge.bed,hyperloglog,B,21,NA,8,40,0.42456960678100586,0.27712626052776734,0.4247842819688808,0.4435912814351254,0.43408594076758056,0.4341877817020031,0.4435912814351254
fIntestine_Sm-DS16559.hotspot.twopass.fdr0.05.merge.bed,fMuscle_leg-DS19115.hg19.hotspot.twopass.fdr0.05.merge.bed,hyperloglog,B,21,NA,8,40,0.42148542404174805,0.2740762034439983,0.4151949481275729,0.44640602109840993,0.43051774037058044,0.4308004846129914,0.44640602109840993
fIntestine_Sm-DS16559.hotspot.twopass.fdr0.05.merge.bed,fMuscle_leg-DS19158.hg19.hotspot.twopass.fdr0.05.merge.bed,hyperloglog,B,21,NA,8,40,0.4123411178588867,0.26410834563111024,0.4526557211705686,0.38802697954088494,0.4190974018742144,0.4203413503557268,0.4526557211705686
fIntestine_Sm-DS16559.hotspot.twopass.fdr0.05.merge.bed,fSkin_fibro_bicep_R-DS19745.hg19.hotspot.twopass.fdr0.05.merge.bed,hyperloglog,B,21,NA,8,40,0.32157182693481445,0.17784243101545166,0.23728739539074936,0.41516925248030284,0.3138700854929878,0.3262283239355261,0.41516925248030284
fIntestine_Sm-DS16559.hotspot.twopass.fdr0.05.merge.bed,fStomach-DS17659.hg19.hotspot.twopass.fdr0.05.merge.bed,hyperloglog,B,21,NA,8,40,0.47451257705688477,0.34751916880507305,0.4211847846016877,0.6652101656882955,0.5293169186321912,0.5431974751449916,0.6652101656882955
fIntestine_Sm-DS16712.hg19.hotspot.twopass.fdr0.05.merge.bed,fBrain-DS14718.hotspot.twopass.fdr0.05.merge.bed,hyperloglog,B,21,NA,8,40,0.35505104064941406,0.2056089762219094,0.41676015706169073,0.28867199629747115,0.34685297536023224,0.35271607667958094,0.41676015706169073
fIntestine_Sm-DS16712.hg19.hotspot.twopass.fdr0.05.merge.bed,fBrain-DS16302.hotspot.twopass.fdr0.05.merge.bed,hyperloglog,B,21,NA,8,40,0.32027101516723633,0.17793162385324088,0.4246290204382265,0.23445891508298367,0.31552822289724997,0.32954396776060507,0.4246290204382265
fIntestine_Sm-DS16712.hg19.hotspot.twopass.fdr0.05.merge.bed,fHeart-DS15643.hotspot.twopass.fdr0.05.merge.bed,hyperloglog,B,21,NA,8,40,0.3913264274597168,0.25272800879682805,0.5264673257863511,0.32707851315865083,0.4149652396825676,0.42677291947250096,0.5264673257863511
fIntestine_Sm-DS16712.hg19.hotspot.twopass.fdr0.05.merge.bed,fHeart-DS15839.hotspot.twopass.fdr0.05.merge.bed,hyperloglog,B,21,NA,8,40,0.3698725700378418,0.23486090839197057,0.531960824161585,0.29603301564824214,0.3968349366969575,0.41399691990491355,0.531960824161585
fIntestine_Sm-DS16712.hg19.hotspot.twopass.fdr0.05.merge.bed,fHeart-DS16621.hotspot.twopass.fdr0.05.merge.bed,hyperloglog,B,21,NA,8,40,0.35636186599731445,0.22679672566490405,0.5578818013737861,0.2764920634876932,0.39274659825906766,0.4171869324307396,0.5578818013737861
fIntestine_Sm-DS16712.hg19.hotspot.twopass.fdr0.05.merge.bed,fIntestine_Sm-DS16559.hotspot.twopass.fdr0.05.merge.bed,hyperloglog,B,21,NA,8,40,0.5544543266296387,0.4518830482555478,0.8651331829248783,0.4861281921691499,0.6485103161868849,0.675630687547014,0.8651331829248783
fIntestine_Sm-DS16712.hg19.hotspot.twopass.fdr0.05.merge.bed,fIntestine_Sm-DS16712.hg19.hotspot.twopass.fdr0.05.merge.bed,hyperloglog,B,21,NA,8,40,1.0,1.0,1.0,1.0,1.0,1.0,1.0
fIntestine_Sm-DS16712.hg19.hotspot.twopass.fdr0.05.merge.bed,fIntestine_Sm-DS16822.hotspot.twopass.fdr0.05.merge.bed,hyperloglog,B,21,NA,8,40,0.5864481925964355,0.48203208522280117,0.8398125396750523,0.5308394424057312,0.6676867680929778,0.6853259910403917,0.8398125396750523
fIntestine_Sm-DS16712.hg19.hotspot.twopass.fdr0.05.merge.bed,fIntestine_Sm-DS17808.hg19.hotspot.twopass.fdr0.05.merge.bed,hyperloglog,B,21,NA,8,40,0.6218423843383789,0.523875437771347,0.8764606601368414,0.5656434334499161,0.7041052599459707,0.7210520467933788,0.8764606601368414
fIntestine_Sm-DS16712.hg19.hotspot.twopass.fdr0.05.merge.bed,fIntestine_Sm-DS18495.hg19.hotspot.twopass.fdr0.05.merge.bed,hyperloglog,B,21,NA,8,40,0.5922050476074219,0.48044904988356896,0.7673162219554666,0.5623846246534803,0.6569070295520909,0.6648504233044734,0.7673162219554666
fIntestine_Sm-DS16712.hg19.hotspot.twopass.fdr0.05.merge.bed,fKidney_renal_cortex_L-DS17550.hg19.hotspot.twopass.fdr0.05.merge.bed,hyperloglog,B,21,NA,8,40,0.3964195251464844,0.2697023534909641,0.6221632166548502,0.32252905355573974,0.44795726740938524,0.472346135105295,0.6221632166548502
fIntestine_Sm-DS16712.hg19.hotspot.twopass.fdr0.05.merge.bed,fLung_L-DS17154.hg19.hotspot.twopass.fdr0.05.merge.bed,hyperloglog,B,21,NA,8,40,0.3723926544189453,0.2520113053084087,0.6440384024475093,0.2927937448815461,0.4342469524362083,0.4684160736645277,0.6440384024475093
fIntestine_Sm-DS16712.hg19.hotspot.twopass.fdr0.05.merge.bed,fLung_L-DS18421.hg19.hotspot.twopass.fdr0.05.merge.bed,hyperloglog,B,21,NA,8,40,0.39472246170043945,0.2684780279257284,0.6261385269495627,0.31973306972396054,0.4474340099880903,0.47293579833676164,0.6261385269495627
fIntestine_Sm-DS16712.hg19.hotspot.twopass.fdr0.05.merge.bed,fLung_R-DS15632.hotspot.twopass.fdr0.05.merge.bed,hyperloglog,B,21,NA,8,40,0.4097743034362793,0.27445941081738345,0.5681643956367868,0.3468041266100603,0.44389385780808976,0.45748426112342355,0.5681643956367868
fIntestine_Sm-DS16712.hg19.hotspot.twopass.fdr0.05.merge.bed,fMuscle_arm-DS19053.hg19.hotspot.twopass.fdr0.05.merge.bed,hyperloglog,B,21,NA,8,40,0.3795504570007324,0.24160239446541837,0.5239690573217765,0.30954747998325577,0.4027322948102846,0.4167582686525161,0.5239690573217765
fIntestine_Sm-DS16712.hg19.hotspot.twopass.fdr0.05.merge.bed,fMuscle_back-DS18454.hg19.hotspot.twopass.fdr0.05.merge.bed,hyperloglog,B,21,NA,8,40,0.3787369728088379,0.24107012840025685,0.5252717184933738,0.30822397674432606,0.40236965336038183,0.41674784761885,0.5252717184933738
fIntestine_Sm-DS16712.hg19.hotspot.twopass.fdr0.05.merge.bed,fMuscle_leg-DS19115.hg19.hotspot.twopass.fdr0.05.merge.bed,hyperloglog,B,21,NA,8,40,0.37912750244140625,0.2397667801866285,0.5135095949206617,0.31023756553064147,0.39913652627241714,0.41187358022565157,0.5135095949206617
fIntestine_Sm-DS16712.hg19.hotspot.twopass.fdr0.05.merge.bed,fMuscle_leg-DS19158.hg19.hotspot.twopass.fdr0.05.merge.bed,hyperloglog,B,21,NA,8,40,0.3401608467102051,0.21002906813408911,0.5339213558311776,0.2571810939857573,0.370559682635633,0.39555122490846745,0.5339213558311776
fIntestine_Sm-DS16712.hg19.hotspot.twopass.fdr0.05.merge.bed,fSkin_fibro_bicep_R-DS19745.hg19.hotspot.twopass.fdr0.05.merge.bed,hyperloglog,B,21,NA,8,40,0.34740591049194336,0.18999258928026153,0.3220541559779791,0.31662649881474797,0.3193287958140422,0.31934032739636353,0.3220541559779791
fIntestine_Sm-DS16712.hg19.hotspot.twopass.fdr0.05.merge.bed,fStomach-DS17659.hg19.hotspot.twopass.fdr0.05.merge.bed,hyperloglog,B,21,NA,8,40,0.48299503326416016,0.34468177706274533,0.5451612635169159,0.48381466806635126,0.513572794987302,0.5144879657916336,0.5451612635169159
fIntestine_Sm-DS16822.hotspot.twopass.fdr0.05.merge.bed,fBrain-DS14718.hotspot.twopass.fdr0.05.merge.bed,hyperloglog,B,21,NA,8,40,0.3571128845214844,0.2013026683601516,0.3204886148932487,0.35119654876232914,0.3354914238369263,0.3358425818277889,0.35119654876232914
fIntestine_Sm-DS16822.hotspot.twopass.fdr0.05.merge.bed,fBrain-DS16302.hotspot.twopass.fdr0.05.merge.bed,hyperloglog,B,21,NA,8,40,0.34011268615722656,0.18238033710290782,0.3308296936480229,0.2889886143610458,0.30920222307873435,0.30990915400453434,0.3308296936480229
fIntestine_Sm-DS16822.hotspot.twopass.fdr0.05.merge.bed,fHeart-DS15643.hotspot.twopass.fdr0.05.merge.bed,hyperloglog,B,21,NA,8,40,0.4097294807434082,0.2599064079158481,0.4161740600761986,0.4090484678089353,0.41259588172447,0.412611263942567,0.4161740600761986
fIntestine_Sm-DS16822.hotspot.twopass.fdr0.05.merge.bed,fHeart-DS15839.hotspot.twopass.fdr0.05.merge.bed,hyperloglog,B,21,NA,8,40,0.3881087303161621,0.23641464737780138,0.4083952114533641,0.3595508427374186,0.38319556684281114,0.3839730270953914,0.4083952114533641
fIntestine_Sm-DS16822.hotspot.twopass.fdr0.05.merge.bed,fHeart-DS16621.hotspot.twopass.fdr0.05.merge.bed,hyperloglog,B,21,NA,8,40,0.39695072174072266,0.2489236543563091,0.4535076682205546,0.35558569452824423,0.40157295623347256,0.4045466813743994,0.4535076682205546
fIntestine_Sm-DS16822.hotspot.twopass.fdr0.05.merge.bed,fIntestine_Sm-DS16559.hotspot.twopass.fdr0.05.merge.bed,hyperloglog,B,21,NA,8,40,0.7008914947509766,0.6078727349548771,0.8033392751926166,0.7141443567598559,0.757430003328598,0.7587418159762362,0.8033392751926166
fIntestine_Sm-DS16822.hotspot.twopass.fdr0.05.merge.bed,fIntestine_Sm-DS16712.hg19.hotspot.twopass.fdr0.05.merge.bed,hyperloglog,B,21,NA,8,40,0.5864481925964355,0.48203208522280117,0.5308394424057312,0.8398125396750523,0.6676867680929778,0.6853259910403917,0.8398125396750523
fIntestine_Sm-DS16822.hotspot.twopass.fdr0.05.merge.bed,fIntestine_Sm-DS16822.hotspot.twopass.fdr0.05.merge.bed,hyperloglog,B,21,NA,8,40,1.0,1.0,1.0,1.0,1.0,1.0,1.0
fIntestine_Sm-DS16822.hotspot.twopass.fdr0.05.merge.bed,fIntestine_Sm-DS17808.hg19.hotspot.twopass.fdr0.05.merge.bed,hyperloglog,B,21,NA,8,40,0.6949105262756348,0.59873509800255,0.741304989899699,0.7568789314613427,0.7490514859755941,0.7490919606805209,0.7568789314613427
fIntestine_Sm-DS16822.hotspot.twopass.fdr0.05.merge.bed,fIntestine_Sm-DS18495.hg19.hotspot.twopass.fdr0.05.merge.bed,hyperloglog,B,21,NA,8,40,0.6696929931640625,0.5700132677643253,0.6761773751183145,0.7840411641837155,0.7281146176134993,0.730109269651015,0.7840411641837155
fIntestine_Sm-DS16822.hotspot.twopass.fdr0.05.merge.bed,fKidney_renal_cortex_L-DS17550.hg19.hotspot.twopass.fdr0.05.merge.bed,hyperloglog,B,21,NA,8,40,0.43361330032348633,0.28966610041221663,0.498470610562223,0.4088116272346065,0.45142062583866305,0.45364111889841474,0.498470610562223
fIntestine_Sm-DS16822.hotspot.twopass.fdr0.05.merge.bed,fLung_L-DS17154.hg19.hotspot.twopass.fdr0.05.merge.bed,hyperloglog,B,21,NA,8,40,0.4262528419494629,0.28547367359870635,0.5308456286181278,0.38180133838443653,0.450197258412275,0.45632348350128216,0.5308456286181278
fIntestine_Sm-DS16822.hotspot.twopass.fdr0.05.merge.bed,fLung_L-DS18421.hg19.hotspot.twopass.fdr0.05.merge.bed,hyperloglog,B,21,NA,8,40,0.4427642822265625,0.3002531096260958,0.5167591738969088,0.41746925425766807,0.46446858554433057,0.4671142140772885,0.5167591738969088
fIntestine_Sm-DS16822.hotspot.twopass.fdr0.05.merge.bed,fLung_R-DS15632.hotspot.twopass.fdr0.05.merge.bed,hyperloglog,B,21,NA,8,40,0.43670129776000977,0.2904598219391197,0.4581662632156324,0.4424381006952957,0.4502335075266892,0.45030218195546406,0.4581662632156324
fIntestine_Sm-DS16822.hotspot.twopass.fdr0.05.merge.bed,fMuscle_arm-DS19053.hg19.hotspot.twopass.fdr0.05.merge.bed,hyperloglog,B,21,NA,8,40,0.4066004753112793,0.2563873318666002,0.422406559674372,0.3947948298584385,0.4083673907864486,0.40860069476640526,0.422406559674372
fIntestine_Sm-DS16822.hotspot.twopass.fdr0.05.merge.bed,fMuscle_back-DS18454.hg19.hotspot.twopass.fdr0.05.merge.bed,hyperloglog,B,21,NA,8,40,0.40847110748291016,0.2589840863360505,0.4272993505470637,0.3966740630609822,0.41170203973847724,0.41198670680402294,0.4272993505470637
fIntestine_Sm-DS16822.hotspot.twopass.fdr0.05.merge.bed,fMuscle_leg-DS19115.hg19.hotspot.twopass.fdr0.05.merge.bed,hyperloglog,B,21,NA,8,40,0.4059562683105469,0.2558836691038993,0.4169189277279099,0.3984892443665261,0.4075999367914538,0.407704086047218,0.4169189277279099
fIntestine_Sm-DS16822.hotspot.twopass.fdr0.05.merge.bed,fMuscle_leg-DS19158.hg19.hotspot.twopass.fdr0.05.merge.bed,hyperloglog,B,21,NA,8,40,0.3865509033203125,0.23787185502676617,0.44432789377781845,0.3385980837338892,0.38787700806142716,0.39146298875585384,0.44432789377781845
fIntestine_Sm-DS16822.hotspot.twopass.fdr0.05.merge.bed,fSkin_fibro_bicep_R-DS19745.hg19.hotspot.twopass.fdr0.05.merge.bed,hyperloglog,B,21,NA,8,40,0.33251333236694336,0.18408750415455236,0.2554224681255345,0.39727992346101476,0.3185501822117448,0.32635119579327465,0.39727992346101476
fIntestine_Sm-DS16822.hotspot.twopass.fdr0.05.merge.bed,fStomach-DS17659.hg19.hotspot.twopass.fdr0.05.merge.bed,hyperloglog,B,21,NA,8,40,0.4862027168273926,0.35528783371092565,0.4488627982096744,0.6302122268979666,0.5318635385428968,0.5395375125538205,0.6302122268979666
fIntestine_Sm-DS17808.hg19.hotspot.twopass.fdr0.05.merge.bed,fBrain-DS14718.hotspot.twopass.fdr0.05.merge.bed,hyperloglog,B,21,NA,8,40,0.36998558044433594,0.21517254304331673,0.34205519278054536,0.367116858420679,0.3543645408051905,0.35458602560061214,0.367116858420679
fIntestine_Sm-DS17808.hg19.hotspot.twopass.fdr0.05.merge.bed,fBrain-DS16302.hotspot.twopass.fdr0.05.merge.bed,hyperloglog,B,21,NA,8,40,0.34751272201538086,0.19059226563363627,0.34719123114175754,0.2970403889331328,0.32113831651255953,0.32211581003744516,0.34719123114175754
fIntestine_Sm-DS17808.hg19.hotspot.twopass.fdr0.05.merge.bed,fHeart-DS15643.hotspot.twopass.fdr0.05.merge.bed,hyperloglog,B,21,NA,8,40,0.42714500427246094,0.28027411973364963,0.44632737965383784,0.4296588870622261,0.43791383308530873,0.43799313335803197,0.44632737965383784
fIntestine_Sm-DS17808.hg19.hotspot.twopass.fdr0.05.merge.bed,fHeart-DS15839.hotspot.twopass.fdr0.05.merge.bed,hyperloglog,B,21,NA,8,40,0.4107394218444824,0.26277920036419883,0.44942707490876277,0.38753364132749685,0.41733453110251795,0.4184803581181298,0.44942707490876277
fIntestine_Sm-DS17808.hg19.hotspot.twopass.fdr0.05.merge.bed,fHeart-DS16621.hotspot.twopass.fdr0.05.merge.bed,hyperloglog,B,21,NA,8,40,0.40828561782836914,0.26313577326334797,0.47958818143926935,0.36829737642002114,0.4202749921017571,0.42394277892964527,0.47958818143926935
fIntestine_Sm-DS17808.hg19.hotspot.twopass.fdr0.05.merge.bed,fIntestine_Sm-DS16559.hotspot.twopass.fdr0.05.merge.bed,hyperloglog,B,21,NA,8,40,0.675386905670166,0.57633931657094,0.7855431335347146,0.6839550373751484,0.7329912572851923,0.7347490854549314,0.7855431335347146
fIntestine_Sm-DS17808.hg19.hotspot.twopass.fdr0.05.merge.bed,fIntestine_Sm-DS16712.hg19.hotspot.twopass.fdr0.05.merge.bed,hyperloglog,B,21,NA,8,40,0.6218423843383789,0.523875437771347,0.5656434334499161,0.8764606601368414,0.7041052599459707,0.7210520467933788,0.8764606601368414
fIntestine_Sm-DS17808.hg19.hotspot.twopass.fdr0.05.merge.bed,fIntestine_Sm-DS16822.hotspot.twopass.fdr0.05.merge.bed,hyperloglog,B,21,NA,8,40,0.6949105262756348,0.59873509800255,0.7568789314613427,0.741304989899699,0.7490514859755941,0.7490919606805209,0.7568789314613427
fIntestine_Sm-DS17808.hg19.hotspot.twopass.fdr0.05.merge.bed,fIntestine_Sm-DS17808.hg19.hotspot.twopass.fdr0.05.merge.bed,hyperloglog,B,21,NA,8,40,1.0,1.0,1.0,1.0,1.0,1.0,1.0
fIntestine_Sm-DS17808.hg19.hotspot.twopass.fdr0.05.merge.bed,fIntestine_Sm-DS18495.hg19.hotspot.twopass.fdr0.05.merge.bed,hyperloglog,B,21,NA,8,40,0.6453580856323242,0.5385864604090539,0.6582897888506227,0.7475940828667522,0.7015223096640115,0.7029419358586875,0.7475940828667522
fIntestine_Sm-DS17808.hg19.hotspot.twopass.fdr0.05.merge.bed,fKidney_renal_cortex_L-DS17550.hg19.hotspot.twopass.fdr0.05.merge.bed,hyperloglog,B,21,NA,8,40,0.4523749351501465,0.3122966297967686,0.5342426733902034,0.42913384080334965,0.47881270905541706,0.48168825709677654,0.5342426733902034
fIntestine_Sm-DS17808.hg19.hotspot.twopass.fdr0.05.merge.bed,fLung_L-DS17154.hg19.hotspot.twopass.fdr0.05.merge.bed,hyperloglog,B,21,NA,8,40,0.44237613677978516,0.3054713780106147,0.5661655003434525,0.3988256760114245,0.47518558312392417,0.4824955881774385,0.5661655003434525
fIntestine_Sm-DS17808.hg19.hotspot.twopass.fdr0.05.merge.bed,fLung_L-DS18421.hg19.hotspot.twopass.fdr0.05.merge.bed,hyperloglog,B,21,NA,8,40,0.45516347885131836,0.3155553383020978,0.543016156241956,0.42965469236541826,0.48302115850093924,0.48633542430368715,0.543016156241956
fIntestine_Sm-DS17808.hg19.hotspot.twopass.fdr0.05.merge.bed,fLung_R-DS15632.hotspot.twopass.fdr0.05.merge.bed,hyperloglog,B,21,NA,8,40,0.4514427185058594,0.3076714447549883,0.4840465472755479,0.45781186715142064,0.4707464854849338,0.4709292072134843,0.4840465472755479
fIntestine_Sm-DS17808.hg19.hotspot.twopass.fdr0.05.merge.bed,fMuscle_arm-DS19053.hg19.hotspot.twopass.fdr0.05.merge.bed,hyperloglog,B,21,NA,8,40,0.42198657989501953,0.2737536919058238,0.4497000069903118,0.41165576723418873,0.4302575988902658,0.4306778871122503,0.4497000069903118
fIntestine_Sm-DS17808.hg19.hotspot.twopass.fdr0.05.merge.bed,fMuscle_back-DS18454.hg19.hotspot.twopass.fdr0.05.merge.bed,hyperloglog,B,21,NA,8,40,0.4226508140563965,0.2750771329841546,0.45300542589011517,0.41188453214085774,0.43195593282187955,0.43244497901548645,0.45300542589011517
fIntestine_Sm-DS17808.hg19.hotspot.twopass.fdr0.05.merge.bed,fMuscle_leg-DS19115.hg19.hotspot.twopass.fdr0.05.merge.bed,hyperloglog,B,21,NA,8,40,0.4202718734741211,0.272172039417162,0.4424827612695096,0.4142207536090258,0.42811860836929166,0.4283517574392677,0.4424827612695096
fIntestine_Sm-DS17808.hg19.hotspot.twopass.fdr0.05.merge.bed,fMuscle_leg-DS19158.hg19.hotspot.twopass.fdr0.05.merge.bed,hyperloglog,B,21,NA,8,40,0.39479875564575195,0.2476965543095786,0.4645095545288531,0.34669380108213677,0.40130111275522046,0.40560167780549494,0.4645095545288531
fIntestine_Sm-DS17808.hg19.hotspot.twopass.fdr0.05.merge.bed,fSkin_fibro_bicep_R-DS19745.hg19.hotspot.twopass.fdr0.05.merge.bed,hyperloglog,B,21,NA,8,40,0.3337898254394531,0.18481742539367185,0.2583842145206458,0.39361714437534906,0.3189113617782913,0.32600067944799743,0.39361714437534906
fIntestine_Sm-DS17808.hg19.hotspot.twopass.fdr0.05.merge.bed,fStomach-DS17659.hg19.hotspot.twopass.fdr0.05.merge.bed,hyperloglog,B,21,NA,8,40,0.492063045501709,0.3612805915491875,0.45839579273298586,0.6303537521317769,0.5375420987333531,0.5443747724323814,0.6303537521317769
fIntestine_Sm-DS18495.hg19.hotspot.twopass.fdr0.05.merge.bed,fBrain-DS14718.hotspot.twopass.fdr0.05.merge.bed,hyperloglog,B,21,NA,8,40,0.3478250503540039,0.1910984060801486,0.3302045329972013,0.3120631115373862,0.3210056915552373,0.32113382226729376,0.3302045329972013
fIntestine_Sm-DS18495.hg19.hotspot.twopass.fdr0.05.merge.bed,fBrain-DS16302.hotspot.twopass.fdr0.05.merge.bed,hyperloglog,B,21,NA,8,40,0.3297739028930664,0.17477764554716255,0.3462592114520876,0.260855114299377,0.3005386600431739,0.3035571628757323,0.3462592114520876
fIntestine_Sm-DS18495.hg19.hotspot.twopass.fdr0.05.merge.bed,fHeart-DS15643.hotspot.twopass.fdr0.05.merge.bed,hyperloglog,B,21,NA,8,40,0.3970365524291992,0.24740959421273304,0.43232256968917937,0.3664624172607214,0.3980326292211021,0.39939249347495037,0.43232256968917937
fIntestine_Sm-DS18495.hg19.hotspot.twopass.fdr0.05.merge.bed,fHeart-DS15839.hotspot.twopass.fdr0.05.merge.bed,hyperloglog,B,21,NA,8,40,0.3712038993835449,0.2220856879360827,0.42106797787491046,0.31970811124133103,0.3669044124981249,0.37038804455812074,0.42106797787491046
fIntestine_Sm-DS18495.hg19.hotspot.twopass.fdr0.05.merge.bed,fHeart-DS16621.hotspot.twopass.fdr0.05.merge.bed,hyperloglog,B,21,NA,8,40,0.3799710273742676,0.23544556918887627,0.4724043055208199,0.31944438835169253,0.3884673788515638,0.3959243469362562,0.4724043055208199
fIntestine_Sm-DS18495.hg19.hotspot.twopass.fdr0.05.merge.bed,fIntestine_Sm-DS16559.hotspot.twopass.fdr0.05.merge.bed,hyperloglog,B,21,NA,8,40,0.6542062759399414,0.5548493961399632,0.8223062251667231,0.6304379627764595,0.7200090703404434,0.7263720939715913,0.8223062251667231
fIntestine_Sm-DS18495.hg19.hotspot.twopass.fdr0.05.merge.bed,fIntestine_Sm-DS16712.hg19.hotspot.twopass.fdr0.05.merge.bed,hyperloglog,B,21,NA,8,40,0.5922050476074219,0.48044904988356896,0.5623846246534803,0.7673162219554666,0.6569070295520909,0.6648504233044734,0.7673162219554666
fIntestine_Sm-DS18495.hg19.hotspot.twopass.fdr0.05.merge.bed,fIntestine_Sm-DS16822.hotspot.twopass.fdr0.05.merge.bed,hyperloglog,B,21,NA,8,40,0.6696929931640625,0.5700132677643253,0.7840411641837155,0.6761773751183145,0.7281146176134993,0.730109269651015,0.7840411641837155
fIntestine_Sm-DS18495.hg19.hotspot.twopass.fdr0.05.merge.bed,fIntestine_Sm-DS17808.hg19.hotspot.twopass.fdr0.05.merge.bed,hyperloglog,B,21,NA,8,40,0.6453580856323242,0.5385864604090539,0.7475940828667522,0.6582897888506227,0.7015223096640115,0.7029419358586875,0.7475940828667522
fIntestine_Sm-DS18495.hg19.hotspot.twopass.fdr0.05.merge.bed,fIntestine_Sm-DS18495.hg19.hotspot.twopass.fdr0.05.merge.bed,hyperloglog,B,21,NA,8,40,1.0,1.0,1.0,1.0,1.0,1.0,1.0
fIntestine_Sm-DS18495.hg19.hotspot.twopass.fdr0.05.merge.bed,fKidney_renal_cortex_L-DS17550.hg19.hotspot.twopass.fdr0.05.merge.bed,hyperloglog,B,21,NA,8,40,0.41251373291015625,0.2704933893071236,0.5139127323553834,0.36349197696041613,0.4322073056635988,0.43870235465789975,0.5139127323553834
fIntestine_Sm-DS18495.hg19.hotspot.twopass.fdr0.05.merge.bed,fLung_L-DS17154.hg19.hotspot.twopass.fdr0.05.merge.bed,hyperloglog,B,21,NA,8,40,0.3997211456298828,0.2619891391826862,0.5422855009891403,0.3363713237260645,0.4270940081588235,0.4393284123576024,0.5422855009891403
fIntestine_Sm-DS18495.hg19.hotspot.twopass.fdr0.05.merge.bed,fLung_L-DS18421.hg19.hotspot.twopass.fdr0.05.merge.bed,hyperloglog,B,21,NA,8,40,0.41935253143310547,0.27876421499582454,0.5308826977843827,0.3698764174182292,0.4431263818887473,0.45037955760130594,0.5308826977843827
fIntestine_Sm-DS18495.hg19.hotspot.twopass.fdr0.05.merge.bed,fLung_R-DS15632.hotspot.twopass.fdr0.05.merge.bed,hyperloglog,B,21,NA,8,40,0.4208841323852539,0.274013361651334,0.4733325894905069,0.3942008802977346,0.4319584742203399,0.43376673489412076,0.4733325894905069
fIntestine_Sm-DS18495.hg19.hotspot.twopass.fdr0.05.merge.bed,fMuscle_arm-DS19053.hg19.hotspot.twopass.fdr0.05.merge.bed,hyperloglog,B,21,NA,8,40,0.3959321975708008,0.24669080080661207,0.4433652590861842,0.35737505321559343,0.3980548744329988,0.4003701561508888,0.4433652590861842
fIntestine_Sm-DS18495.hg19.hotspot.twopass.fdr0.05.merge.bed,fMuscle_back-DS18454.hg19.hotspot.twopass.fdr0.05.merge.bed,hyperloglog,B,21,NA,8,40,0.39652347564697266,0.2478529190939278,0.4467123828345386,0.3576443211158984,0.3997050748901293,0.4021783519752185,0.4467123828345386
fIntestine_Sm-DS18495.hg19.hotspot.twopass.fdr0.05.merge.bed,fMuscle_leg-DS19115.hg19.hotspot.twopass.fdr0.05.merge.bed,hyperloglog,B,21,NA,8,40,0.39603185653686523,0.2467369057801794,0.43799530511353185,0.36104074555428306,0.39766084985508093,0.39951802533390746,0.43799530511353185
fIntestine_Sm-DS18495.hg19.hotspot.twopass.fdr0.05.merge.bed,fMuscle_leg-DS19158.hg19.hotspot.twopass.fdr0.05.merge.bed,hyperloglog,B,21,NA,8,40,0.3745083808898926,0.23021164491276064,0.4718693039482268,0.3101161721966525,0.3825366679385427,0.3909927380724396,0.4718693039482268
fIntestine_Sm-DS18495.hg19.hotspot.twopass.fdr0.05.merge.bed,fSkin_fibro_bicep_R-DS19745.hg19.hotspot.twopass.fdr0.05.merge.bed,hyperloglog,B,21,NA,8,40,0.3368253707885742,0.18335409921744336,0.27045361676423946,0.3627873082949537,0.3132365554090605,0.3166204625295966,0.3627873082949537
fIntestine_Sm-DS18495.hg19.hotspot.twopass.fdr0.05.merge.bed,fStomach-DS17659.hg19.hotspot.twopass.fdr0.05.merge.bed,hyperloglog,B,21,NA,8,40,0.4748263359069824,0.3369603871954794,0.4601793681739874,0.5572141366513186,0.5063777733489274,0.508696752412653,0.5572141366513186
fKidney_renal_cortex_L-DS17550.hg19.hotspot.twopass.fdr0.05.merge.bed,fBrain-DS14718.hotspot.twopass.fdr0.05.merge.bed,hyperloglog,B,21,NA,8,40,0.40625953674316406,0.2602553992394884,0.3610665291197001,0.48243763839462406,0.4173632513912214,0.4217520837571621,0.48243763839462406
fKidney_renal_cortex_L-DS17550.hg19.hotspot.twopass.fdr0.05.merge.bed,fBrain-DS16302.hotspot.twopass.fdr0.05.merge.bed,hyperloglog,B,21,NA,8,40,0.3897862434387207,0.23787120820432378,0.37257701706492147,0.39683377615549875,0.3845141669569854,0.3847053966102101,0.39683377615549875
fKidney_renal_cortex_L-DS17550.hg19.hotspot.twopass.fdr0.05.merge.bed,fHeart-DS15643.hotspot.twopass.fdr0.05.merge.bed,hyperloglog,B,21,NA,8,40,0.4473233222961426,0.3044689888383514,0.4281616100351202,0.5131257463679567,0.4687224612874628,0.47064367820153846,0.5131257463679567
fKidney_renal_cortex_L-DS17550.hg19.hotspot.twopass.fdr0.05.merge.bed,fHeart-DS15839.hotspot.twopass.fdr0.05.merge.bed,hyperloglog,B,21,NA,8,40,0.42514801025390625,0.27725603246040353,0.41928367709999126,0.4500947462843595,0.43441613720658895,0.4346892116921754,0.4500947462843595
fKidney_renal_cortex_L-DS17550.hg19.hotspot.twopass.fdr0.05.merge.bed,fHeart-DS16621.hotspot.twopass.fdr0.05.merge.bed,hyperloglog,B,21,NA,8,40,0.4419112205505371,0.2960504401765088,0.4673535288203354,0.446808565917113,0.45696560044331147,0.4570810473687242,0.4673535288203354
fKidney_renal_cortex_L-DS17550.hg19.hotspot.twopass.fdr0.05.merge.bed,fIntestine_Sm-DS16559.hotspot.twopass.fdr0.05.merge.bed,hyperloglog,B,21,NA,8,40,0.4561638832092285,0.3130420306718805,0.45835810062380283,0.49683048761623283,0.47720674621779424,0.47759429412001786,0.49683048761623283
fKidney_renal_cortex_L-DS17550.hg19.hotspot.twopass.fdr0.05.merge.bed,fIntestine_Sm-DS16712.hg19.hotspot.twopass.fdr0.05.merge.bed,hyperloglog,B,21,NA,8,40,0.3964195251464844,0.2697023534909641,0.32252905355573974,0.6221632166548502,0.44795726740938524,0.472346135105295,0.6221632166548502
fKidney_renal_cortex_L-DS17550.hg19.hotspot.twopass.fdr0.05.merge.bed,fIntestine_Sm-DS16822.hotspot.twopass.fdr0.05.merge.bed,hyperloglog,B,21,NA,8,40,0.43361330032348633,0.28966610041221663,0.4088116272346065,0.498470610562223,0.45142062583866305,0.45364111889841474,0.498470610562223
fKidney_renal_cortex_L-DS17550.hg19.hotspot.twopass.fdr0.05.merge.bed,fIntestine_Sm-DS17808.hg19.hotspot.twopass.fdr0.05.merge.bed,hyperloglog,B,21,NA,8,40,0.4523749351501465,0.3122966297967686,0.42913384080334965,0.5342426733902034,0.47881270905541706,0.48168825709677654,0.5342426733902034
fKidney_renal_cortex_L-DS17550.hg19.hotspot.twopass.fdr0.05.merge.bed,fIntestine_Sm-DS18495.hg19.hotspot.twopass.fdr0.05.merge.bed,hyperloglog,B,21,NA,8,40,0.41251373291015625,0.2704933893071236,0.36349197696041613,0.5139127323553834,0.4322073056635988,0.43870235465789975,0.5139127323553834
fKidney_renal_cortex_L-DS17550.hg19.hotspot.twopass.fdr0.05.merge.bed,fKidney_renal_cortex_L-DS17550.hg19.hotspot.twopass.fdr0.05.merge.bed,hyperloglog,B,21,NA,8,40,1.0,1.0,1.0,1.0,1.0,1.0,1.0
fKidney_renal_cortex_L-DS17550.hg19.hotspot.twopass.fdr0.05.merge.bed,fLung_L-DS17154.hg19.hotspot.twopass.fdr0.05.merge.bed,hyperloglog,B,21,NA,8,40,0.5182290077209473,0.38574904990632447,0.59578896205807,0.5224899874803955,0.5579370639477887,0.5591394747692328,0.59578896205807
fKidney_renal_cortex_L-DS17550.hg19.hotspot.twopass.fdr0.05.merge.bed,fLung_L-DS18421.hg19.hotspot.twopass.fdr0.05.merge.bed,hyperloglog,B,21,NA,8,40,0.5164036750793457,0.38280285591579893,0.5578673259877909,0.5495200526721751,0.5536779590708811,0.553693689329983,0.5578673259877909
fKidney_renal_cortex_L-DS17550.hg19.hotspot.twopass.fdr0.05.merge.bed,fLung_R-DS15632.hotspot.twopass.fdr0.05.merge.bed,hyperloglog,B,21,NA,8,40,0.500053882598877,0.3653184143212871,0.49481383932953044,0.5826229240682701,0.536926331948451,0.5387183816989003,0.5826229240682701
fKidney_renal_cortex_L-DS17550.hg19.hotspot.twopass.fdr0.05.merge.bed,fMuscle_arm-DS19053.hg19.hotspot.twopass.fdr0.05.merge.bed,hyperloglog,B,21,NA,8,40,0.4751777648925781,0.3360435216876176,0.47222924894724017,0.5381582520766441,0.504117116544274,0.5051937505119422,0.5381582520766441
fKidney_renal_cortex_L-DS17550.hg19.hotspot.twopass.fdr0.05.merge.bed,fMuscle_back-DS18454.hg19.hotspot.twopass.fdr0.05.merge.bed,hyperloglog,B,21,NA,8,40,0.46960973739624023,0.32962758521595487,0.46692560574025616,0.528525056331247,0.49677145859677824,0.49772533103575156,0.528525056331247
fKidney_renal_cortex_L-DS17550.hg19.hotspot.twopass.fdr0.05.merge.bed,fMuscle_leg-DS19115.hg19.hotspot.twopass.fdr0.05.merge.bed,hyperloglog,B,21,NA,8,40,0.46992063522338867,0.33023729211644803,0.461272120787272,0.5375743232318566,0.49796390246476796,0.4994232220095643,0.5375743232318566
fKidney_renal_cortex_L-DS17550.hg19.hotspot.twopass.fdr0.05.merge.bed,fMuscle_leg-DS19158.hg19.hotspot.twopass.fdr0.05.merge.bed,hyperloglog,B,21,NA,8,40,0.46257925033569336,0.3205968078492453,0.5040379130867074,0.468339125963985,0.4858607574889534,0.48618851952534625,0.5040379130867074
fKidney_renal_cortex_L-DS17550.hg19.hotspot.twopass.fdr0.05.merge.bed,fSkin_fibro_bicep_R-DS19745.hg19.hotspot.twopass.fdr0.05.merge.bed,hyperloglog,B,21,NA,8,40,0.31999778747558594,0.18140988834596788,0.23452043847679133,0.44476902831534354,0.3229666043748344,0.33964473339606743,0.44476902831534354
fKidney_renal_cortex_L-DS17550.hg19.hotspot.twopass.fdr0.05.merge.bed,fStomach-DS17659.hg19.hotspot.twopass.fdr0.05.merge.bed,hyperloglog,B,21,NA,8,40,0.44225072860717773,0.31532205605150543,0.37976367276842593,0.6501341057752742,0.496887628947667,0.5149488892718501,0.6501341057752742
fLung_L-DS17154.hg19.hotspot.twopass.fdr0.05.merge.bed,fBrain-DS14718.hotspot.twopass.fdr0.05.merge.bed,hyperloglog,B,21,NA,8,40,0.3956899642944336,0.2540001419347978,0.3354956794480791,0.5111582373119906,0.4141151773751703,0.42332695838003487,0.5111582373119906
fLung_L-DS17154.hg19.hotspot.twopass.fdr0.05.merge.bed,fBrain-DS16302.hotspot.twopass.fdr0.05.merge.bed,hyperloglog,B,21,NA,8,40,0.407010555267334,0.2595540497076573,0.37573777819250814,0.456343545021037,0.41408394040181906,0.41604066160677255,0.456343545021037
fLung_L-DS17154.hg19.hotspot.twopass.fdr0.05.merge.bed,fHeart-DS15643.hotspot.twopass.fdr0.05.merge.bed,hyperloglog,B,21,NA,8,40,0.45888805389404297,0.3217563804793289,0.4215642581879339,0.576095316397879,0.49280949128726703,0.4988297872929065,0.576095316397879
fLung_L-DS17154.hg19.hotspot.twopass.fdr0.05.merge.bed,fHeart-DS15839.hotspot.twopass.fdr0.05.merge.bed,hyperloglog,B,21,NA,8,40,0.43369054794311523,0.28928493133235783,0.40767793655460616,0.4990311745377632,0.45104766878011554,0.45335455554618465,0.4990311745377632
fLung_L-DS17154.hg19.hotspot.twopass.fdr0.05.merge.bed,fHeart-DS16621.hotspot.twopass.fdr0.05.merge.bed,hyperloglog,B,21,NA,8,40,0.46209716796875,0.3196504632102413,0.46441433475080846,0.5062861665287584,0.4848984978549535,0.48535025063978343,0.5062861665287584
fLung_L-DS17154.hg19.hotspot.twopass.fdr0.05.merge.bed,fIntestine_Sm-DS16559.hotspot.twopass.fdr0.05.merge.bed,hyperloglog,B,21,NA,8,40,0.4545559883117676,0.31405716291307123,0.4323625506749603,0.5343992965560309,0.4806810199476052,0.4833809236154956,0.5343992965560309
fLung_L-DS17154.hg19.hotspot.twopass.fdr0.05.merge.bed,fIntestine_Sm-DS16712.hg19.hotspot.twopass.fdr0.05.merge.bed,hyperloglog,B,21,NA,8,40,0.3723926544189453,0.2520113053084087,0.2927937448815461,0.6440384024475093,0.4342469524362083,0.4684160736645277,0.6440384024475093
fLung_L-DS17154.hg19.hotspot.twopass.fdr0.05.merge.bed,fIntestine_Sm-DS16822.hotspot.twopass.fdr0.05.merge.bed,hyperloglog,B,21,NA,8,40,0.4262528419494629,0.28547367359870635,0.38180133838443653,0.5308456286181278,0.450197258412275,0.45632348350128216,0.5308456286181278
fLung_L-DS17154.hg19.hotspot.twopass.fdr0.05.merge.bed,fIntestine_Sm-DS17808.hg19.hotspot.twopass.fdr0.05.merge.bed,hyperloglog,B,21,NA,8,40,0.44237613677978516,0.3054713780106147,0.3988256760114245,0.5661655003434525,0.47518558312392417,0.4824955881774385,0.5661655003434525
fLung_L-DS17154.hg19.hotspot.twopass.fdr0.05.merge.bed,fIntestine_Sm-DS18495.hg19.hotspot.twopass.fdr0.05.merge.bed,hyperloglog,B,21,NA,8,40,0.3997211456298828,0.2619891391826862,0.3363713237260645,0.5422855009891403,0.4270940081588235,0.4393284123576024,0.5422855009891403
fLung_L-DS17154.hg19.hotspot.twopass.fdr0.05.merge.bed,fKidney_renal_cortex_L-DS17550.hg19.hotspot.twopass.fdr0.05.merge.bed,hyperloglog,B,21,NA,8,40,0.5182290077209473,0.38574904990632447,0.5224899874803955,0.59578896205807,0.5579370639477887,0.5591394747692328,0.59578896205807
fLung_L-DS17154.hg19.hotspot.twopass.fdr0.05.merge.bed,fLung_L-DS17154.hg19.hotspot.twopass.fdr0.05.merge.bed,hyperloglog,B,21,NA,8,40,1.0,1.0,1.0,1.0,1.0,1.0,1.0
fLung_L-DS17154.hg19.hotspot.twopass.fdr0.05.merge.bed,fLung_L-DS18421.hg19.hotspot.twopass.fdr0.05.merge.bed,hyperloglog,B,21,NA,8,40,0.7164812088012695,0.6269014890056888,0.7283953141658767,0.8181524646938837,0.771970479718161,0.7732738894298802,0.8181524646938837
fLung_L-DS17154.hg19.hotspot.twopass.fdr0.05.merge.bed,fLung_R-DS15632.hotspot.twopass.fdr0.05.merge.bed,hyperloglog,B,21,NA,8,40,0.6851592063903809,0.5938851643266766,0.6501164456156624,0.8728736100746276,0.7533057074345239,0.761495027845145,0.8728736100746276
fLung_L-DS17154.hg19.hotspot.twopass.fdr0.05.merge.bed,fMuscle_arm-DS19053.hg19.hotspot.twopass.fdr0.05.merge.bed,hyperloglog,B,21,NA,8,40,0.5077695846557617,0.37639233160082836,0.48390230262155104,0.6288242628474395,0.551624427247539,0.5563632827344953,0.6288242628474395
fLung_L-DS17154.hg19.hotspot.twopass.fdr0.05.merge.bed,fMuscle_back-DS18454.hg19.hotspot.twopass.fdr0.05.merge.bed,hyperloglog,B,21,NA,8,40,0.49644041061401367,0.3638628817009734,0.47348570105747556,0.6111379301693468,0.5379266411965926,0.5423118156134112,0.6111379301693468
fLung_L-DS17154.hg19.hotspot.twopass.fdr0.05.merge.bed,fMuscle_leg-DS19115.hg19.hotspot.twopass.fdr0.05.merge.bed,hyperloglog,B,21,NA,8,40,0.4994525909423828,0.368912046593747,0.47228519635945093,0.6276248399052733,0.5444427616882521,0.5499550181323621,0.6276248399052733
fLung_L-DS17154.hg19.hotspot.twopass.fdr0.05.merge.bed,fMuscle_leg-DS19158.hg19.hotspot.twopass.fdr0.05.merge.bed,hyperloglog,B,21,NA,8,40,0.5071625709533691,0.3719854597986849,0.5270260333211504,0.5583979115259476,0.5424852406529922,0.542711972423549,0.5583979115259476
fLung_L-DS17154.hg19.hotspot.twopass.fdr0.05.merge.bed,fSkin_fibro_bicep_R-DS19745.hg19.hotspot.twopass.fdr0.05.merge.bed,hyperloglog,B,21,NA,8,40,0.31464195251464844,0.18415549271079154,0.22742934579556062,0.4918297811182656,0.334449585681461,0.3596295634569131,0.4918297811182656
fLung_L-DS17154.hg19.hotspot.twopass.fdr0.05.merge.bed,fStomach-DS17659.hg19.hotspot.twopass.fdr0.05.merge.bed,hyperloglog,B,21,NA,8,40,0.44901514053344727,0.33243008768631915,0.3772977680227183,0.7365262795334384,0.5271524650023397,0.5569120237780784,0.7365262795334384
fLung_L-DS18421.hg19.hotspot.twopass.fdr0.05.merge.bed,fBrain-DS14718.hotspot.twopass.fdr0.05.merge.bed,hyperloglog,B,21,NA,8,40,0.40008544921875,0.25404708494211375,0.3519296480035583,0.4773722697994336,0.40987980540296726,0.41465095890149595,0.4773722697994336
fLung_L-DS18421.hg19.hotspot.twopass.fdr0.05.merge.bed,fBrain-DS16302.hotspot.twopass.fdr0.05.merge.bed,hyperloglog,B,21,NA,8,40,0.40207815170288086,0.25173077912626607,0.38709438767927534,0.41855913402533546,0.4025194302056796,0.4028267608523054,0.41855913402533546
fLung_L-DS18421.hg19.hotspot.twopass.fdr0.05.merge.bed,fHeart-DS15643.hotspot.twopass.fdr0.05.merge.bed,hyperloglog,B,21,NA,8,40,0.46344804763793945,0.32346699786915456,0.4452965374800455,0.5417672898987967,0.49116911376010014,0.4935319136894211,0.5417672898987967
fLung_L-DS18421.hg19.hotspot.twopass.fdr0.05.merge.bed,fHeart-DS15839.hotspot.twopass.fdr0.05.merge.bed,hyperloglog,B,21,NA,8,40,0.4318690299987793,0.28477214629461495,0.42504113310826447,0.46320616360446054,0.4437135028835296,0.44412364835636253,0.46320616360446054
fLung_L-DS18421.hg19.hotspot.twopass.fdr0.05.merge.bed,fHeart-DS16621.hotspot.twopass.fdr0.05.merge.bed,hyperloglog,B,21,NA,8,40,0.46045780181884766,0.3171097238720021,0.4888261068592717,0.4744361110761069,0.4815773635988161,0.4816311089676893,0.4888261068592717
fLung_L-DS18421.hg19.hotspot.twopass.fdr0.05.merge.bed,fIntestine_Sm-DS16559.hotspot.twopass.fdr0.05.merge.bed,hyperloglog,B,21,NA,8,40,0.46724510192871094,0.3257976228977643,0.46905313515012365,0.5161462197382578,0.4920365866113154,0.49259967744419075,0.5161462197382578
fLung_L-DS18421.hg19.hotspot.twopass.fdr0.05.merge.bed,fIntestine_Sm-DS16712.hg19.hotspot.twopass.fdr0.05.merge.bed,hyperloglog,B,21,NA,8,40,0.39472246170043945,0.2684780279257284,0.31973306972396054,0.6261385269495627,0.4474340099880903,0.47293579833676164,0.6261385269495627
fLung_L-DS18421.hg19.hotspot.twopass.fdr0.05.merge.bed,fIntestine_Sm-DS16822.hotspot.twopass.fdr0.05.merge.bed,hyperloglog,B,21,NA,8,40,0.4427642822265625,0.3002531096260958,0.41746925425766807,0.5167591738969088,0.46446858554433057,0.4671142140772885,0.5167591738969088
fLung_L-DS18421.hg19.hotspot.twopass.fdr0.05.merge.bed,fIntestine_Sm-DS17808.hg19.hotspot.twopass.fdr0.05.merge.bed,hyperloglog,B,21,NA,8,40,0.45516347885131836,0.3155553383020978,0.42965469236541826,0.543016156241956,0.48302115850093924,0.48633542430368715,0.543016156241956
fLung_L-DS18421.hg19.hotspot.twopass.fdr0.05.merge.bed,fIntestine_Sm-DS18495.hg19.hotspot.twopass.fdr0.05.merge.bed,hyperloglog,B,21,NA,8,40,0.41935253143310547,0.27876421499582454,0.3698764174182292,0.5308826977843827,0.4431263818887473,0.45037955760130594,0.5308826977843827
fLung_L-DS18421.hg19.hotspot.twopass.fdr0.05.merge.bed,fKidney_renal_cortex_L-DS17550.hg19.hotspot.twopass.fdr0.05.merge.bed,hyperloglog,B,21,NA,8,40,0.5164036750793457,0.38280285591579893,0.5495200526721751,0.5578673259877909,0.5536779590708811,0.553693689329983,0.5578673259877909
fLung_L-DS18421.hg19.hotspot.twopass.fdr0.05.merge.bed,fLung_L-DS17154.hg19.hotspot.twopass.fdr0.05.merge.bed,hyperloglog,B,21,NA,8,40,0.7164812088012695,0.6269014890056888,0.8181524646938837,0.7283953141658767,0.771970479718161,0.7732738894298802,0.8181524646938837
fLung_L-DS18421.hg19.hotspot.twopass.fdr0.05.merge.bed,fLung_L-DS18421.hg19.hotspot.twopass.fdr0.05.merge.bed,hyperloglog,B,21,NA,8,40,1.0,1.0,1.0,1.0,1.0,1.0,1.0
fLung_L-DS18421.hg19.hotspot.twopass.fdr0.05.merge.bed,fLung_R-DS15632.hotspot.twopass.fdr0.05.merge.bed,hyperloglog,B,21,NA,8,40,0.6861710548400879,0.5904321858182768,0.6818117008455914,0.8149999113853083,0.7454371038327937,0.7484058061154498,0.8149999113853083
fLung_L-DS18421.hg19.hotspot.twopass.fdr0.05.merge.bed,fMuscle_arm-DS19053.hg19.hotspot.twopass.fdr0.05.merge.bed,hyperloglog,B,21,NA,8,40,0.5008516311645508,0.3653320770035461,0.49886114251809915,0.5771439918537346,0.536576845543684,0.5380025671859169,0.5771439918537346
fLung_L-DS18421.hg19.hotspot.twopass.fdr0.05.merge.bed,fMuscle_back-DS18454.hg19.hotspot.twopass.fdr0.05.merge.bed,hyperloglog,B,21,NA,8,40,0.49407482147216797,0.35739463960410195,0.4924217636324805,0.5658515505934206,0.5278613629518512,0.5291366571129505,0.5658515505934206
fLung_L-DS18421.hg19.hotspot.twopass.fdr0.05.merge.bed,fMuscle_leg-DS19115.hg19.hotspot.twopass.fdr0.05.merge.bed,hyperloglog,B,21,NA,8,40,0.4965367317199707,0.3612022969953255,0.4896397761110391,0.5793024717801777,0.5325875820773684,0.5344711239456084,0.5793024717801777
fLung_L-DS18421.hg19.hotspot.twopass.fdr0.05.merge.bed,fMuscle_leg-DS19158.hg19.hotspot.twopass.fdr0.05.merge.bed,hyperloglog,B,21,NA,8,40,0.49286794662475586,0.3553642952458723,0.54014511259884,0.5095127637183888,0.5246054032596456,0.5248289381586144,0.54014511259884
fLung_L-DS18421.hg19.hotspot.twopass.fdr0.05.merge.bed,fSkin_fibro_bicep_R-DS19745.hg19.hotspot.twopass.fdr0.05.merge.bed,hyperloglog,B,21,NA,8,40,0.32868099212646484,0.19151124245968107,0.24421209495362062,0.4701845883610911,0.3388580282929236,0.35719834165735587,0.4701845883610911
fLung_L-DS18421.hg19.hotspot.twopass.fdr0.05.merge.bed,fStomach-DS17659.hg19.hotspot.twopass.fdr0.05.merge.bed,hyperloglog,B,21,NA,8,40,0.47663116455078125,0.35615346370978435,0.41372970514636176,0.719040934388809,0.5454251495602732,0.5663853197675854,0.719040934388809
fLung_R-DS15632.hotspot.twopass.fdr0.05.merge.bed,fBrain-DS14718.hotspot.twopass.fdr0.05.merge.bed,hyperloglog,B,21,NA,8,40,0.40976858139038086,0.2605833269239366,0.38888226300934975,0.4412923068074076,0.41425927982349525,0.41508728490837865,0.4412923068074076
fLung_R-DS15632.hotspot.twopass.fdr0.05.merge.bed,fBrain-DS16302.hotspot.twopass.fdr0.05.merge.bed,hyperloglog,B,21,NA,8,40,0.4087333679199219,0.2598377744216773,0.434250148284803,0.3928138690866167,0.4130126885450258,0.41353200868570983,0.434250148284803
fLung_R-DS15632.hotspot.twopass.fdr0.05.merge.bed,fHeart-DS15643.hotspot.twopass.fdr0.05.merge.bed,hyperloglog,B,21,NA,8,40,0.4687209129333496,0.327277095951226,0.48883890968715943,0.497549297487551,0.4931748737511133,0.4931941035873552,0.497549297487551
fLung_R-DS15632.hotspot.twopass.fdr0.05.merge.bed,fHeart-DS15839.hotspot.twopass.fdr0.05.merge.bed,hyperloglog,B,21,NA,8,40,0.4273838996887207,0.28030552019106014,0.45907823769149464,0.4185399935839414,0.43834073807704127,0.438809115637718,0.45907823769149464
fLung_R-DS15632.hotspot.twopass.fdr0.05.merge.bed,fHeart-DS16621.hotspot.twopass.fdr0.05.merge.bed,hyperloglog,B,21,NA,8,40,0.45137500762939453,0.31005942131590314,0.5281658748751642,0.4288452176442275,0.47592164225121514,0.4785055462596959,0.5281658748751642
fLung_R-DS15632.hotspot.twopass.fdr0.05.merge.bed,fIntestine_Sm-DS16559.hotspot.twopass.fdr0.05.merge.bed,hyperloglog,B,21,NA,8,40,0.45435619354248047,0.3108909675796549,0.494782637196785,0.45548286884453826,0.4747262527445243,0.4751327530206616,0.494782637196785
fLung_R-DS15632.hotspot.twopass.fdr0.05.merge.bed,fIntestine_Sm-DS16712.hg19.hotspot.twopass.fdr0.05.merge.bed,hyperloglog,B,21,NA,8,40,0.4097743034362793,0.27445941081738345,0.3468041266100603,0.5681643956367868,0.44389385780808976,0.45748426112342355,0.5681643956367868
fLung_R-DS15632.hotspot.twopass.fdr0.05.merge.bed,fIntestine_Sm-DS16822.hotspot.twopass.fdr0.05.merge.bed,hyperloglog,B,21,NA,8,40,0.43670129776000977,0.2904598219391197,0.4424381006952957,0.4581662632156324,0.4502335075266892,0.45030218195546406,0.4581662632156324
fLung_R-DS15632.hotspot.twopass.fdr0.05.merge.bed,fIntestine_Sm-DS17808.hg19.hotspot.twopass.fdr0.05.merge.bed,hyperloglog,B,21,NA,8,40,0.4514427185058594,0.3076714447549883,0.45781186715142064,0.4840465472755479,0.4707464854849338,0.4709292072134843,0.4840465472755479
fLung_R-DS15632.hotspot.twopass.fdr0.05.merge.bed,fIntestine_Sm-DS18495.hg19.hotspot.twopass.fdr0.05.merge.bed,hyperloglog,B,21,NA,8,40,0.4208841323852539,0.274013361651334,0.3942008802977346,0.4733325894905069,0.4319584742203399,0.43376673489412076,0.4733325894905069
fLung_R-DS15632.hotspot.twopass.fdr0.05.merge.bed,fKidney_renal_cortex_L-DS17550.hg19.hotspot.twopass.fdr0.05.merge.bed,hyperloglog,B,21,NA,8,40,0.500053882598877,0.3653184143212871,0.5826229240682701,0.49481383932953044,0.536926331948451,0.5387183816989003,0.5826229240682701
fLung_R-DS15632.hotspot.twopass.fdr0.05.merge.bed,fLung_L-DS17154.hg19.hotspot.twopass.fdr0.05.merge.bed,hyperloglog,B,21,NA,8,40,0.6851592063903809,0.5938851643266766,0.8728736100746276,0.6501164456156624,0.7533057074345239,0.761495027845145,0.8728736100746276
fLung_R-DS15632.hotspot.twopass.fdr0.05.merge.bed,fLung_L-DS18421.hg19.hotspot.twopass.fdr0.05.merge.bed,hyperloglog,B,21,NA,8,40,0.6861710548400879,0.5904321858182768,0.8149999113853083,0.6818117008455914,0.7454371038327937,0.7484058061154498,0.8149999113853083
fLung_R-DS15632.hotspot.twopass.fdr0.05.merge.bed,fLung_R-DS15632.hotspot.twopass.fdr0.05.merge.bed,hyperloglog,B,21,NA,8,40,1.0,1.0,1.0,1.0,1.0,1.0,1.0
fLung_R-DS15632.hotspot.twopass.fdr0.05.merge.bed,fMuscle_arm-DS19053.hg19.hotspot.twopass.fdr0.05.merge.bed,hyperloglog,B,21,NA,8,40,0.5129270553588867,0.37870386021603547,0.558484316791032,0.5405331981473362,0.5494354501396744,0.5495087574691842,0.558484316791032
fLung_R-DS15632.hotspot.twopass.fdr0.05.merge.bed,fMuscle_back-DS18454.hg19.hotspot.twopass.fdr0.05.merge.bed,hyperloglog,B,21,NA,8,40,0.502326488494873,0.3663345881355473,0.5470149676963971,0.5258614922336281,0.5363339511787011,0.5364382299650126,0.5470149676963971
fLung_R-DS15632.hotspot.twopass.fdr0.05.merge.bed,fMuscle_leg-DS19115.hg19.hotspot.twopass.fdr0.05.merge.bed,hyperloglog,B,21,NA,8,40,0.509850025177002,0.3751523875071906,0.5484345798266522,0.5428257104981039,0.5456229379856858,0.5456301451623781,0.5484345798266522
fLung_R-DS15632.hotspot.twopass.fdr0.05.merge.bed,fMuscle_leg-DS19158.hg19.hotspot.twopass.fdr0.05.merge.bed,hyperloglog,B,21,NA,8,40,0.49449682235717773,0.36081315687933985,0.601139907469246,0.4743807591763719,0.5340123647224612,0.5377603333228089,0.601139907469246
fLung_R-DS15632.hotspot.twopass.fdr0.05.merge.bed,fSkin_fibro_bicep_R-DS19745.hg19.hotspot.twopass.fdr0.05.merge.bed,hyperloglog,B,21,NA,8,40,0.34504222869873047,0.19980935706199113,0.269928285997332,0.4347669335251634,0.34257246412221065,0.3523476097612477,0.4347669335251634
fLung_R-DS15632.hotspot.twopass.fdr0.05.merge.bed,fStomach-DS17659.hg19.hotspot.twopass.fdr0.05.merge.bed,hyperloglog,B,21,NA,8,40,0.4875059127807617,0.3578904797998967,0.44484012239040555,0.6467668492015781,0.53638404558384,0.5458034857959918,0.6467668492015781
fMuscle_arm-DS19053.hg19.hotspot.twopass.fdr0.05.merge.bed,fBrain-DS14718.hotspot.twopass.fdr0.05.merge.bed,hyperloglog,B,21,NA,8,40,0.4116172790527344,0.26337108131916387,0.3862704303128136,0.45288537253621414,0.41825378388239637,0.4195779014245139,0.45288537253621414
fMuscle_arm-DS19053.hg19.hotspot.twopass.fdr0.05.merge.bed,fBrain-DS16302.hotspot.twopass.fdr0.05.merge.bed,hyperloglog,B,21,NA,8,40,0.40249204635620117,0.2517461236486768,0.4163005119788146,0.3890831221280931,0.40246180308725055,0.40269181705345386,0.4163005119788146
fMuscle_arm-DS19053.hg19.hotspot.twopass.fdr0.05.merge.bed,fHeart-DS15643.hotspot.twopass.fdr0.05.merge.bed,hyperloglog,B,21,NA,8,40,0.46397924423217773,0.32154791230971425,0.4746798629445361,0.4991829789493863,0.486777267373837,0.4869314209469612,0.4991829789493863
fMuscle_arm-DS19053.hg19.hotspot.twopass.fdr0.05.merge.bed,fHeart-DS15839.hotspot.twopass.fdr0.05.merge.bed,hyperloglog,B,21,NA,8,40,0.4212651252746582,0.2728478975046636,0.4419250527864112,0.41628186300506154,0.42891186073893717,0.42910345789573634,0.4419250527864112
fMuscle_arm-DS19053.hg19.hotspot.twopass.fdr0.05.merge.bed,fHeart-DS16621.hotspot.twopass.fdr0.05.merge.bed,hyperloglog,B,21,NA,8,40,0.44825172424316406,0.3052053235987557,0.5125738940775786,0.4300068029788747,0.46947871249155904,0.47129034852822665,0.5125738940775786
fMuscle_arm-DS19053.hg19.hotspot.twopass.fdr0.05.merge.bed,fIntestine_Sm-DS16559.hotspot.twopass.fdr0.05.merge.bed,hyperloglog,B,21,NA,8,40,0.4268641471862793,0.27932137982928795,0.4478861214779449,0.4260041316131638,0.43680812520121454,0.43694512654555434,0.4478861214779449
fMuscle_arm-DS19053.hg19.hotspot.twopass.fdr0.05.merge.bed,fIntestine_Sm-DS16712.hg19.hotspot.twopass.fdr0.05.merge.bed,hyperloglog,B,21,NA,8,40,0.3795504570007324,0.24160239446541837,0.30954747998325577,0.5239690573217765,0.4027322948102846,0.4167582686525161,0.5239690573217765
fMuscle_arm-DS19053.hg19.hotspot.twopass.fdr0.05.merge.bed,fIntestine_Sm-DS16822.hotspot.twopass.fdr0.05.merge.bed,hyperloglog,B,21,NA,8,40,0.4066004753112793,0.2563873318666002,0.3947948298584385,0.422406559674372,0.4083673907864486,0.40860069476640526,0.422406559674372
fMuscle_arm-DS19053.hg19.hotspot.twopass.fdr0.05.merge.bed,fIntestine_Sm-DS17808.hg19.hotspot.twopass.fdr0.05.merge.bed,hyperloglog,B,21,NA,8,40,0.42198657989501953,0.2737536919058238,0.41165576723418873,0.4497000069903118,0.4302575988902658,0.4306778871122503,0.4497000069903118
fMuscle_arm-DS19053.hg19.hotspot.twopass.fdr0.05.merge.bed,fIntestine_Sm-DS18495.hg19.hotspot.twopass.fdr0.05.merge.bed,hyperloglog,B,21,NA,8,40,0.3959321975708008,0.24669080080661207,0.35737505321559343,0.4433652590861842,0.3980548744329988,0.4003701561508888,0.4433652590861842
fMuscle_arm-DS19053.hg19.hotspot.twopass.fdr0.05.merge.bed,fKidney_renal_cortex_L-DS17550.hg19.hotspot.twopass.fdr0.05.merge.bed,hyperloglog,B,21,NA,8,40,0.4751777648925781,0.3360435216876176,0.5381582520766441,0.47222924894724017,0.504117116544274,0.5051937505119422,0.5381582520766441
fMuscle_arm-DS19053.hg19.hotspot.twopass.fdr0.05.merge.bed,fLung_L-DS17154.hg19.hotspot.twopass.fdr0.05.merge.bed,hyperloglog,B,21,NA,8,40,0.5077695846557617,0.37639233160082836,0.6288242628474395,0.48390230262155104,0.551624427247539,0.5563632827344953,0.6288242628474395
fMuscle_arm-DS19053.hg19.hotspot.twopass.fdr0.05.merge.bed,fLung_L-DS18421.hg19.hotspot.twopass.fdr0.05.merge.bed,hyperloglog,B,21,NA,8,40,0.5008516311645508,0.3653320770035461,0.5771439918537346,0.49886114251809915,0.536576845543684,0.5380025671859169,0.5771439918537346
fMuscle_arm-DS19053.hg19.hotspot.twopass.fdr0.05.merge.bed,fLung_R-DS15632.hotspot.twopass.fdr0.05.merge.bed,hyperloglog,B,21,NA,8,40,0.5129270553588867,0.37870386021603547,0.5405331981473362,0.558484316791032,0.5494354501396744,0.5495087574691842,0.558484316791032
fMuscle_arm-DS19053.hg19.hotspot.twopass.fdr0.05.merge.bed,fMuscle_arm-DS19053.hg19.hotspot.twopass.fdr0.05.merge.bed,hyperloglog,B,21,NA,8,40,1.0,1.0,1.0,1.0,1.0,1.0,1.0
fMuscle_arm-DS19053.hg19.hotspot.twopass.fdr0.05.merge.bed,fMuscle_back-DS18454.hg19.hotspot.twopass.fdr0.05.merge.bed,hyperloglog,B,21,NA,8,40,0.6876859664916992,0.5899833198184162,0.7446449741944302,0.7396223594744189,0.7421294178136669,0.7421336668344245,0.7446449741944302
fMuscle_arm-DS19053.hg19.hotspot.twopass.fdr0.05.merge.bed,fMuscle_leg-DS19115.hg19.hotspot.twopass.fdr0.05.merge.bed,hyperloglog,B,21,NA,8,40,0.6959109306335449,0.6001455176008105,0.7418091819150576,0.7586062100205562,0.7501606841544225,0.7502076959678069,0.7586062100205562
fMuscle_arm-DS19053.hg19.hotspot.twopass.fdr0.05.merge.bed,fMuscle_leg-DS19158.hg19.hotspot.twopass.fdr0.05.merge.bed,hyperloglog,B,21,NA,8,40,0.6714401245117188,0.5730047774761172,0.8110482226520574,0.6612821380332154,0.7323467093688562,0.7361651803426364,0.8110482226520574
fMuscle_arm-DS19053.hg19.hotspot.twopass.fdr0.05.merge.bed,fSkin_fibro_bicep_R-DS19745.hg19.hotspot.twopass.fdr0.05.merge.bed,hyperloglog,B,21,NA,8,40,0.35744142532348633,0.21496397753498608,0.2832480291009116,0.47137181971142195,0.365397234399729,0.3773099244061668,0.47137181971142195
fMuscle_arm-DS19053.hg19.hotspot.twopass.fdr0.05.merge.bed,fStomach-DS17659.hg19.hotspot.twopass.fdr0.05.merge.bed,hyperloglog,B,21,NA,8,40,0.4562520980834961,0.3230655508178836,0.40672577189890946,0.6109899989950004,0.49850313836901317,0.508857885446955,0.6109899989950004
fMuscle_back-DS18454.hg19.hotspot.twopass.fdr0.05.merge.bed,fBrain-DS14718.hotspot.twopass.fdr0.05.merge.bed,hyperloglog,B,21,NA,8,40,0.4127521514892578,0.2651913000097641,0.3871746384909229,0.457028162881251,0.4206539120746638,0.4221014006860869,0.457028162881251
fMuscle_back-DS18454.hg19.hotspot.twopass.fdr0.05.merge.bed,fBrain-DS16302.hotspot.twopass.fdr0.05.merge.bed,hyperloglog,B,21,NA,8,40,0.3957056999206543,0.24437985415024058,0.40509421540022655,0.3811805388646697,0.39295550806321433,0.3931373771324481,0.40509421540022655
fMuscle_back-DS18454.hg19.hotspot.twopass.fdr0.05.merge.bed,fHeart-DS15643.hotspot.twopass.fdr0.05.merge.bed,hyperloglog,B,21,NA,8,40,0.46845006942749023,0.32754109310803436,0.47976183161564895,0.5079534154829194,0.4936564199800405,0.4938576235492842,0.5079534154829194
fMuscle_back-DS18454.hg19.hotspot.twopass.fdr0.05.merge.bed,fHeart-DS15839.hotspot.twopass.fdr0.05.merge.bed,hyperloglog,B,21,NA,8,40,0.42174673080444336,0.2737050660173162,0.4414763437207211,0.4186832001755578,0.4299287480394816,0.43007977194813946,0.4414763437207211
fMuscle_back-DS18454.hg19.hotspot.twopass.fdr0.05.merge.bed,fHeart-DS16621.hotspot.twopass.fdr0.05.merge.bed,hyperloglog,B,21,NA,8,40,0.45165252685546875,0.30958656722459277,0.5162918041837156,0.4360670832022724,0.47448694516459733,0.476179443692994,0.5162918041837156
fMuscle_back-DS18454.hg19.hotspot.twopass.fdr0.05.merge.bed,fIntestine_Sm-DS16559.hotspot.twopass.fdr0.05.merge.bed,hyperloglog,B,21,NA,8,40,0.42456960678100586,0.27712626052776734,0.4435912814351254,0.4247842819688808,0.43408594076758056,0.4341877817020031,0.4435912814351254
fMuscle_back-DS18454.hg19.hotspot.twopass.fdr0.05.merge.bed,fIntestine_Sm-DS16712.hg19.hotspot.twopass.fdr0.05.merge.bed,hyperloglog,B,21,NA,8,40,0.3787369728088379,0.24107012840025685,0.30822397674432606,0.5252717184933738,0.40236965336038183,0.41674784761885,0.5252717184933738
fMuscle_back-DS18454.hg19.hotspot.twopass.fdr0.05.merge.bed,fIntestine_Sm-DS16822.hotspot.twopass.fdr0.05.merge.bed,hyperloglog,B,21,NA,8,40,0.40847110748291016,0.2589840863360505,0.3966740630609822,0.4272993505470637,0.41170203973847724,0.41198670680402294,0.4272993505470637
fMuscle_back-DS18454.hg19.hotspot.twopass.fdr0.05.merge.bed,fIntestine_Sm-DS17808.hg19.hotspot.twopass.fdr0.05.merge.bed,hyperloglog,B,21,NA,8,40,0.4226508140563965,0.2750771329841546,0.41188453214085774,0.45300542589011517,0.43195593282187955,0.43244497901548645,0.45300542589011517
fMuscle_back-DS18454.hg19.hotspot.twopass.fdr0.05.merge.bed,fIntestine_Sm-DS18495.hg19.hotspot.twopass.fdr0.05.merge.bed,hyperloglog,B,21,NA,8,40,0.39652347564697266,0.2478529190939278,0.3576443211158984,0.4467123828345386,0.3997050748901293,0.4021783519752185,0.4467123828345386
fMuscle_back-DS18454.hg19.hotspot.twopass.fdr0.05.merge.bed,fKidney_renal_cortex_L-DS17550.hg19.hotspot.twopass.fdr0.05.merge.bed,hyperloglog,B,21,NA,8,40,0.46960973739624023,0.32962758521595487,0.528525056331247,0.46692560574025616,0.49677145859677824,0.49772533103575156,0.528525056331247
fMuscle_back-DS18454.hg19.hotspot.twopass.fdr0.05.merge.bed,fLung_L-DS17154.hg19.hotspot.twopass.fdr0.05.merge.bed,hyperloglog,B,21,NA,8,40,0.49644041061401367,0.3638628817009734,0.6111379301693468,0.47348570105747556,0.5379266411965926,0.5423118156134112,0.6111379301693468
fMuscle_back-DS18454.hg19.hotspot.twopass.fdr0.05.merge.bed,fLung_L-DS18421.hg19.hotspot.twopass.fdr0.05.merge.bed,hyperloglog,B,21,NA,8,40,0.49407482147216797,0.35739463960410195,0.5658515505934206,0.4924217636324805,0.5278613629518512,0.5291366571129505,0.5658515505934206
fMuscle_back-DS18454.hg19.hotspot.twopass.fdr0.05.merge.bed,fLung_R-DS15632.hotspot.twopass.fdr0.05.merge.bed,hyperloglog,B,21,NA,8,40,0.502326488494873,0.3663345881355473,0.5258614922336281,0.5470149676963971,0.5363339511787011,0.5364382299650126,0.5470149676963971
fMuscle_back-DS18454.hg19.hotspot.twopass.fdr0.05.merge.bed,fMuscle_arm-DS19053.hg19.hotspot.twopass.fdr0.05.merge.bed,hyperloglog,B,21,NA,8,40,0.6876859664916992,0.5899833198184162,0.7396223594744189,0.7446449741944302,0.7421294178136669,0.7421336668344245,0.7446449741944302
fMuscle_back-DS18454.hg19.hotspot.twopass.fdr0.05.merge.bed,fMuscle_back-DS18454.hg19.hotspot.twopass.fdr0.05.merge.bed,hyperloglog,B,21,NA,8,40,1.0,1.0,1.0,1.0,1.0,1.0,1.0
fMuscle_back-DS18454.hg19.hotspot.twopass.fdr0.05.merge.bed,fMuscle_leg-DS19115.hg19.hotspot.twopass.fdr0.05.merge.bed,hyperloglog,B,21,NA,8,40,0.7005157470703125,0.6059459507636533,0.7437849783678964,0.7657919960174769,0.7547082768806549,0.7547884871926867,0.7657919960174769
fMuscle_back-DS18454.hg19.hotspot.twopass.fdr0.05.merge.bed,fMuscle_leg-DS19158.hg19.hotspot.twopass.fdr0.05.merge.bed,hyperloglog,B,21,NA,8,40,0.6576757431030273,0.5555073835628702,0.7921721871979617,0.6502778130719388,0.7177269658216173,0.7212250001349503,0.7921721871979617
fMuscle_back-DS18454.hg19.hotspot.twopass.fdr0.05.merge.bed,fSkin_fibro_bicep_R-DS19745.hg19.hotspot.twopass.fdr0.05.merge.bed,hyperloglog,B,21,NA,8,40,0.3643364906311035,0.22392113398645666,0.29214963258803456,0.489487148640627,0.37815802336050447,0.39081839061433077,0.489487148640627
fMuscle_back-DS18454.hg19.hotspot.twopass.fdr0.05.merge.bed,fStomach-DS17659.hg19.hotspot.twopass.fdr0.05.merge.bed,hyperloglog,B,21,NA,8,40,0.45955562591552734,0.3275661528313935,0.40988590669610464,0.6199185418879605,0.5040792334737405,0.5149022242920326,0.6199185418879605
fMuscle_leg-DS19115.hg19.hotspot.twopass.fdr0.05.merge.bed,fBrain-DS14718.hotspot.twopass.fdr0.05.merge.bed,hyperloglog,B,21,NA,8,40,0.41474199295043945,0.2666315457040441,0.3941111523497637,0.45184696135813834,0.4219928039985931,0.422979056853951,0.45184696135813834
fMuscle_leg-DS19115.hg19.hotspot.twopass.fdr0.05.merge.bed,fBrain-DS16302.hotspot.twopass.fdr0.05.merge.bed,hyperloglog,B,21,NA,8,40,0.39969491958618164,0.2487822731545505,0.41720230412826564,0.3812922310508421,0.3988433243024363,0.39924726758955387,0.41720230412826564
fMuscle_leg-DS19115.hg19.hotspot.twopass.fdr0.05.merge.bed,fHeart-DS15643.hotspot.twopass.fdr0.05.merge.bed,hyperloglog,B,21,NA,8,40,0.46384143829345703,0.3219149907181255,0.48033326568145,0.49394368352331,0.48709093870598347,0.48713847460238,0.49394368352331
fMuscle_leg-DS19115.hg19.hotspot.twopass.fdr0.05.merge.bed,fHeart-DS15839.hotspot.twopass.fdr0.05.merge.bed,hyperloglog,B,21,NA,8,40,0.41456079483032227,0.26592553032726557,0.43811785748579385,0.4035576954359603,0.42048285683997566,0.42083777646087706,0.43811785748579385
fMuscle_leg-DS19115.hg19.hotspot.twopass.fdr0.05.merge.bed,fHeart-DS16621.hotspot.twopass.fdr0.05.merge.bed,hyperloglog,B,21,NA,8,40,0.44461536407470703,0.30231941272901675,0.5151179980352968,0.42257264361137764,0.46655629263956544,0.4688453208233372,0.5151179980352968
fMuscle_leg-DS19115.hg19.hotspot.twopass.fdr0.05.merge.bed,fIntestine_Sm-DS16559.hotspot.twopass.fdr0.05.merge.bed,hyperloglog,B,21,NA,8,40,0.42148542404174805,0.2740762034439983,0.44640602109840993,0.4151949481275729,0.43051774037058044,0.4308004846129914,0.44640602109840993
fMuscle_leg-DS19115.hg19.hotspot.twopass.fdr0.05.merge.bed,fIntestine_Sm-DS16712.hg19.hotspot.twopass.fdr0.05.merge.bed,hyperloglog,B,21,NA,8,40,0.37912750244140625,0.2397667801866285,0.31023756553064147,0.5135095949206617,0.39913652627241714,0.41187358022565157,0.5135095949206617
fMuscle_leg-DS19115.hg19.hotspot.twopass.fdr0.05.merge.bed,fIntestine_Sm-DS16822.hotspot.twopass.fdr0.05.merge.bed,hyperloglog,B,21,NA,8,40,0.4059562683105469,0.2558836691038993,0.3984892443665261,0.4169189277279099,0.4075999367914538,0.407704086047218,0.4169189277279099
fMuscle_leg-DS19115.hg19.hotspot.twopass.fdr0.05.merge.bed,fIntestine_Sm-DS17808.hg19.hotspot.twopass.fdr0.05.merge.bed,hyperloglog,B,21,NA,8,40,0.4202718734741211,0.272172039417162,0.4142207536090258,0.4424827612695096,0.42811860836929166,0.4283517574392677,0.4424827612695096
fMuscle_leg-DS19115.hg19.hotspot.twopass.fdr0.05.merge.bed,fIntestine_Sm-DS18495.hg19.hotspot.twopass.fdr0.05.merge.bed,hyperloglog,B,21,NA,8,40,0.39603185653686523,0.2467369057801794,0.36104074555428306,0.43799530511353185,0.39766084985508093,0.39951802533390746,0.43799530511353185
fMuscle_leg-DS19115.hg19.hotspot.twopass.fdr0.05.merge.bed,fKidney_renal_cortex_L-DS17550.hg19.hotspot.twopass.fdr0.05.merge.bed,hyperloglog,B,21,NA,8,40,0.46992063522338867,0.33023729211644803,0.5375743232318566,0.461272120787272,0.49796390246476796,0.4994232220095643,0.5375743232318566
fMuscle_leg-DS19115.hg19.hotspot.twopass.fdr0.05.merge.bed,fLung_L-DS17154.hg19.hotspot.twopass.fdr0.05.merge.bed,hyperloglog,B,21,NA,8,40,0.4994525909423828,0.368912046593747,0.6276248399052733,0.47228519635945093,0.5444427616882521,0.5499550181323621,0.6276248399052733
fMuscle_leg-DS19115.hg19.hotspot.twopass.fdr0.05.merge.bed,fLung_L-DS18421.hg19.hotspot.twopass.fdr0.05.merge.bed,hyperloglog,B,21,NA,8,40,0.4965367317199707,0.3612022969953255,0.5793024717801777,0.4896397761110391,0.5325875820773684,0.5344711239456084,0.5793024717801777
fMuscle_leg-DS19115.hg19.hotspot.twopass.fdr0.05.merge.bed,fLung_R-DS15632.hotspot.twopass.fdr0.05.merge.bed,hyperloglog,B,21,NA,8,40,0.509850025177002,0.3751523875071906,0.5428257104981039,0.5484345798266522,0.5456229379856858,0.5456301451623781,0.5484345798266522
fMuscle_leg-DS19115.hg19.hotspot.twopass.fdr0.05.merge.bed,fMuscle_arm-DS19053.hg19.hotspot.twopass.fdr0.05.merge.bed,hyperloglog,B,21,NA,8,40,0.6959109306335449,0.6001455176008105,0.7586062100205562,0.7418091819150576,0.7501606841544225,0.7502076959678069,0.7586062100205562
fMuscle_leg-DS19115.hg19.hotspot.twopass.fdr0.05.merge.bed,fMuscle_back-DS18454.hg19.hotspot.twopass.fdr0.05.merge.bed,hyperloglog,B,21,NA,8,40,0.7005157470703125,0.6059459507636533,0.7657919960174769,0.7437849783678964,0.7547082768806549,0.7547884871926867,0.7657919960174769
fMuscle_leg-DS19115.hg19.hotspot.twopass.fdr0.05.merge.bed,fMuscle_leg-DS19115.hg19.hotspot.twopass.fdr0.05.merge.bed,hyperloglog,B,21,NA,8,40,1.0,1.0,1.0,1.0,1.0,1.0,1.0
fMuscle_leg-DS19115.hg19.hotspot.twopass.fdr0.05.merge.bed,fMuscle_leg-DS19158.hg19.hotspot.twopass.fdr0.05.merge.bed,hyperloglog,B,21,NA,8,40,0.6793427467346191,0.5836977346981881,0.8308407147749372,0.6624203974501107,0.7418664546257284,0.7466305561125239,0.8308407147749372
fMuscle_leg-DS19115.hg19.hotspot.twopass.fdr0.05.merge.bed,fSkin_fibro_bicep_R-DS19745.hg19.hotspot.twopass.fdr0.05.merge.bed,hyperloglog,B,21,NA,8,40,0.3616623878479004,0.21890770358878933,0.289954863456833,0.47184887871102665,0.3698849513009626,0.3809018710839298,0.47184887871102665
fMuscle_leg-DS19115.hg19.hotspot.twopass.fdr0.05.merge.bed,fStomach-DS17659.hg19.hotspot.twopass.fdr0.05.merge.bed,hyperloglog,B,21,NA,8,40,0.46341562271118164,0.33054539502395075,0.41754780734461094,0.6133585562289355,0.5060696792630915,0.5154531817867732,0.6133585562289355
fMuscle_leg-DS19158.hg19.hotspot.twopass.fdr0.05.merge.bed,fBrain-DS14718.hotspot.twopass.fdr0.05.merge.bed,hyperloglog,B,21,NA,8,40,0.38870811462402344,0.24323428168633965,0.3317015594559699,0.4769844583916824,0.3977643632664724,0.40434300892382613,0.4769844583916824
fMuscle_leg-DS19158.hg19.hotspot.twopass.fdr0.05.merge.bed,fBrain-DS16302.hotspot.twopass.fdr0.05.merge.bed,hyperloglog,B,21,NA,8,40,0.39461803436279297,0.2435683503048555,0.36672853767673286,0.4203780571506951,0.392638039637349,0.393553297413714,0.4203780571506951
fMuscle_leg-DS19158.hg19.hotspot.twopass.fdr0.05.merge.bed,fHeart-DS15643.hotspot.twopass.fdr0.05.merge.bed,hyperloglog,B,21,NA,8,40,0.4382033348083496,0.2961413841662891,0.4056238133851478,0.523169344941881,0.4606625063335799,0.4643965791635144,0.523169344941881
fMuscle_leg-DS19158.hg19.hotspot.twopass.fdr0.05.merge.bed,fHeart-DS15839.hotspot.twopass.fdr0.05.merge.bed,hyperloglog,B,21,NA,8,40,0.399869441986084,0.2494466850250014,0.37245269179113377,0.4302985367280759,0.4003321724245478,0.40137561425960483,0.4302985367280759
fMuscle_leg-DS19158.hg19.hotspot.twopass.fdr0.05.merge.bed,fHeart-DS16621.hotspot.twopass.fdr0.05.merge.bed,hyperloglog,B,21,NA,8,40,0.43729639053344727,0.29070345708388906,0.4441283101608285,0.4569694693261512,0.4505031389534529,0.45054888974348983,0.4569694693261512
fMuscle_leg-DS19158.hg19.hotspot.twopass.fdr0.05.merge.bed,fIntestine_Sm-DS16559.hotspot.twopass.fdr0.05.merge.bed,hyperloglog,B,21,NA,8,40,0.4123411178588867,0.26410834563111024,0.38802697954088494,0.4526557211705686,0.4190974018742144,0.4203413503557268,0.4526557211705686
fMuscle_leg-DS19158.hg19.hotspot.twopass.fdr0.05.merge.bed,fIntestine_Sm-DS16712.hg19.hotspot.twopass.fdr0.05.merge.bed,hyperloglog,B,21,NA,8,40,0.3401608467102051,0.21002906813408911,0.2571810939857573,0.5339213558311776,0.370559682635633,0.39555122490846745,0.5339213558311776
fMuscle_leg-DS19158.hg19.hotspot.twopass.fdr0.05.merge.bed,fIntestine_Sm-DS16822.hotspot.twopass.fdr0.05.merge.bed,hyperloglog,B,21,NA,8,40,0.3865509033203125,0.23787185502676617,0.3385980837338892,0.44432789377781845,0.38787700806142716,0.39146298875585384,0.44432789377781845
fMuscle_leg-DS19158.hg19.hotspot.twopass.fdr0.05.merge.bed,fIntestine_Sm-DS17808.hg19.hotspot.twopass.fdr0.05.merge.bed,hyperloglog,B,21,NA,8,40,0.39479875564575195,0.2476965543095786,0.34669380108213677,0.4645095545288531,0.40130111275522046,0.40560167780549494,0.4645095545288531
fMuscle_leg-DS19158.hg19.hotspot.twopass.fdr0.05.merge.bed,fIntestine_Sm-DS18495.hg19.hotspot.twopass.fdr0.05.merge.bed,hyperloglog,B,21,NA,8,40,0.3745083808898926,0.23021164491276064,0.3101161721966525,0.4718693039482268,0.3825366679385427,0.3909927380724396,0.4718693039482268
fMuscle_leg-DS19158.hg19.hotspot.twopass.fdr0.05.merge.bed,fKidney_renal_cortex_L-DS17550.hg19.hotspot.twopass.fdr0.05.merge.bed,hyperloglog,B,21,NA,8,40,0.46257925033569336,0.3205968078492453,0.468339125963985,0.5040379130867074,0.4858607574889534,0.48618851952534625,0.5040379130867074
fMuscle_leg-DS19158.hg19.hotspot.twopass.fdr0.05.merge.bed,fLung_L-DS17154.hg19.hotspot.twopass.fdr0.05.merge.bed,hyperloglog,B,21,NA,8,40,0.5071625709533691,0.3719854597986849,0.5583979115259476,0.5270260333211504,0.5424852406529922,0.542711972423549,0.5583979115259476
fMuscle_leg-DS19158.hg19.hotspot.twopass.fdr0.05.merge.bed,fLung_L-DS18421.hg19.hotspot.twopass.fdr0.05.merge.bed,hyperloglog,B,21,NA,8,40,0.49286794662475586,0.3553642952458723,0.5095127637183888,0.54014511259884,0.5246054032596456,0.5248289381586144,0.54014511259884
fMuscle_leg-DS19158.hg19.hotspot.twopass.fdr0.05.merge.bed,fLung_R-DS15632.hotspot.twopass.fdr0.05.merge.bed,hyperloglog,B,21,NA,8,40,0.49449682235717773,0.36081315687933985,0.4743807591763719,0.601139907469246,0.5340123647224612,0.5377603333228089,0.601139907469246
fMuscle_leg-DS19158.hg19.hotspot.twopass.fdr0.05.merge.bed,fMuscle_arm-DS19053.hg19.hotspot.twopass.fdr0.05.merge.bed,hyperloglog,B,21,NA,8,40,0.6714401245117188,0.5730047774761172,0.6612821380332154,0.8110482226520574,0.7323467093688562,0.7361651803426364,0.8110482226520574
fMuscle_leg-DS19158.hg19.hotspot.twopass.fdr0.05.merge.bed,fMuscle_back-DS18454.hg19.hotspot.twopass.fdr0.05.merge.bed,hyperloglog,B,21,NA,8,40,0.6576757431030273,0.5555073835628702,0.6502778130719388,0.7921721871979617,0.7177269658216173,0.7212250001349503,0.7921721871979617
fMuscle_leg-DS19158.hg19.hotspot.twopass.fdr0.05.merge.bed,fMuscle_leg-DS19115.hg19.hotspot.twopass.fdr0.05.merge.bed,hyperloglog,B,21,NA,8,40,0.6793427467346191,0.5836977346981881,0.6624203974501107,0.8308407147749372,0.7418664546257284,0.7466305561125239,0.8308407147749372
fMuscle_leg-DS19158.hg19.hotspot.twopass.fdr0.05.merge.bed,fMuscle_leg-DS19158.hg19.hotspot.twopass.fdr0.05.merge.bed,hyperloglog,B,21,NA,8,40,1.0,1.0,1.0,1.0,1.0,1.0,1.0
fMuscle_leg-DS19158.hg19.hotspot.twopass.fdr0.05.merge.bed,fSkin_fibro_bicep_R-DS19745.hg19.hotspot.twopass.fdr0.05.merge.bed,hyperloglog,B,21,NA,8,40,0.3289923667907715,0.19628720243553524,0.24446994352488988,0.4989787786715773,0.3492639601246585,0.3717243610982336,0.4989787786715773
fMuscle_leg-DS19158.hg19.hotspot.twopass.fdr0.05.merge.bed,fStomach-DS17659.hg19.hotspot.twopass.fdr0.05.merge.bed,hyperloglog,B,21,NA,8,40,0.4180908203125,0.2910134698799446,0.3477608132470835,0.6407268697630685,0.472037813419712,0.494243841505076,0.6407268697630685
fSkin_fibro_bicep_R-DS19745.hg19.hotspot.twopass.fdr0.05.merge.bed,fBrain-DS14718.hotspot.twopass.fdr0.05.merge.bed,hyperloglog,B,21,NA,8,40,0.3107900619506836,0.15605871828134574,0.32659756060674855,0.2300981084224259,0.2741340564595932,0.2783478345145872,0.32659756060674855
fSkin_fibro_bicep_R-DS19745.hg19.hotspot.twopass.fdr0.05.merge.bed,fBrain-DS16302.hotspot.twopass.fdr0.05.merge.bed,hyperloglog,B,21,NA,8,40,0.2826824188232422,0.1356003727409739,0.33202486675391135,0.18647015832443642,0.2488226868098079,0.2592475125391739,0.33202486675391135
fSkin_fibro_bicep_R-DS19745.hg19.hotspot.twopass.fdr0.05.merge.bed,fHeart-DS15643.hotspot.twopass.fdr0.05.merge.bed,hyperloglog,B,21,NA,8,40,0.33262014389038086,0.1854001799523715,0.4039074283518843,0.25523726479035774,0.3210797832954332,0.329572346571121,0.4039074283518843
fSkin_fibro_bicep_R-DS19745.hg19.hotspot.twopass.fdr0.05.merge.bed,fHeart-DS15839.hotspot.twopass.fdr0.05.merge.bed,hyperloglog,B,21,NA,8,40,0.3013467788696289,0.15579314445118722,0.3729298387068058,0.2110907882976737,0.2805745063834987,0.2920103135022397,0.3729298387068058
fSkin_fibro_bicep_R-DS19745.hg19.hotspot.twopass.fdr0.05.merge.bed,fHeart-DS16621.hotspot.twopass.fdr0.05.merge.bed,hyperloglog,B,21,NA,8,40,0.30876922607421875,0.17169964308845956,0.43722954450602,0.22041016764735682,0.31043491621425146,0.3288198560766884,0.43722954450602
fSkin_fibro_bicep_R-DS19745.hg19.hotspot.twopass.fdr0.05.merge.bed,fIntestine_Sm-DS16559.hotspot.twopass.fdr0.05.merge.bed,hyperloglog,B,21,NA,8,40,0.32157182693481445,0.17784243101545166,0.41516925248030284,0.23728739539074936,0.3138700854929878,0.3262283239355261,0.41516925248030284
fSkin_fibro_bicep_R-DS19745.hg19.hotspot.twopass.fdr0.05.merge.bed,fIntestine_Sm-DS16712.hg19.hotspot.twopass.fdr0.05.merge.bed,hyperloglog,B,21,NA,8,40,0.34740591049194336,0.18999258928026153,0.31662649881474797,0.3220541559779791,0.3193287958140422,0.31934032739636353,0.3220541559779791
fSkin_fibro_bicep_R-DS19745.hg19.hotspot.twopass.fdr0.05.merge.bed,fIntestine_Sm-DS16822.hotspot.twopass.fdr0.05.merge.bed,hyperloglog,B,21,NA,8,40,0.33251333236694336,0.18408750415455236,0.39727992346101476,0.2554224681255345,0.3185501822117448,0.32635119579327465,0.39727992346101476
fSkin_fibro_bicep_R-DS19745.hg19.hotspot.twopass.fdr0.05.merge.bed,fIntestine_Sm-DS17808.hg19.hotspot.twopass.fdr0.05.merge.bed,hyperloglog,B,21,NA,8,40,0.3337898254394531,0.18481742539367185,0.39361714437534906,0.2583842145206458,0.3189113617782913,0.32600067944799743,0.39361714437534906
fSkin_fibro_bicep_R-DS19745.hg19.hotspot.twopass.fdr0.05.merge.bed,fIntestine_Sm-DS18495.hg19.hotspot.twopass.fdr0.05.merge.bed,hyperloglog,B,21,NA,8,40,0.3368253707885742,0.18335409921744336,0.3627873082949537,0.27045361676423946,0.3132365554090605,0.3166204625295966,0.3627873082949537
fSkin_fibro_bicep_R-DS19745.hg19.hotspot.twopass.fdr0.05.merge.bed,fKidney_renal_cortex_L-DS17550.hg19.hotspot.twopass.fdr0.05.merge.bed,hyperloglog,B,21,NA,8,40,0.31999778747558594,0.18140988834596788,0.44476902831534354,0.23452043847679133,0.3229666043748344,0.33964473339606743,0.44476902831534354
fSkin_fibro_bicep_R-DS19745.hg19.hotspot.twopass.fdr0.05.merge.bed,fLung_L-DS17154.hg19.hotspot.twopass.fdr0.05.merge.bed,hyperloglog,B,21,NA,8,40,0.31464195251464844,0.18415549271079154,0.4918297811182656,0.22742934579556062,0.334449585681461,0.3596295634569131,0.4918297811182656
fSkin_fibro_bicep_R-DS19745.hg19.hotspot.twopass.fdr0.05.merge.bed,fLung_L-DS18421.hg19.hotspot.twopass.fdr0.05.merge.bed,hyperloglog,B,21,NA,8,40,0.32868099212646484,0.19151124245968107,0.4701845883610911,0.24421209495362062,0.3388580282929236,0.35719834165735587,0.4701845883610911
fSkin_fibro_bicep_R-DS19745.hg19.hotspot.twopass.fdr0.05.merge.bed,fLung_R-DS15632.hotspot.twopass.fdr0.05.merge.bed,hyperloglog,B,21,NA,8,40,0.34504222869873047,0.19980935706199113,0.4347669335251634,0.269928285997332,0.34257246412221065,0.3523476097612477,0.4347669335251634
fSkin_fibro_bicep_R-DS19745.hg19.hotspot.twopass.fdr0.05.merge.bed,fMuscle_arm-DS19053.hg19.hotspot.twopass.fdr0.05.merge.bed,hyperloglog,B,21,NA,8,40,0.35744142532348633,0.21496397753498608,0.47137181971142195,0.2832480291009116,0.365397234399729,0.3773099244061668,0.47137181971142195
fSkin_fibro_bicep_R-DS19745.hg19.hotspot.twopass.fdr0.05.merge.bed,fMuscle_back-DS18454.hg19.hotspot.twopass.fdr0.05.merge.bed,hyperloglog,B,21,NA,8,40,0.3643364906311035,0.22392113398645666,0.489487148640627,0.29214963258803456,0.37815802336050447,0.39081839061433077,0.489487148640627
fSkin_fibro_bicep_R-DS19745.hg19.hotspot.twopass.fdr0.05.merge.bed,fMuscle_leg-DS19115.hg19.hotspot.twopass.fdr0.05.merge.bed,hyperloglog,B,21,NA,8,40,0.3616623878479004,0.21890770358878933,0.47184887871102665,0.289954863456833,0.3698849513009626,0.3809018710839298,0.47184887871102665
fSkin_fibro_bicep_R-DS19745.hg19.hotspot.twopass.fdr0.05.merge.bed,fMuscle_leg-DS19158.hg19.hotspot.twopass.fdr0.05.merge.bed,hyperloglog,B,21,NA,8,40,0.3289923667907715,0.19628720243553524,0.4989787786715773,0.24446994352488988,0.3492639601246585,0.3717243610982336,0.4989787786715773
fSkin_fibro_bicep_R-DS19745.hg19.hotspot.twopass.fdr0.05.merge.bed,fSkin_fibro_bicep_R-DS19745.hg19.hotspot.twopass.fdr0.05.merge.bed,hyperloglog,B,21,NA,8,40,1.0,1.0,1.0,1.0,1.0,1.0,1.0
fSkin_fibro_bicep_R-DS19745.hg19.hotspot.twopass.fdr0.05.merge.bed,fStomach-DS17659.hg19.hotspot.twopass.fdr0.05.merge.bed,hyperloglog,B,21,NA,8,40,0.3832664489746094,0.23127597167479383,0.3959187409379743,0.3573894684239279,0.3761611202169802,0.37665410468095106,0.3959187409379743
fStomach-DS17659.hg19.hotspot.twopass.fdr0.05.merge.bed,fBrain-DS14718.hotspot.twopass.fdr0.05.merge.bed,hyperloglog,B,21,NA,8,40,0.39667224884033203,0.24885986642990368,0.45458488506574146,0.3547965697727117,0.40160323441407625,0.40469072741922657,0.45458488506574146
fStomach-DS17659.hg19.hotspot.twopass.fdr0.05.merge.bed,fBrain-DS16302.hotspot.twopass.fdr0.05.merge.bed,hyperloglog,B,21,NA,8,40,0.359189510345459,0.215891124116382,0.4629468303889016,0.2880276311696035,0.36515952529598833,0.37548723077925256,0.4629468303889016
fStomach-DS17659.hg19.hotspot.twopass.fdr0.05.merge.bed,fHeart-DS15643.hotspot.twopass.fdr0.05.merge.bed,hyperloglog,B,21,NA,8,40,0.4348411560058594,0.2962795583095545,0.5550564154740585,0.3885649985658547,0.46440875883497934,0.4718107070199566,0.5550564154740585
fStomach-DS17659.hg19.hotspot.twopass.fdr0.05.merge.bed,fHeart-DS15839.hotspot.twopass.fdr0.05.merge.bed,hyperloglog,B,21,NA,8,40,0.3897061347961426,0.24974167771319236,0.5185216146381265,0.32514218675789136,0.41060108580552135,0.4218319006980089,0.5185216146381265
fStomach-DS17659.hg19.hotspot.twopass.fdr0.05.merge.bed,fHeart-DS16621.hotspot.twopass.fdr0.05.merge.bed,hyperloglog,B,21,NA,8,40,0.40006113052368164,0.2683749405921355,0.5904749991360622,0.3297523868674553,0.4412601730846271,0.46011369300175875,0.5904749991360622
fStomach-DS17659.hg19.hotspot.twopass.fdr0.05.merge.bed,fIntestine_Sm-DS16559.hotspot.twopass.fdr0.05.merge.bed,hyperloglog,B,21,NA,8,40,0.47451257705688477,0.34751916880507305,0.6652101656882955,0.4211847846016877,0.5293169186321912,0.5431974751449916,0.6652101656882955
fStomach-DS17659.hg19.hotspot.twopass.fdr0.05.merge.bed,fIntestine_Sm-DS16712.hg19.hotspot.twopass.fdr0.05.merge.bed,hyperloglog,B,21,NA,8,40,0.48299503326416016,0.34468177706274533,0.48381466806635126,0.5451612635169159,0.513572794987302,0.5144879657916336,0.5451612635169159
fStomach-DS17659.hg19.hotspot.twopass.fdr0.05.merge.bed,fIntestine_Sm-DS16822.hotspot.twopass.fdr0.05.merge.bed,hyperloglog,B,21,NA,8,40,0.4862027168273926,0.35528783371092565,0.6302122268979666,0.4488627982096744,0.5318635385428968,0.5395375125538205,0.6302122268979666
fStomach-DS17659.hg19.hotspot.twopass.fdr0.05.merge.bed,fIntestine_Sm-DS17808.hg19.hotspot.twopass.fdr0.05.merge.bed,hyperloglog,B,21,NA,8,40,0.492063045501709,0.3612805915491875,0.6303537521317769,0.45839579273298586,0.5375420987333531,0.5443747724323814,0.6303537521317769
fStomach-DS17659.hg19.hotspot.twopass.fdr0.05.merge.bed,fIntestine_Sm-DS18495.hg19.hotspot.twopass.fdr0.05.merge.bed,hyperloglog,B,21,NA,8,40,0.4748263359069824,0.3369603871954794,0.5572141366513186,0.4601793681739874,0.5063777733489274,0.508696752412653,0.5572141366513186
fStomach-DS17659.hg19.hotspot.twopass.fdr0.05.merge.bed,fKidney_renal_cortex_L-DS17550.hg19.hotspot.twopass.fdr0.05.merge.bed,hyperloglog,B,21,NA,8,40,0.44225072860717773,0.31532205605150543,0.6501341057752742,0.37976367276842593,0.496887628947667,0.5149488892718501,0.6501341057752742
fStomach-DS17659.hg19.hotspot.twopass.fdr0.05.merge.bed,fLung_L-DS17154.hg19.hotspot.twopass.fdr0.05.merge.bed,hyperloglog,B,21,NA,8,40,0.44901514053344727,0.33243008768631915,0.7365262795334384,0.3772977680227183,0.5271524650023397,0.5569120237780784,0.7365262795334384
fStomach-DS17659.hg19.hotspot.twopass.fdr0.05.merge.bed,fLung_L-DS18421.hg19.hotspot.twopass.fdr0.05.merge.bed,hyperloglog,B,21,NA,8,40,0.47663116455078125,0.35615346370978435,0.719040934388809,0.41372970514636176,0.5454251495602732,0.5663853197675854,0.719040934388809
fStomach-DS17659.hg19.hotspot.twopass.fdr0.05.merge.bed,fLung_R-DS15632.hotspot.twopass.fdr0.05.merge.bed,hyperloglog,B,21,NA,8,40,0.4875059127807617,0.3578904797998967,0.6467668492015781,0.44484012239040555,0.53638404558384,0.5458034857959918,0.6467668492015781
fStomach-DS17659.hg19.hotspot.twopass.fdr0.05.merge.bed,fMuscle_arm-DS19053.hg19.hotspot.twopass.fdr0.05.merge.bed,hyperloglog,B,21,NA,8,40,0.4562520980834961,0.3230655508178836,0.6109899989950004,0.40672577189890946,0.49850313836901317,0.508857885446955,0.6109899989950004
fStomach-DS17659.hg19.hotspot.twopass.fdr0.05.merge.bed,fMuscle_back-DS18454.hg19.hotspot.twopass.fdr0.05.merge.bed,hyperloglog,B,21,NA,8,40,0.45955562591552734,0.3275661528313935,0.6199185418879605,0.40988590669610464,0.5040792334737405,0.5149022242920326,0.6199185418879605
fStomach-DS17659.hg19.hotspot.twopass.fdr0.05.merge.bed,fMuscle_leg-DS19115.hg19.hotspot.twopass.fdr0.05.merge.bed,hyperloglog,B,21,NA,8,40,0.46341562271118164,0.33054539502395075,0.6133585562289355,0.41754780734461094,0.5060696792630915,0.5154531817867732,0.6133585562289355
fStomach-DS17659.hg19.hotspot.twopass.fdr0.05.merge.bed,fMuscle_leg-DS19158.hg19.hotspot.twopass.fdr0.05.merge.bed,hyperloglog,B,21,NA,8,40,0.4180908203125,0.2910134698799446,0.6407268697630685,0.3477608132470835,0.472037813419712,0.494243841505076,0.6407268697630685
fStomach-DS17659.hg19.hotspot.twopass.fdr0.05.merge.bed,fSkin_fibro_bicep_R-DS19745.hg19.hotspot.twopass.fdr0.05.merge.bed,hyperloglog,B,21,NA,8,40,0.3832664489746094,0.23127597167479383,0.3573894684239279,0.3959187409379743,0.3761611202169802,0.37665410468095106,0.3959187409379743
fStomach-DS17659.hg19.hotspot.twopass.fdr0.05.merge.bed,fStomach-DS17659.hg19.hotspot.twopass.fdr0.05.merge.bed,hyperloglog,B,21,NA,8,40,1.0,1.0,1.0,1.0,1.0,1.0,1.0
