file1,file2,sketch_type,mode,precision,num_hashes,kmer_size,window_size,reg_eq_similarity,jaccard_similarity_ie,containment_AB,containment_BA,cosketch_geom,cosketch_arith,cosketch_max
fBrain-DS14718.hotspot.twopass.fdr0.05.merge.bed,fBrain-DS14718.hotspot.twopass.fdr0.05.merge.bed,hyperloglog,B,18,NA,8,40,1.0,1.0,1.0,1.0,1.0,1.0,1.0
fBrain-DS14718.hotspot.twopass.fdr0.05.merge.bed,fBrain-DS16302.hotspot.twopass.fdr0.05.merge.bed,hyperloglog,B,18,NA,8,40,0.4909210205078125,0.3550963886528878,0.5902598260279274,0.47126072818168496,0.5274147091524048,0.5307602771048061,0.5902598260279274
fBrain-DS14718.hotspot.twopass.fdr0.05.merge.bed,fHeart-DS15643.hotspot.twopass.fdr0.05.merge.bed,hyperloglog,B,18,NA,8,40,0.3926277160644531,0.2406515227493595,0.410042770425843,0.368105004661161,0.3885084245146819,0.389073887543502,0.410042770425843
fBrain-DS14718.hotspot.twopass.fdr0.05.merge.bed,fHeart-DS15839.hotspot.twopass.fdr0.05.merge.bed,hyperloglog,B,18,NA,8,40,0.37023162841796875,0.21815260420252205,0.40143408534103253,0.3233234415785613,0.36026802528035223,0.3623787634597969,0.40143408534103253
fBrain-DS14718.hotspot.twopass.fdr0.05.merge.bed,fHeart-DS16621.hotspot.twopass.fdr0.05.merge.bed,hyperloglog,B,18,NA,8,40,0.3748207092285156,0.22592210907735044,0.44175843906360857,0.3161931651919439,0.3737392126841588,0.37897580212777626,0.44175843906360857
fBrain-DS14718.hotspot.twopass.fdr0.05.merge.bed,fIntestine_Sm-DS16559.hotspot.twopass.fdr0.05.merge.bed,hyperloglog,B,18,NA,8,40,0.3629646301269531,0.2102501906673393,0.3876660756431424,0.3147922147110039,0.3493340271431175,0.35122914517707315,0.3876660756431424
fBrain-DS14718.hotspot.twopass.fdr0.05.merge.bed,fIntestine_Sm-DS16712.hg19.hotspot.twopass.fdr0.05.merge.bed,hyperloglog,B,18,NA,8,40,0.35501861572265625,0.20469489437386235,0.2875075899673051,0.41542892149662025,0.3455994329020377,0.35146825573196266,0.41542892149662025
fBrain-DS14718.hotspot.twopass.fdr0.05.merge.bed,fIntestine_Sm-DS16822.hotspot.twopass.fdr0.05.merge.bed,hyperloglog,B,18,NA,8,40,0.357940673828125,0.20232222593136825,0.35288981294963556,0.32166080131743335,0.33691366848220766,0.3372753071335345,0.35288981294963556
fBrain-DS14718.hotspot.twopass.fdr0.05.merge.bed,fIntestine_Sm-DS17808.hg19.hotspot.twopass.fdr0.05.merge.bed,hyperloglog,B,18,NA,8,40,0.37054443359375,0.21615168098422885,0.36875784233890596,0.3431032995993679,0.35569935684454385,0.35593057096913694,0.36875784233890596
fBrain-DS14718.hotspot.twopass.fdr0.05.merge.bed,fIntestine_Sm-DS18495.hg19.hotspot.twopass.fdr0.05.merge.bed,hyperloglog,B,18,NA,8,40,0.34822845458984375,0.19197000009964343,0.3135335071805701,0.331159219182481,0.3222258701989373,0.32234636318152554,0.331159219182481
fBrain-DS14718.hotspot.twopass.fdr0.05.merge.bed,fKidney_renal_cortex_L-DS17550.hg19.hotspot.twopass.fdr0.05.merge.bed,hyperloglog,B,18,NA,8,40,0.4066314697265625,0.2602921252875145,0.4822600777801138,0.36123678234511125,0.41738480896025837,0.42174843006261253,0.4822600777801138
fBrain-DS14718.hotspot.twopass.fdr0.05.merge.bed,fLung_L-DS17154.hg19.hotspot.twopass.fdr0.05.merge.bed,hyperloglog,B,18,NA,8,40,0.3951911926269531,0.2538640130934409,0.5106363705621322,0.33548310013351884,0.4138959683750404,0.4230597353478255,0.5106363705621322
fBrain-DS14718.hotspot.twopass.fdr0.05.merge.bed,fLung_L-DS18421.hg19.hotspot.twopass.fdr0.05.merge.bed,hyperloglog,B,18,NA,8,40,0.4005088806152344,0.25552676850360173,0.4792462268521731,0.35374760671335137,0.41174288794751523,0.41649691678276224,0.4792462268521731
fBrain-DS14718.hotspot.twopass.fdr0.05.merge.bed,fLung_R-DS15632.hotspot.twopass.fdr0.05.merge.bed,hyperloglog,B,18,NA,8,40,0.410186767578125,0.26105941058955673,0.44092448381436994,0.39023116664335095,0.41480414139747795,0.41557782522886044,0.44092448381436994
fBrain-DS14718.hotspot.twopass.fdr0.05.merge.bed,fMuscle_arm-DS19053.hg19.hotspot.twopass.fdr0.05.merge.bed,hyperloglog,B,18,NA,8,40,0.4122276306152344,0.2624966559053764,0.451690760022271,0.3852572383216132,0.41715361053402217,0.41847399917194206,0.451690760022271
fBrain-DS14718.hotspot.twopass.fdr0.05.merge.bed,fMuscle_back-DS18454.hg19.hotspot.twopass.fdr0.05.merge.bed,hyperloglog,B,18,NA,8,40,0.4133644104003906,0.2664911606119136,0.4591740819176548,0.38840284859811336,0.4223085618587913,0.42378846525788405,0.4591740819176548
fBrain-DS14718.hotspot.twopass.fdr0.05.merge.bed,fMuscle_leg-DS19115.hg19.hotspot.twopass.fdr0.05.merge.bed,hyperloglog,B,18,NA,8,40,0.4133453369140625,0.26413734304566133,0.4485463532753376,0.3911620498542643,0.4188726668115694,0.4198542015648009,0.4485463532753376
fBrain-DS14718.hotspot.twopass.fdr0.05.merge.bed,fMuscle_leg-DS19158.hg19.hotspot.twopass.fdr0.05.merge.bed,hyperloglog,B,18,NA,8,40,0.38832855224609375,0.2415322636197625,0.47419821984301536,0.32987940088821754,0.39551008162128204,0.40203881036561645,0.47419821984301536
fBrain-DS14718.hotspot.twopass.fdr0.05.merge.bed,fSkin_fibro_bicep_R-DS19745.hg19.hotspot.twopass.fdr0.05.merge.bed,hyperloglog,B,18,NA,8,40,0.3105735778808594,0.15401569773995744,0.22739747414075007,0.32307480053251453,0.2710468476105569,0.2752361373366323,0.32307480053251453
fBrain-DS14718.hotspot.twopass.fdr0.05.merge.bed,fStomach-DS17659.hg19.hotspot.twopass.fdr0.05.merge.bed,hyperloglog,B,18,NA,8,40,0.3973731994628906,0.24949532520038864,0.35555244549908,0.4554633106052889,0.40241905263147953,0.40550787805218447,0.4554633106052889
fBrain-DS16302.hotspot.twopass.fdr0.05.merge.bed,fBrain-DS14718.hotspot.twopass.fdr0.05.merge.bed,hyperloglog,B,18,NA,8,40,0.4909210205078125,0.3550963886528878,0.47126072818168496,0.5902598260279274,0.5274147091524048,0.5307602771048061,0.5902598260279274
fBrain-DS16302.hotspot.twopass.fdr0.05.merge.bed,fBrain-DS16302.hotspot.twopass.fdr0.05.merge.bed,hyperloglog,B,18,NA,8,40,1.0,1.0,1.0,1.0,1.0,1.0,1.0
fBrain-DS16302.hotspot.twopass.fdr0.05.merge.bed,fHeart-DS15643.hotspot.twopass.fdr0.05.merge.bed,hyperloglog,B,18,NA,8,40,0.38370513916015625,0.23208329309055784,0.3558914241168314,0.40016772788536387,0.3773807925195966,0.37802957600109766,0.40016772788536387
fBrain-DS16302.hotspot.twopass.fdr0.05.merge.bed,fHeart-DS15839.hotspot.twopass.fdr0.05.merge.bed,hyperloglog,B,18,NA,8,40,0.36473846435546875,0.20965573200250134,0.34512518608044324,0.348162167224588,0.34664035072327676,0.3466436766525156,0.348162167224588
fBrain-DS16302.hotspot.twopass.fdr0.05.merge.bed,fHeart-DS16621.hotspot.twopass.fdr0.05.merge.bed,hyperloglog,B,18,NA,8,40,0.3782196044921875,0.226564549975924,0.3907549325272898,0.35031123632860883,0.3699808691204682,0.3705330844279493,0.3907549325272898
fBrain-DS16302.hotspot.twopass.fdr0.05.merge.bed,fIntestine_Sm-DS16559.hotspot.twopass.fdr0.05.merge.bed,hyperloglog,B,18,NA,8,40,0.351898193359375,0.19560020206379242,0.3244552274083926,0.3299916389974118,0.327211723924699,0.3272234332029022,0.3299916389974118
fBrain-DS16302.hotspot.twopass.fdr0.05.merge.bed,fIntestine_Sm-DS16712.hg19.hotspot.twopass.fdr0.05.merge.bed,hyperloglog,B,18,NA,8,40,0.3203926086425781,0.17896578619606196,0.23567529535742365,0.42652397648325907,0.31705072801480033,0.33109963592034136,0.42652397648325907
fBrain-DS16302.hotspot.twopass.fdr0.05.merge.bed,fIntestine_Sm-DS16822.hotspot.twopass.fdr0.05.merge.bed,hyperloglog,B,18,NA,8,40,0.34113311767578125,0.18480327713869357,0.29260058958173357,0.3340536261461119,0.3126408290071346,0.3133271078639227,0.3340536261461119
fBrain-DS16302.hotspot.twopass.fdr0.05.merge.bed,fIntestine_Sm-DS17808.hg19.hotspot.twopass.fdr0.05.merge.bed,hyperloglog,B,18,NA,8,40,0.3477325439453125,0.1921611386742457,0.299500854932935,0.3490307346825122,0.32331873350500867,0.3242657948077236,0.3490307346825122
fBrain-DS16302.hotspot.twopass.fdr0.05.merge.bed,fIntestine_Sm-DS18495.hg19.hotspot.twopass.fdr0.05.merge.bed,hyperloglog,B,18,NA,8,40,0.3313026428222656,0.17746709554755408,0.2646483440440725,0.3501096213961186,0.3043943684373612,0.30737898272009556,0.3501096213961186
fBrain-DS16302.hotspot.twopass.fdr0.05.merge.bed,fKidney_renal_cortex_L-DS17550.hg19.hotspot.twopass.fdr0.05.merge.bed,hyperloglog,B,18,NA,8,40,0.390655517578125,0.2386910798331775,0.3980868064035901,0.3734826340584648,0.3855885229613752,0.3857847202310275,0.3980868064035901
fBrain-DS16302.hotspot.twopass.fdr0.05.merge.bed,fLung_L-DS17154.hg19.hotspot.twopass.fdr0.05.merge.bed,hyperloglog,B,18,NA,8,40,0.4073143005371094,0.26096329510426475,0.4584544127740763,0.3772567645569185,0.41587862226855327,0.4178555886654974,0.4584544127740763
fBrain-DS16302.hotspot.twopass.fdr0.05.merge.bed,fLung_L-DS18421.hg19.hotspot.twopass.fdr0.05.merge.bed,hyperloglog,B,18,NA,8,40,0.40152740478515625,0.253134460662861,0.420493678823297,0.3887552392406418,0.4043131468430484,0.4046244590319694,0.420493678823297
fBrain-DS16302.hotspot.twopass.fdr0.05.merge.bed,fLung_R-DS15632.hotspot.twopass.fdr0.05.merge.bed,hyperloglog,B,18,NA,8,40,0.4079132080078125,0.2589204875276342,0.39120474918760906,0.4336544737429431,0.41188310190476696,0.41242961146527607,0.4336544737429431
fBrain-DS16302.hotspot.twopass.fdr0.05.merge.bed,fMuscle_arm-DS19053.hg19.hotspot.twopass.fdr0.05.merge.bed,hyperloglog,B,18,NA,8,40,0.4035148620605469,0.2518403597434884,0.38949105147518137,0.4160917072360804,0.4025717284677158,0.4027913793556309,0.4160917072360804
fBrain-DS16302.hotspot.twopass.fdr0.05.merge.bed,fMuscle_back-DS18454.hg19.hotspot.twopass.fdr0.05.merge.bed,hyperloglog,B,18,NA,8,40,0.39586639404296875,0.24530816380028506,0.38291534710364156,0.40568578324852084,0.39413615985801154,0.3943005651760812,0.40568578324852084
fBrain-DS16302.hotspot.twopass.fdr0.05.merge.bed,fMuscle_leg-DS19115.hg19.hotspot.twopass.fdr0.05.merge.bed,hyperloglog,B,18,NA,8,40,0.3994483947753906,0.24754313923050508,0.3800864589942795,0.41515833003569197,0.39723552155521613,0.3976223945149857,0.41515833003569197
fBrain-DS16302.hotspot.twopass.fdr0.05.merge.bed,fMuscle_leg-DS19158.hg19.hotspot.twopass.fdr0.05.merge.bed,hyperloglog,B,18,NA,8,40,0.39437103271484375,0.2424568020603739,0.41910580906712996,0.36517491246920875,0.39121212550408774,0.3921403607681694,0.41910580906712996
fBrain-DS16302.hotspot.twopass.fdr0.05.merge.bed,fSkin_fibro_bicep_R-DS19745.hg19.hotspot.twopass.fdr0.05.merge.bed,hyperloglog,B,18,NA,8,40,0.2826080322265625,0.13400524691643573,0.18457586410029075,0.3284538329219528,0.24622073435968378,0.2565148485111218,0.3284538329219528
fBrain-DS16302.hotspot.twopass.fdr0.05.merge.bed,fStomach-DS17659.hg19.hotspot.twopass.fdr0.05.merge.bed,hyperloglog,B,18,NA,8,40,0.3596382141113281,0.21533587271875912,0.2876125194123891,0.4614657682785673,0.3643121357259081,0.37453914384547815,0.4614657682785673
fHeart-DS15643.hotspot.twopass.fdr0.05.merge.bed,fBrain-DS14718.hotspot.twopass.fdr0.05.merge.bed,hyperloglog,B,18,NA,8,40,0.3926277160644531,0.2406515227493595,0.368105004661161,0.410042770425843,0.3885084245146819,0.389073887543502,0.410042770425843
fHeart-DS15643.hotspot.twopass.fdr0.05.merge.bed,fBrain-DS16302.hotspot.twopass.fdr0.05.merge.bed,hyperloglog,B,18,NA,8,40,0.38370513916015625,0.23208329309055784,0.40016772788536387,0.3558914241168314,0.3773807925195966,0.37802957600109766,0.40016772788536387
fHeart-DS15643.hotspot.twopass.fdr0.05.merge.bed,fHeart-DS15643.hotspot.twopass.fdr0.05.merge.bed,hyperloglog,B,18,NA,8,40,1.0,1.0,1.0,1.0,1.0,1.0,1.0
fHeart-DS15643.hotspot.twopass.fdr0.05.merge.bed,fHeart-DS15839.hotspot.twopass.fdr0.05.merge.bed,hyperloglog,B,18,NA,8,40,0.6161117553710938,0.5028083405092353,0.7075015702519067,0.6347574297404107,0.6701431774407652,0.6711294999961588,0.7075015702519067
fHeart-DS15643.hotspot.twopass.fdr0.05.merge.bed,fHeart-DS16621.hotspot.twopass.fdr0.05.merge.bed,hyperloglog,B,18,NA,8,40,0.7024421691894531,0.6111621210447057,0.8550945978197856,0.6817720974577671,0.7635310324278909,0.7684333476387764,0.8550945978197856
fHeart-DS15643.hotspot.twopass.fdr0.05.merge.bed,fIntestine_Sm-DS16559.hotspot.twopass.fdr0.05.merge.bed,hyperloglog,B,18,NA,8,40,0.4228401184082031,0.2761619535073108,0.4556407482219927,0.4121413398315305,0.43334557624839454,0.4338910440267616,0.4556407482219927
fHeart-DS15643.hotspot.twopass.fdr0.05.merge.bed,fIntestine_Sm-DS16712.hg19.hotspot.twopass.fdr0.05.merge.bed,hyperloglog,B,18,NA,8,40,0.392333984375,0.25401144549374033,0.3284072911633458,0.528588416323573,0.41664408065535685,0.4284978537434594,0.528588416323573
fHeart-DS15643.hotspot.twopass.fdr0.05.merge.bed,fIntestine_Sm-DS16822.hotspot.twopass.fdr0.05.merge.bed,hyperloglog,B,18,NA,8,40,0.409698486328125,0.2596473444786555,0.409137491385363,0.41541840415886017,0.4122659866552987,0.4122779477721116,0.41541840415886017
fHeart-DS15643.hotspot.twopass.fdr0.05.merge.bed,fIntestine_Sm-DS17808.hg19.hotspot.twopass.fdr0.05.merge.bed,hyperloglog,B,18,NA,8,40,0.428314208984375,0.28060131847797887,0.43053130721155763,0.44621668387761637,0.4383038354947816,0.438373995544587,0.44621668387761637
fHeart-DS15643.hotspot.twopass.fdr0.05.merge.bed,fIntestine_Sm-DS18495.hg19.hotspot.twopass.fdr0.05.merge.bed,hyperloglog,B,18,NA,8,40,0.3979454040527344,0.24695067043052876,0.3663694267028468,0.4310518877997628,0.39739682058665105,0.3987106572513048,0.4310518877997628
fHeart-DS15643.hotspot.twopass.fdr0.05.merge.bed,fKidney_renal_cortex_L-DS17550.hg19.hotspot.twopass.fdr0.05.merge.bed,hyperloglog,B,18,NA,8,40,0.4477043151855469,0.30423612659186594,0.5128350342710847,0.42790343890372473,0.46844836935878714,0.4703692365874047,0.5128350342710847
fHeart-DS15643.hotspot.twopass.fdr0.05.merge.bed,fLung_L-DS17154.hg19.hotspot.twopass.fdr0.05.merge.bed,hyperloglog,B,18,NA,8,40,0.4582786560058594,0.3217957580664988,0.576112728575039,0.42162253068095057,0.49285099835479235,0.4988676296279948,0.576112728575039
fHeart-DS15643.hotspot.twopass.fdr0.05.merge.bed,fLung_L-DS18421.hg19.hotspot.twopass.fdr0.05.merge.bed,hyperloglog,B,18,NA,8,40,0.46402740478515625,0.3257725974126659,0.5445728369568169,0.4477630170616128,0.4938011507536066,0.49616792700921486,0.5445728369568169
fHeart-DS15643.hotspot.twopass.fdr0.05.merge.bed,fLung_R-DS15632.hotspot.twopass.fdr0.05.merge.bed,hyperloglog,B,18,NA,8,40,0.46970367431640625,0.32913183293435094,0.4988101097932491,0.4917568535435156,0.49527092596640854,0.4952834816683823,0.4988101097932491
fHeart-DS15643.hotspot.twopass.fdr0.05.merge.bed,fMuscle_arm-DS19053.hg19.hotspot.twopass.fdr0.05.merge.bed,hyperloglog,B,18,NA,8,40,0.4637718200683594,0.3229646344602257,0.5010666146604323,0.4760608908489647,0.48840374583936225,0.48856375275469854,0.5010666146604323
fHeart-DS15643.hotspot.twopass.fdr0.05.merge.bed,fMuscle_back-DS18454.hg19.hotspot.twopass.fdr0.05.merge.bed,hyperloglog,B,18,NA,8,40,0.468841552734375,0.3278071515905596,0.5088904416149742,0.47949796777900594,0.4939756396590231,0.49419420469699005,0.5088904416149742
fHeart-DS15643.hotspot.twopass.fdr0.05.merge.bed,fMuscle_leg-DS19115.hg19.hotspot.twopass.fdr0.05.merge.bed,hyperloglog,B,18,NA,8,40,0.4637031555175781,0.32203518307583384,0.4943477230165823,0.48021902139467093,0.48723216209083225,0.4872833722056266,0.4943477230165823
fHeart-DS15643.hotspot.twopass.fdr0.05.merge.bed,fMuscle_leg-DS19158.hg19.hotspot.twopass.fdr0.05.merge.bed,hyperloglog,B,18,NA,8,40,0.43781280517578125,0.29592611978101946,0.5230308558727597,0.40530319332822085,0.46041945668533807,0.46416702460049025,0.5230308558727597
fHeart-DS15643.hotspot.twopass.fdr0.05.merge.bed,fSkin_fibro_bicep_R-DS19745.hg19.hotspot.twopass.fdr0.05.merge.bed,hyperloglog,B,18,NA,8,40,0.3330268859863281,0.18462424331735258,0.25432710949944043,0.40250153503814334,0.3199485145696706,0.32841432226879186,0.40250153503814334
fHeart-DS15643.hotspot.twopass.fdr0.05.merge.bed,fStomach-DS17659.hg19.hotspot.twopass.fdr0.05.merge.bed,hyperloglog,B,18,NA,8,40,0.43670654296875,0.2964565688911266,0.38891602103652717,0.5549616841489192,0.46457883079938933,0.47193885259272317,0.5549616841489192
fHeart-DS15839.hotspot.twopass.fdr0.05.merge.bed,fBrain-DS14718.hotspot.twopass.fdr0.05.merge.bed,hyperloglog,B,18,NA,8,40,0.37023162841796875,0.21815260420252205,0.3233234415785613,0.40143408534103253,0.36026802528035223,0.3623787634597969,0.40143408534103253
fHeart-DS15839.hotspot.twopass.fdr0.05.merge.bed,fBrain-DS16302.hotspot.twopass.fdr0.05.merge.bed,hyperloglog,B,18,NA,8,40,0.36473846435546875,0.20965573200250134,0.348162167224588,0.34512518608044324,0.34664035072327676,0.3466436766525156,0.348162167224588
fHeart-DS15839.hotspot.twopass.fdr0.05.merge.bed,fHeart-DS15643.hotspot.twopass.fdr0.05.merge.bed,hyperloglog,B,18,NA,8,40,0.6161117553710938,0.5028083405092353,0.6347574297404107,0.7075015702519067,0.6701431774407652,0.6711294999961588,0.7075015702519067
fHeart-DS15839.hotspot.twopass.fdr0.05.merge.bed,fHeart-DS15839.hotspot.twopass.fdr0.05.merge.bed,hyperloglog,B,18,NA,8,40,1.0,1.0,1.0,1.0,1.0,1.0,1.0
fHeart-DS15839.hotspot.twopass.fdr0.05.merge.bed,fHeart-DS16621.hotspot.twopass.fdr0.05.merge.bed,hyperloglog,B,18,NA,8,40,0.6208648681640625,0.5095052898749463,0.7173439173431738,0.6374881197160358,0.6762382901439664,0.6774160185296048,0.7173439173431738
fHeart-DS15839.hotspot.twopass.fdr0.05.merge.bed,fIntestine_Sm-DS16559.hotspot.twopass.fdr0.05.merge.bed,hyperloglog,B,18,NA,8,40,0.4041328430175781,0.25435438475543376,0.40390661590508026,0.4072154099216063,0.40555763852482923,0.4055610129133433,0.4072154099216063
fHeart-DS15839.hotspot.twopass.fdr0.05.merge.bed,fIntestine_Sm-DS16712.hg19.hotspot.twopass.fdr0.05.merge.bed,hyperloglog,B,18,NA,8,40,0.3703956604003906,0.23487973139488105,0.29622664275068056,0.531433078058192,0.3967677362889258,0.41382986040443626,0.531433078058192
fHeart-DS15839.hotspot.twopass.fdr0.05.merge.bed,fIntestine_Sm-DS16822.hotspot.twopass.fdr0.05.merge.bed,hyperloglog,B,18,NA,8,40,0.3872718811035156,0.23540186986310224,0.3589171354257988,0.40619096882286415,0.3818231252369772,0.38255405212433147,0.40619096882286415
fHeart-DS15839.hotspot.twopass.fdr0.05.merge.bed,fIntestine_Sm-DS17808.hg19.hotspot.twopass.fdr0.05.merge.bed,hyperloglog,B,18,NA,8,40,0.4106788635253906,0.26104073003868306,0.3861961454593061,0.44613738419888366,0.415086181561018,0.41616676482909487,0.44613738419888366
fHeart-DS15839.hotspot.twopass.fdr0.05.merge.bed,fIntestine_Sm-DS18495.hg19.hotspot.twopass.fdr0.05.merge.bed,hyperloglog,B,18,NA,8,40,0.3712806701660156,0.22097529006598804,0.31899144318218686,0.4183203335620495,0.3652952325385755,0.36865588837211816,0.4183203335620495
fHeart-DS15839.hotspot.twopass.fdr0.05.merge.bed,fKidney_renal_cortex_L-DS17550.hg19.hotspot.twopass.fdr0.05.merge.bed,hyperloglog,B,18,NA,8,40,0.424041748046875,0.2759690875429391,0.44884064757946046,0.4174263745202456,0.432848615865193,0.43313351104985304,0.44884064757946046
fHeart-DS15839.hotspot.twopass.fdr0.05.merge.bed,fLung_L-DS17154.hg19.hotspot.twopass.fdr0.05.merge.bed,hyperloglog,B,18,NA,8,40,0.4325828552246094,0.2883979108318099,0.49825619152183426,0.4064327159280746,0.4500084634184095,0.45234445372495447,0.49825619152183426
fHeart-DS15839.hotspot.twopass.fdr0.05.merge.bed,fLung_L-DS18421.hg19.hotspot.twopass.fdr0.05.merge.bed,hyperloglog,B,18,NA,8,40,0.43071746826171875,0.2846835732090522,0.46339713581191216,0.42468332152505783,0.443618118229859,0.444040228668485,0.46339713581191216
fHeart-DS15839.hotspot.twopass.fdr0.05.merge.bed,fLung_R-DS15632.hotspot.twopass.fdr0.05.merge.bed,hyperloglog,B,18,NA,8,40,0.42702484130859375,0.27981274101313086,0.4176050787764712,0.4588815125549823,0.43775706756098137,0.43824329566572673,0.4588815125549823
fHeart-DS15839.hotspot.twopass.fdr0.05.merge.bed,fMuscle_arm-DS19053.hg19.hotspot.twopass.fdr0.05.merge.bed,hyperloglog,B,18,NA,8,40,0.4216957092285156,0.2748505893377263,0.4191816765163268,0.44390388210974185,0.43136570739323665,0.4315427793130343,0.44390388210974185
fHeart-DS15839.hotspot.twopass.fdr0.05.merge.bed,fMuscle_back-DS18454.hg19.hotspot.twopass.fdr0.05.merge.bed,hyperloglog,B,18,NA,8,40,0.4218635559082031,0.27371753360678075,0.41951625226203726,0.440586192407708,0.42992216532447186,0.43005122233487264,0.440586192407708
fHeart-DS15839.hotspot.twopass.fdr0.05.merge.bed,fMuscle_leg-DS19115.hg19.hotspot.twopass.fdr0.05.merge.bed,hyperloglog,B,18,NA,8,40,0.4142608642578125,0.2660197837061949,0.4041878347838189,0.4376326076318507,0.42057790730079286,0.42091022120783483,0.4376326076318507
fHeart-DS15839.hotspot.twopass.fdr0.05.merge.bed,fMuscle_leg-DS19158.hg19.hotspot.twopass.fdr0.05.merge.bed,hyperloglog,B,18,NA,8,40,0.4000511169433594,0.2498383674305554,0.43133362683711246,0.37255092603288925,0.40086623967015594,0.40194227643500086,0.43133362683711246
fHeart-DS15839.hotspot.twopass.fdr0.05.merge.bed,fSkin_fibro_bicep_R-DS19745.hg19.hotspot.twopass.fdr0.05.merge.bed,hyperloglog,B,18,NA,8,40,0.302032470703125,0.1547934366724602,0.2100337902026538,0.370496125211165,0.2789564579526668,0.2902649577069094,0.370496125211165
fHeart-DS15839.hotspot.twopass.fdr0.05.merge.bed,fStomach-DS17659.hg19.hotspot.twopass.fdr0.05.merge.bed,hyperloglog,B,18,NA,8,40,0.3904914855957031,0.24907295704801669,0.3247815536312175,0.5165568626848411,0.40959509323434307,0.42066920815802933,0.5165568626848411
fHeart-DS16621.hotspot.twopass.fdr0.05.merge.bed,fBrain-DS14718.hotspot.twopass.fdr0.05.merge.bed,hyperloglog,B,18,NA,8,40,0.3748207092285156,0.22592210907735044,0.3161931651919439,0.44175843906360857,0.3737392126841588,0.37897580212777626,0.44175843906360857
fHeart-DS16621.hotspot.twopass.fdr0.05.merge.bed,fBrain-DS16302.hotspot.twopass.fdr0.05.merge.bed,hyperloglog,B,18,NA,8,40,0.3782196044921875,0.226564549975924,0.35031123632860883,0.3907549325272898,0.3699808691204682,0.3705330844279493,0.3907549325272898
fHeart-DS16621.hotspot.twopass.fdr0.05.merge.bed,fHeart-DS15643.hotspot.twopass.fdr0.05.merge.bed,hyperloglog,B,18,NA,8,40,0.7024421691894531,0.6111621210447057,0.6817720974577671,0.8550945978197856,0.7635310324278909,0.7684333476387764,0.8550945978197856
fHeart-DS16621.hotspot.twopass.fdr0.05.merge.bed,fHeart-DS15839.hotspot.twopass.fdr0.05.merge.bed,hyperloglog,B,18,NA,8,40,0.6208648681640625,0.5095052898749463,0.6374881197160358,0.7173439173431738,0.6762382901439664,0.6774160185296048,0.7173439173431738
fHeart-DS16621.hotspot.twopass.fdr0.05.merge.bed,fHeart-DS16621.hotspot.twopass.fdr0.05.merge.bed,hyperloglog,B,18,NA,8,40,1.0,1.0,1.0,1.0,1.0,1.0,1.0
fHeart-DS16621.hotspot.twopass.fdr0.05.merge.bed,fIntestine_Sm-DS16559.hotspot.twopass.fdr0.05.merge.bed,hyperloglog,B,18,NA,8,40,0.4182777404785156,0.27174980974405566,0.4020332830065902,0.4561005230172725,0.42821442134712945,0.42906690301193134,0.4561005230172725
fHeart-DS16621.hotspot.twopass.fdr0.05.merge.bed,fIntestine_Sm-DS16712.hg19.hotspot.twopass.fdr0.05.merge.bed,hyperloglog,B,18,NA,8,40,0.35695648193359375,0.2298297112396407,0.27945167019369016,0.5641394882708383,0.397051284117681,0.4217955792322642,0.5641394882708383
fHeart-DS16621.hotspot.twopass.fdr0.05.merge.bed,fIntestine_Sm-DS16822.hotspot.twopass.fdr0.05.merge.bed,hyperloglog,B,18,NA,8,40,0.3968467712402344,0.2492172125578207,0.3561552960973599,0.4535558798511349,0.4019158228846925,0.40485558797424737,0.4535558798511349
fHeart-DS16621.hotspot.twopass.fdr0.05.merge.bed,fIntestine_Sm-DS17808.hg19.hotspot.twopass.fdr0.05.merge.bed,hyperloglog,B,18,NA,8,40,0.40879058837890625,0.2647386190102662,0.3703504635616427,0.4814252878785116,0.42225120311978276,0.42588787572007714,0.4814252878785116
fHeart-DS16621.hotspot.twopass.fdr0.05.merge.bed,fIntestine_Sm-DS18495.hg19.hotspot.twopass.fdr0.05.merge.bed,hyperloglog,B,18,NA,8,40,0.3805694580078125,0.23707779579900626,0.3215133296707119,0.47444322491998564,0.39056346601254843,0.39797827729534874,0.47444322491998564
fHeart-DS16621.hotspot.twopass.fdr0.05.merge.bed,fKidney_renal_cortex_L-DS17550.hg19.hotspot.twopass.fdr0.05.merge.bed,hyperloglog,B,18,NA,8,40,0.4412384033203125,0.2959198492501795,0.44654642410150164,0.4673149189344608,0.45681265960945805,0.4569306715179812,0.4673149189344608
fHeart-DS16621.hotspot.twopass.fdr0.05.merge.bed,fLung_L-DS17154.hg19.hotspot.twopass.fdr0.05.merge.bed,hyperloglog,B,18,NA,8,40,0.462005615234375,0.32108557015912476,0.5078349208617872,0.4661372837883941,0.48653960848363365,0.48698610232509065,0.5078349208617872
fHeart-DS16621.hotspot.twopass.fdr0.05.merge.bed,fLung_L-DS18421.hg19.hotspot.twopass.fdr0.05.merge.bed,hyperloglog,B,18,NA,8,40,0.45967864990234375,0.3185609507522993,0.4758720076097481,0.4907466499438415,0.48325210143002395,0.4833093287767948,0.4907466499438415
fHeart-DS16621.hotspot.twopass.fdr0.05.merge.bed,fLung_R-DS15632.hotspot.twopass.fdr0.05.merge.bed,hyperloglog,B,18,NA,8,40,0.4516258239746094,0.3115724841961894,0.42967825284261885,0.5312922578646062,0.47779151217667537,0.48048525535361253,0.5312922578646062
fHeart-DS16621.hotspot.twopass.fdr0.05.merge.bed,fMuscle_arm-DS19053.hg19.hotspot.twopass.fdr0.05.merge.bed,hyperloglog,B,18,NA,8,40,0.44777679443359375,0.3075940091377625,0.432643823802769,0.5155520114581678,0.47228211230838574,0.4740979176304684,0.5155520114581678
fHeart-DS16621.hotspot.twopass.fdr0.05.merge.bed,fMuscle_back-DS18454.hg19.hotspot.twopass.fdr0.05.merge.bed,hyperloglog,B,18,NA,8,40,0.4511528015136719,0.3103378257420091,0.4372455493585773,0.516728974489887,0.47532877497614734,0.47698726192423213,0.516728974489887
fHeart-DS16621.hotspot.twopass.fdr0.05.merge.bed,fMuscle_leg-DS19115.hg19.hotspot.twopass.fdr0.05.merge.bed,hyperloglog,B,18,NA,8,40,0.4440498352050781,0.3025982366963396,0.4229699737349287,0.5153369682756237,0.46687478400121196,0.46915347100527616,0.5153369682756237
fHeart-DS16621.hotspot.twopass.fdr0.05.merge.bed,fMuscle_leg-DS19158.hg19.hotspot.twopass.fdr0.05.merge.bed,hyperloglog,B,18,NA,8,40,0.43686676025390625,0.29111869993763295,0.4574716201864616,0.4446228844780776,0.45100149815068696,0.4510472523322696,0.4574716201864616
fHeart-DS16621.hotspot.twopass.fdr0.05.merge.bed,fSkin_fibro_bicep_R-DS19745.hg19.hotspot.twopass.fdr0.05.merge.bed,hyperloglog,B,18,NA,8,40,0.3095970153808594,0.17202236703923274,0.2207173248044434,0.438113109751519,0.3109648751002447,0.3294152172779812,0.438113109751519
fHeart-DS16621.hotspot.twopass.fdr0.05.merge.bed,fStomach-DS17659.hg19.hotspot.twopass.fdr0.05.merge.bed,hyperloglog,B,18,NA,8,40,0.4008750915527344,0.2688434408041209,0.33026914427239185,0.591085228668965,0.44183391977591546,0.4606771864706784,0.591085228668965
fIntestine_Sm-DS16559.hotspot.twopass.fdr0.05.merge.bed,fBrain-DS14718.hotspot.twopass.fdr0.05.merge.bed,hyperloglog,B,18,NA,8,40,0.3629646301269531,0.2102501906673393,0.3147922147110039,0.3876660756431424,0.3493340271431175,0.35122914517707315,0.3876660756431424
fIntestine_Sm-DS16559.hotspot.twopass.fdr0.05.merge.bed,fBrain-DS16302.hotspot.twopass.fdr0.05.merge.bed,hyperloglog,B,18,NA,8,40,0.351898193359375,0.19560020206379242,0.3299916389974118,0.3244552274083926,0.327211723924699,0.3272234332029022,0.3299916389974118
fIntestine_Sm-DS16559.hotspot.twopass.fdr0.05.merge.bed,fHeart-DS15643.hotspot.twopass.fdr0.05.merge.bed,hyperloglog,B,18,NA,8,40,0.4228401184082031,0.2761619535073108,0.4121413398315305,0.4556407482219927,0.43334557624839454,0.4338910440267616,0.4556407482219927
fIntestine_Sm-DS16559.hotspot.twopass.fdr0.05.merge.bed,fHeart-DS15839.hotspot.twopass.fdr0.05.merge.bed,hyperloglog,B,18,NA,8,40,0.4041328430175781,0.25435438475543376,0.4072154099216063,0.40390661590508026,0.40555763852482923,0.4055610129133433,0.4072154099216063
fIntestine_Sm-DS16559.hotspot.twopass.fdr0.05.merge.bed,fHeart-DS16621.hotspot.twopass.fdr0.05.merge.bed,hyperloglog,B,18,NA,8,40,0.4182777404785156,0.27174980974405566,0.4561005230172725,0.4020332830065902,0.42821442134712945,0.42906690301193134,0.4561005230172725
fIntestine_Sm-DS16559.hotspot.twopass.fdr0.05.merge.bed,fIntestine_Sm-DS16559.hotspot.twopass.fdr0.05.merge.bed,hyperloglog,B,18,NA,8,40,1.0,1.0,1.0,1.0,1.0,1.0,1.0
fIntestine_Sm-DS16559.hotspot.twopass.fdr0.05.merge.bed,fIntestine_Sm-DS16712.hg19.hotspot.twopass.fdr0.05.merge.bed,hyperloglog,B,18,NA,8,40,0.55413818359375,0.4524087691570497,0.4865381161692218,0.8657611591066435,0.6490191086587731,0.6761496376379327,0.8657611591066435
fIntestine_Sm-DS16559.hotspot.twopass.fdr0.05.merge.bed,fIntestine_Sm-DS16822.hotspot.twopass.fdr0.05.merge.bed,hyperloglog,B,18,NA,8,40,0.7014999389648438,0.6093766081217861,0.7159560926845844,0.803672711165182,0.7585475424012988,0.7598144019248831,0.803672711165182
fIntestine_Sm-DS16559.hotspot.twopass.fdr0.05.merge.bed,fIntestine_Sm-DS17808.hg19.hotspot.twopass.fdr0.05.merge.bed,hyperloglog,B,18,NA,8,40,0.6753997802734375,0.5779084821278613,0.6858887205854927,0.7859069063674938,0.7341966238738113,0.7358978134764933,0.7859069063674938
fIntestine_Sm-DS16559.hotspot.twopass.fdr0.05.merge.bed,fIntestine_Sm-DS18495.hg19.hotspot.twopass.fdr0.05.merge.bed,hyperloglog,B,18,NA,8,40,0.6561775207519531,0.5563293803088045,0.6322796077786266,0.8224241970518394,0.7211116756367136,0.7273519024152331,0.8224241970518394
fIntestine_Sm-DS16559.hotspot.twopass.fdr0.05.merge.bed,fKidney_renal_cortex_L-DS17550.hg19.hotspot.twopass.fdr0.05.merge.bed,hyperloglog,B,18,NA,8,40,0.4551239013671875,0.3125876145009657,0.4963120651789407,0.4578247860047682,0.4766801496099173,0.4770684255918545,0.4963120651789407
fIntestine_Sm-DS16559.hotspot.twopass.fdr0.05.merge.bed,fLung_L-DS17154.hg19.hotspot.twopass.fdr0.05.merge.bed,hyperloglog,B,18,NA,8,40,0.4532737731933594,0.31178834713899417,0.5314491607488797,0.42998612658990704,0.4780332269935508,0.4807176436693934,0.5314491607488797
fIntestine_Sm-DS16559.hotspot.twopass.fdr0.05.merge.bed,fLung_L-DS18421.hg19.hotspot.twopass.fdr0.05.merge.bed,hyperloglog,B,18,NA,8,40,0.46645355224609375,0.3245450732990746,0.5145740033822611,0.46775287379608366,0.49060520672207336,0.4911634385891724,0.5145740033822611
fIntestine_Sm-DS16559.hotspot.twopass.fdr0.05.merge.bed,fLung_R-DS15632.hotspot.twopass.fdr0.05.merge.bed,hyperloglog,B,18,NA,8,40,0.4537925720214844,0.30962236325213033,0.4533386507328314,0.4940993694750346,0.4732804047134795,0.473719010103933,0.4940993694750346
fIntestine_Sm-DS16559.hotspot.twopass.fdr0.05.merge.bed,fMuscle_arm-DS19053.hg19.hotspot.twopass.fdr0.05.merge.bed,hyperloglog,B,18,NA,8,40,0.4281501770019531,0.2812719162994423,0.42852331414165074,0.45010917995277344,0.43918364896583195,0.43931624704721206,0.45010917995277344
fIntestine_Sm-DS16559.hotspot.twopass.fdr0.05.merge.bed,fMuscle_back-DS18454.hg19.hotspot.twopass.fdr0.05.merge.bed,hyperloglog,B,18,NA,8,40,0.4254188537597656,0.27782372224629165,0.4261372605054374,0.44390329074203455,0.4349295715931021,0.43502027562373596,0.44390329074203455
fIntestine_Sm-DS16559.hotspot.twopass.fdr0.05.merge.bed,fMuscle_leg-DS19115.hg19.hotspot.twopass.fdr0.05.merge.bed,hyperloglog,B,18,NA,8,40,0.42214202880859375,0.2744279380791987,0.4158413531780165,0.44659193244627743,0.43094244802159526,0.431216642812147,0.44659193244627743
fIntestine_Sm-DS16559.hotspot.twopass.fdr0.05.merge.bed,fMuscle_leg-DS19158.hg19.hotspot.twopass.fdr0.05.merge.bed,hyperloglog,B,18,NA,8,40,0.4129486083984375,0.2635086793576816,0.45199069053800045,0.38722071506640154,0.4183541064618359,0.419605702802201,0.45199069053800045
fIntestine_Sm-DS16559.hotspot.twopass.fdr0.05.merge.bed,fSkin_fibro_bicep_R-DS19745.hg19.hotspot.twopass.fdr0.05.merge.bed,hyperloglog,B,18,NA,8,40,0.32178497314453125,0.17565739912420408,0.23480744995207234,0.41083093259208053,0.31059002502234057,0.3228191912720764,0.41083093259208053
fIntestine_Sm-DS16559.hotspot.twopass.fdr0.05.merge.bed,fStomach-DS17659.hg19.hotspot.twopass.fdr0.05.merge.bed,hyperloglog,B,18,NA,8,40,0.47513580322265625,0.3465544976724953,0.4205052392106997,0.6633686669049447,0.5281571735399858,0.5419369530578222,0.6633686669049447
fIntestine_Sm-DS16712.hg19.hotspot.twopass.fdr0.05.merge.bed,fBrain-DS14718.hotspot.twopass.fdr0.05.merge.bed,hyperloglog,B,18,NA,8,40,0.35501861572265625,0.20469489437386235,0.41542892149662025,0.2875075899673051,0.3455994329020377,0.35146825573196266,0.41542892149662025
fIntestine_Sm-DS16712.hg19.hotspot.twopass.fdr0.05.merge.bed,fBrain-DS16302.hotspot.twopass.fdr0.05.merge.bed,hyperloglog,B,18,NA,8,40,0.3203926086425781,0.17896578619606196,0.42652397648325907,0.23567529535742365,0.31705072801480033,0.33109963592034136,0.42652397648325907
fIntestine_Sm-DS16712.hg19.hotspot.twopass.fdr0.05.merge.bed,fHeart-DS15643.hotspot.twopass.fdr0.05.merge.bed,hyperloglog,B,18,NA,8,40,0.392333984375,0.25401144549374033,0.528588416323573,0.3284072911633458,0.41664408065535685,0.4284978537434594,0.528588416323573
fIntestine_Sm-DS16712.hg19.hotspot.twopass.fdr0.05.merge.bed,fHeart-DS15839.hotspot.twopass.fdr0.05.merge.bed,hyperloglog,B,18,NA,8,40,0.3703956604003906,0.23487973139488105,0.531433078058192,0.29622664275068056,0.3967677362889258,0.41382986040443626,0.531433078058192
fIntestine_Sm-DS16712.hg19.hotspot.twopass.fdr0.05.merge.bed,fHeart-DS16621.hotspot.twopass.fdr0.05.merge.bed,hyperloglog,B,18,NA,8,40,0.35695648193359375,0.2298297112396407,0.5641394882708383,0.27945167019369016,0.397051284117681,0.4217955792322642,0.5641394882708383
fIntestine_Sm-DS16712.hg19.hotspot.twopass.fdr0.05.merge.bed,fIntestine_Sm-DS16559.hotspot.twopass.fdr0.05.merge.bed,hyperloglog,B,18,NA,8,40,0.55413818359375,0.4524087691570497,0.8657611591066435,0.4865381161692218,0.6490191086587731,0.6761496376379327,0.8657611591066435
fIntestine_Sm-DS16712.hg19.hotspot.twopass.fdr0.05.merge.bed,fIntestine_Sm-DS16712.hg19.hotspot.twopass.fdr0.05.merge.bed,hyperloglog,B,18,NA,8,40,1.0,1.0,1.0,1.0,1.0,1.0,1.0
fIntestine_Sm-DS16712.hg19.hotspot.twopass.fdr0.05.merge.bed,fIntestine_Sm-DS16822.hotspot.twopass.fdr0.05.merge.bed,hyperloglog,B,18,NA,8,40,0.5853004455566406,0.4822010126992525,0.8410422557391969,0.5305537887817614,0.667995625216206,0.6857980222604791,0.8410422557391969
fIntestine_Sm-DS16712.hg19.hotspot.twopass.fdr0.05.merge.bed,fIntestine_Sm-DS17808.hg19.hotspot.twopass.fdr0.05.merge.bed,hyperloglog,B,18,NA,8,40,0.6219367980957031,0.5242607600757987,0.8780802958770775,0.5654190638663681,0.7046157384662372,0.7217496798717228,0.8780802958770775
fIntestine_Sm-DS16712.hg19.hotspot.twopass.fdr0.05.merge.bed,fIntestine_Sm-DS18495.hg19.hotspot.twopass.fdr0.05.merge.bed,hyperloglog,B,18,NA,8,40,0.5911903381347656,0.4799669791952362,0.7679729098766819,0.5613728129724077,0.6565966133815178,0.6646728614245447,0.7679729098766819
fIntestine_Sm-DS16712.hg19.hotspot.twopass.fdr0.05.merge.bed,fKidney_renal_cortex_L-DS17550.hg19.hotspot.twopass.fdr0.05.merge.bed,hyperloglog,B,18,NA,8,40,0.39600372314453125,0.2694497033549942,0.6217052980763822,0.3222907252911651,0.4476269109810057,0.47199801168377364,0.6217052980763822
fIntestine_Sm-DS16712.hg19.hotspot.twopass.fdr0.05.merge.bed,fLung_L-DS17154.hg19.hotspot.twopass.fdr0.05.merge.bed,hyperloglog,B,18,NA,8,40,0.3712730407714844,0.2517600868797679,0.6434629135199864,0.29257351549075594,0.4338896250159327,0.4680182145053712,0.6434629135199864
fIntestine_Sm-DS16712.hg19.hotspot.twopass.fdr0.05.merge.bed,fLung_L-DS18421.hg19.hotspot.twopass.fdr0.05.merge.bed,hyperloglog,B,18,NA,8,40,0.39418792724609375,0.26951363925224975,0.6278780519033382,0.3207470687915604,0.4487650217057374,0.4743125603474493,0.6278780519033382
fIntestine_Sm-DS16712.hg19.hotspot.twopass.fdr0.05.merge.bed,fLung_R-DS15632.hotspot.twopass.fdr0.05.merge.bed,hyperloglog,B,18,NA,8,40,0.4090385437011719,0.27460398834286237,0.5671821760040553,0.347402466595267,0.44389242723060696,0.45729232129966113,0.5671821760040553
fIntestine_Sm-DS16712.hg19.hotspot.twopass.fdr0.05.merge.bed,fMuscle_arm-DS19053.hg19.hotspot.twopass.fdr0.05.merge.bed,hyperloglog,B,18,NA,8,40,0.3799896240234375,0.2419744777331634,0.5248918492410511,0.30983609865606443,0.4032746493212962,0.4173639739485578,0.5248918492410511
fIntestine_Sm-DS16712.hg19.hotspot.twopass.fdr0.05.merge.bed,fMuscle_back-DS18454.hg19.hotspot.twopass.fdr0.05.merge.bed,hyperloglog,B,18,NA,8,40,0.3791694641113281,0.24068092100687993,0.5253691908639017,0.3075546000530701,0.40196978913390036,0.4164618954584859,0.5253691908639017
fIntestine_Sm-DS16712.hg19.hotspot.twopass.fdr0.05.merge.bed,fMuscle_leg-DS19115.hg19.hotspot.twopass.fdr0.05.merge.bed,hyperloglog,B,18,NA,8,40,0.37918853759765625,0.2386992827172803,0.5119900456354957,0.3090035625686312,0.3977521189145876,0.41049680410206346,0.5119900456354957
fIntestine_Sm-DS16712.hg19.hotspot.twopass.fdr0.05.merge.bed,fMuscle_leg-DS19158.hg19.hotspot.twopass.fdr0.05.merge.bed,hyperloglog,B,18,NA,8,40,0.34100341796875,0.21026468309861857,0.534593933125757,0.2573782773250114,0.37093512313652593,0.3959861052253842,0.534593933125757
fIntestine_Sm-DS16712.hg19.hotspot.twopass.fdr0.05.merge.bed,fSkin_fibro_bicep_R-DS19745.hg19.hotspot.twopass.fdr0.05.merge.bed,hyperloglog,B,18,NA,8,40,0.3470306396484375,0.18757697411875557,0.31858710961602293,0.31325516059980985,0.315909886182431,0.3159211351079164,0.31858710961602293
fIntestine_Sm-DS16712.hg19.hotspot.twopass.fdr0.05.merge.bed,fStomach-DS17659.hg19.hotspot.twopass.fdr0.05.merge.bed,hyperloglog,B,18,NA,8,40,0.4836692810058594,0.3445246593271364,0.5452769171836644,0.4834142273212725,0.5134146663238854,0.5143455722524685,0.5452769171836644
fIntestine_Sm-DS16822.hotspot.twopass.fdr0.05.merge.bed,fBrain-DS14718.hotspot.twopass.fdr0.05.merge.bed,hyperloglog,B,18,NA,8,40,0.357940673828125,0.20232222593136825,0.32166080131743335,0.35288981294963556,0.33691366848220766,0.3372753071335345,0.35288981294963556
fIntestine_Sm-DS16822.hotspot.twopass.fdr0.05.merge.bed,fBrain-DS16302.hotspot.twopass.fdr0.05.merge.bed,hyperloglog,B,18,NA,8,40,0.34113311767578125,0.18480327713869357,0.3340536261461119,0.29260058958173357,0.3126408290071346,0.3133271078639227,0.3340536261461119
fIntestine_Sm-DS16822.hotspot.twopass.fdr0.05.merge.bed,fHeart-DS15643.hotspot.twopass.fdr0.05.merge.bed,hyperloglog,B,18,NA,8,40,0.409698486328125,0.2596473444786555,0.41541840415886017,0.409137491385363,0.4122659866552987,0.4122779477721116,0.41541840415886017
fIntestine_Sm-DS16822.hotspot.twopass.fdr0.05.merge.bed,fHeart-DS15839.hotspot.twopass.fdr0.05.merge.bed,hyperloglog,B,18,NA,8,40,0.3872718811035156,0.23540186986310224,0.40619096882286415,0.3589171354257988,0.3818231252369772,0.38255405212433147,0.40619096882286415
fIntestine_Sm-DS16822.hotspot.twopass.fdr0.05.merge.bed,fHeart-DS16621.hotspot.twopass.fdr0.05.merge.bed,hyperloglog,B,18,NA,8,40,0.3968467712402344,0.2492172125578207,0.4535558798511349,0.3561552960973599,0.4019158228846925,0.40485558797424737,0.4535558798511349
fIntestine_Sm-DS16822.hotspot.twopass.fdr0.05.merge.bed,fIntestine_Sm-DS16559.hotspot.twopass.fdr0.05.merge.bed,hyperloglog,B,18,NA,8,40,0.7014999389648438,0.6093766081217861,0.803672711165182,0.7159560926845844,0.7585475424012988,0.7598144019248831,0.803672711165182
fIntestine_Sm-DS16822.hotspot.twopass.fdr0.05.merge.bed,fIntestine_Sm-DS16712.hg19.hotspot.twopass.fdr0.05.merge.bed,hyperloglog,B,18,NA,8,40,0.5853004455566406,0.4822010126992525,0.5305537887817614,0.8410422557391969,0.667995625216206,0.6857980222604791,0.8410422557391969
fIntestine_Sm-DS16822.hotspot.twopass.fdr0.05.merge.bed,fIntestine_Sm-DS16822.hotspot.twopass.fdr0.05.merge.bed,hyperloglog,B,18,NA,8,40,1.0,1.0,1.0,1.0,1.0,1.0,1.0
fIntestine_Sm-DS16822.hotspot.twopass.fdr0.05.merge.bed,fIntestine_Sm-DS17808.hg19.hotspot.twopass.fdr0.05.merge.bed,hyperloglog,B,18,NA,8,40,0.6943702697753906,0.5981687629533803,0.7409547837876296,0.7563386913478095,0.7486072211232235,0.7486467375677195,0.7563386913478095
fIntestine_Sm-DS16822.hotspot.twopass.fdr0.05.merge.bed,fIntestine_Sm-DS18495.hg19.hotspot.twopass.fdr0.05.merge.bed,hyperloglog,B,18,NA,8,40,0.6693840026855469,0.5698130445282072,0.6762311098649504,0.783590239926975,0.7279341300043302,0.7299106748959627,0.783590239926975
fIntestine_Sm-DS16822.hotspot.twopass.fdr0.05.merge.bed,fKidney_renal_cortex_L-DS17550.hg19.hotspot.twopass.fdr0.05.merge.bed,hyperloglog,B,18,NA,8,40,0.43283843994140625,0.2881454272722979,0.49589457434385903,0.40751255370431866,0.4495367219248969,0.45170356402408884,0.49589457434385903
fIntestine_Sm-DS16822.hotspot.twopass.fdr0.05.merge.bed,fLung_L-DS17154.hg19.hotspot.twopass.fdr0.05.merge.bed,hyperloglog,B,18,NA,8,40,0.42572784423828125,0.2833856095160748,0.5271629766878205,0.3799660434570763,0.4475533828596608,0.4535645100724484,0.5271629766878205
fIntestine_Sm-DS16822.hotspot.twopass.fdr0.05.merge.bed,fLung_L-DS18421.hg19.hotspot.twopass.fdr0.05.merge.bed,hyperloglog,B,18,NA,8,40,0.44251251220703125,0.3001548914321631,0.515945985684582,0.4178111520223837,0.46429299656596107,0.4668785688534829,0.515945985684582
fIntestine_Sm-DS16822.hotspot.twopass.fdr0.05.merge.bed,fLung_R-DS15632.hotspot.twopass.fdr0.05.merge.bed,hyperloglog,B,18,NA,8,40,0.4361686706542969,0.28876700584313153,0.45483194695452656,0.4416209632406918,0.448177780045706,0.44822645509760917,0.45483194695452656
fIntestine_Sm-DS16822.hotspot.twopass.fdr0.05.merge.bed,fMuscle_arm-DS19053.hg19.hotspot.twopass.fdr0.05.merge.bed,hyperloglog,B,18,NA,8,40,0.4072380065917969,0.257434008487398,0.423520980469754,0.3963013136856547,0.40968514853921667,0.4099111470777044,0.423520980469754
fIntestine_Sm-DS16822.hotspot.twopass.fdr0.05.merge.bed,fMuscle_back-DS18454.hg19.hotspot.twopass.fdr0.05.merge.bed,hyperloglog,B,18,NA,8,40,0.4077186584472656,0.256739692220183,0.4244316396230376,0.3938707893471452,0.4088657786147294,0.4091512144850914,0.4244316396230376
fIntestine_Sm-DS16822.hotspot.twopass.fdr0.05.merge.bed,fMuscle_leg-DS19115.hg19.hotspot.twopass.fdr0.05.merge.bed,hyperloglog,B,18,NA,8,40,0.4055366516113281,0.25340819876214443,0.41349393591503164,0.3956029395617858,0.4044495228566344,0.40454843773840876,0.41349393591503164
fIntestine_Sm-DS16822.hotspot.twopass.fdr0.05.merge.bed,fMuscle_leg-DS19158.hg19.hotspot.twopass.fdr0.05.merge.bed,hyperloglog,B,18,NA,8,40,0.3864097595214844,0.23629700716060228,0.4415702548786267,0.33700478754674995,0.38576066405523496,0.38928752121268834,0.4415702548786267
fIntestine_Sm-DS16822.hotspot.twopass.fdr0.05.merge.bed,fSkin_fibro_bicep_R-DS19745.hg19.hotspot.twopass.fdr0.05.merge.bed,hyperloglog,B,18,NA,8,40,0.3317222595214844,0.180467617427142,0.25095950248456794,0.3911668792467324,0.31331620673722105,0.32106319086565016,0.3911668792467324
fIntestine_Sm-DS16822.hotspot.twopass.fdr0.05.merge.bed,fStomach-DS17659.hg19.hotspot.twopass.fdr0.05.merge.bed,hyperloglog,B,18,NA,8,40,0.486724853515625,0.355376871614655,0.4487663532108594,0.6306828162142725,0.5320049130085489,0.5397245847125659,0.6306828162142725
fIntestine_Sm-DS17808.hg19.hotspot.twopass.fdr0.05.merge.bed,fBrain-DS14718.hotspot.twopass.fdr0.05.merge.bed,hyperloglog,B,18,NA,8,40,0.37054443359375,0.21615168098422885,0.3431032995993679,0.36875784233890596,0.35569935684454385,0.35593057096913694,0.36875784233890596
fIntestine_Sm-DS17808.hg19.hotspot.twopass.fdr0.05.merge.bed,fBrain-DS16302.hotspot.twopass.fdr0.05.merge.bed,hyperloglog,B,18,NA,8,40,0.3477325439453125,0.1921611386742457,0.3490307346825122,0.299500854932935,0.32331873350500867,0.3242657948077236,0.3490307346825122
fIntestine_Sm-DS17808.hg19.hotspot.twopass.fdr0.05.merge.bed,fHeart-DS15643.hotspot.twopass.fdr0.05.merge.bed,hyperloglog,B,18,NA,8,40,0.428314208984375,0.28060131847797887,0.44621668387761637,0.43053130721155763,0.4383038354947816,0.438373995544587,0.44621668387761637
fIntestine_Sm-DS17808.hg19.hotspot.twopass.fdr0.05.merge.bed,fHeart-DS15839.hotspot.twopass.fdr0.05.merge.bed,hyperloglog,B,18,NA,8,40,0.4106788635253906,0.26104073003868306,0.44613738419888366,0.3861961454593061,0.415086181561018,0.41616676482909487,0.44613738419888366
fIntestine_Sm-DS17808.hg19.hotspot.twopass.fdr0.05.merge.bed,fHeart-DS16621.hotspot.twopass.fdr0.05.merge.bed,hyperloglog,B,18,NA,8,40,0.40879058837890625,0.2647386190102662,0.4814252878785116,0.3703504635616427,0.42225120311978276,0.42588787572007714,0.4814252878785116
fIntestine_Sm-DS17808.hg19.hotspot.twopass.fdr0.05.merge.bed,fIntestine_Sm-DS16559.hotspot.twopass.fdr0.05.merge.bed,hyperloglog,B,18,NA,8,40,0.6753997802734375,0.5779084821278613,0.7859069063674938,0.6858887205854927,0.7341966238738113,0.7358978134764933,0.7859069063674938
fIntestine_Sm-DS17808.hg19.hotspot.twopass.fdr0.05.merge.bed,fIntestine_Sm-DS16712.hg19.hotspot.twopass.fdr0.05.merge.bed,hyperloglog,B,18,NA,8,40,0.6219367980957031,0.5242607600757987,0.5654190638663681,0.8780802958770775,0.7046157384662372,0.7217496798717228,0.8780802958770775
fIntestine_Sm-DS17808.hg19.hotspot.twopass.fdr0.05.merge.bed,fIntestine_Sm-DS16822.hotspot.twopass.fdr0.05.merge.bed,hyperloglog,B,18,NA,8,40,0.6943702697753906,0.5981687629533803,0.7563386913478095,0.7409547837876296,0.7486072211232235,0.7486467375677195,0.7563386913478095
fIntestine_Sm-DS17808.hg19.hotspot.twopass.fdr0.05.merge.bed,fIntestine_Sm-DS17808.hg19.hotspot.twopass.fdr0.05.merge.bed,hyperloglog,B,18,NA,8,40,1.0,1.0,1.0,1.0,1.0,1.0,1.0
fIntestine_Sm-DS17808.hg19.hotspot.twopass.fdr0.05.merge.bed,fIntestine_Sm-DS18495.hg19.hotspot.twopass.fdr0.05.merge.bed,hyperloglog,B,18,NA,8,40,0.645294189453125,0.5380101984723352,0.6579591541983021,0.7469098617002182,0.7010250928937183,0.7024345079492602,0.7469098617002182
fIntestine_Sm-DS17808.hg19.hotspot.twopass.fdr0.05.merge.bed,fKidney_renal_cortex_L-DS17550.hg19.hotspot.twopass.fdr0.05.merge.bed,hyperloglog,B,18,NA,8,40,0.4526939392089844,0.31254295045939945,0.5339004120088586,0.42982065326785124,0.47904219424767014,0.48186053263835493,0.5339004120088586
fIntestine_Sm-DS17808.hg19.hotspot.twopass.fdr0.05.merge.bed,fLung_L-DS17154.hg19.hotspot.twopass.fdr0.05.merge.bed,hyperloglog,B,18,NA,8,40,0.4422454833984375,0.3054263965892557,0.5653106121115254,0.39917415232306397,0.475034087607248,0.4822423822172947,0.5653106121115254
fIntestine_Sm-DS17808.hg19.hotspot.twopass.fdr0.05.merge.bed,fLung_L-DS18421.hg19.hotspot.twopass.fdr0.05.merge.bed,hyperloglog,B,18,NA,8,40,0.45523834228515625,0.3169786569290582,0.5440754442113419,0.43162868966863394,0.4846014559055941,0.48785206693998795,0.5440754442113419
fIntestine_Sm-DS17808.hg19.hotspot.twopass.fdr0.05.merge.bed,fLung_R-DS15632.hotspot.twopass.fdr0.05.merge.bed,hyperloglog,B,18,NA,8,40,0.4510841369628906,0.30731734314713116,0.4822084667730383,0.4586790868824303,0.4702966502394355,0.4704437768277343,0.4822084667730383
fIntestine_Sm-DS17808.hg19.hotspot.twopass.fdr0.05.merge.bed,fMuscle_arm-DS19053.hg19.hotspot.twopass.fdr0.05.merge.bed,hyperloglog,B,18,NA,8,40,0.4226188659667969,0.2745984375833561,0.450455868329203,0.4129316962411028,0.4312858747871725,0.43169378228515287,0.450455868329203
fIntestine_Sm-DS17808.hg19.hotspot.twopass.fdr0.05.merge.bed,fMuscle_back-DS18454.hg19.hotspot.twopass.fdr0.05.merge.bed,hyperloglog,B,18,NA,8,40,0.4236259460449219,0.27678672012298217,0.4552383113836287,0.41386644288456803,0.4340597431196767,0.43455237713409833,0.4552383113836287
fIntestine_Sm-DS17808.hg19.hotspot.twopass.fdr0.05.merge.bed,fMuscle_leg-DS19115.hg19.hotspot.twopass.fdr0.05.merge.bed,hyperloglog,B,18,NA,8,40,0.42107391357421875,0.27210622893714004,0.4421198415530165,0.4143866536359682,0.42802869255135106,0.42825324759449235,0.4421198415530165
fIntestine_Sm-DS17808.hg19.hotspot.twopass.fdr0.05.merge.bed,fMuscle_leg-DS19158.hg19.hotspot.twopass.fdr0.05.merge.bed,hyperloglog,B,18,NA,8,40,0.3959159851074219,0.24831597920456214,0.4649739742177146,0.3476484467769025,0.4020540758759597,0.40631121049730856,0.4649739742177146
fIntestine_Sm-DS17808.hg19.hotspot.twopass.fdr0.05.merge.bed,fSkin_fibro_bicep_R-DS19745.hg19.hotspot.twopass.fdr0.05.merge.bed,hyperloglog,B,18,NA,8,40,0.3339385986328125,0.1830700148001456,0.2560796332983236,0.39102890181673006,0.31644041743474305,0.3235542675575268,0.39102890181673006
fIntestine_Sm-DS17808.hg19.hotspot.twopass.fdr0.05.merge.bed,fStomach-DS17659.hg19.hotspot.twopass.fdr0.05.merge.bed,hyperloglog,B,18,NA,8,40,0.49383544921875,0.3636877853731538,0.46040236755062436,0.6338750346125628,0.540219924351979,0.5471387010815936,0.6338750346125628
fIntestine_Sm-DS18495.hg19.hotspot.twopass.fdr0.05.merge.bed,fBrain-DS14718.hotspot.twopass.fdr0.05.merge.bed,hyperloglog,B,18,NA,8,40,0.34822845458984375,0.19197000009964343,0.331159219182481,0.3135335071805701,0.3222258701989373,0.32234636318152554,0.331159219182481
fIntestine_Sm-DS18495.hg19.hotspot.twopass.fdr0.05.merge.bed,fBrain-DS16302.hotspot.twopass.fdr0.05.merge.bed,hyperloglog,B,18,NA,8,40,0.3313026428222656,0.17746709554755408,0.3501096213961186,0.2646483440440725,0.3043943684373612,0.30737898272009556,0.3501096213961186
fIntestine_Sm-DS18495.hg19.hotspot.twopass.fdr0.05.merge.bed,fHeart-DS15643.hotspot.twopass.fdr0.05.merge.bed,hyperloglog,B,18,NA,8,40,0.3979454040527344,0.24695067043052876,0.4310518877997628,0.3663694267028468,0.39739682058665105,0.3987106572513048,0.4310518877997628
fIntestine_Sm-DS18495.hg19.hotspot.twopass.fdr0.05.merge.bed,fHeart-DS15839.hotspot.twopass.fdr0.05.merge.bed,hyperloglog,B,18,NA,8,40,0.3712806701660156,0.22097529006598804,0.4183203335620495,0.31899144318218686,0.3652952325385755,0.36865588837211816,0.4183203335620495
fIntestine_Sm-DS18495.hg19.hotspot.twopass.fdr0.05.merge.bed,fHeart-DS16621.hotspot.twopass.fdr0.05.merge.bed,hyperloglog,B,18,NA,8,40,0.3805694580078125,0.23707779579900626,0.47444322491998564,0.3215133296707119,0.39056346601254843,0.39797827729534874,0.47444322491998564
fIntestine_Sm-DS18495.hg19.hotspot.twopass.fdr0.05.merge.bed,fIntestine_Sm-DS16559.hotspot.twopass.fdr0.05.merge.bed,hyperloglog,B,18,NA,8,40,0.6561775207519531,0.5563293803088045,0.8224241970518394,0.6322796077786266,0.7211116756367136,0.7273519024152331,0.8224241970518394
fIntestine_Sm-DS18495.hg19.hotspot.twopass.fdr0.05.merge.bed,fIntestine_Sm-DS16712.hg19.hotspot.twopass.fdr0.05.merge.bed,hyperloglog,B,18,NA,8,40,0.5911903381347656,0.4799669791952362,0.5613728129724077,0.7679729098766819,0.6565966133815178,0.6646728614245447,0.7679729098766819
fIntestine_Sm-DS18495.hg19.hotspot.twopass.fdr0.05.merge.bed,fIntestine_Sm-DS16822.hotspot.twopass.fdr0.05.merge.bed,hyperloglog,B,18,NA,8,40,0.6693840026855469,0.5698130445282072,0.783590239926975,0.6762311098649504,0.7279341300043302,0.7299106748959627,0.783590239926975
fIntestine_Sm-DS18495.hg19.hotspot.twopass.fdr0.05.merge.bed,fIntestine_Sm-DS17808.hg19.hotspot.twopass.fdr0.05.merge.bed,hyperloglog,B,18,NA,8,40,0.645294189453125,0.5380101984723352,0.7469098617002182,0.6579591541983021,0.7010250928937183,0.7024345079492602,0.7469098617002182
fIntestine_Sm-DS18495.hg19.hotspot.twopass.fdr0.05.merge.bed,fIntestine_Sm-DS18495.hg19.hotspot.twopass.fdr0.05.merge.bed,hyperloglog,B,18,NA,8,40,1.0,1.0,1.0,1.0,1.0,1.0,1.0
fIntestine_Sm-DS18495.hg19.hotspot.twopass.fdr0.05.merge.bed,fKidney_renal_cortex_L-DS17550.hg19.hotspot.twopass.fdr0.05.merge.bed,hyperloglog,B,18,NA,8,40,0.4120063781738281,0.2693851597876985,0.5114589959638696,0.36271756365815977,0.43071470943893164,0.43708827981101467,0.5114589959638696
fIntestine_Sm-DS18495.hg19.hotspot.twopass.fdr0.05.merge.bed,fLung_L-DS17154.hg19.hotspot.twopass.fdr0.05.merge.bed,hyperloglog,B,18,NA,8,40,0.40006256103515625,0.26096989933941156,0.5396802538341542,0.3356931981870129,0.4256371581616978,0.43768672601058356,0.5396802538341542
fIntestine_Sm-DS18495.hg19.hotspot.twopass.fdr0.05.merge.bed,fLung_L-DS18421.hg19.hotspot.twopass.fdr0.05.merge.bed,hyperloglog,B,18,NA,8,40,0.419708251953125,0.2785915809835524,0.5296737126928288,0.3701607260349127,0.4427916056701902,0.44991721936387075,0.5296737126928288
fIntestine_Sm-DS18495.hg19.hotspot.twopass.fdr0.05.merge.bed,fLung_R-DS15632.hotspot.twopass.fdr0.05.merge.bed,hyperloglog,B,18,NA,8,40,0.420257568359375,0.270911439066957,0.46755731409128226,0.3917776914685676,0.4279936040923118,0.42966750277992494,0.46755731409128226
fIntestine_Sm-DS18495.hg19.hotspot.twopass.fdr0.05.merge.bed,fMuscle_arm-DS19053.hg19.hotspot.twopass.fdr0.05.merge.bed,hyperloglog,B,18,NA,8,40,0.3972663879394531,0.2470843520090713,0.4434833731547374,0.35812451674669543,0.39852511676961433,0.4008039449507164,0.4434833731547374
fIntestine_Sm-DS18495.hg19.hotspot.twopass.fdr0.05.merge.bed,fMuscle_back-DS18454.hg19.hotspot.twopass.fdr0.05.merge.bed,hyperloglog,B,18,NA,8,40,0.3961448669433594,0.246557183485352,0.4447656881098135,0.35619139749063433,0.39802225063897884,0.4004785428002239,0.4447656881098135
fIntestine_Sm-DS18495.hg19.hotspot.twopass.fdr0.05.merge.bed,fMuscle_leg-DS19115.hg19.hotspot.twopass.fdr0.05.merge.bed,hyperloglog,B,18,NA,8,40,0.3970794677734375,0.24650471999542345,0.43727290708148053,0.3610347984629997,0.39732950542527334,0.39915385277224014,0.43727290708148053
fIntestine_Sm-DS18495.hg19.hotspot.twopass.fdr0.05.merge.bed,fMuscle_leg-DS19158.hg19.hotspot.twopass.fdr0.05.merge.bed,hyperloglog,B,18,NA,8,40,0.3757972717285156,0.2303792402680561,0.47153270920191975,0.3105662174670395,0.3826775795742752,0.39104946333447965,0.47153270920191975
fIntestine_Sm-DS18495.hg19.hotspot.twopass.fdr0.05.merge.bed,fSkin_fibro_bicep_R-DS19745.hg19.hotspot.twopass.fdr0.05.merge.bed,hyperloglog,B,18,NA,8,40,0.3368568420410156,0.18087129389811227,0.26703587806501233,0.35919821905917787,0.3097076231316501,0.3131170485620951,0.35919821905917787
fIntestine_Sm-DS18495.hg19.hotspot.twopass.fdr0.05.merge.bed,fStomach-DS17659.hg19.hotspot.twopass.fdr0.05.merge.bed,hyperloglog,B,18,NA,8,40,0.4753456115722656,0.3373735669624451,0.4602648766832367,0.5582190762378911,0.506881282241575,0.5092419764605639,0.5582190762378911
fKidney_renal_cortex_L-DS17550.hg19.hotspot.twopass.fdr0.05.merge.bed,fBrain-DS14718.hotspot.twopass.fdr0.05.merge.bed,hyperloglog,B,18,NA,8,40,0.4066314697265625,0.2602921252875145,0.36123678234511125,0.4822600777801138,0.41738480896025837,0.42174843006261253,0.4822600777801138
fKidney_renal_cortex_L-DS17550.hg19.hotspot.twopass.fdr0.05.merge.bed,fBrain-DS16302.hotspot.twopass.fdr0.05.merge.bed,hyperloglog,B,18,NA,8,40,0.390655517578125,0.2386910798331775,0.3734826340584648,0.3980868064035901,0.3855885229613752,0.3857847202310275,0.3980868064035901
fKidney_renal_cortex_L-DS17550.hg19.hotspot.twopass.fdr0.05.merge.bed,fHeart-DS15643.hotspot.twopass.fdr0.05.merge.bed,hyperloglog,B,18,NA,8,40,0.4477043151855469,0.30423612659186594,0.42790343890372473,0.5128350342710847,0.46844836935878714,0.4703692365874047,0.5128350342710847
fKidney_renal_cortex_L-DS17550.hg19.hotspot.twopass.fdr0.05.merge.bed,fHeart-DS15839.hotspot.twopass.fdr0.05.merge.bed,hyperloglog,B,18,NA,8,40,0.424041748046875,0.2759690875429391,0.4174263745202456,0.44884064757946046,0.432848615865193,0.43313351104985304,0.44884064757946046
fKidney_renal_cortex_L-DS17550.hg19.hotspot.twopass.fdr0.05.merge.bed,fHeart-DS16621.hotspot.twopass.fdr0.05.merge.bed,hyperloglog,B,18,NA,8,40,0.4412384033203125,0.2959198492501795,0.4673149189344608,0.44654642410150164,0.45681265960945805,0.4569306715179812,0.4673149189344608
fKidney_renal_cortex_L-DS17550.hg19.hotspot.twopass.fdr0.05.merge.bed,fIntestine_Sm-DS16559.hotspot.twopass.fdr0.05.merge.bed,hyperloglog,B,18,NA,8,40,0.4551239013671875,0.3125876145009657,0.4578247860047682,0.4963120651789407,0.4766801496099173,0.4770684255918545,0.4963120651789407
fKidney_renal_cortex_L-DS17550.hg19.hotspot.twopass.fdr0.05.merge.bed,fIntestine_Sm-DS16712.hg19.hotspot.twopass.fdr0.05.merge.bed,hyperloglog,B,18,NA,8,40,0.39600372314453125,0.2694497033549942,0.3222907252911651,0.6217052980763822,0.4476269109810057,0.47199801168377364,0.6217052980763822
fKidney_renal_cortex_L-DS17550.hg19.hotspot.twopass.fdr0.05.merge.bed,fIntestine_Sm-DS16822.hotspot.twopass.fdr0.05.merge.bed,hyperloglog,B,18,NA,8,40,0.43283843994140625,0.2881454272722979,0.40751255370431866,0.49589457434385903,0.4495367219248969,0.45170356402408884,0.49589457434385903
fKidney_renal_cortex_L-DS17550.hg19.hotspot.twopass.fdr0.05.merge.bed,fIntestine_Sm-DS17808.hg19.hotspot.twopass.fdr0.05.merge.bed,hyperloglog,B,18,NA,8,40,0.4526939392089844,0.31254295045939945,0.42982065326785124,0.5339004120088586,0.47904219424767014,0.48186053263835493,0.5339004120088586
fKidney_renal_cortex_L-DS17550.hg19.hotspot.twopass.fdr0.05.merge.bed,fIntestine_Sm-DS18495.hg19.hotspot.twopass.fdr0.05.merge.bed,hyperloglog,B,18,NA,8,40,0.4120063781738281,0.2693851597876985,0.36271756365815977,0.5114589959638696,0.43071470943893164,0.43708827981101467,0.5114589959638696
fKidney_renal_cortex_L-DS17550.hg19.hotspot.twopass.fdr0.05.merge.bed,fKidney_renal_cortex_L-DS17550.hg19.hotspot.twopass.fdr0.05.merge.bed,hyperloglog,B,18,NA,8,40,1.0,1.0,1.0,1.0,1.0,1.0,1.0
fKidney_renal_cortex_L-DS17550.hg19.hotspot.twopass.fdr0.05.merge.bed,fLung_L-DS17154.hg19.hotspot.twopass.fdr0.05.merge.bed,hyperloglog,B,18,NA,8,40,0.5163536071777344,0.3815360108048148,0.5910334795596677,0.5183944367286013,0.5535236830742468,0.5547139581441345,0.5910334795596677
fKidney_renal_cortex_L-DS17550.hg19.hotspot.twopass.fdr0.05.merge.bed,fLung_L-DS18421.hg19.hotspot.twopass.fdr0.05.merge.bed,hyperloglog,B,18,NA,8,40,0.5149116516113281,0.38025868234360116,0.5550706574310927,0.5469812313254687,0.5510110994111612,0.5510259443782808,0.5550706574310927
fKidney_renal_cortex_L-DS17550.hg19.hotspot.twopass.fdr0.05.merge.bed,fLung_R-DS15632.hotspot.twopass.fdr0.05.merge.bed,hyperloglog,B,18,NA,8,40,0.4988594055175781,0.36179717417674695,0.49053286523093825,0.5795824064957014,0.5332018553003907,0.5350576358633198,0.5795824064957014
fKidney_renal_cortex_L-DS17550.hg19.hotspot.twopass.fdr0.05.merge.bed,fMuscle_arm-DS19053.hg19.hotspot.twopass.fdr0.05.merge.bed,hyperloglog,B,18,NA,8,40,0.4741935729980469,0.3353188291220511,0.47164840185457235,0.5370532071314393,0.5032894662661002,0.5043508044930058,0.5370532071314393
fKidney_renal_cortex_L-DS17550.hg19.hotspot.twopass.fdr0.05.merge.bed,fMuscle_back-DS18454.hg19.hotspot.twopass.fdr0.05.merge.bed,hyperloglog,B,18,NA,8,40,0.4695587158203125,0.32983178166910554,0.46766011901773774,0.5281104030508695,0.49696697470282175,0.49788526103430364,0.5281104030508695
fKidney_renal_cortex_L-DS17550.hg19.hotspot.twopass.fdr0.05.merge.bed,fMuscle_leg-DS19115.hg19.hotspot.twopass.fdr0.05.merge.bed,hyperloglog,B,18,NA,8,40,0.4692840576171875,0.3290974988079031,0.4602909049977244,0.5358844109489187,0.4966515080917909,0.49808765797332155,0.5358844109489187
fKidney_renal_cortex_L-DS17550.hg19.hotspot.twopass.fdr0.05.merge.bed,fMuscle_leg-DS19158.hg19.hotspot.twopass.fdr0.05.merge.bed,hyperloglog,B,18,NA,8,40,0.4626045227050781,0.31949845913206026,0.5028568336510346,0.4670130117689642,0.4846036363585964,0.4849349227099994,0.5028568336510346
fKidney_renal_cortex_L-DS17550.hg19.hotspot.twopass.fdr0.05.merge.bed,fSkin_fibro_bicep_R-DS19745.hg19.hotspot.twopass.fdr0.05.merge.bed,hyperloglog,B,18,NA,8,40,0.32117462158203125,0.17920058421762058,0.23208859358625333,0.4402106973392564,0.3196371092772112,0.33614964546275483,0.4402106973392564
fKidney_renal_cortex_L-DS17550.hg19.hotspot.twopass.fdr0.05.merge.bed,fStomach-DS17659.hg19.hotspot.twopass.fdr0.05.merge.bed,hyperloglog,B,18,NA,8,40,0.4422721862792969,0.313285000411238,0.37804016570320703,0.6465126396429685,0.4943761173639414,0.5122764026730877,0.6465126396429685
fLung_L-DS17154.hg19.hotspot.twopass.fdr0.05.merge.bed,fBrain-DS14718.hotspot.twopass.fdr0.05.merge.bed,hyperloglog,B,18,NA,8,40,0.3951911926269531,0.2538640130934409,0.33548310013351884,0.5106363705621322,0.4138959683750404,0.4230597353478255,0.5106363705621322
fLung_L-DS17154.hg19.hotspot.twopass.fdr0.05.merge.bed,fBrain-DS16302.hotspot.twopass.fdr0.05.merge.bed,hyperloglog,B,18,NA,8,40,0.4073143005371094,0.26096329510426475,0.3772567645569185,0.4584544127740763,0.41587862226855327,0.4178555886654974,0.4584544127740763
fLung_L-DS17154.hg19.hotspot.twopass.fdr0.05.merge.bed,fHeart-DS15643.hotspot.twopass.fdr0.05.merge.bed,hyperloglog,B,18,NA,8,40,0.4582786560058594,0.3217957580664988,0.42162253068095057,0.576112728575039,0.49285099835479235,0.4988676296279948,0.576112728575039
fLung_L-DS17154.hg19.hotspot.twopass.fdr0.05.merge.bed,fHeart-DS15839.hotspot.twopass.fdr0.05.merge.bed,hyperloglog,B,18,NA,8,40,0.4325828552246094,0.2883979108318099,0.4064327159280746,0.49825619152183426,0.4500084634184095,0.45234445372495447,0.49825619152183426
fLung_L-DS17154.hg19.hotspot.twopass.fdr0.05.merge.bed,fHeart-DS16621.hotspot.twopass.fdr0.05.merge.bed,hyperloglog,B,18,NA,8,40,0.462005615234375,0.32108557015912476,0.4661372837883941,0.5078349208617872,0.48653960848363365,0.48698610232509065,0.5078349208617872
fLung_L-DS17154.hg19.hotspot.twopass.fdr0.05.merge.bed,fIntestine_Sm-DS16559.hotspot.twopass.fdr0.05.merge.bed,hyperloglog,B,18,NA,8,40,0.4532737731933594,0.31178834713899417,0.42998612658990704,0.5314491607488797,0.4780332269935508,0.4807176436693934,0.5314491607488797
fLung_L-DS17154.hg19.hotspot.twopass.fdr0.05.merge.bed,fIntestine_Sm-DS16712.hg19.hotspot.twopass.fdr0.05.merge.bed,hyperloglog,B,18,NA,8,40,0.3712730407714844,0.2517600868797679,0.29257351549075594,0.6434629135199864,0.4338896250159327,0.4680182145053712,0.6434629135199864
fLung_L-DS17154.hg19.hotspot.twopass.fdr0.05.merge.bed,fIntestine_Sm-DS16822.hotspot.twopass.fdr0.05.merge.bed,hyperloglog,B,18,NA,8,40,0.42572784423828125,0.2833856095160748,0.3799660434570763,0.5271629766878205,0.4475533828596608,0.4535645100724484,0.5271629766878205
fLung_L-DS17154.hg19.hotspot.twopass.fdr0.05.merge.bed,fIntestine_Sm-DS17808.hg19.hotspot.twopass.fdr0.05.merge.bed,hyperloglog,B,18,NA,8,40,0.4422454833984375,0.3054263965892557,0.39917415232306397,0.5653106121115254,0.475034087607248,0.4822423822172947,0.5653106121115254
fLung_L-DS17154.hg19.hotspot.twopass.fdr0.05.merge.bed,fIntestine_Sm-DS18495.hg19.hotspot.twopass.fdr0.05.merge.bed,hyperloglog,B,18,NA,8,40,0.40006256103515625,0.26096989933941156,0.3356931981870129,0.5396802538341542,0.4256371581616978,0.43768672601058356,0.5396802538341542
fLung_L-DS17154.hg19.hotspot.twopass.fdr0.05.merge.bed,fKidney_renal_cortex_L-DS17550.hg19.hotspot.twopass.fdr0.05.merge.bed,hyperloglog,B,18,NA,8,40,0.5163536071777344,0.3815360108048148,0.5183944367286013,0.5910334795596677,0.5535236830742468,0.5547139581441345,0.5910334795596677
fLung_L-DS17154.hg19.hotspot.twopass.fdr0.05.merge.bed,fLung_L-DS17154.hg19.hotspot.twopass.fdr0.05.merge.bed,hyperloglog,B,18,NA,8,40,1.0,1.0,1.0,1.0,1.0,1.0,1.0
fLung_L-DS17154.hg19.hotspot.twopass.fdr0.05.merge.bed,fLung_L-DS18421.hg19.hotspot.twopass.fdr0.05.merge.bed,hyperloglog,B,18,NA,8,40,0.7171592712402344,0.6280521635183999,0.7291304857361515,0.8191834354611498,0.7728464376606762,0.7741569605986507,0.8191834354611498
fLung_L-DS17154.hg19.hotspot.twopass.fdr0.05.merge.bed,fLung_R-DS15632.hotspot.twopass.fdr0.05.merge.bed,hyperloglog,B,18,NA,8,40,0.6832618713378906,0.5911740540572417,0.6473361504360444,0.8720245163612466,0.75132748752268,0.7596803333986455,0.8720245163612466
fLung_L-DS17154.hg19.hotspot.twopass.fdr0.05.merge.bed,fMuscle_arm-DS19053.hg19.hotspot.twopass.fdr0.05.merge.bed,hyperloglog,B,18,NA,8,40,0.5085525512695312,0.3791492527546534,0.48667741766504025,0.631817851800435,0.5545191435369106,0.5592476347327376,0.631817851800435
fLung_L-DS17154.hg19.hotspot.twopass.fdr0.05.merge.bed,fMuscle_back-DS18454.hg19.hotspot.twopass.fdr0.05.merge.bed,hyperloglog,B,18,NA,8,40,0.4967079162597656,0.36682119122036705,0.4768228503631951,0.6139078640508062,0.541040938928919,0.5453653572070006,0.6139078640508062
fLung_L-DS17154.hg19.hotspot.twopass.fdr0.05.merge.bed,fMuscle_leg-DS19115.hg19.hotspot.twopass.fdr0.05.merge.bed,hyperloglog,B,18,NA,8,40,0.49929046630859375,0.3699684115375753,0.4735089341613956,0.6285193574911395,0.5455360034547991,0.5510141458262676,0.6285193574911395
fLung_L-DS17154.hg19.hotspot.twopass.fdr0.05.merge.bed,fMuscle_leg-DS19158.hg19.hotspot.twopass.fdr0.05.merge.bed,hyperloglog,B,18,NA,8,40,0.5079727172851562,0.372717029508202,0.5279436142256793,0.5590155852231861,0.5432574973907052,0.5434795997244326,0.5590155852231861
fLung_L-DS17154.hg19.hotspot.twopass.fdr0.05.merge.bed,fSkin_fibro_bicep_R-DS19745.hg19.hotspot.twopass.fdr0.05.merge.bed,hyperloglog,B,18,NA,8,40,0.3144378662109375,0.18312022713378537,0.22635030754113988,0.4894852781446439,0.33285904410861444,0.3579177928428919,0.4894852781446439
fLung_L-DS17154.hg19.hotspot.twopass.fdr0.05.merge.bed,fStomach-DS17659.hg19.hotspot.twopass.fdr0.05.merge.bed,hyperloglog,B,18,NA,8,40,0.4486503601074219,0.3322520960339607,0.3772971850237017,0.7356553377832068,0.5268402870825886,0.5564762614034542,0.7356553377832068
fLung_L-DS18421.hg19.hotspot.twopass.fdr0.05.merge.bed,fBrain-DS14718.hotspot.twopass.fdr0.05.merge.bed,hyperloglog,B,18,NA,8,40,0.4005088806152344,0.25552676850360173,0.35374760671335137,0.4792462268521731,0.41174288794751523,0.41649691678276224,0.4792462268521731
fLung_L-DS18421.hg19.hotspot.twopass.fdr0.05.merge.bed,fBrain-DS16302.hotspot.twopass.fdr0.05.merge.bed,hyperloglog,B,18,NA,8,40,0.40152740478515625,0.253134460662861,0.3887552392406418,0.420493678823297,0.4043131468430484,0.4046244590319694,0.420493678823297
fLung_L-DS18421.hg19.hotspot.twopass.fdr0.05.merge.bed,fHeart-DS15643.hotspot.twopass.fdr0.05.merge.bed,hyperloglog,B,18,NA,8,40,0.46402740478515625,0.3257725974126659,0.4477630170616128,0.5445728369568169,0.4938011507536066,0.49616792700921486,0.5445728369568169
fLung_L-DS18421.hg19.hotspot.twopass.fdr0.05.merge.bed,fHeart-DS15839.hotspot.twopass.fdr0.05.merge.bed,hyperloglog,B,18,NA,8,40,0.43071746826171875,0.2846835732090522,0.42468332152505783,0.46339713581191216,0.443618118229859,0.444040228668485,0.46339713581191216
fLung_L-DS18421.hg19.hotspot.twopass.fdr0.05.merge.bed,fHeart-DS16621.hotspot.twopass.fdr0.05.merge.bed,hyperloglog,B,18,NA,8,40,0.45967864990234375,0.3185609507522993,0.4907466499438415,0.4758720076097481,0.48325210143002395,0.4833093287767948,0.4907466499438415
fLung_L-DS18421.hg19.hotspot.twopass.fdr0.05.merge.bed,fIntestine_Sm-DS16559.hotspot.twopass.fdr0.05.merge.bed,hyperloglog,B,18,NA,8,40,0.46645355224609375,0.3245450732990746,0.46775287379608366,0.5145740033822611,0.49060520672207336,0.4911634385891724,0.5145740033822611
fLung_L-DS18421.hg19.hotspot.twopass.fdr0.05.merge.bed,fIntestine_Sm-DS16712.hg19.hotspot.twopass.fdr0.05.merge.bed,hyperloglog,B,18,NA,8,40,0.39418792724609375,0.26951363925224975,0.3207470687915604,0.6278780519033382,0.4487650217057374,0.4743125603474493,0.6278780519033382
fLung_L-DS18421.hg19.hotspot.twopass.fdr0.05.merge.bed,fIntestine_Sm-DS16822.hotspot.twopass.fdr0.05.merge.bed,hyperloglog,B,18,NA,8,40,0.44251251220703125,0.3001548914321631,0.4178111520223837,0.515945985684582,0.46429299656596107,0.4668785688534829,0.515945985684582
fLung_L-DS18421.hg19.hotspot.twopass.fdr0.05.merge.bed,fIntestine_Sm-DS17808.hg19.hotspot.twopass.fdr0.05.merge.bed,hyperloglog,B,18,NA,8,40,0.45523834228515625,0.3169786569290582,0.43162868966863394,0.5440754442113419,0.4846014559055941,0.48785206693998795,0.5440754442113419
fLung_L-DS18421.hg19.hotspot.twopass.fdr0.05.merge.bed,fIntestine_Sm-DS18495.hg19.hotspot.twopass.fdr0.05.merge.bed,hyperloglog,B,18,NA,8,40,0.419708251953125,0.2785915809835524,0.3701607260349127,0.5296737126928288,0.4427916056701902,0.44991721936387075,0.5296737126928288
fLung_L-DS18421.hg19.hotspot.twopass.fdr0.05.merge.bed,fKidney_renal_cortex_L-DS17550.hg19.hotspot.twopass.fdr0.05.merge.bed,hyperloglog,B,18,NA,8,40,0.5149116516113281,0.38025868234360116,0.5469812313254687,0.5550706574310927,0.5510110994111612,0.5510259443782808,0.5550706574310927
fLung_L-DS18421.hg19.hotspot.twopass.fdr0.05.merge.bed,fLung_L-DS17154.hg19.hotspot.twopass.fdr0.05.merge.bed,hyperloglog,B,18,NA,8,40,0.7171592712402344,0.6280521635183999,0.8191834354611498,0.7291304857361515,0.7728464376606762,0.7741569605986507,0.8191834354611498
fLung_L-DS18421.hg19.hotspot.twopass.fdr0.05.merge.bed,fLung_L-DS18421.hg19.hotspot.twopass.fdr0.05.merge.bed,hyperloglog,B,18,NA,8,40,1.0,1.0,1.0,1.0,1.0,1.0,1.0
fLung_L-DS18421.hg19.hotspot.twopass.fdr0.05.merge.bed,fLung_R-DS15632.hotspot.twopass.fdr0.05.merge.bed,hyperloglog,B,18,NA,8,40,0.6853904724121094,0.5894811942360824,0.6801722406896015,0.8155335510260878,0.7447840510906243,0.7478528958578446,0.8155335510260878
fLung_L-DS18421.hg19.hotspot.twopass.fdr0.05.merge.bed,fMuscle_arm-DS19053.hg19.hotspot.twopass.fdr0.05.merge.bed,hyperloglog,B,18,NA,8,40,0.4997367858886719,0.36427771259615993,0.4980875049740151,0.5755465298172864,0.535418093673668,0.5368170173956508,0.5755465298172864
fLung_L-DS18421.hg19.hotspot.twopass.fdr0.05.merge.bed,fMuscle_back-DS18454.hg19.hotspot.twopass.fdr0.05.merge.bed,hyperloglog,B,18,NA,8,40,0.494659423828125,0.3586524880375965,0.4943303360015856,0.5664838005928658,0.5291787292461089,0.5304070682972257,0.5664838005928658
fLung_L-DS18421.hg19.hotspot.twopass.fdr0.05.merge.bed,fMuscle_leg-DS19115.hg19.hotspot.twopass.fdr0.05.merge.bed,hyperloglog,B,18,NA,8,40,0.4952049255371094,0.359166833289876,0.4879257378413137,0.5764588389976042,0.5303480973408438,0.532192288419459,0.5764588389976042
fLung_L-DS18421.hg19.hotspot.twopass.fdr0.05.merge.bed,fMuscle_leg-DS19158.hg19.hotspot.twopass.fdr0.05.merge.bed,hyperloglog,B,18,NA,8,40,0.49304962158203125,0.35493359050894174,0.5399076924321405,0.5088385250462384,0.5241429517586672,0.5243731087391894,0.5399076924321405
fLung_L-DS18421.hg19.hotspot.twopass.fdr0.05.merge.bed,fSkin_fibro_bicep_R-DS19745.hg19.hotspot.twopass.fdr0.05.merge.bed,hyperloglog,B,18,NA,8,40,0.32787322998046875,0.1888453151581304,0.24137508738961788,0.4645955915169108,0.3348758001158423,0.3529853394532644,0.4645955915169108
fLung_L-DS18421.hg19.hotspot.twopass.fdr0.05.merge.bed,fStomach-DS17659.hg19.hotspot.twopass.fdr0.05.merge.bed,hyperloglog,B,18,NA,8,40,0.4764137268066406,0.3556102594671637,0.41348054612468865,0.7175794645351079,0.5447064795684352,0.5655300053298983,0.7175794645351079
fLung_R-DS15632.hotspot.twopass.fdr0.05.merge.bed,fBrain-DS14718.hotspot.twopass.fdr0.05.merge.bed,hyperloglog,B,18,NA,8,40,0.410186767578125,0.26105941058955673,0.39023116664335095,0.44092448381436994,0.41480414139747795,0.41557782522886044,0.44092448381436994
fLung_R-DS15632.hotspot.twopass.fdr0.05.merge.bed,fBrain-DS16302.hotspot.twopass.fdr0.05.merge.bed,hyperloglog,B,18,NA,8,40,0.4079132080078125,0.2589204875276342,0.4336544737429431,0.39120474918760906,0.41188310190476696,0.41242961146527607,0.4336544737429431
fLung_R-DS15632.hotspot.twopass.fdr0.05.merge.bed,fHeart-DS15643.hotspot.twopass.fdr0.05.merge.bed,hyperloglog,B,18,NA,8,40,0.46970367431640625,0.32913183293435094,0.4917568535435156,0.4988101097932491,0.49527092596640854,0.4952834816683823,0.4988101097932491
fLung_R-DS15632.hotspot.twopass.fdr0.05.merge.bed,fHeart-DS15839.hotspot.twopass.fdr0.05.merge.bed,hyperloglog,B,18,NA,8,40,0.42702484130859375,0.27981274101313086,0.4588815125549823,0.4176050787764712,0.43775706756098137,0.43824329566572673,0.4588815125549823
fLung_R-DS15632.hotspot.twopass.fdr0.05.merge.bed,fHeart-DS16621.hotspot.twopass.fdr0.05.merge.bed,hyperloglog,B,18,NA,8,40,0.4516258239746094,0.3115724841961894,0.5312922578646062,0.42967825284261885,0.47779151217667537,0.48048525535361253,0.5312922578646062
fLung_R-DS15632.hotspot.twopass.fdr0.05.merge.bed,fIntestine_Sm-DS16559.hotspot.twopass.fdr0.05.merge.bed,hyperloglog,B,18,NA,8,40,0.4537925720214844,0.30962236325213033,0.4940993694750346,0.4533386507328314,0.4732804047134795,0.473719010103933,0.4940993694750346
fLung_R-DS15632.hotspot.twopass.fdr0.05.merge.bed,fIntestine_Sm-DS16712.hg19.hotspot.twopass.fdr0.05.merge.bed,hyperloglog,B,18,NA,8,40,0.4090385437011719,0.27460398834286237,0.347402466595267,0.5671821760040553,0.44389242723060696,0.45729232129966113,0.5671821760040553
fLung_R-DS15632.hotspot.twopass.fdr0.05.merge.bed,fIntestine_Sm-DS16822.hotspot.twopass.fdr0.05.merge.bed,hyperloglog,B,18,NA,8,40,0.4361686706542969,0.28876700584313153,0.4416209632406918,0.45483194695452656,0.448177780045706,0.44822645509760917,0.45483194695452656
fLung_R-DS15632.hotspot.twopass.fdr0.05.merge.bed,fIntestine_Sm-DS17808.hg19.hotspot.twopass.fdr0.05.merge.bed,hyperloglog,B,18,NA,8,40,0.4510841369628906,0.30731734314713116,0.4586790868824303,0.4822084667730383,0.4702966502394355,0.4704437768277343,0.4822084667730383
fLung_R-DS15632.hotspot.twopass.fdr0.05.merge.bed,fIntestine_Sm-DS18495.hg19.hotspot.twopass.fdr0.05.merge.bed,hyperloglog,B,18,NA,8,40,0.420257568359375,0.270911439066957,0.3917776914685676,0.46755731409128226,0.4279936040923118,0.42966750277992494,0.46755731409128226
fLung_R-DS15632.hotspot.twopass.fdr0.05.merge.bed,fKidney_renal_cortex_L-DS17550.hg19.hotspot.twopass.fdr0.05.merge.bed,hyperloglog,B,18,NA,8,40,0.4988594055175781,0.36179717417674695,0.5795824064957014,0.49053286523093825,0.5332018553003907,0.5350576358633198,0.5795824064957014
fLung_R-DS15632.hotspot.twopass.fdr0.05.merge.bed,fLung_L-DS17154.hg19.hotspot.twopass.fdr0.05.merge.bed,hyperloglog,B,18,NA,8,40,0.6832618713378906,0.5911740540572417,0.8720245163612466,0.6473361504360444,0.75132748752268,0.7596803333986455,0.8720245163612466
fLung_R-DS15632.hotspot.twopass.fdr0.05.merge.bed,fLung_L-DS18421.hg19.hotspot.twopass.fdr0.05.merge.bed,hyperloglog,B,18,NA,8,40,0.6853904724121094,0.5894811942360824,0.8155335510260878,0.6801722406896015,0.7447840510906243,0.7478528958578446,0.8155335510260878
fLung_R-DS15632.hotspot.twopass.fdr0.05.merge.bed,fLung_R-DS15632.hotspot.twopass.fdr0.05.merge.bed,hyperloglog,B,18,NA,8,40,1.0,1.0,1.0,1.0,1.0,1.0,1.0
fLung_R-DS15632.hotspot.twopass.fdr0.05.merge.bed,fMuscle_arm-DS19053.hg19.hotspot.twopass.fdr0.05.merge.bed,hyperloglog,B,18,NA,8,40,0.5131721496582031,0.37944598913766975,0.5604972062870777,0.5401636008165704,0.5502364847914539,0.550330403551824,0.5604972062870777
fLung_R-DS15632.hotspot.twopass.fdr0.05.merge.bed,fMuscle_back-DS18454.hg19.hotspot.twopass.fdr0.05.merge.bed,hyperloglog,B,18,NA,8,40,0.5031547546386719,0.36898500463803147,0.5515406494334978,0.5271386124898355,0.5392016067058005,0.5393396309616667,0.5515406494334978
fLung_R-DS15632.hotspot.twopass.fdr0.05.merge.bed,fMuscle_leg-DS19115.hg19.hotspot.twopass.fdr0.05.merge.bed,hyperloglog,B,18,NA,8,40,0.5088081359863281,0.373858210953491,0.5482908549821522,0.5402597935905691,0.5442605112813663,0.5442753242863607,0.5482908549821522
fLung_R-DS15632.hotspot.twopass.fdr0.05.merge.bed,fMuscle_leg-DS19158.hg19.hotspot.twopass.fdr0.05.merge.bed,hyperloglog,B,18,NA,8,40,0.4945793151855469,0.36193013811910096,0.6038379873931755,0.47463304523643,0.5353517187661396,0.5392355163148028,0.6038379873931755
fLung_R-DS15632.hotspot.twopass.fdr0.05.merge.bed,fSkin_fibro_bicep_R-DS19745.hg19.hotspot.twopass.fdr0.05.merge.bed,hyperloglog,B,18,NA,8,40,0.344573974609375,0.19877661348593376,0.26910837494463463,0.4320031614441165,0.3409628553774895,0.35055576819437556,0.4320031614441165
fLung_R-DS15632.hotspot.twopass.fdr0.05.merge.bed,fStomach-DS17659.hg19.hotspot.twopass.fdr0.05.merge.bed,hyperloglog,B,18,NA,8,40,0.4875068664550781,0.3570484960867843,0.44488404297254724,0.6439302391509378,0.5352329289064234,0.5444071410617426,0.6439302391509378
fMuscle_arm-DS19053.hg19.hotspot.twopass.fdr0.05.merge.bed,fBrain-DS14718.hotspot.twopass.fdr0.05.merge.bed,hyperloglog,B,18,NA,8,40,0.4122276306152344,0.2624966559053764,0.3852572383216132,0.451690760022271,0.41715361053402217,0.41847399917194206,0.451690760022271
fMuscle_arm-DS19053.hg19.hotspot.twopass.fdr0.05.merge.bed,fBrain-DS16302.hotspot.twopass.fdr0.05.merge.bed,hyperloglog,B,18,NA,8,40,0.4035148620605469,0.2518403597434884,0.4160917072360804,0.38949105147518137,0.4025717284677158,0.4027913793556309,0.4160917072360804
fMuscle_arm-DS19053.hg19.hotspot.twopass.fdr0.05.merge.bed,fHeart-DS15643.hotspot.twopass.fdr0.05.merge.bed,hyperloglog,B,18,NA,8,40,0.4637718200683594,0.3229646344602257,0.4760608908489647,0.5010666146604323,0.48840374583936225,0.48856375275469854,0.5010666146604323
fMuscle_arm-DS19053.hg19.hotspot.twopass.fdr0.05.merge.bed,fHeart-DS15839.hotspot.twopass.fdr0.05.merge.bed,hyperloglog,B,18,NA,8,40,0.4216957092285156,0.2748505893377263,0.44390388210974185,0.4191816765163268,0.43136570739323665,0.4315427793130343,0.44390388210974185
fMuscle_arm-DS19053.hg19.hotspot.twopass.fdr0.05.merge.bed,fHeart-DS16621.hotspot.twopass.fdr0.05.merge.bed,hyperloglog,B,18,NA,8,40,0.44777679443359375,0.3075940091377625,0.5155520114581678,0.432643823802769,0.47228211230838574,0.4740979176304684,0.5155520114581678
fMuscle_arm-DS19053.hg19.hotspot.twopass.fdr0.05.merge.bed,fIntestine_Sm-DS16559.hotspot.twopass.fdr0.05.merge.bed,hyperloglog,B,18,NA,8,40,0.4281501770019531,0.2812719162994423,0.45010917995277344,0.42852331414165074,0.43918364896583195,0.43931624704721206,0.45010917995277344
fMuscle_arm-DS19053.hg19.hotspot.twopass.fdr0.05.merge.bed,fIntestine_Sm-DS16712.hg19.hotspot.twopass.fdr0.05.merge.bed,hyperloglog,B,18,NA,8,40,0.3799896240234375,0.2419744777331634,0.30983609865606443,0.5248918492410511,0.4032746493212962,0.4173639739485578,0.5248918492410511
fMuscle_arm-DS19053.hg19.hotspot.twopass.fdr0.05.merge.bed,fIntestine_Sm-DS16822.hotspot.twopass.fdr0.05.merge.bed,hyperloglog,B,18,NA,8,40,0.4072380065917969,0.257434008487398,0.3963013136856547,0.423520980469754,0.40968514853921667,0.4099111470777044,0.423520980469754
fMuscle_arm-DS19053.hg19.hotspot.twopass.fdr0.05.merge.bed,fIntestine_Sm-DS17808.hg19.hotspot.twopass.fdr0.05.merge.bed,hyperloglog,B,18,NA,8,40,0.4226188659667969,0.2745984375833561,0.4129316962411028,0.450455868329203,0.4312858747871725,0.43169378228515287,0.450455868329203
fMuscle_arm-DS19053.hg19.hotspot.twopass.fdr0.05.merge.bed,fIntestine_Sm-DS18495.hg19.hotspot.twopass.fdr0.05.merge.bed,hyperloglog,B,18,NA,8,40,0.3972663879394531,0.2470843520090713,0.35812451674669543,0.4434833731547374,0.39852511676961433,0.4008039449507164,0.4434833731547374
fMuscle_arm-DS19053.hg19.hotspot.twopass.fdr0.05.merge.bed,fKidney_renal_cortex_L-DS17550.hg19.hotspot.twopass.fdr0.05.merge.bed,hyperloglog,B,18,NA,8,40,0.4741935729980469,0.3353188291220511,0.5370532071314393,0.47164840185457235,0.5032894662661002,0.5043508044930058,0.5370532071314393
fMuscle_arm-DS19053.hg19.hotspot.twopass.fdr0.05.merge.bed,fLung_L-DS17154.hg19.hotspot.twopass.fdr0.05.merge.bed,hyperloglog,B,18,NA,8,40,0.5085525512695312,0.3791492527546534,0.631817851800435,0.48667741766504025,0.5545191435369106,0.5592476347327376,0.631817851800435
fMuscle_arm-DS19053.hg19.hotspot.twopass.fdr0.05.merge.bed,fLung_L-DS18421.hg19.hotspot.twopass.fdr0.05.merge.bed,hyperloglog,B,18,NA,8,40,0.4997367858886719,0.36427771259615993,0.5755465298172864,0.4980875049740151,0.535418093673668,0.5368170173956508,0.5755465298172864
fMuscle_arm-DS19053.hg19.hotspot.twopass.fdr0.05.merge.bed,fLung_R-DS15632.hotspot.twopass.fdr0.05.merge.bed,hyperloglog,B,18,NA,8,40,0.5131721496582031,0.37944598913766975,0.5401636008165704,0.5604972062870777,0.5502364847914539,0.550330403551824,0.5604972062870777
fMuscle_arm-DS19053.hg19.hotspot.twopass.fdr0.05.merge.bed,fMuscle_arm-DS19053.hg19.hotspot.twopass.fdr0.05.merge.bed,hyperloglog,B,18,NA,8,40,1.0,1.0,1.0,1.0,1.0,1.0,1.0
fMuscle_arm-DS19053.hg19.hotspot.twopass.fdr0.05.merge.bed,fMuscle_back-DS18454.hg19.hotspot.twopass.fdr0.05.merge.bed,hyperloglog,B,18,NA,8,40,0.6867866516113281,0.589985768200642,0.7452196778721506,0.7390600952344305,0.7421334961438968,0.7421398865532906,0.7452196778721506
fMuscle_arm-DS19053.hg19.hotspot.twopass.fdr0.05.merge.bed,fMuscle_leg-DS19115.hg19.hotspot.twopass.fdr0.05.merge.bed,hyperloglog,B,18,NA,8,40,0.6955413818359375,0.6000032833393018,0.7417705775404392,0.7584193162774018,0.7500487545839359,0.7500949469089204,0.7584193162774018
fMuscle_arm-DS19053.hg19.hotspot.twopass.fdr0.05.merge.bed,fMuscle_leg-DS19158.hg19.hotspot.twopass.fdr0.05.merge.bed,hyperloglog,B,18,NA,8,40,0.6707305908203125,0.571450478768952,0.8094987800026124,0.6602400665055319,0.7310701254634003,0.7348694232540722,0.8094987800026124
fMuscle_arm-DS19053.hg19.hotspot.twopass.fdr0.05.merge.bed,fSkin_fibro_bicep_R-DS19745.hg19.hotspot.twopass.fdr0.05.merge.bed,hyperloglog,B,18,NA,8,40,0.35668182373046875,0.21326958743754929,0.2813079162959082,0.4685865316707338,0.3630662485396029,0.374947223983321,0.4685865316707338
fMuscle_arm-DS19053.hg19.hotspot.twopass.fdr0.05.merge.bed,fStomach-DS17659.hg19.hotspot.twopass.fdr0.05.merge.bed,hyperloglog,B,18,NA,8,40,0.45699310302734375,0.322156112419981,0.4058942733571654,0.6096113607401755,0.49743116136597876,0.5077528170486705,0.6096113607401755
fMuscle_back-DS18454.hg19.hotspot.twopass.fdr0.05.merge.bed,fBrain-DS14718.hotspot.twopass.fdr0.05.merge.bed,hyperloglog,B,18,NA,8,40,0.4133644104003906,0.2664911606119136,0.38840284859811336,0.4591740819176548,0.4223085618587913,0.42378846525788405,0.4591740819176548
fMuscle_back-DS18454.hg19.hotspot.twopass.fdr0.05.merge.bed,fBrain-DS16302.hotspot.twopass.fdr0.05.merge.bed,hyperloglog,B,18,NA,8,40,0.39586639404296875,0.24530816380028506,0.40568578324852084,0.38291534710364156,0.39413615985801154,0.3943005651760812,0.40568578324852084
fMuscle_back-DS18454.hg19.hotspot.twopass.fdr0.05.merge.bed,fHeart-DS15643.hotspot.twopass.fdr0.05.merge.bed,hyperloglog,B,18,NA,8,40,0.468841552734375,0.3278071515905596,0.47949796777900594,0.5088904416149742,0.4939756396590231,0.49419420469699005,0.5088904416149742
fMuscle_back-DS18454.hg19.hotspot.twopass.fdr0.05.merge.bed,fHeart-DS15839.hotspot.twopass.fdr0.05.merge.bed,hyperloglog,B,18,NA,8,40,0.4218635559082031,0.27371753360678075,0.440586192407708,0.41951625226203726,0.42992216532447186,0.43005122233487264,0.440586192407708
fMuscle_back-DS18454.hg19.hotspot.twopass.fdr0.05.merge.bed,fHeart-DS16621.hotspot.twopass.fdr0.05.merge.bed,hyperloglog,B,18,NA,8,40,0.4511528015136719,0.3103378257420091,0.516728974489887,0.4372455493585773,0.47532877497614734,0.47698726192423213,0.516728974489887
fMuscle_back-DS18454.hg19.hotspot.twopass.fdr0.05.merge.bed,fIntestine_Sm-DS16559.hotspot.twopass.fdr0.05.merge.bed,hyperloglog,B,18,NA,8,40,0.4254188537597656,0.27782372224629165,0.44390329074203455,0.4261372605054374,0.4349295715931021,0.43502027562373596,0.44390329074203455
fMuscle_back-DS18454.hg19.hotspot.twopass.fdr0.05.merge.bed,fIntestine_Sm-DS16712.hg19.hotspot.twopass.fdr0.05.merge.bed,hyperloglog,B,18,NA,8,40,0.3791694641113281,0.24068092100687993,0.3075546000530701,0.5253691908639017,0.40196978913390036,0.4164618954584859,0.5253691908639017
fMuscle_back-DS18454.hg19.hotspot.twopass.fdr0.05.merge.bed,fIntestine_Sm-DS16822.hotspot.twopass.fdr0.05.merge.bed,hyperloglog,B,18,NA,8,40,0.4077186584472656,0.256739692220183,0.3938707893471452,0.4244316396230376,0.4088657786147294,0.4091512144850914,0.4244316396230376
fMuscle_back-DS18454.hg19.hotspot.twopass.fdr0.05.merge.bed,fIntestine_Sm-DS17808.hg19.hotspot.twopass.fdr0.05.merge.bed,hyperloglog,B,18,NA,8,40,0.4236259460449219,0.27678672012298217,0.41386644288456803,0.4552383113836287,0.4340597431196767,0.43455237713409833,0.4552383113836287
fMuscle_back-DS18454.hg19.hotspot.twopass.fdr0.05.merge.bed,fIntestine_Sm-DS18495.hg19.hotspot.twopass.fdr0.05.merge.bed,hyperloglog,B,18,NA,8,40,0.3961448669433594,0.246557183485352,0.35619139749063433,0.4447656881098135,0.39802225063897884,0.4004785428002239,0.4447656881098135
fMuscle_back-DS18454.hg19.hotspot.twopass.fdr0.05.merge.bed,fKidney_renal_cortex_L-DS17550.hg19.hotspot.twopass.fdr0.05.merge.bed,hyperloglog,B,18,NA,8,40,0.4695587158203125,0.32983178166910554,0.5281104030508695,0.46766011901773774,0.49696697470282175,0.49788526103430364,0.5281104030508695
fMuscle_back-DS18454.hg19.hotspot.twopass.fdr0.05.merge.bed,fLung_L-DS17154.hg19.hotspot.twopass.fdr0.05.merge.bed,hyperloglog,B,18,NA,8,40,0.4967079162597656,0.36682119122036705,0.6139078640508062,0.4768228503631951,0.541040938928919,0.5453653572070006,0.6139078640508062
fMuscle_back-DS18454.hg19.hotspot.twopass.fdr0.05.merge.bed,fLung_L-DS18421.hg19.hotspot.twopass.fdr0.05.merge.bed,hyperloglog,B,18,NA,8,40,0.494659423828125,0.3586524880375965,0.5664838005928658,0.4943303360015856,0.5291787292461089,0.5304070682972257,0.5664838005928658
fMuscle_back-DS18454.hg19.hotspot.twopass.fdr0.05.merge.bed,fLung_R-DS15632.hotspot.twopass.fdr0.05.merge.bed,hyperloglog,B,18,NA,8,40,0.5031547546386719,0.36898500463803147,0.5271386124898355,0.5515406494334978,0.5392016067058005,0.5393396309616667,0.5515406494334978
fMuscle_back-DS18454.hg19.hotspot.twopass.fdr0.05.merge.bed,fMuscle_arm-DS19053.hg19.hotspot.twopass.fdr0.05.merge.bed,hyperloglog,B,18,NA,8,40,0.6867866516113281,0.589985768200642,0.7390600952344305,0.7452196778721506,0.7421334961438968,0.7421398865532906,0.7452196778721506
fMuscle_back-DS18454.hg19.hotspot.twopass.fdr0.05.merge.bed,fMuscle_back-DS18454.hg19.hotspot.twopass.fdr0.05.merge.bed,hyperloglog,B,18,NA,8,40,1.0,1.0,1.0,1.0,1.0,1.0,1.0
fMuscle_back-DS18454.hg19.hotspot.twopass.fdr0.05.merge.bed,fMuscle_leg-DS19115.hg19.hotspot.twopass.fdr0.05.merge.bed,hyperloglog,B,18,NA,8,40,0.701202392578125,0.6076744622380464,0.7446139739216405,0.7676716903579213,0.7560549371735859,0.756142832139781,0.7676716903579213
fMuscle_back-DS18454.hg19.hotspot.twopass.fdr0.05.merge.bed,fMuscle_leg-DS19158.hg19.hotspot.twopass.fdr0.05.merge.bed,hyperloglog,B,18,NA,8,40,0.6577415466308594,0.5559700441182671,0.7917842342599466,0.6511740539403379,0.7180455066840093,0.7214791441001422,0.7917842342599466
fMuscle_back-DS18454.hg19.hotspot.twopass.fdr0.05.merge.bed,fSkin_fibro_bicep_R-DS19745.hg19.hotspot.twopass.fdr0.05.merge.bed,hyperloglog,B,18,NA,8,40,0.36334228515625,0.22224765579149763,0.2900945951941817,0.4872502222159661,0.3759636365022763,0.3886724087050739,0.4872502222159661
fMuscle_back-DS18454.hg19.hotspot.twopass.fdr0.05.merge.bed,fStomach-DS17659.hg19.hotspot.twopass.fdr0.05.merge.bed,hyperloglog,B,18,NA,8,40,0.4599800109863281,0.32795108087076175,0.41003330265444765,0.6209602777814889,0.5045932951555808,0.5154967902179682,0.6209602777814889
fMuscle_leg-DS19115.hg19.hotspot.twopass.fdr0.05.merge.bed,fBrain-DS14718.hotspot.twopass.fdr0.05.merge.bed,hyperloglog,B,18,NA,8,40,0.4133453369140625,0.26413734304566133,0.3911620498542643,0.4485463532753376,0.4188726668115694,0.4198542015648009,0.4485463532753376
fMuscle_leg-DS19115.hg19.hotspot.twopass.fdr0.05.merge.bed,fBrain-DS16302.hotspot.twopass.fdr0.05.merge.bed,hyperloglog,B,18,NA,8,40,0.3994483947753906,0.24754313923050508,0.41515833003569197,0.3800864589942795,0.39723552155521613,0.3976223945149857,0.41515833003569197
fMuscle_leg-DS19115.hg19.hotspot.twopass.fdr0.05.merge.bed,fHeart-DS15643.hotspot.twopass.fdr0.05.merge.bed,hyperloglog,B,18,NA,8,40,0.4637031555175781,0.32203518307583384,0.48021902139467093,0.4943477230165823,0.48723216209083225,0.4872833722056266,0.4943477230165823
fMuscle_leg-DS19115.hg19.hotspot.twopass.fdr0.05.merge.bed,fHeart-DS15839.hotspot.twopass.fdr0.05.merge.bed,hyperloglog,B,18,NA,8,40,0.4142608642578125,0.2660197837061949,0.4376326076318507,0.4041878347838189,0.42057790730079286,0.42091022120783483,0.4376326076318507
fMuscle_leg-DS19115.hg19.hotspot.twopass.fdr0.05.merge.bed,fHeart-DS16621.hotspot.twopass.fdr0.05.merge.bed,hyperloglog,B,18,NA,8,40,0.4440498352050781,0.3025982366963396,0.5153369682756237,0.4229699737349287,0.46687478400121196,0.46915347100527616,0.5153369682756237
fMuscle_leg-DS19115.hg19.hotspot.twopass.fdr0.05.merge.bed,fIntestine_Sm-DS16559.hotspot.twopass.fdr0.05.merge.bed,hyperloglog,B,18,NA,8,40,0.42214202880859375,0.2744279380791987,0.44659193244627743,0.4158413531780165,0.43094244802159526,0.431216642812147,0.44659193244627743
fMuscle_leg-DS19115.hg19.hotspot.twopass.fdr0.05.merge.bed,fIntestine_Sm-DS16712.hg19.hotspot.twopass.fdr0.05.merge.bed,hyperloglog,B,18,NA,8,40,0.37918853759765625,0.2386992827172803,0.3090035625686312,0.5119900456354957,0.3977521189145876,0.41049680410206346,0.5119900456354957
fMuscle_leg-DS19115.hg19.hotspot.twopass.fdr0.05.merge.bed,fIntestine_Sm-DS16822.hotspot.twopass.fdr0.05.merge.bed,hyperloglog,B,18,NA,8,40,0.4055366516113281,0.25340819876214443,0.3956029395617858,0.41349393591503164,0.4044495228566344,0.40454843773840876,0.41349393591503164
fMuscle_leg-DS19115.hg19.hotspot.twopass.fdr0.05.merge.bed,fIntestine_Sm-DS17808.hg19.hotspot.twopass.fdr0.05.merge.bed,hyperloglog,B,18,NA,8,40,0.42107391357421875,0.27210622893714004,0.4143866536359682,0.4421198415530165,0.42802869255135106,0.42825324759449235,0.4421198415530165
fMuscle_leg-DS19115.hg19.hotspot.twopass.fdr0.05.merge.bed,fIntestine_Sm-DS18495.hg19.hotspot.twopass.fdr0.05.merge.bed,hyperloglog,B,18,NA,8,40,0.3970794677734375,0.24650471999542345,0.3610347984629997,0.43727290708148053,0.39732950542527334,0.39915385277224014,0.43727290708148053
fMuscle_leg-DS19115.hg19.hotspot.twopass.fdr0.05.merge.bed,fKidney_renal_cortex_L-DS17550.hg19.hotspot.twopass.fdr0.05.merge.bed,hyperloglog,B,18,NA,8,40,0.4692840576171875,0.3290974988079031,0.5358844109489187,0.4602909049977244,0.4966515080917909,0.49808765797332155,0.5358844109489187
fMuscle_leg-DS19115.hg19.hotspot.twopass.fdr0.05.merge.bed,fLung_L-DS17154.hg19.hotspot.twopass.fdr0.05.merge.bed,hyperloglog,B,18,NA,8,40,0.49929046630859375,0.3699684115375753,0.6285193574911395,0.4735089341613956,0.5455360034547991,0.5510141458262676,0.6285193574911395
fMuscle_leg-DS19115.hg19.hotspot.twopass.fdr0.05.merge.bed,fLung_L-DS18421.hg19.hotspot.twopass.fdr0.05.merge.bed,hyperloglog,B,18,NA,8,40,0.4952049255371094,0.359166833289876,0.5764588389976042,0.4879257378413137,0.5303480973408438,0.532192288419459,0.5764588389976042
fMuscle_leg-DS19115.hg19.hotspot.twopass.fdr0.05.merge.bed,fLung_R-DS15632.hotspot.twopass.fdr0.05.merge.bed,hyperloglog,B,18,NA,8,40,0.5088081359863281,0.373858210953491,0.5402597935905691,0.5482908549821522,0.5442605112813663,0.5442753242863607,0.5482908549821522
fMuscle_leg-DS19115.hg19.hotspot.twopass.fdr0.05.merge.bed,fMuscle_arm-DS19053.hg19.hotspot.twopass.fdr0.05.merge.bed,hyperloglog,B,18,NA,8,40,0.6955413818359375,0.6000032833393018,0.7584193162774018,0.7417705775404392,0.7500487545839359,0.7500949469089204,0.7584193162774018
fMuscle_leg-DS19115.hg19.hotspot.twopass.fdr0.05.merge.bed,fMuscle_back-DS18454.hg19.hotspot.twopass.fdr0.05.merge.bed,hyperloglog,B,18,NA,8,40,0.701202392578125,0.6076744622380464,0.7676716903579213,0.7446139739216405,0.7560549371735859,0.756142832139781,0.7676716903579213
fMuscle_leg-DS19115.hg19.hotspot.twopass.fdr0.05.merge.bed,fMuscle_leg-DS19115.hg19.hotspot.twopass.fdr0.05.merge.bed,hyperloglog,B,18,NA,8,40,1.0,1.0,1.0,1.0,1.0,1.0,1.0
fMuscle_leg-DS19115.hg19.hotspot.twopass.fdr0.05.merge.bed,fMuscle_leg-DS19158.hg19.hotspot.twopass.fdr0.05.merge.bed,hyperloglog,B,18,NA,8,40,0.6793136596679688,0.5835398186373044,0.8304540896994039,0.6624628411681637,0.741717584881192,0.7464584654337838,0.8304540896994039
fMuscle_leg-DS19115.hg19.hotspot.twopass.fdr0.05.merge.bed,fSkin_fibro_bicep_R-DS19745.hg19.hotspot.twopass.fdr0.05.merge.bed,hyperloglog,B,18,NA,8,40,0.3619956970214844,0.218363023193863,0.289237114748362,0.47121823249933786,0.3691799046331359,0.3802276736238499,0.47121823249933786
fMuscle_leg-DS19115.hg19.hotspot.twopass.fdr0.05.merge.bed,fStomach-DS17659.hg19.hotspot.twopass.fdr0.05.merge.bed,hyperloglog,B,18,NA,8,40,0.4638862609863281,0.32862667037624355,0.4157266088785578,0.6106722256371386,0.503857810796309,0.5131994172578482,0.6106722256371386
fMuscle_leg-DS19158.hg19.hotspot.twopass.fdr0.05.merge.bed,fBrain-DS14718.hotspot.twopass.fdr0.05.merge.bed,hyperloglog,B,18,NA,8,40,0.38832855224609375,0.2415322636197625,0.32987940088821754,0.47419821984301536,0.39551008162128204,0.40203881036561645,0.47419821984301536
fMuscle_leg-DS19158.hg19.hotspot.twopass.fdr0.05.merge.bed,fBrain-DS16302.hotspot.twopass.fdr0.05.merge.bed,hyperloglog,B,18,NA,8,40,0.39437103271484375,0.2424568020603739,0.36517491246920875,0.41910580906712996,0.39121212550408774,0.3921403607681694,0.41910580906712996
fMuscle_leg-DS19158.hg19.hotspot.twopass.fdr0.05.merge.bed,fHeart-DS15643.hotspot.twopass.fdr0.05.merge.bed,hyperloglog,B,18,NA,8,40,0.43781280517578125,0.29592611978101946,0.40530319332822085,0.5230308558727597,0.46041945668533807,0.46416702460049025,0.5230308558727597
fMuscle_leg-DS19158.hg19.hotspot.twopass.fdr0.05.merge.bed,fHeart-DS15839.hotspot.twopass.fdr0.05.merge.bed,hyperloglog,B,18,NA,8,40,0.4000511169433594,0.2498383674305554,0.37255092603288925,0.43133362683711246,0.40086623967015594,0.40194227643500086,0.43133362683711246
fMuscle_leg-DS19158.hg19.hotspot.twopass.fdr0.05.merge.bed,fHeart-DS16621.hotspot.twopass.fdr0.05.merge.bed,hyperloglog,B,18,NA,8,40,0.43686676025390625,0.29111869993763295,0.4446228844780776,0.4574716201864616,0.45100149815068696,0.4510472523322696,0.4574716201864616
fMuscle_leg-DS19158.hg19.hotspot.twopass.fdr0.05.merge.bed,fIntestine_Sm-DS16559.hotspot.twopass.fdr0.05.merge.bed,hyperloglog,B,18,NA,8,40,0.4129486083984375,0.2635086793576816,0.38722071506640154,0.45199069053800045,0.4183541064618359,0.419605702802201,0.45199069053800045
fMuscle_leg-DS19158.hg19.hotspot.twopass.fdr0.05.merge.bed,fIntestine_Sm-DS16712.hg19.hotspot.twopass.fdr0.05.merge.bed,hyperloglog,B,18,NA,8,40,0.34100341796875,0.21026468309861857,0.2573782773250114,0.534593933125757,0.37093512313652593,0.3959861052253842,0.534593933125757
fMuscle_leg-DS19158.hg19.hotspot.twopass.fdr0.05.merge.bed,fIntestine_Sm-DS16822.hotspot.twopass.fdr0.05.merge.bed,hyperloglog,B,18,NA,8,40,0.3864097595214844,0.23629700716060228,0.33700478754674995,0.4415702548786267,0.38576066405523496,0.38928752121268834,0.4415702548786267
fMuscle_leg-DS19158.hg19.hotspot.twopass.fdr0.05.merge.bed,fIntestine_Sm-DS17808.hg19.hotspot.twopass.fdr0.05.merge.bed,hyperloglog,B,18,NA,8,40,0.3959159851074219,0.24831597920456214,0.3476484467769025,0.4649739742177146,0.4020540758759597,0.40631121049730856,0.4649739742177146
fMuscle_leg-DS19158.hg19.hotspot.twopass.fdr0.05.merge.bed,fIntestine_Sm-DS18495.hg19.hotspot.twopass.fdr0.05.merge.bed,hyperloglog,B,18,NA,8,40,0.3757972717285156,0.2303792402680561,0.3105662174670395,0.47153270920191975,0.3826775795742752,0.39104946333447965,0.47153270920191975
fMuscle_leg-DS19158.hg19.hotspot.twopass.fdr0.05.merge.bed,fKidney_renal_cortex_L-DS17550.hg19.hotspot.twopass.fdr0.05.merge.bed,hyperloglog,B,18,NA,8,40,0.4626045227050781,0.31949845913206026,0.4670130117689642,0.5028568336510346,0.4846036363585964,0.4849349227099994,0.5028568336510346
fMuscle_leg-DS19158.hg19.hotspot.twopass.fdr0.05.merge.bed,fLung_L-DS17154.hg19.hotspot.twopass.fdr0.05.merge.bed,hyperloglog,B,18,NA,8,40,0.5079727172851562,0.372717029508202,0.5590155852231861,0.5279436142256793,0.5432574973907052,0.5434795997244326,0.5590155852231861
fMuscle_leg-DS19158.hg19.hotspot.twopass.fdr0.05.merge.bed,fLung_L-DS18421.hg19.hotspot.twopass.fdr0.05.merge.bed,hyperloglog,B,18,NA,8,40,0.49304962158203125,0.35493359050894174,0.5088385250462384,0.5399076924321405,0.5241429517586672,0.5243731087391894,0.5399076924321405
fMuscle_leg-DS19158.hg19.hotspot.twopass.fdr0.05.merge.bed,fLung_R-DS15632.hotspot.twopass.fdr0.05.merge.bed,hyperloglog,B,18,NA,8,40,0.4945793151855469,0.36193013811910096,0.47463304523643,0.6038379873931755,0.5353517187661396,0.5392355163148028,0.6038379873931755
fMuscle_leg-DS19158.hg19.hotspot.twopass.fdr0.05.merge.bed,fMuscle_arm-DS19053.hg19.hotspot.twopass.fdr0.05.merge.bed,hyperloglog,B,18,NA,8,40,0.6707305908203125,0.571450478768952,0.6602400665055319,0.8094987800026124,0.7310701254634003,0.7348694232540722,0.8094987800026124
fMuscle_leg-DS19158.hg19.hotspot.twopass.fdr0.05.merge.bed,fMuscle_back-DS18454.hg19.hotspot.twopass.fdr0.05.merge.bed,hyperloglog,B,18,NA,8,40,0.6577415466308594,0.5559700441182671,0.6511740539403379,0.7917842342599466,0.7180455066840093,0.7214791441001422,0.7917842342599466
fMuscle_leg-DS19158.hg19.hotspot.twopass.fdr0.05.merge.bed,fMuscle_leg-DS19115.hg19.hotspot.twopass.fdr0.05.merge.bed,hyperloglog,B,18,NA,8,40,0.6793136596679688,0.5835398186373044,0.6624628411681637,0.8304540896994039,0.741717584881192,0.7464584654337838,0.8304540896994039
fMuscle_leg-DS19158.hg19.hotspot.twopass.fdr0.05.merge.bed,fMuscle_leg-DS19158.hg19.hotspot.twopass.fdr0.05.merge.bed,hyperloglog,B,18,NA,8,40,1.0,1.0,1.0,1.0,1.0,1.0,1.0
fMuscle_leg-DS19158.hg19.hotspot.twopass.fdr0.05.merge.bed,fSkin_fibro_bicep_R-DS19745.hg19.hotspot.twopass.fdr0.05.merge.bed,hyperloglog,B,18,NA,8,40,0.32884979248046875,0.19555124118170586,0.24365426436498488,0.49761812134262623,0.3482050793575869,0.37063619285380556,0.49761812134262623
fMuscle_leg-DS19158.hg19.hotspot.twopass.fdr0.05.merge.bed,fStomach-DS17659.hg19.hotspot.twopass.fdr0.05.merge.bed,hyperloglog,B,18,NA,8,40,0.41852569580078125,0.2897025769194368,0.34661296759909155,0.6382623946408449,0.4703509569601892,0.4924376811199682,0.6382623946408449
fSkin_fibro_bicep_R-DS19745.hg19.hotspot.twopass.fdr0.05.merge.bed,fBrain-DS14718.hotspot.twopass.fdr0.05.merge.bed,hyperloglog,B,18,NA,8,40,0.3105735778808594,0.15401569773995744,0.32307480053251453,0.22739747414075007,0.2710468476105569,0.2752361373366323,0.32307480053251453
fSkin_fibro_bicep_R-DS19745.hg19.hotspot.twopass.fdr0.05.merge.bed,fBrain-DS16302.hotspot.twopass.fdr0.05.merge.bed,hyperloglog,B,18,NA,8,40,0.2826080322265625,0.13400524691643573,0.3284538329219528,0.18457586410029075,0.24622073435968378,0.2565148485111218,0.3284538329219528
fSkin_fibro_bicep_R-DS19745.hg19.hotspot.twopass.fdr0.05.merge.bed,fHeart-DS15643.hotspot.twopass.fdr0.05.merge.bed,hyperloglog,B,18,NA,8,40,0.3330268859863281,0.18462424331735258,0.40250153503814334,0.25432710949944043,0.3199485145696706,0.32841432226879186,0.40250153503814334
fSkin_fibro_bicep_R-DS19745.hg19.hotspot.twopass.fdr0.05.merge.bed,fHeart-DS15839.hotspot.twopass.fdr0.05.merge.bed,hyperloglog,B,18,NA,8,40,0.302032470703125,0.1547934366724602,0.370496125211165,0.2100337902026538,0.2789564579526668,0.2902649577069094,0.370496125211165
fSkin_fibro_bicep_R-DS19745.hg19.hotspot.twopass.fdr0.05.merge.bed,fHeart-DS16621.hotspot.twopass.fdr0.05.merge.bed,hyperloglog,B,18,NA,8,40,0.3095970153808594,0.17202236703923274,0.438113109751519,0.2207173248044434,0.3109648751002447,0.3294152172779812,0.438113109751519
fSkin_fibro_bicep_R-DS19745.hg19.hotspot.twopass.fdr0.05.merge.bed,fIntestine_Sm-DS16559.hotspot.twopass.fdr0.05.merge.bed,hyperloglog,B,18,NA,8,40,0.32178497314453125,0.17565739912420408,0.41083093259208053,0.23480744995207234,0.31059002502234057,0.3228191912720764,0.41083093259208053
fSkin_fibro_bicep_R-DS19745.hg19.hotspot.twopass.fdr0.05.merge.bed,fIntestine_Sm-DS16712.hg19.hotspot.twopass.fdr0.05.merge.bed,hyperloglog,B,18,NA,8,40,0.3470306396484375,0.18757697411875557,0.31325516059980985,0.31858710961602293,0.315909886182431,0.3159211351079164,0.31858710961602293
fSkin_fibro_bicep_R-DS19745.hg19.hotspot.twopass.fdr0.05.merge.bed,fIntestine_Sm-DS16822.hotspot.twopass.fdr0.05.merge.bed,hyperloglog,B,18,NA,8,40,0.3317222595214844,0.180467617427142,0.3911668792467324,0.25095950248456794,0.31331620673722105,0.32106319086565016,0.3911668792467324
fSkin_fibro_bicep_R-DS19745.hg19.hotspot.twopass.fdr0.05.merge.bed,fIntestine_Sm-DS17808.hg19.hotspot.twopass.fdr0.05.merge.bed,hyperloglog,B,18,NA,8,40,0.3339385986328125,0.1830700148001456,0.39102890181673006,0.2560796332983236,0.31644041743474305,0.3235542675575268,0.39102890181673006
fSkin_fibro_bicep_R-DS19745.hg19.hotspot.twopass.fdr0.05.merge.bed,fIntestine_Sm-DS18495.hg19.hotspot.twopass.fdr0.05.merge.bed,hyperloglog,B,18,NA,8,40,0.3368568420410156,0.18087129389811227,0.35919821905917787,0.26703587806501233,0.3097076231316501,0.3131170485620951,0.35919821905917787
fSkin_fibro_bicep_R-DS19745.hg19.hotspot.twopass.fdr0.05.merge.bed,fKidney_renal_cortex_L-DS17550.hg19.hotspot.twopass.fdr0.05.merge.bed,hyperloglog,B,18,NA,8,40,0.32117462158203125,0.17920058421762058,0.4402106973392564,0.23208859358625333,0.3196371092772112,0.33614964546275483,0.4402106973392564
fSkin_fibro_bicep_R-DS19745.hg19.hotspot.twopass.fdr0.05.merge.bed,fLung_L-DS17154.hg19.hotspot.twopass.fdr0.05.merge.bed,hyperloglog,B,18,NA,8,40,0.3144378662109375,0.18312022713378537,0.4894852781446439,0.22635030754113988,0.33285904410861444,0.3579177928428919,0.4894852781446439
fSkin_fibro_bicep_R-DS19745.hg19.hotspot.twopass.fdr0.05.merge.bed,fLung_L-DS18421.hg19.hotspot.twopass.fdr0.05.merge.bed,hyperloglog,B,18,NA,8,40,0.32787322998046875,0.1888453151581304,0.4645955915169108,0.24137508738961788,0.3348758001158423,0.3529853394532644,0.4645955915169108
fSkin_fibro_bicep_R-DS19745.hg19.hotspot.twopass.fdr0.05.merge.bed,fLung_R-DS15632.hotspot.twopass.fdr0.05.merge.bed,hyperloglog,B,18,NA,8,40,0.344573974609375,0.19877661348593376,0.4320031614441165,0.26910837494463463,0.3409628553774895,0.35055576819437556,0.4320031614441165
fSkin_fibro_bicep_R-DS19745.hg19.hotspot.twopass.fdr0.05.merge.bed,fMuscle_arm-DS19053.hg19.hotspot.twopass.fdr0.05.merge.bed,hyperloglog,B,18,NA,8,40,0.35668182373046875,0.21326958743754929,0.4685865316707338,0.2813079162959082,0.3630662485396029,0.374947223983321,0.4685865316707338
fSkin_fibro_bicep_R-DS19745.hg19.hotspot.twopass.fdr0.05.merge.bed,fMuscle_back-DS18454.hg19.hotspot.twopass.fdr0.05.merge.bed,hyperloglog,B,18,NA,8,40,0.36334228515625,0.22224765579149763,0.4872502222159661,0.2900945951941817,0.3759636365022763,0.3886724087050739,0.4872502222159661
fSkin_fibro_bicep_R-DS19745.hg19.hotspot.twopass.fdr0.05.merge.bed,fMuscle_leg-DS19115.hg19.hotspot.twopass.fdr0.05.merge.bed,hyperloglog,B,18,NA,8,40,0.3619956970214844,0.218363023193863,0.47121823249933786,0.289237114748362,0.3691799046331359,0.3802276736238499,0.47121823249933786
fSkin_fibro_bicep_R-DS19745.hg19.hotspot.twopass.fdr0.05.merge.bed,fMuscle_leg-DS19158.hg19.hotspot.twopass.fdr0.05.merge.bed,hyperloglog,B,18,NA,8,40,0.32884979248046875,0.19555124118170586,0.49761812134262623,0.24365426436498488,0.3482050793575869,0.37063619285380556,0.49761812134262623
fSkin_fibro_bicep_R-DS19745.hg19.hotspot.twopass.fdr0.05.merge.bed,fSkin_fibro_bicep_R-DS19745.hg19.hotspot.twopass.fdr0.05.merge.bed,hyperloglog,B,18,NA,8,40,1.0,1.0,1.0,1.0,1.0,1.0,1.0
fSkin_fibro_bicep_R-DS19745.hg19.hotspot.twopass.fdr0.05.merge.bed,fStomach-DS17659.hg19.hotspot.twopass.fdr0.05.merge.bed,hyperloglog,B,18,NA,8,40,0.3833503723144531,0.22871657000808587,0.3925920638595395,0.3539759827758106,0.372784336627311,0.3732840233176751,0.3925920638595395
fStomach-DS17659.hg19.hotspot.twopass.fdr0.05.merge.bed,fBrain-DS14718.hotspot.twopass.fdr0.05.merge.bed,hyperloglog,B,18,NA,8,40,0.3973731994628906,0.24949532520038864,0.4554633106052889,0.35555244549908,0.40241905263147953,0.40550787805218447,0.4554633106052889
fStomach-DS17659.hg19.hotspot.twopass.fdr0.05.merge.bed,fBrain-DS16302.hotspot.twopass.fdr0.05.merge.bed,hyperloglog,B,18,NA,8,40,0.3596382141113281,0.21533587271875912,0.4614657682785673,0.2876125194123891,0.3643121357259081,0.37453914384547815,0.4614657682785673
fStomach-DS17659.hg19.hotspot.twopass.fdr0.05.merge.bed,fHeart-DS15643.hotspot.twopass.fdr0.05.merge.bed,hyperloglog,B,18,NA,8,40,0.43670654296875,0.2964565688911266,0.5549616841489192,0.38891602103652717,0.46457883079938933,0.47193885259272317,0.5549616841489192
fStomach-DS17659.hg19.hotspot.twopass.fdr0.05.merge.bed,fHeart-DS15839.hotspot.twopass.fdr0.05.merge.bed,hyperloglog,B,18,NA,8,40,0.3904914855957031,0.24907295704801669,0.5165568626848411,0.3247815536312175,0.40959509323434307,0.42066920815802933,0.5165568626848411
fStomach-DS17659.hg19.hotspot.twopass.fdr0.05.merge.bed,fHeart-DS16621.hotspot.twopass.fdr0.05.merge.bed,hyperloglog,B,18,NA,8,40,0.4008750915527344,0.2688434408041209,0.591085228668965,0.33026914427239185,0.44183391977591546,0.4606771864706784,0.591085228668965
fStomach-DS17659.hg19.hotspot.twopass.fdr0.05.merge.bed,fIntestine_Sm-DS16559.hotspot.twopass.fdr0.05.merge.bed,hyperloglog,B,18,NA,8,40,0.47513580322265625,0.3465544976724953,0.6633686669049447,0.4205052392106997,0.5281571735399858,0.5419369530578222,0.6633686669049447
fStomach-DS17659.hg19.hotspot.twopass.fdr0.05.merge.bed,fIntestine_Sm-DS16712.hg19.hotspot.twopass.fdr0.05.merge.bed,hyperloglog,B,18,NA,8,40,0.4836692810058594,0.3445246593271364,0.4834142273212725,0.5452769171836644,0.5134146663238854,0.5143455722524685,0.5452769171836644
fStomach-DS17659.hg19.hotspot.twopass.fdr0.05.merge.bed,fIntestine_Sm-DS16822.hotspot.twopass.fdr0.05.merge.bed,hyperloglog,B,18,NA,8,40,0.486724853515625,0.355376871614655,0.6306828162142725,0.4487663532108594,0.5320049130085489,0.5397245847125659,0.6306828162142725
fStomach-DS17659.hg19.hotspot.twopass.fdr0.05.merge.bed,fIntestine_Sm-DS17808.hg19.hotspot.twopass.fdr0.05.merge.bed,hyperloglog,B,18,NA,8,40,0.49383544921875,0.3636877853731538,0.6338750346125628,0.46040236755062436,0.540219924351979,0.5471387010815936,0.6338750346125628
fStomach-DS17659.hg19.hotspot.twopass.fdr0.05.merge.bed,fIntestine_Sm-DS18495.hg19.hotspot.twopass.fdr0.05.merge.bed,hyperloglog,B,18,NA,8,40,0.4753456115722656,0.3373735669624451,0.5582190762378911,0.4602648766832367,0.506881282241575,0.5092419764605639,0.5582190762378911
fStomach-DS17659.hg19.hotspot.twopass.fdr0.05.merge.bed,fKidney_renal_cortex_L-DS17550.hg19.hotspot.twopass.fdr0.05.merge.bed,hyperloglog,B,18,NA,8,40,0.4422721862792969,0.313285000411238,0.6465126396429685,0.37804016570320703,0.4943761173639414,0.5122764026730877,0.6465126396429685
fStomach-DS17659.hg19.hotspot.twopass.fdr0.05.merge.bed,fLung_L-DS17154.hg19.hotspot.twopass.fdr0.05.merge.bed,hyperloglog,B,18,NA,8,40,0.4486503601074219,0.3322520960339607,0.7356553377832068,0.3772971850237017,0.5268402870825886,0.5564762614034542,0.7356553377832068
fStomach-DS17659.hg19.hotspot.twopass.fdr0.05.merge.bed,fLung_L-DS18421.hg19.hotspot.twopass.fdr0.05.merge.bed,hyperloglog,B,18,NA,8,40,0.4764137268066406,0.3556102594671637,0.7175794645351079,0.41348054612468865,0.5447064795684352,0.5655300053298983,0.7175794645351079
fStomach-DS17659.hg19.hotspot.twopass.fdr0.05.merge.bed,fLung_R-DS15632.hotspot.twopass.fdr0.05.merge.bed,hyperloglog,B,18,NA,8,40,0.4875068664550781,0.3570484960867843,0.6439302391509378,0.44488404297254724,0.5352329289064234,0.5444071410617426,0.6439302391509378
fStomach-DS17659.hg19.hotspot.twopass.fdr0.05.merge.bed,fMuscle_arm-DS19053.hg19.hotspot.twopass.fdr0.05.merge.bed,hyperloglog,B,18,NA,8,40,0.45699310302734375,0.322156112419981,0.6096113607401755,0.4058942733571654,0.49743116136597876,0.5077528170486705,0.6096113607401755
fStomach-DS17659.hg19.hotspot.twopass.fdr0.05.merge.bed,fMuscle_back-DS18454.hg19.hotspot.twopass.fdr0.05.merge.bed,hyperloglog,B,18,NA,8,40,0.4599800109863281,0.32795108087076175,0.6209602777814889,0.41003330265444765,0.5045932951555808,0.5154967902179682,0.6209602777814889
fStomach-DS17659.hg19.hotspot.twopass.fdr0.05.merge.bed,fMuscle_leg-DS19115.hg19.hotspot.twopass.fdr0.05.merge.bed,hyperloglog,B,18,NA,8,40,0.4638862609863281,0.32862667037624355,0.6106722256371386,0.4157266088785578,0.503857810796309,0.5131994172578482,0.6106722256371386
fStomach-DS17659.hg19.hotspot.twopass.fdr0.05.merge.bed,fMuscle_leg-DS19158.hg19.hotspot.twopass.fdr0.05.merge.bed,hyperloglog,B,18,NA,8,40,0.41852569580078125,0.2897025769194368,0.6382623946408449,0.34661296759909155,0.4703509569601892,0.4924376811199682,0.6382623946408449
fStomach-DS17659.hg19.hotspot.twopass.fdr0.05.merge.bed,fSkin_fibro_bicep_R-DS19745.hg19.hotspot.twopass.fdr0.05.merge.bed,hyperloglog,B,18,NA,8,40,0.3833503723144531,0.22871657000808587,0.3539759827758106,0.3925920638595395,0.372784336627311,0.3732840233176751,0.3925920638595395
fStomach-DS17659.hg19.hotspot.twopass.fdr0.05.merge.bed,fStomach-DS17659.hg19.hotspot.twopass.fdr0.05.merge.bed,hyperloglog,B,18,NA,8,40,1.0,1.0,1.0,1.0,1.0,1.0,1.0
