file1,file2,sketch_type,mode,precision,num_hashes,kmer_size,window_size,jaccard_similarity,jaccard_similarity_ie,containment_AB,containment_BA,cosketch_geom,cosketch_arith,cosketch_max
fBrain-DS14718.hotspot.twopass.fdr0.05.merge.bed,fBrain-DS14718.hotspot.twopass.fdr0.05.merge.bed,hyperloglog,B,23,NA,8,40,1.0,1.0,1.0,1.0,1.0,1.0,1.0
fBrain-DS14718.hotspot.twopass.fdr0.05.merge.bed,fBrain-DS16302.hotspot.twopass.fdr0.05.merge.bed,hyperloglog,B,23,NA,8,40,0.48871731758117676,0.3537425010356615,0.5892442570557637,0.46952193220872884,0.525987739510836,0.5293830946322462,0.5892442570557637
fBrain-DS14718.hotspot.twopass.fdr0.05.merge.bed,fHeart-DS15643.hotspot.twopass.fdr0.05.merge.bed,hyperloglog,B,23,NA,8,40,0.3916701078414917,0.2403442937550201,0.4101220135320729,0.3673230663945764,0.3881330643046518,0.3887225399633246,0.4101220135320729
fBrain-DS14718.hotspot.twopass.fdr0.05.merge.bed,fHeart-DS15839.hotspot.twopass.fdr0.05.merge.bed,hyperloglog,B,23,NA,8,40,0.37145471572875977,0.21980503323277423,0.4047279206171522,0.32481340494784955,0.3625755838071838,0.36477066278250087,0.4047279206171522
fBrain-DS14718.hotspot.twopass.fdr0.05.merge.bed,fHeart-DS16621.hotspot.twopass.fdr0.05.merge.bed,hyperloglog,B,23,NA,8,40,0.3746529817581177,0.2270426676374107,0.443722838959393,0.3173797736272323,0.3752714406695039,0.3805513062933127,0.443722838959393
fBrain-DS14718.hotspot.twopass.fdr0.05.merge.bed,fIntestine_Sm-DS16559.hotspot.twopass.fdr0.05.merge.bed,hyperloglog,B,23,NA,8,40,0.36151695251464844,0.20848537414249665,0.3855121965546133,0.31225138153741505,0.34695347811154953,0.3488817890460142,0.3855121965546133
fBrain-DS14718.hotspot.twopass.fdr0.05.merge.bed,fIntestine_Sm-DS16712.hg19.hotspot.twopass.fdr0.05.merge.bed,hyperloglog,B,23,NA,8,40,0.35488693176352165,0.2061615156454202,0.2894739010942059,0.4173582731566565,0.34758355468088326,0.3534160871254312,0.4173582731566565
fBrain-DS14718.hotspot.twopass.fdr0.05.merge.bed,fIntestine_Sm-DS16822.hotspot.twopass.fdr0.05.merge.bed,hyperloglog,B,23,NA,8,40,0.35702264308929443,0.20155754283960692,0.35167531726049633,0.32073585734730653,0.33584949663417885,0.33620558730390143,0.35167531726049633
fBrain-DS14718.hotspot.twopass.fdr0.05.merge.bed,fIntestine_Sm-DS17808.hg19.hotspot.twopass.fdr0.05.merge.bed,hyperloglog,B,23,NA,8,40,0.3694204092025757,0.215013223361289,0.366969583343043,0.3417804070083042,0.35415111683383554,0.3543749951756736,0.366969583343043
fBrain-DS14718.hotspot.twopass.fdr0.05.merge.bed,fIntestine_Sm-DS18495.hg19.hotspot.twopass.fdr0.05.merge.bed,hyperloglog,B,23,NA,8,40,0.3475308418273926,0.19077424994784178,0.31182521584291206,0.32950309830500873,0.32054231350925827,0.3206641570739604,0.32950309830500873
fBrain-DS14718.hotspot.twopass.fdr0.05.merge.bed,fKidney_renal_cortex_L-DS17550.hg19.hotspot.twopass.fdr0.05.merge.bed,hyperloglog,B,23,NA,8,40,0.4058053493499756,0.260484419512885,0.4829126273301728,0.361241237611972,0.417669672295225,0.4220769324710724,0.4829126273301728
fBrain-DS14718.hotspot.twopass.fdr0.05.merge.bed,fLung_L-DS17154.hg19.hotspot.twopass.fdr0.05.merge.bed,hyperloglog,B,23,NA,8,40,0.39518606662750244,0.25384039790123547,0.511245869616984,0.3351793622371335,0.4139553895344152,0.4232126159270588,0.511245869616984
fBrain-DS14718.hotspot.twopass.fdr0.05.merge.bed,fLung_L-DS18421.hg19.hotspot.twopass.fdr0.05.merge.bed,hyperloglog,B,23,NA,8,40,0.3993891477584839,0.2538344759902112,0.4774324554241838,0.35148914734079983,0.4096490286450961,0.4144608013824918,0.4774324554241838
fBrain-DS14718.hotspot.twopass.fdr0.05.merge.bed,fLung_R-DS15632.hotspot.twopass.fdr0.05.merge.bed,hyperloglog,B,23,NA,8,40,0.40941255204827215,0.2607410476735284,0.441632604711791,0.38896926923970104,0.41446533211738124,0.415300936975746,0.441632604711791
fBrain-DS14718.hotspot.twopass.fdr0.05.merge.bed,fMuscle_arm-DS19053.hg19.hotspot.twopass.fdr0.05.merge.bed,hyperloglog,B,23,NA,8,40,0.411601185798645,0.26366614960473705,0.45351540402725404,0.3864468186121795,0.41864016180718916,0.41998111131971677,0.45351540402725404
fBrain-DS14718.hotspot.twopass.fdr0.05.merge.bed,fMuscle_back-DS18454.hg19.hotspot.twopass.fdr0.05.merge.bed,hyperloglog,B,23,NA,8,40,0.41282176971435547,0.26546105971760653,0.4576615123454549,0.3872951875385923,0.42101080895035076,0.4224783499420236,0.4576615123454549
fBrain-DS14718.hotspot.twopass.fdr0.05.merge.bed,fMuscle_leg-DS19115.hg19.hotspot.twopass.fdr0.05.merge.bed,hyperloglog,B,23,NA,8,40,0.4147568941116333,0.2669810758064984,0.45240018508541935,0.3944537456048333,0.4224345482074868,0.42342696534512636,0.45240018508541935
fBrain-DS14718.hotspot.twopass.fdr0.05.merge.bed,fMuscle_leg-DS19158.hg19.hotspot.twopass.fdr0.05.merge.bed,hyperloglog,B,23,NA,8,40,0.38864052295684814,0.24401787704598663,0.4785301609798045,0.33241056528526297,0.39883390191575324,0.4054703631325337,0.4785301609798045
fBrain-DS14718.hotspot.twopass.fdr0.05.merge.bed,fSkin_fibro_bicep_R-DS19745.hg19.hotspot.twopass.fdr0.05.merge.bed,hyperloglog,B,23,NA,8,40,0.3102715755156459,0.15615547638704205,0.2302646706615453,0.3266857766130934,0.2742702914309625,0.27847522363731936,0.3266857766130934
fBrain-DS14718.hotspot.twopass.fdr0.05.merge.bed,fStomach-DS17659.hg19.hotspot.twopass.fdr0.05.merge.bed,hyperloglog,B,23,NA,8,40,0.39652531105581657,0.2489073504861579,0.355047945706167,0.45433106762765385,0.40163330568030353,0.4046895066669104,0.45433106762765385
fBrain-DS16302.hotspot.twopass.fdr0.05.merge.bed,fBrain-DS14718.hotspot.twopass.fdr0.05.merge.bed,hyperloglog,B,23,NA,8,40,0.48871731758117676,0.3537425010356615,0.46952193220872884,0.5892442570557637,0.525987739510836,0.5293830946322462,0.5892442570557637
fBrain-DS16302.hotspot.twopass.fdr0.05.merge.bed,fBrain-DS16302.hotspot.twopass.fdr0.05.merge.bed,hyperloglog,B,23,NA,8,40,1.0,1.0,1.0,1.0,1.0,1.0,1.0
fBrain-DS16302.hotspot.twopass.fdr0.05.merge.bed,fHeart-DS15643.hotspot.twopass.fdr0.05.merge.bed,hyperloglog,B,23,NA,8,40,0.3838472366333008,0.23147146344326658,0.3551872813698334,0.3992381192153424,0.3765691200607173,0.3772127002925879,0.3992381192153424
fBrain-DS16302.hotspot.twopass.fdr0.05.merge.bed,fHeart-DS15839.hotspot.twopass.fdr0.05.merge.bed,hyperloglog,B,23,NA,8,40,0.36496615409851074,0.20961204889352636,0.345340721745307,0.34782279886042616,0.3465795383428345,0.3465817603028666,0.34782279886042616
fBrain-DS16302.hotspot.twopass.fdr0.05.merge.bed,fHeart-DS16621.hotspot.twopass.fdr0.05.merge.bed,hyperloglog,B,23,NA,8,40,0.3789668083190918,0.22583886347972204,0.3894703712740159,0.349608000341805,0.36900129768537276,0.36953918580791045,0.3894703712740159
fBrain-DS16302.hotspot.twopass.fdr0.05.merge.bed,fIntestine_Sm-DS16559.hotspot.twopass.fdr0.05.merge.bed,hyperloglog,B,23,NA,8,40,0.3515810966491699,0.1948583405040927,0.32351487037270343,0.32885160709826367,0.3261723241512835,0.32618323873548355,0.32885160709826367
fBrain-DS16302.hotspot.twopass.fdr0.05.merge.bed,fIntestine_Sm-DS16712.hg19.hotspot.twopass.fdr0.05.merge.bed,hyperloglog,B,23,NA,8,40,0.32041501998901367,0.17873177600528867,0.23543128297958796,0.42599377896111723,0.3166895355425228,0.3307125309703526,0.42599377896111723
fBrain-DS16302.hotspot.twopass.fdr0.05.merge.bed,fIntestine_Sm-DS16822.hotspot.twopass.fdr0.05.merge.bed,hyperloglog,B,23,NA,8,40,0.3404393196105957,0.183361710221766,0.2903272006805543,0.3323019034668008,0.3106063125796642,0.31131455207367753,0.3323019034668008
fBrain-DS16302.hotspot.twopass.fdr0.05.merge.bed,fIntestine_Sm-DS17808.hg19.hotspot.twopass.fdr0.05.merge.bed,hyperloglog,B,23,NA,8,40,0.34761786460876465,0.19152325047390725,0.29825706397543916,0.348615993098654,0.3224549310469395,0.3234365285370466,0.348615993098654
fBrain-DS16302.hotspot.twopass.fdr0.05.merge.bed,fIntestine_Sm-DS18495.hg19.hotspot.twopass.fdr0.05.merge.bed,hyperloglog,B,23,NA,8,40,0.32996392250061035,0.1753391273161143,0.2616753547049102,0.3470168531941682,0.3013399378578381,0.3043461039495392,0.3470168531941682
fBrain-DS16302.hotspot.twopass.fdr0.05.merge.bed,fKidney_renal_cortex_L-DS17550.hg19.hotspot.twopass.fdr0.05.merge.bed,hyperloglog,B,23,NA,8,40,0.3898189067840576,0.23767601555905338,0.3965891359091898,0.3723137261005041,0.3842597805148617,0.38445143100484697,0.3965891359091898
fBrain-DS16302.hotspot.twopass.fdr0.05.merge.bed,fLung_L-DS17154.hg19.hotspot.twopass.fdr0.05.merge.bed,hyperloglog,B,23,NA,8,40,0.4065181016921997,0.25846235632815373,0.45499417787624,0.37436287345779573,0.4127140993912331,0.4146785256670179,0.45499417787624
fBrain-DS16302.hotspot.twopass.fdr0.05.merge.bed,fLung_L-DS18421.hg19.hotspot.twopass.fdr0.05.merge.bed,hyperloglog,B,23,NA,8,40,0.40161561965942383,0.2509587998448493,0.41774322839255545,0.3859658453008026,0.4015403071488825,0.40185453684667904,0.41774322839255545
fBrain-DS16302.hotspot.twopass.fdr0.05.merge.bed,fLung_R-DS15632.hotspot.twopass.fdr0.05.merge.bed,hyperloglog,B,23,NA,8,40,0.40844762325286865,0.25893885120801513,0.3917599220320587,0.43302566907177453,0.411876319243336,0.41239279555191666,0.43302566907177453
fBrain-DS16302.hotspot.twopass.fdr0.05.merge.bed,fMuscle_arm-DS19053.hg19.hotspot.twopass.fdr0.05.merge.bed,hyperloglog,B,23,NA,8,40,0.4026014804840088,0.25201822054572576,0.3895175337905448,0.4165471621763325,0.4028056892825313,0.4030323479834387,0.4165471621763325
fBrain-DS16302.hotspot.twopass.fdr0.05.merge.bed,fMuscle_back-DS18454.hg19.hotspot.twopass.fdr0.05.merge.bed,hyperloglog,B,23,NA,8,40,0.3958510160446167,0.2445232328619383,0.38148294059131055,0.40514669970646294,0.3931368138128076,0.39331482014888675,0.40514669970646294
fBrain-DS16302.hotspot.twopass.fdr0.05.merge.bed,fMuscle_leg-DS19115.hg19.hotspot.twopass.fdr0.05.merge.bed,hyperloglog,B,23,NA,8,40,0.3998587131500244,0.2491256515844469,0.3817034538800005,0.4176753784944363,0.3992845283403338,0.3996894161872184,0.4176753784944363
fBrain-DS16302.hotspot.twopass.fdr0.05.merge.bed,fMuscle_leg-DS19158.hg19.hotspot.twopass.fdr0.05.merge.bed,hyperloglog,B,23,NA,8,40,0.39484477043151855,0.24408034232752876,0.42124358939965856,0.3672301097555384,0.3933107290286569,0.39423684957759847,0.42124358939965856
fBrain-DS16302.hotspot.twopass.fdr0.05.merge.bed,fSkin_fibro_bicep_R-DS19745.hg19.hotspot.twopass.fdr0.05.merge.bed,hyperloglog,B,23,NA,8,40,0.2823760509490967,0.1354150667218744,0.18624863898756636,0.3316160174490872,0.24852169304986144,0.2589323282183268,0.3316160174490872
fBrain-DS16302.hotspot.twopass.fdr0.05.merge.bed,fStomach-DS17659.hg19.hotspot.twopass.fdr0.05.merge.bed,hyperloglog,B,23,NA,8,40,0.35898613929748535,0.2153736653151756,0.2875541012558259,0.46178994459776157,0.3644030632250324,0.37467202292679375,0.46178994459776157
fHeart-DS15643.hotspot.twopass.fdr0.05.merge.bed,fBrain-DS14718.hotspot.twopass.fdr0.05.merge.bed,hyperloglog,B,23,NA,8,40,0.3916701078414917,0.2403442937550201,0.3673230663945764,0.4101220135320729,0.3881330643046518,0.3887225399633246,0.4101220135320729
fHeart-DS15643.hotspot.twopass.fdr0.05.merge.bed,fBrain-DS16302.hotspot.twopass.fdr0.05.merge.bed,hyperloglog,B,23,NA,8,40,0.3838472366333008,0.23147146344326658,0.3992381192153424,0.3551872813698334,0.3765691200607173,0.3772127002925879,0.3992381192153424
fHeart-DS15643.hotspot.twopass.fdr0.05.merge.bed,fHeart-DS15643.hotspot.twopass.fdr0.05.merge.bed,hyperloglog,B,23,NA,8,40,1.0,1.0,1.0,1.0,1.0,1.0,1.0
fHeart-DS15643.hotspot.twopass.fdr0.05.merge.bed,fHeart-DS15839.hotspot.twopass.fdr0.05.merge.bed,hyperloglog,B,23,NA,8,40,0.6153201598310661,0.5020708867205692,0.707278328609095,0.6337617283914411,0.6695117146048377,0.670520028500268,0.707278328609095
fHeart-DS15643.hotspot.twopass.fdr0.05.merge.bed,fHeart-DS16621.hotspot.twopass.fdr0.05.merge.bed,hyperloglog,B,23,NA,8,40,0.7024402618408203,0.6126064351116972,0.8555723892013988,0.6832648880516717,0.7645799975985476,0.7694186386265353,0.8555723892013988
fHeart-DS15643.hotspot.twopass.fdr0.05.merge.bed,fIntestine_Sm-DS16559.hotspot.twopass.fdr0.05.merge.bed,hyperloglog,B,23,NA,8,40,0.42228472232818604,0.2748387958285736,0.4539790770156592,0.41055085735693037,0.43171923664678974,0.4322649671862948,0.4539790770156592
fHeart-DS15643.hotspot.twopass.fdr0.05.merge.bed,fIntestine_Sm-DS16712.hg19.hotspot.twopass.fdr0.05.merge.bed,hyperloglog,B,23,NA,8,40,0.3909708261489868,0.25228321645319196,0.32660584309582136,0.5257610908276049,0.4143870706679066,0.42618346696171316,0.5257610908276049
fHeart-DS15643.hotspot.twopass.fdr0.05.merge.bed,fIntestine_Sm-DS16822.hotspot.twopass.fdr0.05.merge.bed,hyperloglog,B,23,NA,8,40,0.40951447600298835,0.2596532115456607,0.4085594603633942,0.4160310822762881,0.4122783458650225,0.4122952713198411,0.4160310822762881
fHeart-DS15643.hotspot.twopass.fdr0.05.merge.bed,fIntestine_Sm-DS17808.hg19.hotspot.twopass.fdr0.05.merge.bed,hyperloglog,B,23,NA,8,40,0.42681407928466797,0.2793159583696607,0.42829197801061,0.44537097827311734,0.4367480019795326,0.4368314781418636,0.44537097827311734
fHeart-DS15643.hotspot.twopass.fdr0.05.merge.bed,fIntestine_Sm-DS18495.hg19.hotspot.twopass.fdr0.05.merge.bed,hyperloglog,B,23,NA,8,40,0.3968172073364258,0.24719356460367753,0.3661924383722185,0.4320385729726648,0.39775527464474153,0.39911550567244164,0.4320385729726648
fHeart-DS15643.hotspot.twopass.fdr0.05.merge.bed,fKidney_renal_cortex_L-DS17550.hg19.hotspot.twopass.fdr0.05.merge.bed,hyperloglog,B,23,NA,8,40,0.4476008415222168,0.30491480446352587,0.513437457374605,0.428826078705283,0.46922848539529516,0.471131768039944,0.513437457374605
fHeart-DS15643.hotspot.twopass.fdr0.05.merge.bed,fLung_L-DS17154.hg19.hotspot.twopass.fdr0.05.merge.bed,hyperloglog,B,23,NA,8,40,0.4585610628128052,0.32163386244652076,0.5758199264814352,0.4215014058262,0.4926549588856932,0.4986606661538176,0.5758199264814352
fHeart-DS15643.hotspot.twopass.fdr0.05.merge.bed,fLung_L-DS18421.hg19.hotspot.twopass.fdr0.05.merge.bed,hyperloglog,B,23,NA,8,40,0.4634593725204468,0.323506085770974,0.5417973610450515,0.44535029745507604,0.49121239388047705,0.49357382925006377,0.5417973610450515
fHeart-DS15643.hotspot.twopass.fdr0.05.merge.bed,fLung_R-DS15632.hotspot.twopass.fdr0.05.merge.bed,hyperloglog,B,23,NA,8,40,0.46869194507598877,0.32727717943534695,0.4973244705381884,0.48905631464767524,0.4931730657137642,0.49319039259293185,0.4973244705381884
fHeart-DS15643.hotspot.twopass.fdr0.05.merge.bed,fMuscle_arm-DS19053.hg19.hotspot.twopass.fdr0.05.merge.bed,hyperloglog,B,23,NA,8,40,0.46457791328430176,0.3226538866340903,0.5003502672132624,0.47603261532870306,0.4880400047966813,0.4881914412709827,0.5003502672132624
fHeart-DS15643.hotspot.twopass.fdr0.05.merge.bed,fMuscle_back-DS18454.hg19.hotspot.twopass.fdr0.05.merge.bed,hyperloglog,B,23,NA,8,40,0.46887969970703125,0.3279232549434718,0.5083029458533114,0.48026973045693805,0.4940875618708059,0.4942863381551247,0.5083029458533114
fHeart-DS15643.hotspot.twopass.fdr0.05.merge.bed,fMuscle_leg-DS19115.hg19.hotspot.twopass.fdr0.05.merge.bed,hyperloglog,B,23,NA,8,40,0.4638267755508423,0.3219477595067779,0.49370912788105015,0.4806283086971195,0.48712481267309615,0.4871687182890848,0.49370912788105015
fHeart-DS15643.hotspot.twopass.fdr0.05.merge.bed,fMuscle_leg-DS19158.hg19.hotspot.twopass.fdr0.05.merge.bed,hyperloglog,B,23,NA,8,40,0.4386622905731201,0.2967633364214217,0.5239152444986976,0.406341723404598,0.4613985515446945,0.46512848395164785,0.5239152444986976
fHeart-DS15643.hotspot.twopass.fdr0.05.merge.bed,fSkin_fibro_bicep_R-DS19745.hg19.hotspot.twopass.fdr0.05.merge.bed,hyperloglog,B,23,NA,8,40,0.3325546184247277,0.18554624402779168,0.2553089955298337,0.4044212000444501,0.3213290686419741,0.3298650977871419,0.4044212000444501
fHeart-DS15643.hotspot.twopass.fdr0.05.merge.bed,fStomach-DS17659.hg19.hotspot.twopass.fdr0.05.merge.bed,hyperloglog,B,23,NA,8,40,0.4342381279752407,0.295738693643298,0.38798928771452607,0.5543321225952228,0.46376171187690973,0.4711607051548744,0.5543321225952228
fHeart-DS15839.hotspot.twopass.fdr0.05.merge.bed,fBrain-DS14718.hotspot.twopass.fdr0.05.merge.bed,hyperloglog,B,23,NA,8,40,0.37145471572875977,0.21980503323277423,0.32481340494784955,0.4047279206171522,0.3625755838071838,0.36477066278250087,0.4047279206171522
fHeart-DS15839.hotspot.twopass.fdr0.05.merge.bed,fBrain-DS16302.hotspot.twopass.fdr0.05.merge.bed,hyperloglog,B,23,NA,8,40,0.36496615409851074,0.20961204889352636,0.34782279886042616,0.345340721745307,0.3465795383428345,0.3465817603028666,0.34782279886042616
fHeart-DS15839.hotspot.twopass.fdr0.05.merge.bed,fHeart-DS15643.hotspot.twopass.fdr0.05.merge.bed,hyperloglog,B,23,NA,8,40,0.6153201598310661,0.5020708867205692,0.6337617283914411,0.707278328609095,0.6695117146048377,0.670520028500268,0.707278328609095
fHeart-DS15839.hotspot.twopass.fdr0.05.merge.bed,fHeart-DS15839.hotspot.twopass.fdr0.05.merge.bed,hyperloglog,B,23,NA,8,40,1.0,1.0,1.0,1.0,1.0,1.0,1.0
fHeart-DS15839.hotspot.twopass.fdr0.05.merge.bed,fHeart-DS16621.hotspot.twopass.fdr0.05.merge.bed,hyperloglog,B,23,NA,8,40,0.6188991069793701,0.5060983083360039,0.7130705073746624,0.6355199071816794,0.6731793985712415,0.6742952072781709,0.7130705073746624
fHeart-DS15839.hotspot.twopass.fdr0.05.merge.bed,fIntestine_Sm-DS16559.hotspot.twopass.fdr0.05.merge.bed,hyperloglog,B,23,NA,8,40,0.40421175956726074,0.25387565883683283,0.4030913219191307,0.40681683438836885,0.4049497938665529,0.4049540781537498,0.40681683438836885
fHeart-DS15839.hotspot.twopass.fdr0.05.merge.bed,fIntestine_Sm-DS16712.hg19.hotspot.twopass.fdr0.05.merge.bed,hyperloglog,B,23,NA,8,40,0.3699737787246704,0.2348516359700463,0.29605052374540436,0.5318567411578262,0.396807846163982,0.4139536324516153,0.5318567411578262
fHeart-DS15839.hotspot.twopass.fdr0.05.merge.bed,fIntestine_Sm-DS16822.hotspot.twopass.fdr0.05.merge.bed,hyperloglog,B,23,NA,8,40,0.38805878162384033,0.23669890002357297,0.3598171945300607,0.4088996720635343,0.3835741556024894,0.38435843329679753,0.4088996720635343
fHeart-DS15839.hotspot.twopass.fdr0.05.merge.bed,fIntestine_Sm-DS17808.hg19.hotspot.twopass.fdr0.05.merge.bed,hyperloglog,B,23,NA,8,40,0.41041529178619385,0.26216339048561726,0.3866918776095117,0.44875713357276764,0.41657020845460846,0.41772450559113966,0.44875713357276764
fHeart-DS15839.hotspot.twopass.fdr0.05.merge.bed,fIntestine_Sm-DS18495.hg19.hotspot.twopass.fdr0.05.merge.bed,hyperloglog,B,23,NA,8,40,0.37097060680389404,0.22097879541559415,0.3184413645161416,0.4192827245066032,0.3653997303090524,0.3688620445113724,0.4192827245066032
fHeart-DS15839.hotspot.twopass.fdr0.05.merge.bed,fKidney_renal_cortex_L-DS17550.hg19.hotspot.twopass.fdr0.05.merge.bed,hyperloglog,B,23,NA,8,40,0.4253026247024536,0.2775789455422024,0.45036871131102,0.4197843005399254,0.4348076752574224,0.4350765059254727,0.45036871131102
fHeart-DS15839.hotspot.twopass.fdr0.05.merge.bed,fLung_L-DS17154.hg19.hotspot.twopass.fdr0.05.merge.bed,hyperloglog,B,23,NA,8,40,0.43358302116394043,0.28964667751913176,0.4995231873048742,0.4080678050681046,0.45148569260179633,0.4537954961864894,0.4995231873048742
fHeart-DS15839.hotspot.twopass.fdr0.05.merge.bed,fLung_L-DS18421.hg19.hotspot.twopass.fdr0.05.merge.bed,hyperloglog,B,23,NA,8,40,0.43173670768737793,0.2851941443330542,0.463811226035904,0.42547148511929844,0.4442279270335204,0.4446413555776012,0.463811226035904
fHeart-DS15839.hotspot.twopass.fdr0.05.merge.bed,fLung_R-DS15632.hotspot.twopass.fdr0.05.merge.bed,hyperloglog,B,23,NA,8,40,0.4270676374435425,0.28025858496402906,0.41837791380283296,0.4591474045874269,0.4382888696502262,0.4387626591951299,0.4591474045874269
fHeart-DS15839.hotspot.twopass.fdr0.05.merge.bed,fMuscle_arm-DS19053.hg19.hotspot.twopass.fdr0.05.merge.bed,hyperloglog,B,23,NA,8,40,0.4217195510864258,0.27374004274655306,0.4173198178474735,0.4430940561652925,0.43001387280900377,0.430206937006383,0.4430940561652925
fHeart-DS15839.hotspot.twopass.fdr0.05.merge.bed,fMuscle_back-DS18454.hg19.hotspot.twopass.fdr0.05.merge.bed,hyperloglog,B,23,NA,8,40,0.42194628715515137,0.2739494092372219,0.4189742325331179,0.44178833530736095,0.4302300881243492,0.43038128392023944,0.44178833530736095
fHeart-DS15839.hotspot.twopass.fdr0.05.merge.bed,fMuscle_leg-DS19115.hg19.hotspot.twopass.fdr0.05.merge.bed,hyperloglog,B,23,NA,8,40,0.4145777225494385,0.2660169230168079,0.40352593165704,0.43840346788705586,0.4206033378621732,0.4209646997720479,0.43840346788705586
fHeart-DS15839.hotspot.twopass.fdr0.05.merge.bed,fMuscle_leg-DS19158.hg19.hotspot.twopass.fdr0.05.merge.bed,hyperloglog,B,23,NA,8,40,0.4000728130340576,0.25028547047034955,0.4314592784024799,0.3734517831271404,0.4014090642551005,0.4024555307648101,0.4314592784024799
fHeart-DS15839.hotspot.twopass.fdr0.05.merge.bed,fSkin_fibro_bicep_R-DS19745.hg19.hotspot.twopass.fdr0.05.merge.bed,hyperloglog,B,23,NA,8,40,0.3011428117752075,0.15627068852625797,0.21160208505756312,0.3740693122320288,0.2813429338447047,0.29283569864479597,0.3740693122320288
fHeart-DS15839.hotspot.twopass.fdr0.05.merge.bed,fStomach-DS17659.hg19.hotspot.twopass.fdr0.05.merge.bed,hyperloglog,B,23,NA,8,40,0.3888484703121746,0.24910665098618084,0.3245030314581465,0.5174083236423507,0.4097567199249093,0.4209556775502486,0.5174083236423507
fHeart-DS16621.hotspot.twopass.fdr0.05.merge.bed,fBrain-DS14718.hotspot.twopass.fdr0.05.merge.bed,hyperloglog,B,23,NA,8,40,0.3746529817581177,0.2270426676374107,0.3173797736272323,0.443722838959393,0.3752714406695039,0.3805513062933127,0.443722838959393
fHeart-DS16621.hotspot.twopass.fdr0.05.merge.bed,fBrain-DS16302.hotspot.twopass.fdr0.05.merge.bed,hyperloglog,B,23,NA,8,40,0.3789668083190918,0.22583886347972204,0.349608000341805,0.3894703712740159,0.36900129768537276,0.36953918580791045,0.3894703712740159
fHeart-DS16621.hotspot.twopass.fdr0.05.merge.bed,fHeart-DS15643.hotspot.twopass.fdr0.05.merge.bed,hyperloglog,B,23,NA,8,40,0.7024402618408203,0.6126064351116972,0.6832648880516717,0.8555723892013988,0.7645799975985476,0.7694186386265353,0.8555723892013988
fHeart-DS16621.hotspot.twopass.fdr0.05.merge.bed,fHeart-DS15839.hotspot.twopass.fdr0.05.merge.bed,hyperloglog,B,23,NA,8,40,0.6188991069793701,0.5060983083360039,0.6355199071816794,0.7130705073746624,0.6731793985712415,0.6742952072781709,0.7130705073746624
fHeart-DS16621.hotspot.twopass.fdr0.05.merge.bed,fHeart-DS16621.hotspot.twopass.fdr0.05.merge.bed,hyperloglog,B,23,NA,8,40,1.0,1.0,1.0,1.0,1.0,1.0,1.0
fHeart-DS16621.hotspot.twopass.fdr0.05.merge.bed,fIntestine_Sm-DS16559.hotspot.twopass.fdr0.05.merge.bed,hyperloglog,B,23,NA,8,40,0.41823387145996094,0.2705864877214365,0.40102476366839424,0.4541193154707349,0.42674710445872327,0.4275720395695646,0.4541193154707349
fHeart-DS16621.hotspot.twopass.fdr0.05.merge.bed,fIntestine_Sm-DS16712.hg19.hotspot.twopass.fdr0.05.merge.bed,hyperloglog,B,23,NA,8,40,0.3562633991241455,0.22683138306860878,0.2766167218578362,0.5575843555862433,0.3927303866541023,0.4171005387220398,0.5575843555862433
fHeart-DS16621.hotspot.twopass.fdr0.05.merge.bed,fIntestine_Sm-DS16822.hotspot.twopass.fdr0.05.merge.bed,hyperloglog,B,23,NA,8,40,0.3968644142150879,0.24918812112301722,0.35592492929030867,0.4538335224631365,0.4019087762070686,0.4048792258767226,0.4538335224631365
fHeart-DS16621.hotspot.twopass.fdr0.05.merge.bed,fIntestine_Sm-DS17808.hg19.hotspot.twopass.fdr0.05.merge.bed,hyperloglog,B,23,NA,8,40,0.4081670045852661,0.26266060485399334,0.3677780930467258,0.4788896901562278,0.41967265460760583,0.42333389160147683,0.4788896901562278
fHeart-DS16621.hotspot.twopass.fdr0.05.merge.bed,fIntestine_Sm-DS18495.hg19.hotspot.twopass.fdr0.05.merge.bed,hyperloglog,B,23,NA,8,40,0.3798152208328247,0.23516259088281508,0.31926339164580597,0.4716609603046453,0.38805164333343434,0.39546217597522565,0.4716609603046453
fHeart-DS16621.hotspot.twopass.fdr0.05.merge.bed,fKidney_renal_cortex_L-DS17550.hg19.hotspot.twopass.fdr0.05.merge.bed,hyperloglog,B,23,NA,8,40,0.44204187393188477,0.29646853290845243,0.4473268562798052,0.4678280629034108,0.457462628701027,0.457577459591608,0.4678280629034108
fHeart-DS16621.hotspot.twopass.fdr0.05.merge.bed,fLung_L-DS17154.hg19.hotspot.twopass.fdr0.05.merge.bed,hyperloglog,B,23,NA,8,40,0.4619007110595703,0.3199769907683266,0.5068785879703925,0.46460506558366865,0.4852817321999063,0.4857418267770306,0.5068785879703925
fHeart-DS16621.hotspot.twopass.fdr0.05.merge.bed,fLung_L-DS18421.hg19.hotspot.twopass.fdr0.05.merge.bed,hyperloglog,B,23,NA,8,40,0.4603844881057739,0.317647452378985,0.47528607598761874,0.48920130832820635,0.48219349871532113,0.4822436921579125,0.48920130832820635
fHeart-DS16621.hotspot.twopass.fdr0.05.merge.bed,fLung_R-DS15632.hotspot.twopass.fdr0.05.merge.bed,hyperloglog,B,23,NA,8,40,0.45128393173217773,0.31009248978588927,0.42891689177897213,0.5281531193875082,0.4759556642703797,0.47853500558324014,0.5281531193875082
fHeart-DS16621.hotspot.twopass.fdr0.05.merge.bed,fMuscle_arm-DS19053.hg19.hotspot.twopass.fdr0.05.merge.bed,hyperloglog,B,23,NA,8,40,0.4482998847961426,0.30569476157099335,0.430648445880672,0.5130422301315006,0.4700434438190632,0.4718453380060863,0.5130422301315006
fHeart-DS16621.hotspot.twopass.fdr0.05.merge.bed,fMuscle_back-DS18454.hg19.hotspot.twopass.fdr0.05.merge.bed,hyperloglog,B,23,NA,8,40,0.451851487159729,0.3099393914765772,0.4365899376602934,0.5165400118169093,0.4748854299283056,0.4765649747386014,0.5165400118169093
fHeart-DS16621.hotspot.twopass.fdr0.05.merge.bed,fMuscle_leg-DS19115.hg19.hotspot.twopass.fdr0.05.merge.bed,hyperloglog,B,23,NA,8,40,0.4441666603088379,0.3017101007139484,0.42191814832884256,0.5143207591586535,0.4658339428930697,0.468119453743748,0.5143207591586535
fHeart-DS16621.hotspot.twopass.fdr0.05.merge.bed,fMuscle_leg-DS19158.hg19.hotspot.twopass.fdr0.05.merge.bed,hyperloglog,B,23,NA,8,40,0.437233567237854,0.2910411122444257,0.45755328795147815,0.44436487276557307,0.45091086545350423,0.4509590803585256,0.45755328795147815
fHeart-DS16621.hotspot.twopass.fdr0.05.merge.bed,fSkin_fibro_bicep_R-DS19745.hg19.hotspot.twopass.fdr0.05.merge.bed,hyperloglog,B,23,NA,8,40,0.30829548835754395,0.17123679459903937,0.21991007703662582,0.43619490090864954,0.3097154407868689,0.32805248897263767,0.43619490090864954
fHeart-DS16621.hotspot.twopass.fdr0.05.merge.bed,fStomach-DS17659.hg19.hotspot.twopass.fdr0.05.merge.bed,hyperloglog,B,23,NA,8,40,0.39938342571258545,0.2681546361402827,0.32964655010668126,0.589748035785418,0.4409176855478295,0.45969729294604966,0.589748035785418
fIntestine_Sm-DS16559.hotspot.twopass.fdr0.05.merge.bed,fBrain-DS14718.hotspot.twopass.fdr0.05.merge.bed,hyperloglog,B,23,NA,8,40,0.36151695251464844,0.20848537414249665,0.31225138153741505,0.3855121965546133,0.34695347811154953,0.3488817890460142,0.3855121965546133
fIntestine_Sm-DS16559.hotspot.twopass.fdr0.05.merge.bed,fBrain-DS16302.hotspot.twopass.fdr0.05.merge.bed,hyperloglog,B,23,NA,8,40,0.3515810966491699,0.1948583405040927,0.32885160709826367,0.32351487037270343,0.3261723241512835,0.32618323873548355,0.32885160709826367
fIntestine_Sm-DS16559.hotspot.twopass.fdr0.05.merge.bed,fHeart-DS15643.hotspot.twopass.fdr0.05.merge.bed,hyperloglog,B,23,NA,8,40,0.42228472232818604,0.2748387958285736,0.41055085735693037,0.4539790770156592,0.43171923664678974,0.4322649671862948,0.4539790770156592
fIntestine_Sm-DS16559.hotspot.twopass.fdr0.05.merge.bed,fHeart-DS15839.hotspot.twopass.fdr0.05.merge.bed,hyperloglog,B,23,NA,8,40,0.40421175956726074,0.25387565883683283,0.40681683438836885,0.4030913219191307,0.4049497938665529,0.4049540781537498,0.40681683438836885
fIntestine_Sm-DS16559.hotspot.twopass.fdr0.05.merge.bed,fHeart-DS16621.hotspot.twopass.fdr0.05.merge.bed,hyperloglog,B,23,NA,8,40,0.41823387145996094,0.2705864877214365,0.4541193154707349,0.40102476366839424,0.42674710445872327,0.4275720395695646,0.4541193154707349
fIntestine_Sm-DS16559.hotspot.twopass.fdr0.05.merge.bed,fIntestine_Sm-DS16559.hotspot.twopass.fdr0.05.merge.bed,hyperloglog,B,23,NA,8,40,1.0,1.0,1.0,1.0,1.0,1.0,1.0
fIntestine_Sm-DS16559.hotspot.twopass.fdr0.05.merge.bed,fIntestine_Sm-DS16712.hg19.hotspot.twopass.fdr0.05.merge.bed,hyperloglog,B,23,NA,8,40,0.5541033471246642,0.4514603619196117,0.4857741847006942,0.8647046578240857,0.6481135704190956,0.67523942126239,0.8647046578240857
fIntestine_Sm-DS16559.hotspot.twopass.fdr0.05.merge.bed,fIntestine_Sm-DS16822.hotspot.twopass.fdr0.05.merge.bed,hyperloglog,B,23,NA,8,40,0.7009092569351196,0.6077029275451419,0.7136905223470847,0.8036173619314102,0.7573203383007843,0.7586539421392475,0.8036173619314102
fIntestine_Sm-DS16559.hotspot.twopass.fdr0.05.merge.bed,fIntestine_Sm-DS17808.hg19.hotspot.twopass.fdr0.05.merge.bed,hyperloglog,B,23,NA,8,40,0.6754762739510862,0.57626339958041,0.6835255022872502,0.7859692776695661,0.7329597842320118,0.7347473899784082,0.7859692776695661
fIntestine_Sm-DS16559.hotspot.twopass.fdr0.05.merge.bed,fIntestine_Sm-DS18495.hg19.hotspot.twopass.fdr0.05.merge.bed,hyperloglog,B,23,NA,8,40,0.6545473337173462,0.5546014938572578,0.6301995949485562,0.8221671958533183,0.7198120822872811,0.7261833954009372,0.8221671958533183
fIntestine_Sm-DS16559.hotspot.twopass.fdr0.05.merge.bed,fKidney_renal_cortex_L-DS17550.hg19.hotspot.twopass.fdr0.05.merge.bed,hyperloglog,B,23,NA,8,40,0.4559502601623535,0.31285570698231946,0.49632832408819677,0.45838624145837836,0.4769801620697913,0.4773572827732876,0.49632832408819677
fIntestine_Sm-DS16559.hotspot.twopass.fdr0.05.merge.bed,fLung_L-DS17154.hg19.hotspot.twopass.fdr0.05.merge.bed,hyperloglog,B,23,NA,8,40,0.45389389991760254,0.3130570926159556,0.5329682881987011,0.4314024239663876,0.4795037136729349,0.48218535608254437,0.5329682881987011
fIntestine_Sm-DS16559.hotspot.twopass.fdr0.05.merge.bed,fLung_L-DS18421.hg19.hotspot.twopass.fdr0.05.merge.bed,hyperloglog,B,23,NA,8,40,0.4670255184173584,0.32574147600580305,0.5160265586694833,0.46903558133816486,0.49197034151610575,0.4925310700038241,0.5160265586694833
fIntestine_Sm-DS16559.hotspot.twopass.fdr0.05.merge.bed,fLung_R-DS15632.hotspot.twopass.fdr0.05.merge.bed,hyperloglog,B,23,NA,8,40,0.45375263690948486,0.3102305551338921,0.45452091683159,0.4942444373485137,0.4739667022086676,0.4743826770900519,0.4942444373485137
fIntestine_Sm-DS16559.hotspot.twopass.fdr0.05.merge.bed,fMuscle_arm-DS19053.hg19.hotspot.twopass.fdr0.05.merge.bed,hyperloglog,B,23,NA,8,40,0.4266241788864136,0.2789589953888802,0.42543940384263085,0.4475784406664349,0.4363685425989623,0.43650892225453286,0.4475784406664349
fIntestine_Sm-DS16559.hotspot.twopass.fdr0.05.merge.bed,fMuscle_back-DS18454.hg19.hotspot.twopass.fdr0.05.merge.bed,hyperloglog,B,23,NA,8,40,0.42430853843688965,0.2764234717767868,0.4238367783954732,0.4428229318337764,0.4332258589097216,0.4333298551146248,0.4428229318337764
fIntestine_Sm-DS16559.hotspot.twopass.fdr0.05.merge.bed,fMuscle_leg-DS19115.hg19.hotspot.twopass.fdr0.05.merge.bed,hyperloglog,B,23,NA,8,40,0.421497106552124,0.2735598384627164,0.4143374999411351,0.44602716051788116,0.4298904262656035,0.43018233022950814,0.44602716051788116
fIntestine_Sm-DS16559.hotspot.twopass.fdr0.05.merge.bed,fMuscle_leg-DS19158.hg19.hotspot.twopass.fdr0.05.merge.bed,hyperloglog,B,23,NA,8,40,0.41247355937957764,0.2643589521862591,0.4528801300188437,0.38840295332657937,0.4194043156695507,0.4206415416727115,0.4528801300188437
fIntestine_Sm-DS16559.hotspot.twopass.fdr0.05.merge.bed,fSkin_fibro_bicep_R-DS19745.hg19.hotspot.twopass.fdr0.05.merge.bed,hyperloglog,B,23,NA,8,40,0.3208554983139038,0.17752228536286946,0.2368282353823584,0.41482999357670863,0.3134381204678955,0.3258291144795335,0.41482999357670863
fIntestine_Sm-DS16559.hotspot.twopass.fdr0.05.merge.bed,fStomach-DS17659.hg19.hotspot.twopass.fdr0.05.merge.bed,hyperloglog,B,23,NA,8,40,0.4740191698074341,0.34692120659608505,0.4205968032755573,0.6644849555383288,0.5286589147305869,0.5425408794069431,0.6644849555383288
fIntestine_Sm-DS16712.hg19.hotspot.twopass.fdr0.05.merge.bed,fBrain-DS14718.hotspot.twopass.fdr0.05.merge.bed,hyperloglog,B,23,NA,8,40,0.35488693176352165,0.2061615156454202,0.4173582731566565,0.2894739010942059,0.34758355468088326,0.3534160871254312,0.4173582731566565
fIntestine_Sm-DS16712.hg19.hotspot.twopass.fdr0.05.merge.bed,fBrain-DS16302.hotspot.twopass.fdr0.05.merge.bed,hyperloglog,B,23,NA,8,40,0.32041501998901367,0.17873177600528867,0.42599377896111723,0.23543128297958796,0.3166895355425228,0.3307125309703526,0.42599377896111723
fIntestine_Sm-DS16712.hg19.hotspot.twopass.fdr0.05.merge.bed,fHeart-DS15643.hotspot.twopass.fdr0.05.merge.bed,hyperloglog,B,23,NA,8,40,0.3909708261489868,0.25228321645319196,0.5257610908276049,0.32660584309582136,0.4143870706679066,0.42618346696171316,0.5257610908276049
fIntestine_Sm-DS16712.hg19.hotspot.twopass.fdr0.05.merge.bed,fHeart-DS15839.hotspot.twopass.fdr0.05.merge.bed,hyperloglog,B,23,NA,8,40,0.3699737787246704,0.2348516359700463,0.5318567411578262,0.29605052374540436,0.396807846163982,0.4139536324516153,0.5318567411578262
fIntestine_Sm-DS16712.hg19.hotspot.twopass.fdr0.05.merge.bed,fHeart-DS16621.hotspot.twopass.fdr0.05.merge.bed,hyperloglog,B,23,NA,8,40,0.3562633991241455,0.22683138306860878,0.5575843555862433,0.2766167218578362,0.3927303866541023,0.4171005387220398,0.5575843555862433
fIntestine_Sm-DS16712.hg19.hotspot.twopass.fdr0.05.merge.bed,fIntestine_Sm-DS16559.hotspot.twopass.fdr0.05.merge.bed,hyperloglog,B,23,NA,8,40,0.5541033471246642,0.4514603619196117,0.8647046578240857,0.4857741847006942,0.6481135704190956,0.67523942126239,0.8647046578240857
fIntestine_Sm-DS16712.hg19.hotspot.twopass.fdr0.05.merge.bed,fIntestine_Sm-DS16712.hg19.hotspot.twopass.fdr0.05.merge.bed,hyperloglog,B,23,NA,8,40,1.0,1.0,1.0,1.0,1.0,1.0,1.0
fIntestine_Sm-DS16712.hg19.hotspot.twopass.fdr0.05.merge.bed,fIntestine_Sm-DS16822.hotspot.twopass.fdr0.05.merge.bed,hyperloglog,B,23,NA,8,40,0.5863280544987635,0.48169243065789646,0.8390282005801247,0.5307409199353855,0.6673129693237099,0.6848845602577551,0.8390282005801247
fIntestine_Sm-DS16712.hg19.hotspot.twopass.fdr0.05.merge.bed,fIntestine_Sm-DS17808.hg19.hotspot.twopass.fdr0.05.merge.bed,hyperloglog,B,23,NA,8,40,0.6215153832875727,0.5235674782560356,0.8756235167004038,0.565633206932849,0.7037625578396939,0.7206283618166265,0.8756235167004038
fIntestine_Sm-DS16712.hg19.hotspot.twopass.fdr0.05.merge.bed,fIntestine_Sm-DS18495.hg19.hotspot.twopass.fdr0.05.merge.bed,hyperloglog,B,23,NA,8,40,0.592487272852985,0.4806087267623199,0.767499066633417,0.5625051644125085,0.6570556967739318,0.6650021155229628,0.767499066633417
fIntestine_Sm-DS16712.hg19.hotspot.twopass.fdr0.05.merge.bed,fKidney_renal_cortex_L-DS17550.hg19.hotspot.twopass.fdr0.05.merge.bed,hyperloglog,B,23,NA,8,40,0.3961174488067627,0.2694265179819707,0.6213183511181876,0.3223616188444026,0.44753680237964105,0.4718399849812951,0.6213183511181876
fIntestine_Sm-DS16712.hg19.hotspot.twopass.fdr0.05.merge.bed,fLung_L-DS17154.hg19.hotspot.twopass.fdr0.05.merge.bed,hyperloglog,B,23,NA,8,40,0.37150096893310547,0.2510315747100727,0.6419376209770478,0.29190442159339386,0.4328792325237426,0.46692102128522084,0.6419376209770478
fIntestine_Sm-DS16712.hg19.hotspot.twopass.fdr0.05.merge.bed,fLung_L-DS18421.hg19.hotspot.twopass.fdr0.05.merge.bed,hyperloglog,B,23,NA,8,40,0.394159197807312,0.2683043042919757,0.6258350702174009,0.3195657780106494,0.44720853202993915,0.47270042411402513,0.6258350702174009
fIntestine_Sm-DS16712.hg19.hotspot.twopass.fdr0.05.merge.bed,fLung_R-DS15632.hotspot.twopass.fdr0.05.merge.bed,hyperloglog,B,23,NA,8,40,0.4092138301389015,0.27384625990159955,0.5668888604769677,0.34629998466000883,0.4430729101255276,0.45659442256848826,0.5668888604769677
fIntestine_Sm-DS16712.hg19.hotspot.twopass.fdr0.05.merge.bed,fMuscle_arm-DS19053.hg19.hotspot.twopass.fdr0.05.merge.bed,hyperloglog,B,23,NA,8,40,0.3797842264175415,0.24197863359284758,0.524492076824144,0.3099823830242812,0.40321619988698687,0.41723722992421264,0.524492076824144
fIntestine_Sm-DS16712.hg19.hotspot.twopass.fdr0.05.merge.bed,fMuscle_back-DS18454.hg19.hotspot.twopass.fdr0.05.merge.bed,hyperloglog,B,23,NA,8,40,0.3787558078765869,0.24114160110701338,0.5253089997049922,0.3083279799446698,0.4024518141663613,0.41681848982483105,0.5253089997049922
fIntestine_Sm-DS16712.hg19.hotspot.twopass.fdr0.05.merge.bed,fMuscle_leg-DS19115.hg19.hotspot.twopass.fdr0.05.merge.bed,hyperloglog,B,23,NA,8,40,0.37933218479156494,0.24004243979631676,0.513670173399783,0.3106404784150117,0.3994580684032188,0.41215532590739734,0.513670173399783
fIntestine_Sm-DS16712.hg19.hotspot.twopass.fdr0.05.merge.bed,fMuscle_leg-DS19158.hg19.hotspot.twopass.fdr0.05.merge.bed,hyperloglog,B,23,NA,8,40,0.34020209312438965,0.21038361323434704,0.5345794749839935,0.25755985403330434,0.371060926999971,0.3960696645086489,0.5345794749839935
fIntestine_Sm-DS16712.hg19.hotspot.twopass.fdr0.05.merge.bed,fSkin_fibro_bicep_R-DS19745.hg19.hotspot.twopass.fdr0.05.merge.bed,hyperloglog,B,23,NA,8,40,0.3472083988540125,0.1902900482637167,0.32233369545339796,0.31718234906191384,0.3197476484756632,0.3197580222576559,0.32233369545339796
fIntestine_Sm-DS16712.hg19.hotspot.twopass.fdr0.05.merge.bed,fStomach-DS17659.hg19.hotspot.twopass.fdr0.05.merge.bed,hyperloglog,B,23,NA,8,40,0.4826385722376659,0.3443554838252468,0.5447562612114515,0.48349061544030464,0.5132100349740679,0.514123438325878,0.5447562612114515
fIntestine_Sm-DS16822.hotspot.twopass.fdr0.05.merge.bed,fBrain-DS14718.hotspot.twopass.fdr0.05.merge.bed,hyperloglog,B,23,NA,8,40,0.35702264308929443,0.20155754283960692,0.32073585734730653,0.35167531726049633,0.33584949663417885,0.33620558730390143,0.35167531726049633
fIntestine_Sm-DS16822.hotspot.twopass.fdr0.05.merge.bed,fBrain-DS16302.hotspot.twopass.fdr0.05.merge.bed,hyperloglog,B,23,NA,8,40,0.3404393196105957,0.183361710221766,0.3323019034668008,0.2903272006805543,0.3106063125796642,0.31131455207367753,0.3323019034668008
fIntestine_Sm-DS16822.hotspot.twopass.fdr0.05.merge.bed,fHeart-DS15643.hotspot.twopass.fdr0.05.merge.bed,hyperloglog,B,23,NA,8,40,0.40951447600298835,0.2596532115456607,0.4160310822762881,0.4085594603633942,0.4122783458650225,0.4122952713198411,0.4160310822762881
fIntestine_Sm-DS16822.hotspot.twopass.fdr0.05.merge.bed,fHeart-DS15839.hotspot.twopass.fdr0.05.merge.bed,hyperloglog,B,23,NA,8,40,0.38805878162384033,0.23669890002357297,0.4088996720635343,0.3598171945300607,0.3835741556024894,0.38435843329679753,0.4088996720635343
fIntestine_Sm-DS16822.hotspot.twopass.fdr0.05.merge.bed,fHeart-DS16621.hotspot.twopass.fdr0.05.merge.bed,hyperloglog,B,23,NA,8,40,0.3968644142150879,0.24918812112301722,0.4538335224631365,0.35592492929030867,0.4019087762070686,0.4048792258767226,0.4538335224631365
fIntestine_Sm-DS16822.hotspot.twopass.fdr0.05.merge.bed,fIntestine_Sm-DS16559.hotspot.twopass.fdr0.05.merge.bed,hyperloglog,B,23,NA,8,40,0.7009092569351196,0.6077029275451419,0.8036173619314102,0.7136905223470847,0.7573203383007843,0.7586539421392475,0.8036173619314102
fIntestine_Sm-DS16822.hotspot.twopass.fdr0.05.merge.bed,fIntestine_Sm-DS16712.hg19.hotspot.twopass.fdr0.05.merge.bed,hyperloglog,B,23,NA,8,40,0.5863280544987635,0.48169243065789646,0.5307409199353855,0.8390282005801247,0.6673129693237099,0.6848845602577551,0.8390282005801247
fIntestine_Sm-DS16822.hotspot.twopass.fdr0.05.merge.bed,fIntestine_Sm-DS16822.hotspot.twopass.fdr0.05.merge.bed,hyperloglog,B,23,NA,8,40,1.0,1.0,1.0,1.0,1.0,1.0,1.0
fIntestine_Sm-DS16822.hotspot.twopass.fdr0.05.merge.bed,fIntestine_Sm-DS17808.hg19.hotspot.twopass.fdr0.05.merge.bed,hyperloglog,B,23,NA,8,40,0.6948806148340517,0.598672656646726,0.7411874085767524,0.7569017320866362,0.7490033600408941,0.7490445703316944,0.7569017320866362
fIntestine_Sm-DS16822.hotspot.twopass.fdr0.05.merge.bed,fIntestine_Sm-DS18495.hg19.hotspot.twopass.fdr0.05.merge.bed,hyperloglog,B,23,NA,8,40,0.6699696004209521,0.569640321486015,0.6761374640024693,0.7833893150515322,0.727790398951219,0.7297633895270008,0.7833893150515322
fIntestine_Sm-DS16822.hotspot.twopass.fdr0.05.merge.bed,fKidney_renal_cortex_L-DS17550.hg19.hotspot.twopass.fdr0.05.merge.bed,hyperloglog,B,23,NA,8,40,0.4335366487503052,0.2896230797647734,0.4983883311765915,0.40878127875668,0.4513666130051876,0.4535848049666358,0.4983883311765915
fIntestine_Sm-DS16822.hotspot.twopass.fdr0.05.merge.bed,fLung_L-DS17154.hg19.hotspot.twopass.fdr0.05.merge.bed,hyperloglog,B,23,NA,8,40,0.4254472255706787,0.2845999300076947,0.5297421491196075,0.3808082595386706,0.449143836438298,0.45527520432913904,0.5297421491196075
fIntestine_Sm-DS16822.hotspot.twopass.fdr0.05.merge.bed,fLung_L-DS18421.hg19.hotspot.twopass.fdr0.05.merge.bed,hyperloglog,B,23,NA,8,40,0.44251322746276855,0.3001445311695531,0.5168405277808784,0.41720635517148114,0.46435886208875665,0.4670234414761798,0.5168405277808784
fIntestine_Sm-DS16822.hotspot.twopass.fdr0.05.merge.bed,fLung_R-DS15632.hotspot.twopass.fdr0.05.merge.bed,hyperloglog,B,23,NA,8,40,0.4361187219619751,0.28987742627349944,0.4574438087667061,0.4417598975446261,0.44953345825778485,0.4496018531556661,0.4574438087667061
fIntestine_Sm-DS16822.hotspot.twopass.fdr0.05.merge.bed,fMuscle_arm-DS19053.hg19.hotspot.twopass.fdr0.05.merge.bed,hyperloglog,B,23,NA,8,40,0.4063453674316406,0.25618971778578736,0.42222212613044957,0.3944873254835206,0.40811919496290144,0.40835472580698506,0.42222212613044957
fIntestine_Sm-DS16822.hotspot.twopass.fdr0.05.merge.bed,fMuscle_back-DS18454.hg19.hotspot.twopass.fdr0.05.merge.bed,hyperloglog,B,23,NA,8,40,0.40823638439178467,0.2585262310317638,0.426805874349833,0.39602487884993043,0.41112740687265215,0.4114153765998817,0.426805874349833
fIntestine_Sm-DS16822.hotspot.twopass.fdr0.05.merge.bed,fMuscle_leg-DS19115.hg19.hotspot.twopass.fdr0.05.merge.bed,hyperloglog,B,23,NA,8,40,0.40572023391723633,0.25557543410818806,0.41646858756208716,0.39815294538527607,0.40720780296832565,0.4073107664736816,0.41646858756208716
fIntestine_Sm-DS16822.hotspot.twopass.fdr0.05.merge.bed,fMuscle_leg-DS19158.hg19.hotspot.twopass.fdr0.05.merge.bed,hyperloglog,B,23,NA,8,40,0.38637030124664307,0.23789229764419187,0.44448712713577243,0.3385470729295473,0.38791727964435835,0.3915171000326598,0.44448712713577243
fIntestine_Sm-DS16822.hotspot.twopass.fdr0.05.merge.bed,fSkin_fibro_bicep_R-DS19745.hg19.hotspot.twopass.fdr0.05.merge.bed,hyperloglog,B,23,NA,8,40,0.331679184837147,0.18362007878558823,0.2548608005860842,0.39646087232853794,0.3178715704851701,0.32566083645731103,0.39646087232853794
fIntestine_Sm-DS16822.hotspot.twopass.fdr0.05.merge.bed,fStomach-DS17659.hg19.hotspot.twopass.fdr0.05.merge.bed,hyperloglog,B,23,NA,8,40,0.48644042015075684,0.35550813794971575,0.4491943726203915,0.6302518228877036,0.5320766600546393,0.5397230977540476,0.6302518228877036
fIntestine_Sm-DS17808.hg19.hotspot.twopass.fdr0.05.merge.bed,fBrain-DS14718.hotspot.twopass.fdr0.05.merge.bed,hyperloglog,B,23,NA,8,40,0.3694204092025757,0.215013223361289,0.3417804070083042,0.366969583343043,0.35415111683383554,0.3543749951756736,0.366969583343043
fIntestine_Sm-DS17808.hg19.hotspot.twopass.fdr0.05.merge.bed,fBrain-DS16302.hotspot.twopass.fdr0.05.merge.bed,hyperloglog,B,23,NA,8,40,0.34761786460876465,0.19152325047390725,0.348615993098654,0.29825706397543916,0.3224549310469395,0.3234365285370466,0.348615993098654
fIntestine_Sm-DS17808.hg19.hotspot.twopass.fdr0.05.merge.bed,fHeart-DS15643.hotspot.twopass.fdr0.05.merge.bed,hyperloglog,B,23,NA,8,40,0.42681407928466797,0.2793159583696607,0.44537097827311734,0.42829197801061,0.4367480019795326,0.4368314781418636,0.44537097827311734
fIntestine_Sm-DS17808.hg19.hotspot.twopass.fdr0.05.merge.bed,fHeart-DS15839.hotspot.twopass.fdr0.05.merge.bed,hyperloglog,B,23,NA,8,40,0.41041529178619385,0.26216339048561726,0.44875713357276764,0.3866918776095117,0.41657020845460846,0.41772450559113966,0.44875713357276764
fIntestine_Sm-DS17808.hg19.hotspot.twopass.fdr0.05.merge.bed,fHeart-DS16621.hotspot.twopass.fdr0.05.merge.bed,hyperloglog,B,23,NA,8,40,0.4081670045852661,0.26266060485399334,0.4788896901562278,0.3677780930467258,0.41967265460760583,0.42333389160147683,0.4788896901562278
fIntestine_Sm-DS17808.hg19.hotspot.twopass.fdr0.05.merge.bed,fIntestine_Sm-DS16559.hotspot.twopass.fdr0.05.merge.bed,hyperloglog,B,23,NA,8,40,0.6754762739510862,0.57626339958041,0.7859692776695661,0.6835255022872502,0.7329597842320118,0.7347473899784082,0.7859692776695661
fIntestine_Sm-DS17808.hg19.hotspot.twopass.fdr0.05.merge.bed,fIntestine_Sm-DS16712.hg19.hotspot.twopass.fdr0.05.merge.bed,hyperloglog,B,23,NA,8,40,0.6215153832875727,0.5235674782560356,0.565633206932849,0.8756235167004038,0.7037625578396939,0.7206283618166265,0.8756235167004038
fIntestine_Sm-DS17808.hg19.hotspot.twopass.fdr0.05.merge.bed,fIntestine_Sm-DS16822.hotspot.twopass.fdr0.05.merge.bed,hyperloglog,B,23,NA,8,40,0.6948806148340517,0.598672656646726,0.7569017320866362,0.7411874085767524,0.7490033600408941,0.7490445703316944,0.7569017320866362
fIntestine_Sm-DS17808.hg19.hotspot.twopass.fdr0.05.merge.bed,fIntestine_Sm-DS17808.hg19.hotspot.twopass.fdr0.05.merge.bed,hyperloglog,B,23,NA,8,40,1.0,1.0,1.0,1.0,1.0,1.0,1.0
fIntestine_Sm-DS17808.hg19.hotspot.twopass.fdr0.05.merge.bed,fIntestine_Sm-DS18495.hg19.hotspot.twopass.fdr0.05.merge.bed,hyperloglog,B,23,NA,8,40,0.6451684505751435,0.538226011842355,0.6582997541678637,0.7468869478865457,0.7011957602445262,0.7025933510272047,0.7468869478865457
fIntestine_Sm-DS17808.hg19.hotspot.twopass.fdr0.05.merge.bed,fKidney_renal_cortex_L-DS17550.hg19.hotspot.twopass.fdr0.05.merge.bed,hyperloglog,B,23,NA,8,40,0.45241403579711914,0.311750804016825,0.5335598178668857,0.4285433711743013,0.4781772925096103,0.4810515945205935,0.5335598178668857
fIntestine_Sm-DS17808.hg19.hotspot.twopass.fdr0.05.merge.bed,fLung_L-DS17154.hg19.hotspot.twopass.fdr0.05.merge.bed,hyperloglog,B,23,NA,8,40,0.44172215461730957,0.3041320965268384,0.5644980225674217,0.39736790716698994,0.4736173538073965,0.4809329648672058,0.5644980225674217
fIntestine_Sm-DS17808.hg19.hotspot.twopass.fdr0.05.merge.bed,fLung_L-DS18421.hg19.hotspot.twopass.fdr0.05.merge.bed,hyperloglog,B,23,NA,8,40,0.45490264892578125,0.31494399243055565,0.5425117246914819,0.428836770031824,0.48233699393794094,0.485674247361653,0.5425117246914819
fIntestine_Sm-DS17808.hg19.hotspot.twopass.fdr0.05.merge.bed,fLung_R-DS15632.hotspot.twopass.fdr0.05.merge.bed,hyperloglog,B,23,NA,8,40,0.45084285736083984,0.3069005056574869,0.48315441903062734,0.4569019634165555,0.4698448708759933,0.4700281912235914,0.48315441903062734
fIntestine_Sm-DS17808.hg19.hotspot.twopass.fdr0.05.merge.bed,fMuscle_arm-DS19053.hg19.hotspot.twopass.fdr0.05.merge.bed,hyperloglog,B,23,NA,8,40,0.4216815233230591,0.27358037799450696,0.4496011532625393,0.4113466987823651,0.43004877649319007,0.4304739260224522,0.4496011532625393
fIntestine_Sm-DS17808.hg19.hotspot.twopass.fdr0.05.merge.bed,fMuscle_back-DS18454.hg19.hotspot.twopass.fdr0.05.merge.bed,hyperloglog,B,23,NA,8,40,0.42207443714141846,0.2743451255072653,0.45221841445099215,0.4108931094016429,0.4310608198879237,0.4315557619263175,0.45221841445099215
fIntestine_Sm-DS17808.hg19.hotspot.twopass.fdr0.05.merge.bed,fMuscle_leg-DS19115.hg19.hotspot.twopass.fdr0.05.merge.bed,hyperloglog,B,23,NA,8,40,0.41996169090270996,0.2716268480076961,0.4417748612792312,0.4135777972128172,0.42744388402673666,0.42767632924602417,0.4417748612792312
fIntestine_Sm-DS17808.hg19.hotspot.twopass.fdr0.05.merge.bed,fMuscle_leg-DS19158.hg19.hotspot.twopass.fdr0.05.merge.bed,hyperloglog,B,23,NA,8,40,0.3944237232208252,0.24753412173352,0.46445093399376114,0.346408268514821,0.40111051326893715,0.40542960125429106,0.46445093399376114
fIntestine_Sm-DS17808.hg19.hotspot.twopass.fdr0.05.merge.bed,fSkin_fibro_bicep_R-DS19745.hg19.hotspot.twopass.fdr0.05.merge.bed,hyperloglog,B,23,NA,8,40,0.3333096901547539,0.18454579357496884,0.25806885230651444,0.3931166274839569,0.31851398223216565,0.3255927398952357,0.3931166274839569
fIntestine_Sm-DS17808.hg19.hotspot.twopass.fdr0.05.merge.bed,fStomach-DS17659.hg19.hotspot.twopass.fdr0.05.merge.bed,hyperloglog,B,23,NA,8,40,0.49181204936648004,0.3608798609449157,0.458188927845742,0.6295249215282448,0.5370673596926193,0.5438569246869934,0.6295249215282448
fIntestine_Sm-DS18495.hg19.hotspot.twopass.fdr0.05.merge.bed,fBrain-DS14718.hotspot.twopass.fdr0.05.merge.bed,hyperloglog,B,23,NA,8,40,0.3475308418273926,0.19077424994784178,0.32950309830500873,0.31182521584291206,0.32054231350925827,0.3206641570739604,0.32950309830500873
fIntestine_Sm-DS18495.hg19.hotspot.twopass.fdr0.05.merge.bed,fBrain-DS16302.hotspot.twopass.fdr0.05.merge.bed,hyperloglog,B,23,NA,8,40,0.32996392250061035,0.1753391273161143,0.3470168531941682,0.2616753547049102,0.3013399378578381,0.3043461039495392,0.3470168531941682
fIntestine_Sm-DS18495.hg19.hotspot.twopass.fdr0.05.merge.bed,fHeart-DS15643.hotspot.twopass.fdr0.05.merge.bed,hyperloglog,B,23,NA,8,40,0.3968172073364258,0.24719356460367753,0.4320385729726648,0.3661924383722185,0.39775527464474153,0.39911550567244164,0.4320385729726648
fIntestine_Sm-DS18495.hg19.hotspot.twopass.fdr0.05.merge.bed,fHeart-DS15839.hotspot.twopass.fdr0.05.merge.bed,hyperloglog,B,23,NA,8,40,0.37097060680389404,0.22097879541559415,0.4192827245066032,0.3184413645161416,0.3653997303090524,0.3688620445113724,0.4192827245066032
fIntestine_Sm-DS18495.hg19.hotspot.twopass.fdr0.05.merge.bed,fHeart-DS16621.hotspot.twopass.fdr0.05.merge.bed,hyperloglog,B,23,NA,8,40,0.3798152208328247,0.23516259088281508,0.4716609603046453,0.31926339164580597,0.38805164333343434,0.39546217597522565,0.4716609603046453
fIntestine_Sm-DS18495.hg19.hotspot.twopass.fdr0.05.merge.bed,fIntestine_Sm-DS16559.hotspot.twopass.fdr0.05.merge.bed,hyperloglog,B,23,NA,8,40,0.6545473337173462,0.5546014938572578,0.8221671958533183,0.6301995949485562,0.7198120822872811,0.7261833954009372,0.8221671958533183
fIntestine_Sm-DS18495.hg19.hotspot.twopass.fdr0.05.merge.bed,fIntestine_Sm-DS16712.hg19.hotspot.twopass.fdr0.05.merge.bed,hyperloglog,B,23,NA,8,40,0.592487272852985,0.4806087267623199,0.5625051644125085,0.767499066633417,0.6570556967739318,0.6650021155229628,0.767499066633417
fIntestine_Sm-DS18495.hg19.hotspot.twopass.fdr0.05.merge.bed,fIntestine_Sm-DS16822.hotspot.twopass.fdr0.05.merge.bed,hyperloglog,B,23,NA,8,40,0.6699696004209521,0.569640321486015,0.7833893150515322,0.6761374640024693,0.727790398951219,0.7297633895270008,0.7833893150515322
fIntestine_Sm-DS18495.hg19.hotspot.twopass.fdr0.05.merge.bed,fIntestine_Sm-DS17808.hg19.hotspot.twopass.fdr0.05.merge.bed,hyperloglog,B,23,NA,8,40,0.6451684505751435,0.538226011842355,0.7468869478865457,0.6582997541678637,0.7011957602445262,0.7025933510272047,0.7468869478865457
fIntestine_Sm-DS18495.hg19.hotspot.twopass.fdr0.05.merge.bed,fIntestine_Sm-DS18495.hg19.hotspot.twopass.fdr0.05.merge.bed,hyperloglog,B,23,NA,8,40,1.0,1.0,1.0,1.0,1.0,1.0,1.0
fIntestine_Sm-DS18495.hg19.hotspot.twopass.fdr0.05.merge.bed,fKidney_renal_cortex_L-DS17550.hg19.hotspot.twopass.fdr0.05.merge.bed,hyperloglog,B,23,NA,8,40,0.41242170333862305,0.2703919737617669,0.5135013139793998,0.36351475891268514,0.43204780563332174,0.43850803644604247,0.5135013139793998
fIntestine_Sm-DS18495.hg19.hotspot.twopass.fdr0.05.merge.bed,fLung_L-DS17154.hg19.hotspot.twopass.fdr0.05.merge.bed,hyperloglog,B,23,NA,8,40,0.3990286588668823,0.261430675207038,0.5412858750171339,0.33583494261081376,0.4263598371943859,0.43856040881397385,0.5412858750171339
fIntestine_Sm-DS18495.hg19.hotspot.twopass.fdr0.05.merge.bed,fLung_L-DS18421.hg19.hotspot.twopass.fdr0.05.merge.bed,hyperloglog,B,23,NA,8,40,0.41901695728302,0.27849729628392295,0.5304896819935082,0.36959718253428564,0.44279509011314677,0.4500434322638969,0.5304896819935082
fIntestine_Sm-DS18495.hg19.hotspot.twopass.fdr0.05.merge.bed,fLung_R-DS15632.hotspot.twopass.fdr0.05.merge.bed,hyperloglog,B,23,NA,8,40,0.4203261137008667,0.2739749741521991,0.4730697206088479,0.3943038726794092,0.43189492111326666,0.43368679664412857,0.4730697206088479
fIntestine_Sm-DS18495.hg19.hotspot.twopass.fdr0.05.merge.bed,fMuscle_arm-DS19053.hg19.hotspot.twopass.fdr0.05.merge.bed,hyperloglog,B,23,NA,8,40,0.395938515663147,0.24673393197983606,0.4433218251689215,0.3574938171922168,0.3981015090705614,0.40040782118056917,0.4433218251689215
fIntestine_Sm-DS18495.hg19.hotspot.twopass.fdr0.05.merge.bed,fMuscle_back-DS18454.hg19.hotspot.twopass.fdr0.05.merge.bed,hyperloglog,B,23,NA,8,40,0.39636361598968506,0.2477903162888258,0.4465499515689676,0.35761809449628473,0.39961774582405923,0.40208402303262614,0.4465499515689676
fIntestine_Sm-DS18495.hg19.hotspot.twopass.fdr0.05.merge.bed,fMuscle_leg-DS19115.hg19.hotspot.twopass.fdr0.05.merge.bed,hyperloglog,B,23,NA,8,40,0.39579999446868896,0.24636500349995216,0.43722374264093766,0.3607686380755376,0.39716069061131976,0.39899619035823763,0.43722374264093766
fIntestine_Sm-DS18495.hg19.hotspot.twopass.fdr0.05.merge.bed,fMuscle_leg-DS19158.hg19.hotspot.twopass.fdr0.05.merge.bed,hyperloglog,B,23,NA,8,40,0.374126672744751,0.22973478133084244,0.47099950641083843,0.3096261866630529,0.3818818941638475,0.39031284653694565,0.47099950641083843
fIntestine_Sm-DS18495.hg19.hotspot.twopass.fdr0.05.merge.bed,fSkin_fibro_bicep_R-DS19745.hg19.hotspot.twopass.fdr0.05.merge.bed,hyperloglog,B,23,NA,8,40,0.3362847176276964,0.18308333714549974,0.27001106515308865,0.36252353642293683,0.31286637117565336,0.31626730078801274,0.36252353642293683
fIntestine_Sm-DS18495.hg19.hotspot.twopass.fdr0.05.merge.bed,fStomach-DS17659.hg19.hotspot.twopass.fdr0.05.merge.bed,hyperloglog,B,23,NA,8,40,0.4744841304326835,0.3364372887593133,0.45962463453780406,0.5565964829151641,0.505791908836934,0.508110558726484,0.5565964829151641
fKidney_renal_cortex_L-DS17550.hg19.hotspot.twopass.fdr0.05.merge.bed,fBrain-DS14718.hotspot.twopass.fdr0.05.merge.bed,hyperloglog,B,23,NA,8,40,0.4058053493499756,0.260484419512885,0.361241237611972,0.4829126273301728,0.417669672295225,0.4220769324710724,0.4829126273301728
fKidney_renal_cortex_L-DS17550.hg19.hotspot.twopass.fdr0.05.merge.bed,fBrain-DS16302.hotspot.twopass.fdr0.05.merge.bed,hyperloglog,B,23,NA,8,40,0.3898189067840576,0.23767601555905338,0.3723137261005041,0.3965891359091898,0.3842597805148617,0.38445143100484697,0.3965891359091898
fKidney_renal_cortex_L-DS17550.hg19.hotspot.twopass.fdr0.05.merge.bed,fHeart-DS15643.hotspot.twopass.fdr0.05.merge.bed,hyperloglog,B,23,NA,8,40,0.4476008415222168,0.30491480446352587,0.428826078705283,0.513437457374605,0.46922848539529516,0.471131768039944,0.513437457374605
fKidney_renal_cortex_L-DS17550.hg19.hotspot.twopass.fdr0.05.merge.bed,fHeart-DS15839.hotspot.twopass.fdr0.05.merge.bed,hyperloglog,B,23,NA,8,40,0.4253026247024536,0.2775789455422024,0.4197843005399254,0.45036871131102,0.4348076752574224,0.4350765059254727,0.45036871131102
fKidney_renal_cortex_L-DS17550.hg19.hotspot.twopass.fdr0.05.merge.bed,fHeart-DS16621.hotspot.twopass.fdr0.05.merge.bed,hyperloglog,B,23,NA,8,40,0.44204187393188477,0.29646853290845243,0.4678280629034108,0.4473268562798052,0.457462628701027,0.457577459591608,0.4678280629034108
fKidney_renal_cortex_L-DS17550.hg19.hotspot.twopass.fdr0.05.merge.bed,fIntestine_Sm-DS16559.hotspot.twopass.fdr0.05.merge.bed,hyperloglog,B,23,NA,8,40,0.4559502601623535,0.31285570698231946,0.45838624145837836,0.49632832408819677,0.4769801620697913,0.4773572827732876,0.49632832408819677
fKidney_renal_cortex_L-DS17550.hg19.hotspot.twopass.fdr0.05.merge.bed,fIntestine_Sm-DS16712.hg19.hotspot.twopass.fdr0.05.merge.bed,hyperloglog,B,23,NA,8,40,0.3961174488067627,0.2694265179819707,0.3223616188444026,0.6213183511181876,0.44753680237964105,0.4718399849812951,0.6213183511181876
fKidney_renal_cortex_L-DS17550.hg19.hotspot.twopass.fdr0.05.merge.bed,fIntestine_Sm-DS16822.hotspot.twopass.fdr0.05.merge.bed,hyperloglog,B,23,NA,8,40,0.4335366487503052,0.2896230797647734,0.40878127875668,0.4983883311765915,0.4513666130051876,0.4535848049666358,0.4983883311765915
fKidney_renal_cortex_L-DS17550.hg19.hotspot.twopass.fdr0.05.merge.bed,fIntestine_Sm-DS17808.hg19.hotspot.twopass.fdr0.05.merge.bed,hyperloglog,B,23,NA,8,40,0.45241403579711914,0.311750804016825,0.4285433711743013,0.5335598178668857,0.4781772925096103,0.4810515945205935,0.5335598178668857
fKidney_renal_cortex_L-DS17550.hg19.hotspot.twopass.fdr0.05.merge.bed,fIntestine_Sm-DS18495.hg19.hotspot.twopass.fdr0.05.merge.bed,hyperloglog,B,23,NA,8,40,0.41242170333862305,0.2703919737617669,0.36351475891268514,0.5135013139793998,0.43204780563332174,0.43850803644604247,0.5135013139793998
fKidney_renal_cortex_L-DS17550.hg19.hotspot.twopass.fdr0.05.merge.bed,fKidney_renal_cortex_L-DS17550.hg19.hotspot.twopass.fdr0.05.merge.bed,hyperloglog,B,23,NA,8,40,1.0,1.0,1.0,1.0,1.0,1.0,1.0
fKidney_renal_cortex_L-DS17550.hg19.hotspot.twopass.fdr0.05.merge.bed,fLung_L-DS17154.hg19.hotspot.twopass.fdr0.05.merge.bed,hyperloglog,B,23,NA,8,40,0.5181742906570435,0.38577193168560847,0.5960095494224693,0.5223624091731283,0.5579722073065214,0.5591859792977988,0.5960095494224693
fKidney_renal_cortex_L-DS17550.hg19.hotspot.twopass.fdr0.05.merge.bed,fLung_L-DS18421.hg19.hotspot.twopass.fdr0.05.merge.bed,hyperloglog,B,23,NA,8,40,0.5166553258895874,0.38277561155729484,0.5580855146593056,0.5492524110756513,0.5536513474317744,0.5536689628674785,0.5580855146593056
fKidney_renal_cortex_L-DS17550.hg19.hotspot.twopass.fdr0.05.merge.bed,fLung_R-DS15632.hotspot.twopass.fdr0.05.merge.bed,hyperloglog,B,23,NA,8,40,0.5002696514129639,0.36571843246628843,0.4952212092467827,0.5830752920876116,0.5373557957531937,0.5391482506671972,0.5830752920876116
fKidney_renal_cortex_L-DS17550.hg19.hotspot.twopass.fdr0.05.merge.bed,fMuscle_arm-DS19053.hg19.hotspot.twopass.fdr0.05.merge.bed,hyperloglog,B,23,NA,8,40,0.4756664037704468,0.3362276125872119,0.47251854726948106,0.5382546541177187,0.5043166735541681,0.5053866006935999,0.5382546541177187
fKidney_renal_cortex_L-DS17550.hg19.hotspot.twopass.fdr0.05.merge.bed,fMuscle_back-DS18454.hg19.hotspot.twopass.fdr0.05.merge.bed,hyperloglog,B,23,NA,8,40,0.46998703479766846,0.32992156075691564,0.4673643865164259,0.5287185709688037,0.49709579616073635,0.49804147874261484,0.5287185709688037
fKidney_renal_cortex_L-DS17550.hg19.hotspot.twopass.fdr0.05.merge.bed,fMuscle_leg-DS19115.hg19.hotspot.twopass.fdr0.05.merge.bed,hyperloglog,B,23,NA,8,40,0.47035467624664307,0.33077163762400913,0.46180192034342815,0.5382701358037677,0.49857214360380964,0.5000360280735979,0.5382701358037677
fKidney_renal_cortex_L-DS17550.hg19.hotspot.twopass.fdr0.05.merge.bed,fMuscle_leg-DS19158.hg19.hotspot.twopass.fdr0.05.merge.bed,hyperloglog,B,23,NA,8,40,0.46303462982177734,0.3210507327079113,0.5047350579734721,0.46870567748061426,0.4863868699869203,0.4867203677270432,0.5047350579734721
fKidney_renal_cortex_L-DS17550.hg19.hotspot.twopass.fdr0.05.merge.bed,fSkin_fibro_bicep_R-DS19745.hg19.hotspot.twopass.fdr0.05.merge.bed,hyperloglog,B,23,NA,8,40,0.3196967840194702,0.18110939803026194,0.23418775897419947,0.444158878234893,0.32251600320344403,0.33917331860454625,0.444158878234893
fKidney_renal_cortex_L-DS17550.hg19.hotspot.twopass.fdr0.05.merge.bed,fStomach-DS17659.hg19.hotspot.twopass.fdr0.05.merge.bed,hyperloglog,B,23,NA,8,40,0.4418501853942871,0.3146528042024141,0.37925775879656515,0.6487705769645737,0.49603555819390477,0.5140141678805694,0.6487705769645737
fLung_L-DS17154.hg19.hotspot.twopass.fdr0.05.merge.bed,fBrain-DS14718.hotspot.twopass.fdr0.05.merge.bed,hyperloglog,B,23,NA,8,40,0.39518606662750244,0.25384039790123547,0.3351793622371335,0.511245869616984,0.4139553895344152,0.4232126159270588,0.511245869616984
fLung_L-DS17154.hg19.hotspot.twopass.fdr0.05.merge.bed,fBrain-DS16302.hotspot.twopass.fdr0.05.merge.bed,hyperloglog,B,23,NA,8,40,0.4065181016921997,0.25846235632815373,0.37436287345779573,0.45499417787624,0.4127140993912331,0.4146785256670179,0.45499417787624
fLung_L-DS17154.hg19.hotspot.twopass.fdr0.05.merge.bed,fHeart-DS15643.hotspot.twopass.fdr0.05.merge.bed,hyperloglog,B,23,NA,8,40,0.4585610628128052,0.32163386244652076,0.4215014058262,0.5758199264814352,0.4926549588856932,0.4986606661538176,0.5758199264814352
fLung_L-DS17154.hg19.hotspot.twopass.fdr0.05.merge.bed,fHeart-DS15839.hotspot.twopass.fdr0.05.merge.bed,hyperloglog,B,23,NA,8,40,0.43358302116394043,0.28964667751913176,0.4080678050681046,0.4995231873048742,0.45148569260179633,0.4537954961864894,0.4995231873048742
fLung_L-DS17154.hg19.hotspot.twopass.fdr0.05.merge.bed,fHeart-DS16621.hotspot.twopass.fdr0.05.merge.bed,hyperloglog,B,23,NA,8,40,0.4619007110595703,0.3199769907683266,0.46460506558366865,0.5068785879703925,0.4852817321999063,0.4857418267770306,0.5068785879703925
fLung_L-DS17154.hg19.hotspot.twopass.fdr0.05.merge.bed,fIntestine_Sm-DS16559.hotspot.twopass.fdr0.05.merge.bed,hyperloglog,B,23,NA,8,40,0.45389389991760254,0.3130570926159556,0.4314024239663876,0.5329682881987011,0.4795037136729349,0.48218535608254437,0.5329682881987011
fLung_L-DS17154.hg19.hotspot.twopass.fdr0.05.merge.bed,fIntestine_Sm-DS16712.hg19.hotspot.twopass.fdr0.05.merge.bed,hyperloglog,B,23,NA,8,40,0.37150096893310547,0.2510315747100727,0.29190442159339386,0.6419376209770478,0.4328792325237426,0.46692102128522084,0.6419376209770478
fLung_L-DS17154.hg19.hotspot.twopass.fdr0.05.merge.bed,fIntestine_Sm-DS16822.hotspot.twopass.fdr0.05.merge.bed,hyperloglog,B,23,NA,8,40,0.4254472255706787,0.2845999300076947,0.3808082595386706,0.5297421491196075,0.449143836438298,0.45527520432913904,0.5297421491196075
fLung_L-DS17154.hg19.hotspot.twopass.fdr0.05.merge.bed,fIntestine_Sm-DS17808.hg19.hotspot.twopass.fdr0.05.merge.bed,hyperloglog,B,23,NA,8,40,0.44172215461730957,0.3041320965268384,0.39736790716698994,0.5644980225674217,0.4736173538073965,0.4809329648672058,0.5644980225674217
fLung_L-DS17154.hg19.hotspot.twopass.fdr0.05.merge.bed,fIntestine_Sm-DS18495.hg19.hotspot.twopass.fdr0.05.merge.bed,hyperloglog,B,23,NA,8,40,0.3990286588668823,0.261430675207038,0.33583494261081376,0.5412858750171339,0.4263598371943859,0.43856040881397385,0.5412858750171339
fLung_L-DS17154.hg19.hotspot.twopass.fdr0.05.merge.bed,fKidney_renal_cortex_L-DS17550.hg19.hotspot.twopass.fdr0.05.merge.bed,hyperloglog,B,23,NA,8,40,0.5181742906570435,0.38577193168560847,0.5223624091731283,0.5960095494224693,0.5579722073065214,0.5591859792977988,0.5960095494224693
fLung_L-DS17154.hg19.hotspot.twopass.fdr0.05.merge.bed,fLung_L-DS17154.hg19.hotspot.twopass.fdr0.05.merge.bed,hyperloglog,B,23,NA,8,40,1.0,1.0,1.0,1.0,1.0,1.0,1.0
fLung_L-DS17154.hg19.hotspot.twopass.fdr0.05.merge.bed,fLung_L-DS18421.hg19.hotspot.twopass.fdr0.05.merge.bed,hyperloglog,B,23,NA,8,40,0.7164623737335205,0.6268182114958195,0.7284263473989232,0.8179714952620899,0.7719015407227788,0.7731989213305066,0.8179714952620899
fLung_L-DS17154.hg19.hotspot.twopass.fdr0.05.merge.bed,fLung_R-DS15632.hotspot.twopass.fdr0.05.merge.bed,hyperloglog,B,23,NA,8,40,0.685152530670166,0.5939282375221366,0.6499885560817422,0.8731973611079799,0.7533712842423472,0.7615929585948611,0.8731973611079799
fLung_L-DS17154.hg19.hotspot.twopass.fdr0.05.merge.bed,fMuscle_arm-DS19053.hg19.hotspot.twopass.fdr0.05.merge.bed,hyperloglog,B,23,NA,8,40,0.507522463798523,0.3768741412219524,0.4843140497484448,0.6294732853881148,0.5521437820484592,0.5568936675682797,0.6294732853881148
fLung_L-DS17154.hg19.hotspot.twopass.fdr0.05.merge.bed,fMuscle_back-DS18454.hg19.hotspot.twopass.fdr0.05.merge.bed,hyperloglog,B,23,NA,8,40,0.4964545965194702,0.36417132488313275,0.4737714081353692,0.611531875246456,0.5382623130548677,0.5426516416909126,0.611531875246456
fLung_L-DS17154.hg19.hotspot.twopass.fdr0.05.merge.bed,fMuscle_leg-DS19115.hg19.hotspot.twopass.fdr0.05.merge.bed,hyperloglog,B,23,NA,8,40,0.49912381172180176,0.3683424701633091,0.471598416120893,0.6271886497446811,0.5438576779163765,0.549393532932787,0.6271886497446811
fLung_L-DS17154.hg19.hotspot.twopass.fdr0.05.merge.bed,fMuscle_leg-DS19158.hg19.hotspot.twopass.fdr0.05.merge.bed,hyperloglog,B,23,NA,8,40,0.5071748495101929,0.3723273619534254,0.5273752822070451,0.5587760919060992,0.5428486890096805,0.5430756870565722,0.5587760919060992
fLung_L-DS17154.hg19.hotspot.twopass.fdr0.05.merge.bed,fSkin_fibro_bicep_R-DS19745.hg19.hotspot.twopass.fdr0.05.merge.bed,hyperloglog,B,23,NA,8,40,0.3138800859451294,0.18354826651218814,0.22674833152910334,0.4906813584609951,0.33355835972654696,0.35871484499504924,0.4906813584609951
fLung_L-DS17154.hg19.hotspot.twopass.fdr0.05.merge.bed,fStomach-DS17659.hg19.hotspot.twopass.fdr0.05.merge.bed,hyperloglog,B,23,NA,8,40,0.4484313726425171,0.33197594053727675,0.3769302074417876,0.73569688417288,0.52659887881153,0.5563135458073338,0.73569688417288
fLung_L-DS18421.hg19.hotspot.twopass.fdr0.05.merge.bed,fBrain-DS14718.hotspot.twopass.fdr0.05.merge.bed,hyperloglog,B,23,NA,8,40,0.3993891477584839,0.2538344759902112,0.35148914734079983,0.4774324554241838,0.4096490286450961,0.4144608013824918,0.4774324554241838
fLung_L-DS18421.hg19.hotspot.twopass.fdr0.05.merge.bed,fBrain-DS16302.hotspot.twopass.fdr0.05.merge.bed,hyperloglog,B,23,NA,8,40,0.40161561965942383,0.2509587998448493,0.3859658453008026,0.41774322839255545,0.4015403071488825,0.40185453684667904,0.41774322839255545
fLung_L-DS18421.hg19.hotspot.twopass.fdr0.05.merge.bed,fHeart-DS15643.hotspot.twopass.fdr0.05.merge.bed,hyperloglog,B,23,NA,8,40,0.4634593725204468,0.323506085770974,0.44535029745507604,0.5417973610450515,0.49121239388047705,0.49357382925006377,0.5417973610450515
fLung_L-DS18421.hg19.hotspot.twopass.fdr0.05.merge.bed,fHeart-DS15839.hotspot.twopass.fdr0.05.merge.bed,hyperloglog,B,23,NA,8,40,0.43173670768737793,0.2851941443330542,0.42547148511929844,0.463811226035904,0.4442279270335204,0.4446413555776012,0.463811226035904
fLung_L-DS18421.hg19.hotspot.twopass.fdr0.05.merge.bed,fHeart-DS16621.hotspot.twopass.fdr0.05.merge.bed,hyperloglog,B,23,NA,8,40,0.4603844881057739,0.317647452378985,0.48920130832820635,0.47528607598761874,0.48219349871532113,0.4822436921579125,0.48920130832820635
fLung_L-DS18421.hg19.hotspot.twopass.fdr0.05.merge.bed,fIntestine_Sm-DS16559.hotspot.twopass.fdr0.05.merge.bed,hyperloglog,B,23,NA,8,40,0.4670255184173584,0.32574147600580305,0.46903558133816486,0.5160265586694833,0.49197034151610575,0.4925310700038241,0.5160265586694833
fLung_L-DS18421.hg19.hotspot.twopass.fdr0.05.merge.bed,fIntestine_Sm-DS16712.hg19.hotspot.twopass.fdr0.05.merge.bed,hyperloglog,B,23,NA,8,40,0.394159197807312,0.2683043042919757,0.3195657780106494,0.6258350702174009,0.44720853202993915,0.47270042411402513,0.6258350702174009
fLung_L-DS18421.hg19.hotspot.twopass.fdr0.05.merge.bed,fIntestine_Sm-DS16822.hotspot.twopass.fdr0.05.merge.bed,hyperloglog,B,23,NA,8,40,0.44251322746276855,0.3001445311695531,0.41720635517148114,0.5168405277808784,0.46435886208875665,0.4670234414761798,0.5168405277808784
fLung_L-DS18421.hg19.hotspot.twopass.fdr0.05.merge.bed,fIntestine_Sm-DS17808.hg19.hotspot.twopass.fdr0.05.merge.bed,hyperloglog,B,23,NA,8,40,0.45490264892578125,0.31494399243055565,0.428836770031824,0.5425117246914819,0.48233699393794094,0.485674247361653,0.5425117246914819
fLung_L-DS18421.hg19.hotspot.twopass.fdr0.05.merge.bed,fIntestine_Sm-DS18495.hg19.hotspot.twopass.fdr0.05.merge.bed,hyperloglog,B,23,NA,8,40,0.41901695728302,0.27849729628392295,0.36959718253428564,0.5304896819935082,0.44279509011314677,0.4500434322638969,0.5304896819935082
fLung_L-DS18421.hg19.hotspot.twopass.fdr0.05.merge.bed,fKidney_renal_cortex_L-DS17550.hg19.hotspot.twopass.fdr0.05.merge.bed,hyperloglog,B,23,NA,8,40,0.5166553258895874,0.38277561155729484,0.5492524110756513,0.5580855146593056,0.5536513474317744,0.5536689628674785,0.5580855146593056
fLung_L-DS18421.hg19.hotspot.twopass.fdr0.05.merge.bed,fLung_L-DS17154.hg19.hotspot.twopass.fdr0.05.merge.bed,hyperloglog,B,23,NA,8,40,0.7164623737335205,0.6268182114958195,0.8179714952620899,0.7284263473989232,0.7719015407227788,0.7731989213305066,0.8179714952620899
fLung_L-DS18421.hg19.hotspot.twopass.fdr0.05.merge.bed,fLung_L-DS18421.hg19.hotspot.twopass.fdr0.05.merge.bed,hyperloglog,B,23,NA,8,40,1.0,1.0,1.0,1.0,1.0,1.0,1.0
fLung_L-DS18421.hg19.hotspot.twopass.fdr0.05.merge.bed,fLung_R-DS15632.hotspot.twopass.fdr0.05.merge.bed,hyperloglog,B,23,NA,8,40,0.686072826385498,0.5904202056639615,0.6815449060876675,0.815358600863222,0.7454552307503762,0.7484517534754447,0.815358600863222
fLung_L-DS18421.hg19.hotspot.twopass.fdr0.05.merge.bed,fMuscle_arm-DS19053.hg19.hotspot.twopass.fdr0.05.merge.bed,hyperloglog,B,23,NA,8,40,0.5011173486709595,0.36602653669433394,0.49945232044712434,0.5780850620355268,0.5373322302351347,0.5387686912413255,0.5780850620355268
fLung_L-DS18421.hg19.hotspot.twopass.fdr0.05.merge.bed,fMuscle_back-DS18454.hg19.hotspot.twopass.fdr0.05.merge.bed,hyperloglog,B,23,NA,8,40,0.4945183992385864,0.3583424179229534,0.49331311728320726,0.5670487418466601,0.5288975160575974,0.5301809295649337,0.5670487418466601
fLung_L-DS18421.hg19.hotspot.twopass.fdr0.05.merge.bed,fMuscle_leg-DS19115.hg19.hotspot.twopass.fdr0.05.merge.bed,hyperloglog,B,23,NA,8,40,0.4964946508407593,0.3613483705252017,0.48955565420706604,0.5797962468270301,0.532768740564054,0.5346759505170481,0.5797962468270301
fLung_L-DS18421.hg19.hotspot.twopass.fdr0.05.merge.bed,fMuscle_leg-DS19158.hg19.hotspot.twopass.fdr0.05.merge.bed,hyperloglog,B,23,NA,8,40,0.4931614398956299,0.35568190923326765,0.5404237973324012,0.5099175813742587,0.524949136253057,0.5251706893533299,0.5404237973324012
fLung_L-DS18421.hg19.hotspot.twopass.fdr0.05.merge.bed,fSkin_fibro_bicep_R-DS19745.hg19.hotspot.twopass.fdr0.05.merge.bed,hyperloglog,B,23,NA,8,40,0.32831788063049316,0.1916232677070292,0.2442547538969681,0.47070190971078124,0.3390740024172301,0.35747833180387467,0.47070190971078124
fLung_L-DS18421.hg19.hotspot.twopass.fdr0.05.merge.bed,fStomach-DS17659.hg19.hotspot.twopass.fdr0.05.merge.bed,hyperloglog,B,23,NA,8,40,0.4763408899307251,0.3562007386398462,0.4137533095672596,0.7191623290865788,0.545486749404301,0.5664578193269192,0.7191623290865788
fLung_R-DS15632.hotspot.twopass.fdr0.05.merge.bed,fBrain-DS14718.hotspot.twopass.fdr0.05.merge.bed,hyperloglog,B,23,NA,8,40,0.40941255204827215,0.2607410476735284,0.38896926923970104,0.441632604711791,0.41446533211738124,0.415300936975746,0.441632604711791
fLung_R-DS15632.hotspot.twopass.fdr0.05.merge.bed,fBrain-DS16302.hotspot.twopass.fdr0.05.merge.bed,hyperloglog,B,23,NA,8,40,0.40844762325286865,0.25893885120801513,0.43302566907177453,0.3917599220320587,0.411876319243336,0.41239279555191666,0.43302566907177453
fLung_R-DS15632.hotspot.twopass.fdr0.05.merge.bed,fHeart-DS15643.hotspot.twopass.fdr0.05.merge.bed,hyperloglog,B,23,NA,8,40,0.46869194507598877,0.32727717943534695,0.48905631464767524,0.4973244705381884,0.4931730657137642,0.49319039259293185,0.4973244705381884
fLung_R-DS15632.hotspot.twopass.fdr0.05.merge.bed,fHeart-DS15839.hotspot.twopass.fdr0.05.merge.bed,hyperloglog,B,23,NA,8,40,0.4270676374435425,0.28025858496402906,0.4591474045874269,0.41837791380283296,0.4382888696502262,0.4387626591951299,0.4591474045874269
fLung_R-DS15632.hotspot.twopass.fdr0.05.merge.bed,fHeart-DS16621.hotspot.twopass.fdr0.05.merge.bed,hyperloglog,B,23,NA,8,40,0.45128393173217773,0.31009248978588927,0.5281531193875082,0.42891689177897213,0.4759556642703797,0.47853500558324014,0.5281531193875082
fLung_R-DS15632.hotspot.twopass.fdr0.05.merge.bed,fIntestine_Sm-DS16559.hotspot.twopass.fdr0.05.merge.bed,hyperloglog,B,23,NA,8,40,0.45375263690948486,0.3102305551338921,0.4942444373485137,0.45452091683159,0.4739667022086676,0.4743826770900519,0.4942444373485137
fLung_R-DS15632.hotspot.twopass.fdr0.05.merge.bed,fIntestine_Sm-DS16712.hg19.hotspot.twopass.fdr0.05.merge.bed,hyperloglog,B,23,NA,8,40,0.4092138301389015,0.27384625990159955,0.34629998466000883,0.5668888604769677,0.4430729101255276,0.45659442256848826,0.5668888604769677
fLung_R-DS15632.hotspot.twopass.fdr0.05.merge.bed,fIntestine_Sm-DS16822.hotspot.twopass.fdr0.05.merge.bed,hyperloglog,B,23,NA,8,40,0.4361187219619751,0.28987742627349944,0.4417598975446261,0.4574438087667061,0.44953345825778485,0.4496018531556661,0.4574438087667061
fLung_R-DS15632.hotspot.twopass.fdr0.05.merge.bed,fIntestine_Sm-DS17808.hg19.hotspot.twopass.fdr0.05.merge.bed,hyperloglog,B,23,NA,8,40,0.45084285736083984,0.3069005056574869,0.4569019634165555,0.48315441903062734,0.4698448708759933,0.4700281912235914,0.48315441903062734
fLung_R-DS15632.hotspot.twopass.fdr0.05.merge.bed,fIntestine_Sm-DS18495.hg19.hotspot.twopass.fdr0.05.merge.bed,hyperloglog,B,23,NA,8,40,0.4203261137008667,0.2739749741521991,0.3943038726794092,0.4730697206088479,0.43189492111326666,0.43368679664412857,0.4730697206088479
fLung_R-DS15632.hotspot.twopass.fdr0.05.merge.bed,fKidney_renal_cortex_L-DS17550.hg19.hotspot.twopass.fdr0.05.merge.bed,hyperloglog,B,23,NA,8,40,0.5002696514129639,0.36571843246628843,0.5830752920876116,0.4952212092467827,0.5373557957531937,0.5391482506671972,0.5830752920876116
fLung_R-DS15632.hotspot.twopass.fdr0.05.merge.bed,fLung_L-DS17154.hg19.hotspot.twopass.fdr0.05.merge.bed,hyperloglog,B,23,NA,8,40,0.685152530670166,0.5939282375221366,0.8731973611079799,0.6499885560817422,0.7533712842423472,0.7615929585948611,0.8731973611079799
fLung_R-DS15632.hotspot.twopass.fdr0.05.merge.bed,fLung_L-DS18421.hg19.hotspot.twopass.fdr0.05.merge.bed,hyperloglog,B,23,NA,8,40,0.686072826385498,0.5904202056639615,0.815358600863222,0.6815449060876675,0.7454552307503762,0.7484517534754447,0.815358600863222
fLung_R-DS15632.hotspot.twopass.fdr0.05.merge.bed,fLung_R-DS15632.hotspot.twopass.fdr0.05.merge.bed,hyperloglog,B,23,NA,8,40,1.0,1.0,1.0,1.0,1.0,1.0,1.0
fLung_R-DS15632.hotspot.twopass.fdr0.05.merge.bed,fMuscle_arm-DS19053.hg19.hotspot.twopass.fdr0.05.merge.bed,hyperloglog,B,23,NA,8,40,0.5129716396331787,0.3785767783876078,0.5584580588415103,0.5402989130454311,0.5493034518128659,0.5493784859434707,0.5584580588415103
fLung_R-DS15632.hotspot.twopass.fdr0.05.merge.bed,fMuscle_back-DS18454.hg19.hotspot.twopass.fdr0.05.merge.bed,hyperloglog,B,23,NA,8,40,0.5023075342178345,0.36634697274496675,0.5471753574714769,0.5257388579085328,0.5363500233175603,0.5364571076900049,0.5471753574714769
fLung_R-DS15632.hotspot.twopass.fdr0.05.merge.bed,fMuscle_leg-DS19115.hg19.hotspot.twopass.fdr0.05.merge.bed,hyperloglog,B,23,NA,8,40,0.5096290111541748,0.3747097249730291,0.5479108555465406,0.5424117055993255,0.545154346651831,0.5451612805729331,0.5479108555465406
fLung_R-DS15632.hotspot.twopass.fdr0.05.merge.bed,fMuscle_leg-DS19158.hg19.hotspot.twopass.fdr0.05.merge.bed,hyperloglog,B,23,NA,8,40,0.4945638179779053,0.360985414685152,0.6015367008622473,0.4744314498552106,0.5342171179690858,0.5379840753587289,0.6015367008622473
fLung_R-DS15632.hotspot.twopass.fdr0.05.merge.bed,fSkin_fibro_bicep_R-DS19745.hg19.hotspot.twopass.fdr0.05.merge.bed,hyperloglog,B,23,NA,8,40,0.34443275266084106,0.19931556419546137,0.26936241319577536,0.43389610231601927,0.34187029879193076,0.3516292577558973,0.43389610231601927
fLung_R-DS15632.hotspot.twopass.fdr0.05.merge.bed,fStomach-DS17659.hg19.hotspot.twopass.fdr0.05.merge.bed,hyperloglog,B,23,NA,8,40,0.4869198767947857,0.3577333936079055,0.4448267729124207,0.6462821891651884,0.5361749906486925,0.5455544810388046,0.6462821891651884
fMuscle_arm-DS19053.hg19.hotspot.twopass.fdr0.05.merge.bed,fBrain-DS14718.hotspot.twopass.fdr0.05.merge.bed,hyperloglog,B,23,NA,8,40,0.411601185798645,0.26366614960473705,0.3864468186121795,0.45351540402725404,0.41864016180718916,0.41998111131971677,0.45351540402725404
fMuscle_arm-DS19053.hg19.hotspot.twopass.fdr0.05.merge.bed,fBrain-DS16302.hotspot.twopass.fdr0.05.merge.bed,hyperloglog,B,23,NA,8,40,0.4026014804840088,0.25201822054572576,0.4165471621763325,0.3895175337905448,0.4028056892825313,0.4030323479834387,0.4165471621763325
fMuscle_arm-DS19053.hg19.hotspot.twopass.fdr0.05.merge.bed,fHeart-DS15643.hotspot.twopass.fdr0.05.merge.bed,hyperloglog,B,23,NA,8,40,0.46457791328430176,0.3226538866340903,0.47603261532870306,0.5003502672132624,0.4880400047966813,0.4881914412709827,0.5003502672132624
fMuscle_arm-DS19053.hg19.hotspot.twopass.fdr0.05.merge.bed,fHeart-DS15839.hotspot.twopass.fdr0.05.merge.bed,hyperloglog,B,23,NA,8,40,0.4217195510864258,0.27374004274655306,0.4430940561652925,0.4173198178474735,0.43001387280900377,0.430206937006383,0.4430940561652925
fMuscle_arm-DS19053.hg19.hotspot.twopass.fdr0.05.merge.bed,fHeart-DS16621.hotspot.twopass.fdr0.05.merge.bed,hyperloglog,B,23,NA,8,40,0.4482998847961426,0.30569476157099335,0.5130422301315006,0.430648445880672,0.4700434438190632,0.4718453380060863,0.5130422301315006
fMuscle_arm-DS19053.hg19.hotspot.twopass.fdr0.05.merge.bed,fIntestine_Sm-DS16559.hotspot.twopass.fdr0.05.merge.bed,hyperloglog,B,23,NA,8,40,0.4266241788864136,0.2789589953888802,0.4475784406664349,0.42543940384263085,0.4363685425989623,0.43650892225453286,0.4475784406664349
fMuscle_arm-DS19053.hg19.hotspot.twopass.fdr0.05.merge.bed,fIntestine_Sm-DS16712.hg19.hotspot.twopass.fdr0.05.merge.bed,hyperloglog,B,23,NA,8,40,0.3797842264175415,0.24197863359284758,0.3099823830242812,0.524492076824144,0.40321619988698687,0.41723722992421264,0.524492076824144
fMuscle_arm-DS19053.hg19.hotspot.twopass.fdr0.05.merge.bed,fIntestine_Sm-DS16822.hotspot.twopass.fdr0.05.merge.bed,hyperloglog,B,23,NA,8,40,0.4063453674316406,0.25618971778578736,0.3944873254835206,0.42222212613044957,0.40811919496290144,0.40835472580698506,0.42222212613044957
fMuscle_arm-DS19053.hg19.hotspot.twopass.fdr0.05.merge.bed,fIntestine_Sm-DS17808.hg19.hotspot.twopass.fdr0.05.merge.bed,hyperloglog,B,23,NA,8,40,0.4216815233230591,0.27358037799450696,0.4113466987823651,0.4496011532625393,0.43004877649319007,0.4304739260224522,0.4496011532625393
fMuscle_arm-DS19053.hg19.hotspot.twopass.fdr0.05.merge.bed,fIntestine_Sm-DS18495.hg19.hotspot.twopass.fdr0.05.merge.bed,hyperloglog,B,23,NA,8,40,0.395938515663147,0.24673393197983606,0.3574938171922168,0.4433218251689215,0.3981015090705614,0.40040782118056917,0.4433218251689215
fMuscle_arm-DS19053.hg19.hotspot.twopass.fdr0.05.merge.bed,fKidney_renal_cortex_L-DS17550.hg19.hotspot.twopass.fdr0.05.merge.bed,hyperloglog,B,23,NA,8,40,0.4756664037704468,0.3362276125872119,0.5382546541177187,0.47251854726948106,0.5043166735541681,0.5053866006935999,0.5382546541177187
fMuscle_arm-DS19053.hg19.hotspot.twopass.fdr0.05.merge.bed,fLung_L-DS17154.hg19.hotspot.twopass.fdr0.05.merge.bed,hyperloglog,B,23,NA,8,40,0.507522463798523,0.3768741412219524,0.6294732853881148,0.4843140497484448,0.5521437820484592,0.5568936675682797,0.6294732853881148
fMuscle_arm-DS19053.hg19.hotspot.twopass.fdr0.05.merge.bed,fLung_L-DS18421.hg19.hotspot.twopass.fdr0.05.merge.bed,hyperloglog,B,23,NA,8,40,0.5011173486709595,0.36602653669433394,0.5780850620355268,0.49945232044712434,0.5373322302351347,0.5387686912413255,0.5780850620355268
fMuscle_arm-DS19053.hg19.hotspot.twopass.fdr0.05.merge.bed,fLung_R-DS15632.hotspot.twopass.fdr0.05.merge.bed,hyperloglog,B,23,NA,8,40,0.5129716396331787,0.3785767783876078,0.5402989130454311,0.5584580588415103,0.5493034518128659,0.5493784859434707,0.5584580588415103
fMuscle_arm-DS19053.hg19.hotspot.twopass.fdr0.05.merge.bed,fMuscle_arm-DS19053.hg19.hotspot.twopass.fdr0.05.merge.bed,hyperloglog,B,23,NA,8,40,1.0,1.0,1.0,1.0,1.0,1.0,1.0
fMuscle_arm-DS19053.hg19.hotspot.twopass.fdr0.05.merge.bed,fMuscle_back-DS18454.hg19.hotspot.twopass.fdr0.05.merge.bed,hyperloglog,B,23,NA,8,40,0.6878660917282104,0.5901306045672116,0.7448141519233252,0.7396869139756196,0.7422461057638045,0.7422505329494724,0.7448141519233252
fMuscle_arm-DS19053.hg19.hotspot.twopass.fdr0.05.merge.bed,fMuscle_leg-DS19115.hg19.hotspot.twopass.fdr0.05.merge.bed,hyperloglog,B,23,NA,8,40,0.6956878900527954,0.5999713203425954,0.7414623812955533,0.7586906615089867,0.7500270558780876,0.75007652140227,0.7586906615089867
fMuscle_arm-DS19053.hg19.hotspot.twopass.fdr0.05.merge.bed,fMuscle_leg-DS19158.hg19.hotspot.twopass.fdr0.05.merge.bed,hyperloglog,B,23,NA,8,40,0.6714345216751099,0.5734252241285536,0.8115008745783826,0.6615410552773034,0.7326944417197648,0.736520964927843,0.8115008745783826
fMuscle_arm-DS19053.hg19.hotspot.twopass.fdr0.05.merge.bed,fSkin_fibro_bicep_R-DS19745.hg19.hotspot.twopass.fdr0.05.merge.bed,hyperloglog,B,23,NA,8,40,0.35710935081354983,0.21531708114756976,0.2835797661752178,0.472150510217345,0.3659130105461467,0.3778651381962814,0.472150510217345
fMuscle_arm-DS19053.hg19.hotspot.twopass.fdr0.05.merge.bed,fStomach-DS17659.hg19.hotspot.twopass.fdr0.05.merge.bed,hyperloglog,B,23,NA,8,40,0.4556379861400111,0.32255212768906105,0.40629112786886296,0.6101337885357027,0.49788748236431185,0.5082124582022828,0.6101337885357027
fMuscle_back-DS18454.hg19.hotspot.twopass.fdr0.05.merge.bed,fBrain-DS14718.hotspot.twopass.fdr0.05.merge.bed,hyperloglog,B,23,NA,8,40,0.41282176971435547,0.26546105971760653,0.3872951875385923,0.4576615123454549,0.42101080895035076,0.4224783499420236,0.4576615123454549
fMuscle_back-DS18454.hg19.hotspot.twopass.fdr0.05.merge.bed,fBrain-DS16302.hotspot.twopass.fdr0.05.merge.bed,hyperloglog,B,23,NA,8,40,0.3958510160446167,0.2445232328619383,0.40514669970646294,0.38148294059131055,0.3931368138128076,0.39331482014888675,0.40514669970646294
fMuscle_back-DS18454.hg19.hotspot.twopass.fdr0.05.merge.bed,fHeart-DS15643.hotspot.twopass.fdr0.05.merge.bed,hyperloglog,B,23,NA,8,40,0.46887969970703125,0.3279232549434718,0.48026973045693805,0.5083029458533114,0.4940875618708059,0.4942863381551247,0.5083029458533114
fMuscle_back-DS18454.hg19.hotspot.twopass.fdr0.05.merge.bed,fHeart-DS15839.hotspot.twopass.fdr0.05.merge.bed,hyperloglog,B,23,NA,8,40,0.42194628715515137,0.2739494092372219,0.44178833530736095,0.4189742325331179,0.4302300881243492,0.43038128392023944,0.44178833530736095
fMuscle_back-DS18454.hg19.hotspot.twopass.fdr0.05.merge.bed,fHeart-DS16621.hotspot.twopass.fdr0.05.merge.bed,hyperloglog,B,23,NA,8,40,0.451851487159729,0.3099393914765772,0.5165400118169093,0.4365899376602934,0.4748854299283056,0.4765649747386014,0.5165400118169093
fMuscle_back-DS18454.hg19.hotspot.twopass.fdr0.05.merge.bed,fIntestine_Sm-DS16559.hotspot.twopass.fdr0.05.merge.bed,hyperloglog,B,23,NA,8,40,0.42430853843688965,0.2764234717767868,0.4428229318337764,0.4238367783954732,0.4332258589097216,0.4333298551146248,0.4428229318337764
fMuscle_back-DS18454.hg19.hotspot.twopass.fdr0.05.merge.bed,fIntestine_Sm-DS16712.hg19.hotspot.twopass.fdr0.05.merge.bed,hyperloglog,B,23,NA,8,40,0.3787558078765869,0.24114160110701338,0.3083279799446698,0.5253089997049922,0.4024518141663613,0.41681848982483105,0.5253089997049922
fMuscle_back-DS18454.hg19.hotspot.twopass.fdr0.05.merge.bed,fIntestine_Sm-DS16822.hotspot.twopass.fdr0.05.merge.bed,hyperloglog,B,23,NA,8,40,0.40823638439178467,0.2585262310317638,0.39602487884993043,0.426805874349833,0.41112740687265215,0.4114153765998817,0.426805874349833
fMuscle_back-DS18454.hg19.hotspot.twopass.fdr0.05.merge.bed,fIntestine_Sm-DS17808.hg19.hotspot.twopass.fdr0.05.merge.bed,hyperloglog,B,23,NA,8,40,0.42207443714141846,0.2743451255072653,0.4108931094016429,0.45221841445099215,0.4310608198879237,0.4315557619263175,0.45221841445099215
fMuscle_back-DS18454.hg19.hotspot.twopass.fdr0.05.merge.bed,fIntestine_Sm-DS18495.hg19.hotspot.twopass.fdr0.05.merge.bed,hyperloglog,B,23,NA,8,40,0.39636361598968506,0.2477903162888258,0.35761809449628473,0.4465499515689676,0.39961774582405923,0.40208402303262614,0.4465499515689676
fMuscle_back-DS18454.hg19.hotspot.twopass.fdr0.05.merge.bed,fKidney_renal_cortex_L-DS17550.hg19.hotspot.twopass.fdr0.05.merge.bed,hyperloglog,B,23,NA,8,40,0.46998703479766846,0.32992156075691564,0.5287185709688037,0.4673643865164259,0.49709579616073635,0.49804147874261484,0.5287185709688037
fMuscle_back-DS18454.hg19.hotspot.twopass.fdr0.05.merge.bed,fLung_L-DS17154.hg19.hotspot.twopass.fdr0.05.merge.bed,hyperloglog,B,23,NA,8,40,0.4964545965194702,0.36417132488313275,0.611531875246456,0.4737714081353692,0.5382623130548677,0.5426516416909126,0.611531875246456
fMuscle_back-DS18454.hg19.hotspot.twopass.fdr0.05.merge.bed,fLung_L-DS18421.hg19.hotspot.twopass.fdr0.05.merge.bed,hyperloglog,B,23,NA,8,40,0.4945183992385864,0.3583424179229534,0.5670487418466601,0.49331311728320726,0.5288975160575974,0.5301809295649337,0.5670487418466601
fMuscle_back-DS18454.hg19.hotspot.twopass.fdr0.05.merge.bed,fLung_R-DS15632.hotspot.twopass.fdr0.05.merge.bed,hyperloglog,B,23,NA,8,40,0.5023075342178345,0.36634697274496675,0.5257388579085328,0.5471753574714769,0.5363500233175603,0.5364571076900049,0.5471753574714769
fMuscle_back-DS18454.hg19.hotspot.twopass.fdr0.05.merge.bed,fMuscle_arm-DS19053.hg19.hotspot.twopass.fdr0.05.merge.bed,hyperloglog,B,23,NA,8,40,0.6878660917282104,0.5901306045672116,0.7396869139756196,0.7448141519233252,0.7422461057638045,0.7422505329494724,0.7448141519233252
fMuscle_back-DS18454.hg19.hotspot.twopass.fdr0.05.merge.bed,fMuscle_back-DS18454.hg19.hotspot.twopass.fdr0.05.merge.bed,hyperloglog,B,23,NA,8,40,1.0,1.0,1.0,1.0,1.0,1.0,1.0
fMuscle_back-DS18454.hg19.hotspot.twopass.fdr0.05.merge.bed,fMuscle_leg-DS19115.hg19.hotspot.twopass.fdr0.05.merge.bed,hyperloglog,B,23,NA,8,40,0.7002704978311656,0.6053941310342404,0.7430998752051657,0.7656367826624598,0.7542841624009871,0.7543683289338128,0.7656367826624598
fMuscle_back-DS18454.hg19.hotspot.twopass.fdr0.05.merge.bed,fMuscle_leg-DS19158.hg19.hotspot.twopass.fdr0.05.merge.bed,hyperloglog,B,23,NA,8,40,0.6574892997741699,0.5556057148293343,0.7922739018198248,0.6503440092043922,0.7178095748159896,0.7213089555121085,0.7922739018198248
fMuscle_back-DS18454.hg19.hotspot.twopass.fdr0.05.merge.bed,fSkin_fibro_bicep_R-DS19745.hg19.hotspot.twopass.fdr0.05.merge.bed,hyperloglog,B,23,NA,8,40,0.3638464646156388,0.22374283227775385,0.2918919002253732,0.48935862977416994,0.3779415567736199,0.39062526499977157,0.48935862977416994
fMuscle_back-DS18454.hg19.hotspot.twopass.fdr0.05.merge.bed,fStomach-DS17659.hg19.hotspot.twopass.fdr0.05.merge.bed,hyperloglog,B,23,NA,8,40,0.4589301347732544,0.32701960870388275,0.40940203292754845,0.6190670894307753,0.5034355221192679,0.5142345611791619,0.6190670894307753
fMuscle_leg-DS19115.hg19.hotspot.twopass.fdr0.05.merge.bed,fBrain-DS14718.hotspot.twopass.fdr0.05.merge.bed,hyperloglog,B,23,NA,8,40,0.4147568941116333,0.2669810758064984,0.3944537456048333,0.45240018508541935,0.4224345482074868,0.42342696534512636,0.45240018508541935
fMuscle_leg-DS19115.hg19.hotspot.twopass.fdr0.05.merge.bed,fBrain-DS16302.hotspot.twopass.fdr0.05.merge.bed,hyperloglog,B,23,NA,8,40,0.3998587131500244,0.2491256515844469,0.4176753784944363,0.3817034538800005,0.3992845283403338,0.3996894161872184,0.4176753784944363
fMuscle_leg-DS19115.hg19.hotspot.twopass.fdr0.05.merge.bed,fHeart-DS15643.hotspot.twopass.fdr0.05.merge.bed,hyperloglog,B,23,NA,8,40,0.4638267755508423,0.3219477595067779,0.4806283086971195,0.49370912788105015,0.48712481267309615,0.4871687182890848,0.49370912788105015
fMuscle_leg-DS19115.hg19.hotspot.twopass.fdr0.05.merge.bed,fHeart-DS15839.hotspot.twopass.fdr0.05.merge.bed,hyperloglog,B,23,NA,8,40,0.4145777225494385,0.2660169230168079,0.43840346788705586,0.40352593165704,0.4206033378621732,0.4209646997720479,0.43840346788705586
fMuscle_leg-DS19115.hg19.hotspot.twopass.fdr0.05.merge.bed,fHeart-DS16621.hotspot.twopass.fdr0.05.merge.bed,hyperloglog,B,23,NA,8,40,0.4441666603088379,0.3017101007139484,0.5143207591586535,0.42191814832884256,0.4658339428930697,0.468119453743748,0.5143207591586535
fMuscle_leg-DS19115.hg19.hotspot.twopass.fdr0.05.merge.bed,fIntestine_Sm-DS16559.hotspot.twopass.fdr0.05.merge.bed,hyperloglog,B,23,NA,8,40,0.421497106552124,0.2735598384627164,0.44602716051788116,0.4143374999411351,0.4298904262656035,0.43018233022950814,0.44602716051788116
fMuscle_leg-DS19115.hg19.hotspot.twopass.fdr0.05.merge.bed,fIntestine_Sm-DS16712.hg19.hotspot.twopass.fdr0.05.merge.bed,hyperloglog,B,23,NA,8,40,0.37933218479156494,0.24004243979631676,0.3106404784150117,0.513670173399783,0.3994580684032188,0.41215532590739734,0.513670173399783
fMuscle_leg-DS19115.hg19.hotspot.twopass.fdr0.05.merge.bed,fIntestine_Sm-DS16822.hotspot.twopass.fdr0.05.merge.bed,hyperloglog,B,23,NA,8,40,0.40572023391723633,0.25557543410818806,0.39815294538527607,0.41646858756208716,0.40720780296832565,0.4073107664736816,0.41646858756208716
fMuscle_leg-DS19115.hg19.hotspot.twopass.fdr0.05.merge.bed,fIntestine_Sm-DS17808.hg19.hotspot.twopass.fdr0.05.merge.bed,hyperloglog,B,23,NA,8,40,0.41996169090270996,0.2716268480076961,0.4135777972128172,0.4417748612792312,0.42744388402673666,0.42767632924602417,0.4417748612792312
fMuscle_leg-DS19115.hg19.hotspot.twopass.fdr0.05.merge.bed,fIntestine_Sm-DS18495.hg19.hotspot.twopass.fdr0.05.merge.bed,hyperloglog,B,23,NA,8,40,0.39579999446868896,0.24636500349995216,0.3607686380755376,0.43722374264093766,0.39716069061131976,0.39899619035823763,0.43722374264093766
fMuscle_leg-DS19115.hg19.hotspot.twopass.fdr0.05.merge.bed,fKidney_renal_cortex_L-DS17550.hg19.hotspot.twopass.fdr0.05.merge.bed,hyperloglog,B,23,NA,8,40,0.47035467624664307,0.33077163762400913,0.5382701358037677,0.46180192034342815,0.49857214360380964,0.5000360280735979,0.5382701358037677
fMuscle_leg-DS19115.hg19.hotspot.twopass.fdr0.05.merge.bed,fLung_L-DS17154.hg19.hotspot.twopass.fdr0.05.merge.bed,hyperloglog,B,23,NA,8,40,0.49912381172180176,0.3683424701633091,0.6271886497446811,0.471598416120893,0.5438576779163765,0.549393532932787,0.6271886497446811
fMuscle_leg-DS19115.hg19.hotspot.twopass.fdr0.05.merge.bed,fLung_L-DS18421.hg19.hotspot.twopass.fdr0.05.merge.bed,hyperloglog,B,23,NA,8,40,0.4964946508407593,0.3613483705252017,0.5797962468270301,0.48955565420706604,0.532768740564054,0.5346759505170481,0.5797962468270301
fMuscle_leg-DS19115.hg19.hotspot.twopass.fdr0.05.merge.bed,fLung_R-DS15632.hotspot.twopass.fdr0.05.merge.bed,hyperloglog,B,23,NA,8,40,0.5096290111541748,0.3747097249730291,0.5424117055993255,0.5479108555465406,0.545154346651831,0.5451612805729331,0.5479108555465406
fMuscle_leg-DS19115.hg19.hotspot.twopass.fdr0.05.merge.bed,fMuscle_arm-DS19053.hg19.hotspot.twopass.fdr0.05.merge.bed,hyperloglog,B,23,NA,8,40,0.6956878900527954,0.5999713203425954,0.7586906615089867,0.7414623812955533,0.7500270558780876,0.75007652140227,0.7586906615089867
fMuscle_leg-DS19115.hg19.hotspot.twopass.fdr0.05.merge.bed,fMuscle_back-DS18454.hg19.hotspot.twopass.fdr0.05.merge.bed,hyperloglog,B,23,NA,8,40,0.7002704978311656,0.6053941310342404,0.7656367826624598,0.7430998752051657,0.7542841624009871,0.7543683289338128,0.7656367826624598
fMuscle_leg-DS19115.hg19.hotspot.twopass.fdr0.05.merge.bed,fMuscle_leg-DS19115.hg19.hotspot.twopass.fdr0.05.merge.bed,hyperloglog,B,23,NA,8,40,1.0,1.0,1.0,1.0,1.0,1.0,1.0
fMuscle_leg-DS19115.hg19.hotspot.twopass.fdr0.05.merge.bed,fMuscle_leg-DS19158.hg19.hotspot.twopass.fdr0.05.merge.bed,hyperloglog,B,23,NA,8,40,0.6785763502120972,0.5827623046702932,0.830343834095812,0.6615309348265543,0.7411464988764825,0.7459373844611832,0.830343834095812
fMuscle_leg-DS19115.hg19.hotspot.twopass.fdr0.05.merge.bed,fSkin_fibro_bicep_R-DS19745.hg19.hotspot.twopass.fdr0.05.merge.bed,hyperloglog,B,23,NA,8,40,0.3613700866699219,0.21934108358895738,0.29043656383015404,0.47258604842286644,0.37048113044797315,0.38151130612651024,0.47258604842286644
fMuscle_leg-DS19115.hg19.hotspot.twopass.fdr0.05.merge.bed,fStomach-DS17659.hg19.hotspot.twopass.fdr0.05.merge.bed,hyperloglog,B,23,NA,8,40,0.4625119522228184,0.3295603567254047,0.4167658977039334,0.6116518531938384,0.5048917049017586,0.5142088754488859,0.6116518531938384
fMuscle_leg-DS19158.hg19.hotspot.twopass.fdr0.05.merge.bed,fBrain-DS14718.hotspot.twopass.fdr0.05.merge.bed,hyperloglog,B,23,NA,8,40,0.38864052295684814,0.24401787704598663,0.33241056528526297,0.4785301609798045,0.39883390191575324,0.4054703631325337,0.4785301609798045
fMuscle_leg-DS19158.hg19.hotspot.twopass.fdr0.05.merge.bed,fBrain-DS16302.hotspot.twopass.fdr0.05.merge.bed,hyperloglog,B,23,NA,8,40,0.39484477043151855,0.24408034232752876,0.3672301097555384,0.42124358939965856,0.3933107290286569,0.39423684957759847,0.42124358939965856
fMuscle_leg-DS19158.hg19.hotspot.twopass.fdr0.05.merge.bed,fHeart-DS15643.hotspot.twopass.fdr0.05.merge.bed,hyperloglog,B,23,NA,8,40,0.4386622905731201,0.2967633364214217,0.406341723404598,0.5239152444986976,0.4613985515446945,0.46512848395164785,0.5239152444986976
fMuscle_leg-DS19158.hg19.hotspot.twopass.fdr0.05.merge.bed,fHeart-DS15839.hotspot.twopass.fdr0.05.merge.bed,hyperloglog,B,23,NA,8,40,0.4000728130340576,0.25028547047034955,0.3734517831271404,0.4314592784024799,0.4014090642551005,0.4024555307648101,0.4314592784024799
fMuscle_leg-DS19158.hg19.hotspot.twopass.fdr0.05.merge.bed,fHeart-DS16621.hotspot.twopass.fdr0.05.merge.bed,hyperloglog,B,23,NA,8,40,0.437233567237854,0.2910411122444257,0.44436487276557307,0.45755328795147815,0.45091086545350423,0.4509590803585256,0.45755328795147815
fMuscle_leg-DS19158.hg19.hotspot.twopass.fdr0.05.merge.bed,fIntestine_Sm-DS16559.hotspot.twopass.fdr0.05.merge.bed,hyperloglog,B,23,NA,8,40,0.41247355937957764,0.2643589521862591,0.38840295332657937,0.4528801300188437,0.4194043156695507,0.4206415416727115,0.4528801300188437
fMuscle_leg-DS19158.hg19.hotspot.twopass.fdr0.05.merge.bed,fIntestine_Sm-DS16712.hg19.hotspot.twopass.fdr0.05.merge.bed,hyperloglog,B,23,NA,8,40,0.34020209312438965,0.21038361323434704,0.25755985403330434,0.5345794749839935,0.371060926999971,0.3960696645086489,0.5345794749839935
fMuscle_leg-DS19158.hg19.hotspot.twopass.fdr0.05.merge.bed,fIntestine_Sm-DS16822.hotspot.twopass.fdr0.05.merge.bed,hyperloglog,B,23,NA,8,40,0.38637030124664307,0.23789229764419187,0.3385470729295473,0.44448712713577243,0.38791727964435835,0.3915171000326598,0.44448712713577243
fMuscle_leg-DS19158.hg19.hotspot.twopass.fdr0.05.merge.bed,fIntestine_Sm-DS17808.hg19.hotspot.twopass.fdr0.05.merge.bed,hyperloglog,B,23,NA,8,40,0.3944237232208252,0.24753412173352,0.346408268514821,0.46445093399376114,0.40111051326893715,0.40542960125429106,0.46445093399376114
fMuscle_leg-DS19158.hg19.hotspot.twopass.fdr0.05.merge.bed,fIntestine_Sm-DS18495.hg19.hotspot.twopass.fdr0.05.merge.bed,hyperloglog,B,23,NA,8,40,0.374126672744751,0.22973478133084244,0.3096261866630529,0.47099950641083843,0.3818818941638475,0.39031284653694565,0.47099950641083843
fMuscle_leg-DS19158.hg19.hotspot.twopass.fdr0.05.merge.bed,fKidney_renal_cortex_L-DS17550.hg19.hotspot.twopass.fdr0.05.merge.bed,hyperloglog,B,23,NA,8,40,0.46303462982177734,0.3210507327079113,0.46870567748061426,0.5047350579734721,0.4863868699869203,0.4867203677270432,0.5047350579734721
fMuscle_leg-DS19158.hg19.hotspot.twopass.fdr0.05.merge.bed,fLung_L-DS17154.hg19.hotspot.twopass.fdr0.05.merge.bed,hyperloglog,B,23,NA,8,40,0.5071748495101929,0.3723273619534254,0.5587760919060992,0.5273752822070451,0.5428486890096805,0.5430756870565722,0.5587760919060992
fMuscle_leg-DS19158.hg19.hotspot.twopass.fdr0.05.merge.bed,fLung_L-DS18421.hg19.hotspot.twopass.fdr0.05.merge.bed,hyperloglog,B,23,NA,8,40,0.4931614398956299,0.35568190923326765,0.5099175813742587,0.5404237973324012,0.524949136253057,0.5251706893533299,0.5404237973324012
fMuscle_leg-DS19158.hg19.hotspot.twopass.fdr0.05.merge.bed,fLung_R-DS15632.hotspot.twopass.fdr0.05.merge.bed,hyperloglog,B,23,NA,8,40,0.4945638179779053,0.360985414685152,0.4744314498552106,0.6015367008622473,0.5342171179690858,0.5379840753587289,0.6015367008622473
fMuscle_leg-DS19158.hg19.hotspot.twopass.fdr0.05.merge.bed,fMuscle_arm-DS19053.hg19.hotspot.twopass.fdr0.05.merge.bed,hyperloglog,B,23,NA,8,40,0.6714345216751099,0.5734252241285536,0.6615410552773034,0.8115008745783826,0.7326944417197648,0.736520964927843,0.8115008745783826
fMuscle_leg-DS19158.hg19.hotspot.twopass.fdr0.05.merge.bed,fMuscle_back-DS18454.hg19.hotspot.twopass.fdr0.05.merge.bed,hyperloglog,B,23,NA,8,40,0.6574892997741699,0.5556057148293343,0.6503440092043922,0.7922739018198248,0.7178095748159896,0.7213089555121085,0.7922739018198248
fMuscle_leg-DS19158.hg19.hotspot.twopass.fdr0.05.merge.bed,fMuscle_leg-DS19115.hg19.hotspot.twopass.fdr0.05.merge.bed,hyperloglog,B,23,NA,8,40,0.6785763502120972,0.5827623046702932,0.6615309348265543,0.830343834095812,0.7411464988764825,0.7459373844611832,0.830343834095812
fMuscle_leg-DS19158.hg19.hotspot.twopass.fdr0.05.merge.bed,fMuscle_leg-DS19158.hg19.hotspot.twopass.fdr0.05.merge.bed,hyperloglog,B,23,NA,8,40,1.0,1.0,1.0,1.0,1.0,1.0,1.0
fMuscle_leg-DS19158.hg19.hotspot.twopass.fdr0.05.merge.bed,fSkin_fibro_bicep_R-DS19745.hg19.hotspot.twopass.fdr0.05.merge.bed,hyperloglog,B,23,NA,8,40,0.32840466499328613,0.1956955982544011,0.24380188044358325,0.49793707608125976,0.3484221512636513,0.3708694782624215,0.49793707608125976
fMuscle_leg-DS19158.hg19.hotspot.twopass.fdr0.05.merge.bed,fStomach-DS17659.hg19.hotspot.twopass.fdr0.05.merge.bed,hyperloglog,B,23,NA,8,40,0.4174010753631592,0.2907833634559962,0.34756815783431944,0.6402652187481643,0.4717370057624132,0.4939166882912419,0.6402652187481643
fSkin_fibro_bicep_R-DS19745.hg19.hotspot.twopass.fdr0.05.merge.bed,fBrain-DS14718.hotspot.twopass.fdr0.05.merge.bed,hyperloglog,B,23,NA,8,40,0.3102715755156459,0.15615547638704205,0.3266857766130934,0.2302646706615453,0.2742702914309625,0.27847522363731936,0.3266857766130934
fSkin_fibro_bicep_R-DS19745.hg19.hotspot.twopass.fdr0.05.merge.bed,fBrain-DS16302.hotspot.twopass.fdr0.05.merge.bed,hyperloglog,B,23,NA,8,40,0.2823760509490967,0.1354150667218744,0.3316160174490872,0.18624863898756636,0.24852169304986144,0.2589323282183268,0.3316160174490872
fSkin_fibro_bicep_R-DS19745.hg19.hotspot.twopass.fdr0.05.merge.bed,fHeart-DS15643.hotspot.twopass.fdr0.05.merge.bed,hyperloglog,B,23,NA,8,40,0.3325546184247277,0.18554624402779168,0.4044212000444501,0.2553089955298337,0.3213290686419741,0.3298650977871419,0.4044212000444501
fSkin_fibro_bicep_R-DS19745.hg19.hotspot.twopass.fdr0.05.merge.bed,fHeart-DS15839.hotspot.twopass.fdr0.05.merge.bed,hyperloglog,B,23,NA,8,40,0.3011428117752075,0.15627068852625797,0.3740693122320288,0.21160208505756312,0.2813429338447047,0.29283569864479597,0.3740693122320288
fSkin_fibro_bicep_R-DS19745.hg19.hotspot.twopass.fdr0.05.merge.bed,fHeart-DS16621.hotspot.twopass.fdr0.05.merge.bed,hyperloglog,B,23,NA,8,40,0.30829548835754395,0.17123679459903937,0.43619490090864954,0.21991007703662582,0.3097154407868689,0.32805248897263767,0.43619490090864954
fSkin_fibro_bicep_R-DS19745.hg19.hotspot.twopass.fdr0.05.merge.bed,fIntestine_Sm-DS16559.hotspot.twopass.fdr0.05.merge.bed,hyperloglog,B,23,NA,8,40,0.3208554983139038,0.17752228536286946,0.41482999357670863,0.2368282353823584,0.3134381204678955,0.3258291144795335,0.41482999357670863
fSkin_fibro_bicep_R-DS19745.hg19.hotspot.twopass.fdr0.05.merge.bed,fIntestine_Sm-DS16712.hg19.hotspot.twopass.fdr0.05.merge.bed,hyperloglog,B,23,NA,8,40,0.3472083988540125,0.1902900482637167,0.31718234906191384,0.32233369545339796,0.3197476484756632,0.3197580222576559,0.32233369545339796
fSkin_fibro_bicep_R-DS19745.hg19.hotspot.twopass.fdr0.05.merge.bed,fIntestine_Sm-DS16822.hotspot.twopass.fdr0.05.merge.bed,hyperloglog,B,23,NA,8,40,0.331679184837147,0.18362007878558823,0.39646087232853794,0.2548608005860842,0.3178715704851701,0.32566083645731103,0.39646087232853794
fSkin_fibro_bicep_R-DS19745.hg19.hotspot.twopass.fdr0.05.merge.bed,fIntestine_Sm-DS17808.hg19.hotspot.twopass.fdr0.05.merge.bed,hyperloglog,B,23,NA,8,40,0.3333096901547539,0.18454579357496884,0.3931166274839569,0.25806885230651444,0.31851398223216565,0.3255927398952357,0.3931166274839569
fSkin_fibro_bicep_R-DS19745.hg19.hotspot.twopass.fdr0.05.merge.bed,fIntestine_Sm-DS18495.hg19.hotspot.twopass.fdr0.05.merge.bed,hyperloglog,B,23,NA,8,40,0.3362847176276964,0.18308333714549974,0.36252353642293683,0.27001106515308865,0.31286637117565336,0.31626730078801274,0.36252353642293683
fSkin_fibro_bicep_R-DS19745.hg19.hotspot.twopass.fdr0.05.merge.bed,fKidney_renal_cortex_L-DS17550.hg19.hotspot.twopass.fdr0.05.merge.bed,hyperloglog,B,23,NA,8,40,0.3196967840194702,0.18110939803026194,0.444158878234893,0.23418775897419947,0.32251600320344403,0.33917331860454625,0.444158878234893
fSkin_fibro_bicep_R-DS19745.hg19.hotspot.twopass.fdr0.05.merge.bed,fLung_L-DS17154.hg19.hotspot.twopass.fdr0.05.merge.bed,hyperloglog,B,23,NA,8,40,0.3138800859451294,0.18354826651218814,0.4906813584609951,0.22674833152910334,0.33355835972654696,0.35871484499504924,0.4906813584609951
fSkin_fibro_bicep_R-DS19745.hg19.hotspot.twopass.fdr0.05.merge.bed,fLung_L-DS18421.hg19.hotspot.twopass.fdr0.05.merge.bed,hyperloglog,B,23,NA,8,40,0.32831788063049316,0.1916232677070292,0.47070190971078124,0.2442547538969681,0.3390740024172301,0.35747833180387467,0.47070190971078124
fSkin_fibro_bicep_R-DS19745.hg19.hotspot.twopass.fdr0.05.merge.bed,fLung_R-DS15632.hotspot.twopass.fdr0.05.merge.bed,hyperloglog,B,23,NA,8,40,0.34443275266084106,0.19931556419546137,0.43389610231601927,0.26936241319577536,0.34187029879193076,0.3516292577558973,0.43389610231601927
fSkin_fibro_bicep_R-DS19745.hg19.hotspot.twopass.fdr0.05.merge.bed,fMuscle_arm-DS19053.hg19.hotspot.twopass.fdr0.05.merge.bed,hyperloglog,B,23,NA,8,40,0.35710935081354983,0.21531708114756976,0.472150510217345,0.2835797661752178,0.3659130105461467,0.3778651381962814,0.472150510217345
fSkin_fibro_bicep_R-DS19745.hg19.hotspot.twopass.fdr0.05.merge.bed,fMuscle_back-DS18454.hg19.hotspot.twopass.fdr0.05.merge.bed,hyperloglog,B,23,NA,8,40,0.3638464646156388,0.22374283227775385,0.48935862977416994,0.2918919002253732,0.3779415567736199,0.39062526499977157,0.48935862977416994
fSkin_fibro_bicep_R-DS19745.hg19.hotspot.twopass.fdr0.05.merge.bed,fMuscle_leg-DS19115.hg19.hotspot.twopass.fdr0.05.merge.bed,hyperloglog,B,23,NA,8,40,0.3613700866699219,0.21934108358895738,0.47258604842286644,0.29043656383015404,0.37048113044797315,0.38151130612651024,0.47258604842286644
fSkin_fibro_bicep_R-DS19745.hg19.hotspot.twopass.fdr0.05.merge.bed,fMuscle_leg-DS19158.hg19.hotspot.twopass.fdr0.05.merge.bed,hyperloglog,B,23,NA,8,40,0.32840466499328613,0.1956955982544011,0.49793707608125976,0.24380188044358325,0.3484221512636513,0.3708694782624215,0.49793707608125976
fSkin_fibro_bicep_R-DS19745.hg19.hotspot.twopass.fdr0.05.merge.bed,fSkin_fibro_bicep_R-DS19745.hg19.hotspot.twopass.fdr0.05.merge.bed,hyperloglog,B,23,NA,8,40,1.0,1.0,1.0,1.0,1.0,1.0,1.0
fSkin_fibro_bicep_R-DS19745.hg19.hotspot.twopass.fdr0.05.merge.bed,fStomach-DS17659.hg19.hotspot.twopass.fdr0.05.merge.bed,hyperloglog,B,23,NA,8,40,0.382489951528201,0.2303402810544888,0.3947855563691289,0.3560768747601117,0.3749320033184035,0.3754312155646203,0.3947855563691289
fStomach-DS17659.hg19.hotspot.twopass.fdr0.05.merge.bed,fBrain-DS14718.hotspot.twopass.fdr0.05.merge.bed,hyperloglog,B,23,NA,8,40,0.39652531105581657,0.2489073504861579,0.45433106762765385,0.355047945706167,0.40163330568030353,0.4046895066669104,0.45433106762765385
fStomach-DS17659.hg19.hotspot.twopass.fdr0.05.merge.bed,fBrain-DS16302.hotspot.twopass.fdr0.05.merge.bed,hyperloglog,B,23,NA,8,40,0.35898613929748535,0.2153736653151756,0.46178994459776157,0.2875541012558259,0.3644030632250324,0.37467202292679375,0.46178994459776157
fStomach-DS17659.hg19.hotspot.twopass.fdr0.05.merge.bed,fHeart-DS15643.hotspot.twopass.fdr0.05.merge.bed,hyperloglog,B,23,NA,8,40,0.4342381279752407,0.295738693643298,0.5543321225952228,0.38798928771452607,0.46376171187690973,0.4711607051548744,0.5543321225952228
fStomach-DS17659.hg19.hotspot.twopass.fdr0.05.merge.bed,fHeart-DS15839.hotspot.twopass.fdr0.05.merge.bed,hyperloglog,B,23,NA,8,40,0.3888484703121746,0.24910665098618084,0.5174083236423507,0.3245030314581465,0.4097567199249093,0.4209556775502486,0.5174083236423507
fStomach-DS17659.hg19.hotspot.twopass.fdr0.05.merge.bed,fHeart-DS16621.hotspot.twopass.fdr0.05.merge.bed,hyperloglog,B,23,NA,8,40,0.39938342571258545,0.2681546361402827,0.589748035785418,0.32964655010668126,0.4409176855478295,0.45969729294604966,0.589748035785418
fStomach-DS17659.hg19.hotspot.twopass.fdr0.05.merge.bed,fIntestine_Sm-DS16559.hotspot.twopass.fdr0.05.merge.bed,hyperloglog,B,23,NA,8,40,0.4740191698074341,0.34692120659608505,0.6644849555383288,0.4205968032755573,0.5286589147305869,0.5425408794069431,0.6644849555383288
fStomach-DS17659.hg19.hotspot.twopass.fdr0.05.merge.bed,fIntestine_Sm-DS16712.hg19.hotspot.twopass.fdr0.05.merge.bed,hyperloglog,B,23,NA,8,40,0.4826385722376659,0.3443554838252468,0.48349061544030464,0.5447562612114515,0.5132100349740679,0.514123438325878,0.5447562612114515
fStomach-DS17659.hg19.hotspot.twopass.fdr0.05.merge.bed,fIntestine_Sm-DS16822.hotspot.twopass.fdr0.05.merge.bed,hyperloglog,B,23,NA,8,40,0.48644042015075684,0.35550813794971575,0.6302518228877036,0.4491943726203915,0.5320766600546393,0.5397230977540476,0.6302518228877036
fStomach-DS17659.hg19.hotspot.twopass.fdr0.05.merge.bed,fIntestine_Sm-DS17808.hg19.hotspot.twopass.fdr0.05.merge.bed,hyperloglog,B,23,NA,8,40,0.49181204936648004,0.3608798609449157,0.6295249215282448,0.458188927845742,0.5370673596926193,0.5438569246869934,0.6295249215282448
fStomach-DS17659.hg19.hotspot.twopass.fdr0.05.merge.bed,fIntestine_Sm-DS18495.hg19.hotspot.twopass.fdr0.05.merge.bed,hyperloglog,B,23,NA,8,40,0.4744841304326835,0.3364372887593133,0.5565964829151641,0.45962463453780406,0.505791908836934,0.508110558726484,0.5565964829151641
fStomach-DS17659.hg19.hotspot.twopass.fdr0.05.merge.bed,fKidney_renal_cortex_L-DS17550.hg19.hotspot.twopass.fdr0.05.merge.bed,hyperloglog,B,23,NA,8,40,0.4418501853942871,0.3146528042024141,0.6487705769645737,0.37925775879656515,0.49603555819390477,0.5140141678805694,0.6487705769645737
fStomach-DS17659.hg19.hotspot.twopass.fdr0.05.merge.bed,fLung_L-DS17154.hg19.hotspot.twopass.fdr0.05.merge.bed,hyperloglog,B,23,NA,8,40,0.4484313726425171,0.33197594053727675,0.73569688417288,0.3769302074417876,0.52659887881153,0.5563135458073338,0.73569688417288
fStomach-DS17659.hg19.hotspot.twopass.fdr0.05.merge.bed,fLung_L-DS18421.hg19.hotspot.twopass.fdr0.05.merge.bed,hyperloglog,B,23,NA,8,40,0.4763408899307251,0.3562007386398462,0.7191623290865788,0.4137533095672596,0.545486749404301,0.5664578193269192,0.7191623290865788
fStomach-DS17659.hg19.hotspot.twopass.fdr0.05.merge.bed,fLung_R-DS15632.hotspot.twopass.fdr0.05.merge.bed,hyperloglog,B,23,NA,8,40,0.4869198767947857,0.3577333936079055,0.6462821891651884,0.4448267729124207,0.5361749906486925,0.5455544810388046,0.6462821891651884
fStomach-DS17659.hg19.hotspot.twopass.fdr0.05.merge.bed,fMuscle_arm-DS19053.hg19.hotspot.twopass.fdr0.05.merge.bed,hyperloglog,B,23,NA,8,40,0.4556379861400111,0.32255212768906105,0.6101337885357027,0.40629112786886296,0.49788748236431185,0.5082124582022828,0.6101337885357027
fStomach-DS17659.hg19.hotspot.twopass.fdr0.05.merge.bed,fMuscle_back-DS18454.hg19.hotspot.twopass.fdr0.05.merge.bed,hyperloglog,B,23,NA,8,40,0.4589301347732544,0.32701960870388275,0.6190670894307753,0.40940203292754845,0.5034355221192679,0.5142345611791619,0.6190670894307753
fStomach-DS17659.hg19.hotspot.twopass.fdr0.05.merge.bed,fMuscle_leg-DS19115.hg19.hotspot.twopass.fdr0.05.merge.bed,hyperloglog,B,23,NA,8,40,0.4625119522228184,0.3295603567254047,0.6116518531938384,0.4167658977039334,0.5048917049017586,0.5142088754488859,0.6116518531938384
fStomach-DS17659.hg19.hotspot.twopass.fdr0.05.merge.bed,fMuscle_leg-DS19158.hg19.hotspot.twopass.fdr0.05.merge.bed,hyperloglog,B,23,NA,8,40,0.4174010753631592,0.2907833634559962,0.6402652187481643,0.34756815783431944,0.4717370057624132,0.4939166882912419,0.6402652187481643
fStomach-DS17659.hg19.hotspot.twopass.fdr0.05.merge.bed,fSkin_fibro_bicep_R-DS19745.hg19.hotspot.twopass.fdr0.05.merge.bed,hyperloglog,B,23,NA,8,40,0.382489951528201,0.2303402810544888,0.3560768747601117,0.3947855563691289,0.3749320033184035,0.3754312155646203,0.3947855563691289
fStomach-DS17659.hg19.hotspot.twopass.fdr0.05.merge.bed,fStomach-DS17659.hg19.hotspot.twopass.fdr0.05.merge.bed,hyperloglog,B,23,NA,8,40,1.0,1.0,1.0,1.0,1.0,1.0,1.0
