corpus,method,size_class,num_intervals,subB,rep,run_id,file_a,file_b,jaccard,wall_time,cpu_time,max_rss_mb,sketch_creation_time,comparison_time,precision,threads
maurano,bedtools,maurano,,1.0,0,1,fBrain-DS14718.hotspot.twopass.fdr0.05.merge.bed,fHeart-DS15643.hotspot.twopass.fdr0.05.merge.bed,0.240543,7.07395076751709,54.235329,19.046875,,,,8
maurano,bedtools,maurano,,1.0,0,1,fBrain-DS14718.hotspot.twopass.fdr0.05.merge.bed,fBrain-DS16302.hotspot.twopass.fdr0.05.merge.bed,0.354341,7.07395076751709,54.235329,19.046875,,,,8
maurano,bedtools,maurano,,1.0,0,1,fBrain-DS14718.hotspot.twopass.fdr0.05.merge.bed,fIntestine_Sm-DS16712.hg19.hotspot.twopass.fdr0.05.merge.bed,0.206104,7.07395076751709,54.235329,19.046875,,,,8
maurano,bedtools,maurano,,1.0,0,1,fBrain-DS14718.hotspot.twopass.fdr0.05.merge.bed,fHeart-DS16621.hotspot.twopass.fdr0.05.merge.bed,0.227235,7.07395076751709,54.235329,19.046875,,,,8
maurano,bedtools,maurano,,1.0,0,1,fBrain-DS14718.hotspot.twopass.fdr0.05.merge.bed,fIntestine_Sm-DS16559.hotspot.twopass.fdr0.05.merge.bed,0.208473,7.07395076751709,54.235329,19.046875,,,,8
maurano,bedtools,maurano,,1.0,0,1,fBrain-DS14718.hotspot.twopass.fdr0.05.merge.bed,fIntestine_Sm-DS16822.hotspot.twopass.fdr0.05.merge.bed,0.201612,7.07395076751709,54.235329,19.046875,,,,8
maurano,bedtools,maurano,,1.0,0,1,fBrain-DS14718.hotspot.twopass.fdr0.05.merge.bed,fHeart-DS15839.hotspot.twopass.fdr0.05.merge.bed,0.220057,7.07395076751709,54.235329,19.046875,,,,8
maurano,bedtools,maurano,,1.0,0,1,fBrain-DS14718.hotspot.twopass.fdr0.05.merge.bed,fIntestine_Sm-DS18495.hg19.hotspot.twopass.fdr0.05.merge.bed,0.190684,7.07395076751709,54.235329,19.046875,,,,8
maurano,bedtools,maurano,,1.0,0,1,fBrain-DS14718.hotspot.twopass.fdr0.05.merge.bed,fIntestine_Sm-DS17808.hg19.hotspot.twopass.fdr0.05.merge.bed,0.215237,7.07395076751709,54.235329,19.046875,,,,8
maurano,bedtools,maurano,,1.0,0,1,fBrain-DS14718.hotspot.twopass.fdr0.05.merge.bed,fLung_R-DS15632.hotspot.twopass.fdr0.05.merge.bed,0.260759,7.07395076751709,54.235329,19.046875,,,,8
maurano,bedtools,maurano,,1.0,0,1,fBrain-DS14718.hotspot.twopass.fdr0.05.merge.bed,fLung_L-DS17154.hg19.hotspot.twopass.fdr0.05.merge.bed,0.254287,7.07395076751709,54.235329,19.046875,,,,8
maurano,bedtools,maurano,,1.0,0,1,fBrain-DS14718.hotspot.twopass.fdr0.05.merge.bed,fKidney_renal_cortex_L-DS17550.hg19.hotspot.twopass.fdr0.05.merge.bed,0.260934,7.07395076751709,54.235329,19.046875,,,,8
maurano,bedtools,maurano,,1.0,0,1,fBrain-DS14718.hotspot.twopass.fdr0.05.merge.bed,fLung_L-DS18421.hg19.hotspot.twopass.fdr0.05.merge.bed,0.25417,7.07395076751709,54.235329,19.046875,,,,8
maurano,bedtools,maurano,,1.0,0,1,fBrain-DS14718.hotspot.twopass.fdr0.05.merge.bed,fMuscle_arm-DS19053.hg19.hotspot.twopass.fdr0.05.merge.bed,0.263693,7.07395076751709,54.235329,19.046875,,,,8
maurano,bedtools,maurano,,1.0,0,1,fBrain-DS14718.hotspot.twopass.fdr0.05.merge.bed,fMuscle_back-DS18454.hg19.hotspot.twopass.fdr0.05.merge.bed,0.265443,7.07395076751709,54.235329,19.046875,,,,8
maurano,bedtools,maurano,,1.0,0,1,fBrain-DS14718.hotspot.twopass.fdr0.05.merge.bed,fMuscle_leg-DS19115.hg19.hotspot.twopass.fdr0.05.merge.bed,0.266904,7.07395076751709,54.235329,19.046875,,,,8
maurano,bedtools,maurano,,1.0,0,1,fBrain-DS16302.hotspot.twopass.fdr0.05.merge.bed,fHeart-DS15643.hotspot.twopass.fdr0.05.merge.bed,0.231572,7.07395076751709,54.235329,19.046875,,,,8
maurano,bedtools,maurano,,1.0,0,1,fBrain-DS14718.hotspot.twopass.fdr0.05.merge.bed,fSkin_fibro_bicep_R-DS19745.hg19.hotspot.twopass.fdr0.05.merge.bed,0.15608,7.07395076751709,54.235329,19.046875,,,,8
maurano,bedtools,maurano,,1.0,0,1,fBrain-DS14718.hotspot.twopass.fdr0.05.merge.bed,fStomach-DS17659.hg19.hotspot.twopass.fdr0.05.merge.bed,0.248625,7.07395076751709,54.235329,19.046875,,,,8
maurano,bedtools,maurano,,1.0,0,1,fBrain-DS14718.hotspot.twopass.fdr0.05.merge.bed,fMuscle_leg-DS19158.hg19.hotspot.twopass.fdr0.05.merge.bed,0.244176,7.07395076751709,54.235329,19.046875,,,,8
maurano,bedtools,maurano,,1.0,0,1,fBrain-DS16302.hotspot.twopass.fdr0.05.merge.bed,fHeart-DS15839.hotspot.twopass.fdr0.05.merge.bed,0.209813,7.07395076751709,54.235329,19.046875,,,,8
maurano,bedtools,maurano,,1.0,0,1,fBrain-DS16302.hotspot.twopass.fdr0.05.merge.bed,fHeart-DS16621.hotspot.twopass.fdr0.05.merge.bed,0.226111,7.07395076751709,54.235329,19.046875,,,,8
maurano,bedtools,maurano,,1.0,0,1,fBrain-DS16302.hotspot.twopass.fdr0.05.merge.bed,fIntestine_Sm-DS16712.hg19.hotspot.twopass.fdr0.05.merge.bed,0.17876,7.07395076751709,54.235329,19.046875,,,,8
maurano,bedtools,maurano,,1.0,0,1,fBrain-DS16302.hotspot.twopass.fdr0.05.merge.bed,fIntestine_Sm-DS16559.hotspot.twopass.fdr0.05.merge.bed,0.194993,7.07395076751709,54.235329,19.046875,,,,8
maurano,bedtools,maurano,,1.0,0,1,fBrain-DS16302.hotspot.twopass.fdr0.05.merge.bed,fIntestine_Sm-DS18495.hg19.hotspot.twopass.fdr0.05.merge.bed,0.175085,7.07395076751709,54.235329,19.046875,,,,8
maurano,bedtools,maurano,,1.0,0,1,fBrain-DS16302.hotspot.twopass.fdr0.05.merge.bed,fIntestine_Sm-DS17808.hg19.hotspot.twopass.fdr0.05.merge.bed,0.191957,7.07395076751709,54.235329,19.046875,,,,8
maurano,bedtools,maurano,,1.0,0,1,fBrain-DS16302.hotspot.twopass.fdr0.05.merge.bed,fIntestine_Sm-DS16822.hotspot.twopass.fdr0.05.merge.bed,0.183641,7.07395076751709,54.235329,19.046875,,,,8
maurano,bedtools,maurano,,1.0,0,1,fBrain-DS16302.hotspot.twopass.fdr0.05.merge.bed,fLung_L-DS17154.hg19.hotspot.twopass.fdr0.05.merge.bed,0.258712,7.07395076751709,54.235329,19.046875,,,,8
maurano,bedtools,maurano,,1.0,0,1,fBrain-DS16302.hotspot.twopass.fdr0.05.merge.bed,fKidney_renal_cortex_L-DS17550.hg19.hotspot.twopass.fdr0.05.merge.bed,0.237877,7.07395076751709,54.235329,19.046875,,,,8
maurano,bedtools,maurano,,1.0,0,1,fBrain-DS16302.hotspot.twopass.fdr0.05.merge.bed,fLung_L-DS18421.hg19.hotspot.twopass.fdr0.05.merge.bed,0.251358,7.07395076751709,54.235329,19.046875,,,,8
maurano,bedtools,maurano,,1.0,0,1,fBrain-DS16302.hotspot.twopass.fdr0.05.merge.bed,fMuscle_arm-DS19053.hg19.hotspot.twopass.fdr0.05.merge.bed,0.252318,7.07395076751709,54.235329,19.046875,,,,8
maurano,bedtools,maurano,,1.0,0,1,fBrain-DS16302.hotspot.twopass.fdr0.05.merge.bed,fLung_R-DS15632.hotspot.twopass.fdr0.05.merge.bed,0.259236,7.07395076751709,54.235329,19.046875,,,,8
maurano,bedtools,maurano,,1.0,0,1,fBrain-DS16302.hotspot.twopass.fdr0.05.merge.bed,fMuscle_back-DS18454.hg19.hotspot.twopass.fdr0.05.merge.bed,0.24471,7.07395076751709,54.235329,19.046875,,,,8
maurano,bedtools,maurano,,1.0,0,1,fBrain-DS16302.hotspot.twopass.fdr0.05.merge.bed,fMuscle_leg-DS19115.hg19.hotspot.twopass.fdr0.05.merge.bed,0.249425,7.07395076751709,54.235329,19.046875,,,,8
maurano,bedtools,maurano,,1.0,0,1,fBrain-DS16302.hotspot.twopass.fdr0.05.merge.bed,fSkin_fibro_bicep_R-DS19745.hg19.hotspot.twopass.fdr0.05.merge.bed,0.135481,7.07395076751709,54.235329,19.046875,,,,8
maurano,bedtools,maurano,,1.0,0,1,fBrain-DS16302.hotspot.twopass.fdr0.05.merge.bed,fMuscle_leg-DS19158.hg19.hotspot.twopass.fdr0.05.merge.bed,0.244333,7.07395076751709,54.235329,19.046875,,,,8
maurano,bedtools,maurano,,1.0,0,1,fBrain-DS16302.hotspot.twopass.fdr0.05.merge.bed,fStomach-DS17659.hg19.hotspot.twopass.fdr0.05.merge.bed,0.215611,7.07395076751709,54.235329,19.046875,,,,8
maurano,bedtools,maurano,,1.0,0,1,fHeart-DS15643.hotspot.twopass.fdr0.05.merge.bed,fHeart-DS16621.hotspot.twopass.fdr0.05.merge.bed,0.612503,7.07395076751709,54.235329,19.046875,,,,8
maurano,bedtools,maurano,,1.0,0,1,fHeart-DS15643.hotspot.twopass.fdr0.05.merge.bed,fIntestine_Sm-DS16712.hg19.hotspot.twopass.fdr0.05.merge.bed,0.252223,7.07395076751709,54.235329,19.046875,,,,8
maurano,bedtools,maurano,,1.0,0,1,fHeart-DS15643.hotspot.twopass.fdr0.05.merge.bed,fIntestine_Sm-DS16559.hotspot.twopass.fdr0.05.merge.bed,0.274958,7.07395076751709,54.235329,19.046875,,,,8
maurano,bedtools,maurano,,1.0,0,1,fHeart-DS15643.hotspot.twopass.fdr0.05.merge.bed,fHeart-DS15839.hotspot.twopass.fdr0.05.merge.bed,0.501456,7.07395076751709,54.235329,19.046875,,,,8
maurano,bedtools,maurano,,1.0,0,1,fHeart-DS15643.hotspot.twopass.fdr0.05.merge.bed,fIntestine_Sm-DS16822.hotspot.twopass.fdr0.05.merge.bed,0.259862,7.07395076751709,54.235329,19.046875,,,,8
maurano,bedtools,maurano,,1.0,0,1,fHeart-DS15643.hotspot.twopass.fdr0.05.merge.bed,fIntestine_Sm-DS17808.hg19.hotspot.twopass.fdr0.05.merge.bed,0.279561,7.07395076751709,54.235329,19.046875,,,,8
maurano,bedtools,maurano,,1.0,0,1,fHeart-DS15643.hotspot.twopass.fdr0.05.merge.bed,fIntestine_Sm-DS18495.hg19.hotspot.twopass.fdr0.05.merge.bed,0.247321,7.07395076751709,54.235329,19.046875,,,,8
maurano,bedtools,maurano,,1.0,0,1,fHeart-DS15643.hotspot.twopass.fdr0.05.merge.bed,fLung_R-DS15632.hotspot.twopass.fdr0.05.merge.bed,0.327153,7.07395076751709,54.235329,19.046875,,,,8
maurano,bedtools,maurano,,1.0,0,1,fHeart-DS15643.hotspot.twopass.fdr0.05.merge.bed,fKidney_renal_cortex_L-DS17550.hg19.hotspot.twopass.fdr0.05.merge.bed,0.305128,7.07395076751709,54.235329,19.046875,,,,8
maurano,bedtools,maurano,,1.0,0,1,fHeart-DS15643.hotspot.twopass.fdr0.05.merge.bed,fLung_L-DS17154.hg19.hotspot.twopass.fdr0.05.merge.bed,0.321958,7.07395076751709,54.235329,19.046875,,,,8
maurano,bedtools,maurano,,1.0,0,1,fHeart-DS15643.hotspot.twopass.fdr0.05.merge.bed,fLung_L-DS18421.hg19.hotspot.twopass.fdr0.05.merge.bed,0.323751,7.07395076751709,54.235329,19.046875,,,,8
maurano,bedtools,maurano,,1.0,0,1,fHeart-DS15643.hotspot.twopass.fdr0.05.merge.bed,fMuscle_arm-DS19053.hg19.hotspot.twopass.fdr0.05.merge.bed,0.322471,7.07395076751709,54.235329,19.046875,,,,8
maurano,bedtools,maurano,,1.0,0,1,fHeart-DS15643.hotspot.twopass.fdr0.05.merge.bed,fMuscle_back-DS18454.hg19.hotspot.twopass.fdr0.05.merge.bed,0.32779,7.07395076751709,54.235329,19.046875,,,,8
maurano,bedtools,maurano,,1.0,0,1,fHeart-DS15643.hotspot.twopass.fdr0.05.merge.bed,fMuscle_leg-DS19115.hg19.hotspot.twopass.fdr0.05.merge.bed,0.321602,7.07395076751709,54.235329,19.046875,,,,8
maurano,bedtools,maurano,,1.0,0,1,fHeart-DS15643.hotspot.twopass.fdr0.05.merge.bed,fMuscle_leg-DS19158.hg19.hotspot.twopass.fdr0.05.merge.bed,0.297134,7.07395076751709,54.235329,19.046875,,,,8
maurano,bedtools,maurano,,1.0,0,1,fHeart-DS15643.hotspot.twopass.fdr0.05.merge.bed,fSkin_fibro_bicep_R-DS19745.hg19.hotspot.twopass.fdr0.05.merge.bed,0.18551,7.07395076751709,54.235329,19.046875,,,,8
maurano,bedtools,maurano,,1.0,0,1,fHeart-DS15643.hotspot.twopass.fdr0.05.merge.bed,fStomach-DS17659.hg19.hotspot.twopass.fdr0.05.merge.bed,0.295735,7.07395076751709,54.235329,19.046875,,,,8
maurano,bedtools,maurano,,1.0,0,1,fHeart-DS15839.hotspot.twopass.fdr0.05.merge.bed,fHeart-DS16621.hotspot.twopass.fdr0.05.merge.bed,0.50637,7.07395076751709,54.235329,19.046875,,,,8
maurano,bedtools,maurano,,1.0,0,1,fHeart-DS15839.hotspot.twopass.fdr0.05.merge.bed,fIntestine_Sm-DS16712.hg19.hotspot.twopass.fdr0.05.merge.bed,0.234683,7.07395076751709,54.235329,19.046875,,,,8
maurano,bedtools,maurano,,1.0,0,1,fHeart-DS15839.hotspot.twopass.fdr0.05.merge.bed,fIntestine_Sm-DS16559.hotspot.twopass.fdr0.05.merge.bed,0.253843,7.07395076751709,54.235329,19.046875,,,,8
maurano,bedtools,maurano,,1.0,0,1,fHeart-DS15839.hotspot.twopass.fdr0.05.merge.bed,fIntestine_Sm-DS16822.hotspot.twopass.fdr0.05.merge.bed,0.236505,7.07395076751709,54.235329,19.046875,,,,8
maurano,bedtools,maurano,,1.0,0,1,fHeart-DS15839.hotspot.twopass.fdr0.05.merge.bed,fIntestine_Sm-DS18495.hg19.hotspot.twopass.fdr0.05.merge.bed,0.220866,7.07395076751709,54.235329,19.046875,,,,8
maurano,bedtools,maurano,,1.0,0,1,fHeart-DS15839.hotspot.twopass.fdr0.05.merge.bed,fIntestine_Sm-DS17808.hg19.hotspot.twopass.fdr0.05.merge.bed,0.262172,7.07395076751709,54.235329,19.046875,,,,8
maurano,bedtools,maurano,,1.0,0,1,fHeart-DS15839.hotspot.twopass.fdr0.05.merge.bed,fKidney_renal_cortex_L-DS17550.hg19.hotspot.twopass.fdr0.05.merge.bed,0.278114,7.07395076751709,54.235329,19.046875,,,,8
maurano,bedtools,maurano,,1.0,0,1,fHeart-DS15839.hotspot.twopass.fdr0.05.merge.bed,fLung_L-DS17154.hg19.hotspot.twopass.fdr0.05.merge.bed,0.289965,7.07395076751709,54.235329,19.046875,,,,8
maurano,bedtools,maurano,,1.0,0,1,fHeart-DS15839.hotspot.twopass.fdr0.05.merge.bed,fLung_R-DS15632.hotspot.twopass.fdr0.05.merge.bed,0.280371,7.07395076751709,54.235329,19.046875,,,,8
maurano,bedtools,maurano,,1.0,0,1,fHeart-DS15839.hotspot.twopass.fdr0.05.merge.bed,fLung_L-DS18421.hg19.hotspot.twopass.fdr0.05.merge.bed,0.285643,7.07395076751709,54.235329,19.046875,,,,8
maurano,bedtools,maurano,,1.0,0,1,fHeart-DS15839.hotspot.twopass.fdr0.05.merge.bed,fMuscle_arm-DS19053.hg19.hotspot.twopass.fdr0.05.merge.bed,0.273637,7.07395076751709,54.235329,19.046875,,,,8
maurano,bedtools,maurano,,1.0,0,1,fHeart-DS15839.hotspot.twopass.fdr0.05.merge.bed,fMuscle_back-DS18454.hg19.hotspot.twopass.fdr0.05.merge.bed,0.273879,7.07395076751709,54.235329,19.046875,,,,8
maurano,bedtools,maurano,,1.0,0,1,fHeart-DS15839.hotspot.twopass.fdr0.05.merge.bed,fMuscle_leg-DS19158.hg19.hotspot.twopass.fdr0.05.merge.bed,0.250537,7.07395076751709,54.235329,19.046875,,,,8
maurano,bedtools,maurano,,1.0,0,1,fHeart-DS15839.hotspot.twopass.fdr0.05.merge.bed,fMuscle_leg-DS19115.hg19.hotspot.twopass.fdr0.05.merge.bed,0.265811,7.07395076751709,54.235329,19.046875,,,,8
maurano,bedtools,maurano,,1.0,0,1,fHeart-DS15839.hotspot.twopass.fdr0.05.merge.bed,fSkin_fibro_bicep_R-DS19745.hg19.hotspot.twopass.fdr0.05.merge.bed,0.155952,7.07395076751709,54.235329,19.046875,,,,8
maurano,bedtools,maurano,,1.0,0,1,fHeart-DS15839.hotspot.twopass.fdr0.05.merge.bed,fStomach-DS17659.hg19.hotspot.twopass.fdr0.05.merge.bed,0.2491,7.07395076751709,54.235329,19.046875,,,,8
maurano,bedtools,maurano,,1.0,0,1,fHeart-DS16621.hotspot.twopass.fdr0.05.merge.bed,fIntestine_Sm-DS16712.hg19.hotspot.twopass.fdr0.05.merge.bed,0.226441,7.07395076751709,54.235329,19.046875,,,,8
maurano,bedtools,maurano,,1.0,0,1,fHeart-DS16621.hotspot.twopass.fdr0.05.merge.bed,fIntestine_Sm-DS16559.hotspot.twopass.fdr0.05.merge.bed,0.270273,7.07395076751709,54.235329,19.046875,,,,8
maurano,bedtools,maurano,,1.0,0,1,fHeart-DS16621.hotspot.twopass.fdr0.05.merge.bed,fIntestine_Sm-DS16822.hotspot.twopass.fdr0.05.merge.bed,0.248787,7.07395076751709,54.235329,19.046875,,,,8
maurano,bedtools,maurano,,1.0,0,1,fHeart-DS16621.hotspot.twopass.fdr0.05.merge.bed,fIntestine_Sm-DS18495.hg19.hotspot.twopass.fdr0.05.merge.bed,0.23503,7.07395076751709,54.235329,19.046875,,,,8
maurano,bedtools,maurano,,1.0,0,1,fHeart-DS16621.hotspot.twopass.fdr0.05.merge.bed,fIntestine_Sm-DS17808.hg19.hotspot.twopass.fdr0.05.merge.bed,0.262196,7.07395076751709,54.235329,19.046875,,,,8
maurano,bedtools,maurano,,1.0,0,1,fHeart-DS16621.hotspot.twopass.fdr0.05.merge.bed,fKidney_renal_cortex_L-DS17550.hg19.hotspot.twopass.fdr0.05.merge.bed,0.296984,7.07395076751709,54.235329,19.046875,,,,8
maurano,bedtools,maurano,,1.0,0,1,fHeart-DS16621.hotspot.twopass.fdr0.05.merge.bed,fLung_L-DS17154.hg19.hotspot.twopass.fdr0.05.merge.bed,0.319891,7.07395076751709,54.235329,19.046875,,,,8
maurano,bedtools,maurano,,1.0,0,1,fHeart-DS16621.hotspot.twopass.fdr0.05.merge.bed,fLung_R-DS15632.hotspot.twopass.fdr0.05.merge.bed,0.309777,7.07395076751709,54.235329,19.046875,,,,8
maurano,bedtools,maurano,,1.0,0,1,fHeart-DS16621.hotspot.twopass.fdr0.05.merge.bed,fLung_L-DS18421.hg19.hotspot.twopass.fdr0.05.merge.bed,0.317823,7.07395076751709,54.235329,19.046875,,,,8
maurano,bedtools,maurano,,1.0,0,1,fHeart-DS16621.hotspot.twopass.fdr0.05.merge.bed,fMuscle_arm-DS19053.hg19.hotspot.twopass.fdr0.05.merge.bed,0.305358,7.07395076751709,54.235329,19.046875,,,,8
maurano,bedtools,maurano,,1.0,0,1,fHeart-DS16621.hotspot.twopass.fdr0.05.merge.bed,fMuscle_back-DS18454.hg19.hotspot.twopass.fdr0.05.merge.bed,0.309559,7.07395076751709,54.235329,19.046875,,,,8
maurano,bedtools,maurano,,1.0,0,1,fHeart-DS16621.hotspot.twopass.fdr0.05.merge.bed,fMuscle_leg-DS19115.hg19.hotspot.twopass.fdr0.05.merge.bed,0.301319,7.07395076751709,54.235329,19.046875,,,,8
maurano,bedtools,maurano,,1.0,0,1,fHeart-DS16621.hotspot.twopass.fdr0.05.merge.bed,fMuscle_leg-DS19158.hg19.hotspot.twopass.fdr0.05.merge.bed,0.291388,7.07395076751709,54.235329,19.046875,,,,8
maurano,bedtools,maurano,,1.0,0,1,fHeart-DS16621.hotspot.twopass.fdr0.05.merge.bed,fSkin_fibro_bicep_R-DS19745.hg19.hotspot.twopass.fdr0.05.merge.bed,0.170995,7.07395076751709,54.235329,19.046875,,,,8
maurano,bedtools,maurano,,1.0,0,1,fHeart-DS16621.hotspot.twopass.fdr0.05.merge.bed,fStomach-DS17659.hg19.hotspot.twopass.fdr0.05.merge.bed,0.267889,7.07395076751709,54.235329,19.046875,,,,8
maurano,bedtools,maurano,,1.0,0,1,fIntestine_Sm-DS16559.hotspot.twopass.fdr0.05.merge.bed,fIntestine_Sm-DS16712.hg19.hotspot.twopass.fdr0.05.merge.bed,0.451537,7.07395076751709,54.235329,19.046875,,,,8
maurano,bedtools,maurano,,1.0,0,1,fIntestine_Sm-DS16559.hotspot.twopass.fdr0.05.merge.bed,fIntestine_Sm-DS16822.hotspot.twopass.fdr0.05.merge.bed,0.607371,7.07395076751709,54.235329,19.046875,,,,8
maurano,bedtools,maurano,,1.0,0,1,fIntestine_Sm-DS16559.hotspot.twopass.fdr0.05.merge.bed,fIntestine_Sm-DS17808.hg19.hotspot.twopass.fdr0.05.merge.bed,0.57613,7.07395076751709,54.235329,19.046875,,,,8
maurano,bedtools,maurano,,1.0,0,1,fIntestine_Sm-DS16559.hotspot.twopass.fdr0.05.merge.bed,fIntestine_Sm-DS18495.hg19.hotspot.twopass.fdr0.05.merge.bed,0.554788,7.07395076751709,54.235329,19.046875,,,,8
maurano,bedtools,maurano,,1.0,0,1,fIntestine_Sm-DS16559.hotspot.twopass.fdr0.05.merge.bed,fKidney_renal_cortex_L-DS17550.hg19.hotspot.twopass.fdr0.05.merge.bed,0.313097,7.07395076751709,54.235329,19.046875,,,,8
maurano,bedtools,maurano,,1.0,0,1,fIntestine_Sm-DS16559.hotspot.twopass.fdr0.05.merge.bed,fLung_L-DS17154.hg19.hotspot.twopass.fdr0.05.merge.bed,0.313202,7.07395076751709,54.235329,19.046875,,,,8
maurano,bedtools,maurano,,1.0,0,1,fIntestine_Sm-DS16559.hotspot.twopass.fdr0.05.merge.bed,fLung_L-DS18421.hg19.hotspot.twopass.fdr0.05.merge.bed,0.325796,7.07395076751709,54.235329,19.046875,,,,8
maurano,bedtools,maurano,,1.0,0,1,fIntestine_Sm-DS16559.hotspot.twopass.fdr0.05.merge.bed,fMuscle_arm-DS19053.hg19.hotspot.twopass.fdr0.05.merge.bed,0.27922,7.07395076751709,54.235329,19.046875,,,,8
maurano,bedtools,maurano,,1.0,0,1,fIntestine_Sm-DS16559.hotspot.twopass.fdr0.05.merge.bed,fLung_R-DS15632.hotspot.twopass.fdr0.05.merge.bed,0.310454,7.07395076751709,54.235329,19.046875,,,,8
maurano,bedtools,maurano,,1.0,0,1,fIntestine_Sm-DS16559.hotspot.twopass.fdr0.05.merge.bed,fMuscle_back-DS18454.hg19.hotspot.twopass.fdr0.05.merge.bed,0.276469,7.07395076751709,54.235329,19.046875,,,,8
maurano,bedtools,maurano,,1.0,0,1,fIntestine_Sm-DS16559.hotspot.twopass.fdr0.05.merge.bed,fMuscle_leg-DS19115.hg19.hotspot.twopass.fdr0.05.merge.bed,0.273837,7.07395076751709,54.235329,19.046875,,,,8
maurano,bedtools,maurano,,1.0,0,1,fIntestine_Sm-DS16559.hotspot.twopass.fdr0.05.merge.bed,fSkin_fibro_bicep_R-DS19745.hg19.hotspot.twopass.fdr0.05.merge.bed,0.177436,7.07395076751709,54.235329,19.046875,,,,8
maurano,bedtools,maurano,,1.0,0,1,fIntestine_Sm-DS16559.hotspot.twopass.fdr0.05.merge.bed,fMuscle_leg-DS19158.hg19.hotspot.twopass.fdr0.05.merge.bed,0.264617,7.07395076751709,54.235329,19.046875,,,,8
maurano,bedtools,maurano,,1.0,0,1,fIntestine_Sm-DS16559.hotspot.twopass.fdr0.05.merge.bed,fStomach-DS17659.hg19.hotspot.twopass.fdr0.05.merge.bed,0.347187,7.07395076751709,54.235329,19.046875,,,,8
maurano,bedtools,maurano,,1.0,0,1,fIntestine_Sm-DS16712.hg19.hotspot.twopass.fdr0.05.merge.bed,fIntestine_Sm-DS16822.hotspot.twopass.fdr0.05.merge.bed,0.481841,7.07395076751709,54.235329,19.046875,,,,8
maurano,bedtools,maurano,,1.0,0,1,fIntestine_Sm-DS16712.hg19.hotspot.twopass.fdr0.05.merge.bed,fIntestine_Sm-DS17808.hg19.hotspot.twopass.fdr0.05.merge.bed,0.523853,7.07395076751709,54.235329,19.046875,,,,8
maurano,bedtools,maurano,,1.0,0,1,fIntestine_Sm-DS16712.hg19.hotspot.twopass.fdr0.05.merge.bed,fIntestine_Sm-DS18495.hg19.hotspot.twopass.fdr0.05.merge.bed,0.480868,7.07395076751709,54.235329,19.046875,,,,8
maurano,bedtools,maurano,,1.0,0,1,fIntestine_Sm-DS16712.hg19.hotspot.twopass.fdr0.05.merge.bed,fKidney_renal_cortex_L-DS17550.hg19.hotspot.twopass.fdr0.05.merge.bed,0.269365,7.07395076751709,54.235329,19.046875,,,,8
maurano,bedtools,maurano,,1.0,0,1,fIntestine_Sm-DS16712.hg19.hotspot.twopass.fdr0.05.merge.bed,fLung_L-DS17154.hg19.hotspot.twopass.fdr0.05.merge.bed,0.251144,7.07395076751709,54.235329,19.046875,,,,8
maurano,bedtools,maurano,,1.0,0,1,fIntestine_Sm-DS16712.hg19.hotspot.twopass.fdr0.05.merge.bed,fLung_R-DS15632.hotspot.twopass.fdr0.05.merge.bed,0.273746,7.07395076751709,54.235329,19.046875,,,,8
maurano,bedtools,maurano,,1.0,0,1,fIntestine_Sm-DS16712.hg19.hotspot.twopass.fdr0.05.merge.bed,fMuscle_arm-DS19053.hg19.hotspot.twopass.fdr0.05.merge.bed,0.242071,7.07395076751709,54.235329,19.046875,,,,8
maurano,bedtools,maurano,,1.0,0,1,fIntestine_Sm-DS16712.hg19.hotspot.twopass.fdr0.05.merge.bed,fLung_L-DS18421.hg19.hotspot.twopass.fdr0.05.merge.bed,0.26833,7.07395076751709,54.235329,19.046875,,,,8
maurano,bedtools,maurano,,1.0,0,1,fIntestine_Sm-DS16712.hg19.hotspot.twopass.fdr0.05.merge.bed,fMuscle_back-DS18454.hg19.hotspot.twopass.fdr0.05.merge.bed,0.241538,7.07395076751709,54.235329,19.046875,,,,8
maurano,bedtools,maurano,,1.0,0,1,fIntestine_Sm-DS16712.hg19.hotspot.twopass.fdr0.05.merge.bed,fMuscle_leg-DS19115.hg19.hotspot.twopass.fdr0.05.merge.bed,0.240317,7.07395076751709,54.235329,19.046875,,,,8
maurano,bedtools,maurano,,1.0,0,1,fIntestine_Sm-DS16712.hg19.hotspot.twopass.fdr0.05.merge.bed,fSkin_fibro_bicep_R-DS19745.hg19.hotspot.twopass.fdr0.05.merge.bed,0.190258,7.07395076751709,54.235329,19.046875,,,,8
maurano,bedtools,maurano,,1.0,0,1,fIntestine_Sm-DS16712.hg19.hotspot.twopass.fdr0.05.merge.bed,fMuscle_leg-DS19158.hg19.hotspot.twopass.fdr0.05.merge.bed,0.210362,7.07395076751709,54.235329,19.046875,,,,8
maurano,bedtools,maurano,,1.0,0,1,fIntestine_Sm-DS16712.hg19.hotspot.twopass.fdr0.05.merge.bed,fStomach-DS17659.hg19.hotspot.twopass.fdr0.05.merge.bed,0.344375,7.07395076751709,54.235329,19.046875,,,,8
maurano,bedtools,maurano,,1.0,0,1,fIntestine_Sm-DS16822.hotspot.twopass.fdr0.05.merge.bed,fIntestine_Sm-DS18495.hg19.hotspot.twopass.fdr0.05.merge.bed,0.569733,7.07395076751709,54.235329,19.046875,,,,8
maurano,bedtools,maurano,,1.0,0,1,fIntestine_Sm-DS16822.hotspot.twopass.fdr0.05.merge.bed,fIntestine_Sm-DS17808.hg19.hotspot.twopass.fdr0.05.merge.bed,0.59865,7.07395076751709,54.235329,19.046875,,,,8
maurano,bedtools,maurano,,1.0,0,1,fIntestine_Sm-DS16822.hotspot.twopass.fdr0.05.merge.bed,fKidney_renal_cortex_L-DS17550.hg19.hotspot.twopass.fdr0.05.merge.bed,0.289532,7.07395076751709,54.235329,19.046875,,,,8
maurano,bedtools,maurano,,1.0,0,1,fIntestine_Sm-DS16822.hotspot.twopass.fdr0.05.merge.bed,fLung_L-DS18421.hg19.hotspot.twopass.fdr0.05.merge.bed,0.300228,7.07395076751709,54.235329,19.046875,,,,8
maurano,bedtools,maurano,,1.0,0,1,fIntestine_Sm-DS16822.hotspot.twopass.fdr0.05.merge.bed,fLung_R-DS15632.hotspot.twopass.fdr0.05.merge.bed,0.289781,7.07395076751709,54.235329,19.046875,,,,8
maurano,bedtools,maurano,,1.0,0,1,fIntestine_Sm-DS16822.hotspot.twopass.fdr0.05.merge.bed,fLung_L-DS17154.hg19.hotspot.twopass.fdr0.05.merge.bed,0.28457,7.07395076751709,54.235329,19.046875,,,,8
maurano,bedtools,maurano,,1.0,0,1,fIntestine_Sm-DS16822.hotspot.twopass.fdr0.05.merge.bed,fMuscle_arm-DS19053.hg19.hotspot.twopass.fdr0.05.merge.bed,0.256284,7.07395076751709,54.235329,19.046875,,,,8
maurano,bedtools,maurano,,1.0,0,1,fIntestine_Sm-DS16822.hotspot.twopass.fdr0.05.merge.bed,fMuscle_back-DS18454.hg19.hotspot.twopass.fdr0.05.merge.bed,0.258686,7.07395076751709,54.235329,19.046875,,,,8
maurano,bedtools,maurano,,1.0,0,1,fIntestine_Sm-DS16822.hotspot.twopass.fdr0.05.merge.bed,fMuscle_leg-DS19115.hg19.hotspot.twopass.fdr0.05.merge.bed,0.255764,7.07395076751709,54.235329,19.046875,,,,8
maurano,bedtools,maurano,,1.0,0,1,fIntestine_Sm-DS16822.hotspot.twopass.fdr0.05.merge.bed,fSkin_fibro_bicep_R-DS19745.hg19.hotspot.twopass.fdr0.05.merge.bed,0.18352,7.07395076751709,54.235329,19.046875,,,,8
maurano,bedtools,maurano,,1.0,0,1,fIntestine_Sm-DS16822.hotspot.twopass.fdr0.05.merge.bed,fMuscle_leg-DS19158.hg19.hotspot.twopass.fdr0.05.merge.bed,0.238165,7.07395076751709,54.235329,19.046875,,,,8
maurano,bedtools,maurano,,1.0,0,1,fIntestine_Sm-DS16822.hotspot.twopass.fdr0.05.merge.bed,fStomach-DS17659.hg19.hotspot.twopass.fdr0.05.merge.bed,0.355715,7.07395076751709,54.235329,19.046875,,,,8
maurano,bedtools,maurano,,1.0,0,1,fIntestine_Sm-DS17808.hg19.hotspot.twopass.fdr0.05.merge.bed,fIntestine_Sm-DS18495.hg19.hotspot.twopass.fdr0.05.merge.bed,0.538442,7.07395076751709,54.235329,19.046875,,,,8
maurano,bedtools,maurano,,1.0,0,1,fIntestine_Sm-DS17808.hg19.hotspot.twopass.fdr0.05.merge.bed,fKidney_renal_cortex_L-DS17550.hg19.hotspot.twopass.fdr0.05.merge.bed,0.311739,7.07395076751709,54.235329,19.046875,,,,8
maurano,bedtools,maurano,,1.0,0,1,fIntestine_Sm-DS17808.hg19.hotspot.twopass.fdr0.05.merge.bed,fLung_L-DS17154.hg19.hotspot.twopass.fdr0.05.merge.bed,0.304329,7.07395076751709,54.235329,19.046875,,,,8
maurano,bedtools,maurano,,1.0,0,1,fIntestine_Sm-DS17808.hg19.hotspot.twopass.fdr0.05.merge.bed,fLung_R-DS15632.hotspot.twopass.fdr0.05.merge.bed,0.306872,7.07395076751709,54.235329,19.046875,,,,8
maurano,bedtools,maurano,,1.0,0,1,fIntestine_Sm-DS17808.hg19.hotspot.twopass.fdr0.05.merge.bed,fLung_L-DS18421.hg19.hotspot.twopass.fdr0.05.merge.bed,0.315083,7.07395076751709,54.235329,19.046875,,,,8
maurano,bedtools,maurano,,1.0,0,1,fIntestine_Sm-DS17808.hg19.hotspot.twopass.fdr0.05.merge.bed,fMuscle_arm-DS19053.hg19.hotspot.twopass.fdr0.05.merge.bed,0.274056,7.07395076751709,54.235329,19.046875,,,,8
maurano,bedtools,maurano,,1.0,0,1,fIntestine_Sm-DS17808.hg19.hotspot.twopass.fdr0.05.merge.bed,fSkin_fibro_bicep_R-DS19745.hg19.hotspot.twopass.fdr0.05.merge.bed,0.184359,7.07395076751709,54.235329,19.046875,,,,8
maurano,bedtools,maurano,,1.0,0,1,fIntestine_Sm-DS17808.hg19.hotspot.twopass.fdr0.05.merge.bed,fMuscle_leg-DS19115.hg19.hotspot.twopass.fdr0.05.merge.bed,0.272167,7.07395076751709,54.235329,19.046875,,,,8
maurano,bedtools,maurano,,1.0,0,1,fIntestine_Sm-DS17808.hg19.hotspot.twopass.fdr0.05.merge.bed,fMuscle_back-DS18454.hg19.hotspot.twopass.fdr0.05.merge.bed,0.27464,7.07395076751709,54.235329,19.046875,,,,8
maurano,bedtools,maurano,,1.0,0,1,fIntestine_Sm-DS17808.hg19.hotspot.twopass.fdr0.05.merge.bed,fMuscle_leg-DS19158.hg19.hotspot.twopass.fdr0.05.merge.bed,0.24807,7.07395076751709,54.235329,19.046875,,,,8
maurano,bedtools,maurano,,1.0,0,1,fIntestine_Sm-DS17808.hg19.hotspot.twopass.fdr0.05.merge.bed,fStomach-DS17659.hg19.hotspot.twopass.fdr0.05.merge.bed,0.361087,7.07395076751709,54.235329,19.046875,,,,8
maurano,bedtools,maurano,,1.0,0,1,fIntestine_Sm-DS18495.hg19.hotspot.twopass.fdr0.05.merge.bed,fKidney_renal_cortex_L-DS17550.hg19.hotspot.twopass.fdr0.05.merge.bed,0.270452,7.07395076751709,54.235329,19.046875,,,,8
maurano,bedtools,maurano,,1.0,0,1,fIntestine_Sm-DS18495.hg19.hotspot.twopass.fdr0.05.merge.bed,fLung_L-DS18421.hg19.hotspot.twopass.fdr0.05.merge.bed,0.278614,7.07395076751709,54.235329,19.046875,,,,8
maurano,bedtools,maurano,,1.0,0,1,fIntestine_Sm-DS18495.hg19.hotspot.twopass.fdr0.05.merge.bed,fLung_L-DS17154.hg19.hotspot.twopass.fdr0.05.merge.bed,0.261521,7.07395076751709,54.235329,19.046875,,,,8
maurano,bedtools,maurano,,1.0,0,1,fIntestine_Sm-DS18495.hg19.hotspot.twopass.fdr0.05.merge.bed,fMuscle_arm-DS19053.hg19.hotspot.twopass.fdr0.05.merge.bed,0.24693,7.07395076751709,54.235329,19.046875,,,,8
maurano,bedtools,maurano,,1.0,0,1,fIntestine_Sm-DS18495.hg19.hotspot.twopass.fdr0.05.merge.bed,fLung_R-DS15632.hotspot.twopass.fdr0.05.merge.bed,0.274002,7.07395076751709,54.235329,19.046875,,,,8
maurano,bedtools,maurano,,1.0,0,1,fIntestine_Sm-DS18495.hg19.hotspot.twopass.fdr0.05.merge.bed,fMuscle_leg-DS19115.hg19.hotspot.twopass.fdr0.05.merge.bed,0.246235,7.07395076751709,54.235329,19.046875,,,,8
maurano,bedtools,maurano,,1.0,0,1,fIntestine_Sm-DS18495.hg19.hotspot.twopass.fdr0.05.merge.bed,fMuscle_back-DS18454.hg19.hotspot.twopass.fdr0.05.merge.bed,0.247674,7.07395076751709,54.235329,19.046875,,,,8
maurano,bedtools,maurano,,1.0,0,1,fIntestine_Sm-DS18495.hg19.hotspot.twopass.fdr0.05.merge.bed,fMuscle_leg-DS19158.hg19.hotspot.twopass.fdr0.05.merge.bed,0.229886,7.07395076751709,54.235329,19.046875,,,,8
maurano,bedtools,maurano,,1.0,0,1,fIntestine_Sm-DS18495.hg19.hotspot.twopass.fdr0.05.merge.bed,fSkin_fibro_bicep_R-DS19745.hg19.hotspot.twopass.fdr0.05.merge.bed,0.182733,7.07395076751709,54.235329,19.046875,,,,8
maurano,bedtools,maurano,,1.0,0,1,fIntestine_Sm-DS18495.hg19.hotspot.twopass.fdr0.05.merge.bed,fStomach-DS17659.hg19.hotspot.twopass.fdr0.05.merge.bed,0.336473,7.07395076751709,54.235329,19.046875,,,,8
maurano,bedtools,maurano,,1.0,0,1,fKidney_renal_cortex_L-DS17550.hg19.hotspot.twopass.fdr0.05.merge.bed,fLung_L-DS18421.hg19.hotspot.twopass.fdr0.05.merge.bed,0.383039,7.07395076751709,54.235329,19.046875,,,,8
maurano,bedtools,maurano,,1.0,0,1,fKidney_renal_cortex_L-DS17550.hg19.hotspot.twopass.fdr0.05.merge.bed,fLung_L-DS17154.hg19.hotspot.twopass.fdr0.05.merge.bed,0.38651,7.07395076751709,54.235329,19.046875,,,,8
maurano,bedtools,maurano,,1.0,0,1,fKidney_renal_cortex_L-DS17550.hg19.hotspot.twopass.fdr0.05.merge.bed,fLung_R-DS15632.hotspot.twopass.fdr0.05.merge.bed,0.365728,7.07395076751709,54.235329,19.046875,,,,8
maurano,bedtools,maurano,,1.0,0,1,fKidney_renal_cortex_L-DS17550.hg19.hotspot.twopass.fdr0.05.merge.bed,fMuscle_arm-DS19053.hg19.hotspot.twopass.fdr0.05.merge.bed,0.336901,7.07395076751709,54.235329,19.046875,,,,8
maurano,bedtools,maurano,,1.0,0,1,fKidney_renal_cortex_L-DS17550.hg19.hotspot.twopass.fdr0.05.merge.bed,fMuscle_back-DS18454.hg19.hotspot.twopass.fdr0.05.merge.bed,0.33017,7.07395076751709,54.235329,19.046875,,,,8
maurano,bedtools,maurano,,1.0,0,1,fKidney_renal_cortex_L-DS17550.hg19.hotspot.twopass.fdr0.05.merge.bed,fMuscle_leg-DS19115.hg19.hotspot.twopass.fdr0.05.merge.bed,0.33113,7.07395076751709,54.235329,19.046875,,,,8
maurano,bedtools,maurano,,1.0,0,1,fKidney_renal_cortex_L-DS17550.hg19.hotspot.twopass.fdr0.05.merge.bed,fMuscle_leg-DS19158.hg19.hotspot.twopass.fdr0.05.merge.bed,0.321369,7.07395076751709,54.235329,19.046875,,,,8
maurano,bedtools,maurano,,1.0,0,1,fKidney_renal_cortex_L-DS17550.hg19.hotspot.twopass.fdr0.05.merge.bed,fSkin_fibro_bicep_R-DS19745.hg19.hotspot.twopass.fdr0.05.merge.bed,0.181055,7.07395076751709,54.235329,19.046875,,,,8
maurano,bedtools,maurano,,1.0,0,1,fKidney_renal_cortex_L-DS17550.hg19.hotspot.twopass.fdr0.05.merge.bed,fStomach-DS17659.hg19.hotspot.twopass.fdr0.05.merge.bed,0.314544,7.07395076751709,54.235329,19.046875,,,,8
maurano,bedtools,maurano,,1.0,0,1,fLung_L-DS17154.hg19.hotspot.twopass.fdr0.05.merge.bed,fLung_L-DS18421.hg19.hotspot.twopass.fdr0.05.merge.bed,0.626942,7.07395076751709,54.235329,19.046875,,,,8
maurano,bedtools,maurano,,1.0,0,1,fLung_L-DS17154.hg19.hotspot.twopass.fdr0.05.merge.bed,fLung_R-DS15632.hotspot.twopass.fdr0.05.merge.bed,0.594137,7.07395076751709,54.235329,19.046875,,,,8
maurano,bedtools,maurano,,1.0,0,1,fLung_L-DS17154.hg19.hotspot.twopass.fdr0.05.merge.bed,fMuscle_arm-DS19053.hg19.hotspot.twopass.fdr0.05.merge.bed,0.377284,7.07395076751709,54.235329,19.046875,,,,8
maurano,bedtools,maurano,,1.0,0,1,fLung_L-DS17154.hg19.hotspot.twopass.fdr0.05.merge.bed,fMuscle_back-DS18454.hg19.hotspot.twopass.fdr0.05.merge.bed,0.363956,7.07395076751709,54.235329,19.046875,,,,8
maurano,bedtools,maurano,,1.0,0,1,fLung_L-DS17154.hg19.hotspot.twopass.fdr0.05.merge.bed,fMuscle_leg-DS19115.hg19.hotspot.twopass.fdr0.05.merge.bed,0.368251,7.07395076751709,54.235329,19.046875,,,,8
maurano,bedtools,maurano,,1.0,0,1,fLung_L-DS17154.hg19.hotspot.twopass.fdr0.05.merge.bed,fSkin_fibro_bicep_R-DS19745.hg19.hotspot.twopass.fdr0.05.merge.bed,0.18337,7.07395076751709,54.235329,19.046875,,,,8
maurano,bedtools,maurano,,1.0,0,1,fLung_L-DS17154.hg19.hotspot.twopass.fdr0.05.merge.bed,fMuscle_leg-DS19158.hg19.hotspot.twopass.fdr0.05.merge.bed,0.372015,7.07395076751709,54.235329,19.046875,,,,8
maurano,bedtools,maurano,,1.0,0,1,fLung_L-DS17154.hg19.hotspot.twopass.fdr0.05.merge.bed,fStomach-DS17659.hg19.hotspot.twopass.fdr0.05.merge.bed,0.331727,7.07395076751709,54.235329,19.046875,,,,8
maurano,bedtools,maurano,,1.0,0,1,fLung_L-DS18421.hg19.hotspot.twopass.fdr0.05.merge.bed,fLung_R-DS15632.hotspot.twopass.fdr0.05.merge.bed,0.590381,7.07395076751709,54.235329,19.046875,,,,8
maurano,bedtools,maurano,,1.0,0,1,fLung_L-DS18421.hg19.hotspot.twopass.fdr0.05.merge.bed,fMuscle_arm-DS19053.hg19.hotspot.twopass.fdr0.05.merge.bed,0.366132,7.07395076751709,54.235329,19.046875,,,,8
maurano,bedtools,maurano,,1.0,0,1,fLung_L-DS18421.hg19.hotspot.twopass.fdr0.05.merge.bed,fMuscle_leg-DS19115.hg19.hotspot.twopass.fdr0.05.merge.bed,0.3614,7.07395076751709,54.235329,19.046875,,,,8
maurano,bedtools,maurano,,1.0,0,1,fLung_L-DS18421.hg19.hotspot.twopass.fdr0.05.merge.bed,fMuscle_leg-DS19158.hg19.hotspot.twopass.fdr0.05.merge.bed,0.355591,7.07395076751709,54.235329,19.046875,,,,8
maurano,bedtools,maurano,,1.0,0,1,fLung_L-DS18421.hg19.hotspot.twopass.fdr0.05.merge.bed,fMuscle_back-DS18454.hg19.hotspot.twopass.fdr0.05.merge.bed,0.358442,7.07395076751709,54.235329,19.046875,,,,8
maurano,bedtools,maurano,,1.0,0,1,fLung_L-DS18421.hg19.hotspot.twopass.fdr0.05.merge.bed,fSkin_fibro_bicep_R-DS19745.hg19.hotspot.twopass.fdr0.05.merge.bed,0.191675,7.07395076751709,54.235329,19.046875,,,,8
maurano,bedtools,maurano,,1.0,0,1,fLung_L-DS18421.hg19.hotspot.twopass.fdr0.05.merge.bed,fStomach-DS17659.hg19.hotspot.twopass.fdr0.05.merge.bed,0.356052,7.07395076751709,54.235329,19.046875,,,,8
maurano,bedtools,maurano,,1.0,0,1,fLung_R-DS15632.hotspot.twopass.fdr0.05.merge.bed,fMuscle_arm-DS19053.hg19.hotspot.twopass.fdr0.05.merge.bed,0.378953,7.07395076751709,54.235329,19.046875,,,,8
maurano,bedtools,maurano,,1.0,0,1,fLung_R-DS15632.hotspot.twopass.fdr0.05.merge.bed,fMuscle_back-DS18454.hg19.hotspot.twopass.fdr0.05.merge.bed,0.3663,7.07395076751709,54.235329,19.046875,,,,8
maurano,bedtools,maurano,,1.0,0,1,fLung_R-DS15632.hotspot.twopass.fdr0.05.merge.bed,fMuscle_leg-DS19115.hg19.hotspot.twopass.fdr0.05.merge.bed,0.374624,7.07395076751709,54.235329,19.046875,,,,8
maurano,bedtools,maurano,,1.0,0,1,fLung_R-DS15632.hotspot.twopass.fdr0.05.merge.bed,fMuscle_leg-DS19158.hg19.hotspot.twopass.fdr0.05.merge.bed,0.360816,7.07395076751709,54.235329,19.046875,,,,8
maurano,bedtools,maurano,,1.0,0,1,fLung_R-DS15632.hotspot.twopass.fdr0.05.merge.bed,fSkin_fibro_bicep_R-DS19745.hg19.hotspot.twopass.fdr0.05.merge.bed,0.199165,7.07395076751709,54.235329,19.046875,,,,8
maurano,bedtools,maurano,,1.0,0,1,fLung_R-DS15632.hotspot.twopass.fdr0.05.merge.bed,fStomach-DS17659.hg19.hotspot.twopass.fdr0.05.merge.bed,0.357541,7.07395076751709,54.235329,19.046875,,,,8
maurano,bedtools,maurano,,1.0,0,1,fMuscle_arm-DS19053.hg19.hotspot.twopass.fdr0.05.merge.bed,fMuscle_back-DS18454.hg19.hotspot.twopass.fdr0.05.merge.bed,0.58994,7.07395076751709,54.235329,19.046875,,,,8
maurano,bedtools,maurano,,1.0,0,1,fMuscle_arm-DS19053.hg19.hotspot.twopass.fdr0.05.merge.bed,fMuscle_leg-DS19115.hg19.hotspot.twopass.fdr0.05.merge.bed,0.599604,7.07395076751709,54.235329,19.046875,,,,8
maurano,bedtools,maurano,,1.0,0,1,fMuscle_arm-DS19053.hg19.hotspot.twopass.fdr0.05.merge.bed,fMuscle_leg-DS19158.hg19.hotspot.twopass.fdr0.05.merge.bed,0.573223,7.07395076751709,54.235329,19.046875,,,,8
maurano,bedtools,maurano,,1.0,0,1,fMuscle_arm-DS19053.hg19.hotspot.twopass.fdr0.05.merge.bed,fSkin_fibro_bicep_R-DS19745.hg19.hotspot.twopass.fdr0.05.merge.bed,0.215222,7.07395076751709,54.235329,19.046875,,,,8
maurano,bedtools,maurano,,1.0,0,1,fMuscle_arm-DS19053.hg19.hotspot.twopass.fdr0.05.merge.bed,fStomach-DS17659.hg19.hotspot.twopass.fdr0.05.merge.bed,0.322868,7.07395076751709,54.235329,19.046875,,,,8
maurano,bedtools,maurano,,1.0,0,1,fMuscle_back-DS18454.hg19.hotspot.twopass.fdr0.05.merge.bed,fMuscle_leg-DS19115.hg19.hotspot.twopass.fdr0.05.merge.bed,0.605352,7.07395076751709,54.235329,19.046875,,,,8
maurano,bedtools,maurano,,1.0,0,1,fMuscle_back-DS18454.hg19.hotspot.twopass.fdr0.05.merge.bed,fMuscle_leg-DS19158.hg19.hotspot.twopass.fdr0.05.merge.bed,0.555513,7.07395076751709,54.235329,19.046875,,,,8
maurano,bedtools,maurano,,1.0,0,1,fMuscle_back-DS18454.hg19.hotspot.twopass.fdr0.05.merge.bed,fStomach-DS17659.hg19.hotspot.twopass.fdr0.05.merge.bed,0.327171,7.07395076751709,54.235329,19.046875,,,,8
maurano,bedtools,maurano,,1.0,0,1,fMuscle_back-DS18454.hg19.hotspot.twopass.fdr0.05.merge.bed,fSkin_fibro_bicep_R-DS19745.hg19.hotspot.twopass.fdr0.05.merge.bed,0.223531,7.07395076751709,54.235329,19.046875,,,,8
maurano,bedtools,maurano,,1.0,0,1,fMuscle_leg-DS19115.hg19.hotspot.twopass.fdr0.05.merge.bed,fSkin_fibro_bicep_R-DS19745.hg19.hotspot.twopass.fdr0.05.merge.bed,0.218922,7.07395076751709,54.235329,19.046875,,,,8
maurano,bedtools,maurano,,1.0,0,1,fMuscle_leg-DS19115.hg19.hotspot.twopass.fdr0.05.merge.bed,fMuscle_leg-DS19158.hg19.hotspot.twopass.fdr0.05.merge.bed,0.582839,7.07395076751709,54.235329,19.046875,,,,8
maurano,bedtools,maurano,,1.0,0,1,fMuscle_leg-DS19115.hg19.hotspot.twopass.fdr0.05.merge.bed,fStomach-DS17659.hg19.hotspot.twopass.fdr0.05.merge.bed,0.329439,7.07395076751709,54.235329,19.046875,,,,8
maurano,bedtools,maurano,,1.0,0,1,fMuscle_leg-DS19158.hg19.hotspot.twopass.fdr0.05.merge.bed,fSkin_fibro_bicep_R-DS19745.hg19.hotspot.twopass.fdr0.05.merge.bed,0.195676,7.07395076751709,54.235329,19.046875,,,,8
maurano,bedtools,maurano,,1.0,0,1,fMuscle_leg-DS19158.hg19.hotspot.twopass.fdr0.05.merge.bed,fStomach-DS17659.hg19.hotspot.twopass.fdr0.05.merge.bed,0.291063,7.07395076751709,54.235329,19.046875,,,,8
maurano,bedtools,maurano,,1.0,0,1,fSkin_fibro_bicep_R-DS19745.hg19.hotspot.twopass.fdr0.05.merge.bed,fStomach-DS17659.hg19.hotspot.twopass.fdr0.05.merge.bed,0.229768,7.07395076751709,54.235329,19.046875,,,,8
maurano,bedtools,maurano,,1.0,1,2,fBrain-DS14718.hotspot.twopass.fdr0.05.merge.bed,fHeart-DS15643.hotspot.twopass.fdr0.05.merge.bed,0.240543,7.065048456192017,54.275012,19.03125,,,,8
maurano,bedtools,maurano,,1.0,1,2,fBrain-DS14718.hotspot.twopass.fdr0.05.merge.bed,fBrain-DS16302.hotspot.twopass.fdr0.05.merge.bed,0.354341,7.065048456192017,54.275012,19.03125,,,,8
maurano,bedtools,maurano,,1.0,1,2,fBrain-DS14718.hotspot.twopass.fdr0.05.merge.bed,fIntestine_Sm-DS16712.hg19.hotspot.twopass.fdr0.05.merge.bed,0.206104,7.065048456192017,54.275012,19.03125,,,,8
maurano,bedtools,maurano,,1.0,1,2,fBrain-DS14718.hotspot.twopass.fdr0.05.merge.bed,fHeart-DS16621.hotspot.twopass.fdr0.05.merge.bed,0.227235,7.065048456192017,54.275012,19.03125,,,,8
maurano,bedtools,maurano,,1.0,1,2,fBrain-DS14718.hotspot.twopass.fdr0.05.merge.bed,fIntestine_Sm-DS16559.hotspot.twopass.fdr0.05.merge.bed,0.208473,7.065048456192017,54.275012,19.03125,,,,8
maurano,bedtools,maurano,,1.0,1,2,fBrain-DS14718.hotspot.twopass.fdr0.05.merge.bed,fIntestine_Sm-DS16822.hotspot.twopass.fdr0.05.merge.bed,0.201612,7.065048456192017,54.275012,19.03125,,,,8
maurano,bedtools,maurano,,1.0,1,2,fBrain-DS14718.hotspot.twopass.fdr0.05.merge.bed,fHeart-DS15839.hotspot.twopass.fdr0.05.merge.bed,0.220057,7.065048456192017,54.275012,19.03125,,,,8
maurano,bedtools,maurano,,1.0,1,2,fBrain-DS14718.hotspot.twopass.fdr0.05.merge.bed,fIntestine_Sm-DS17808.hg19.hotspot.twopass.fdr0.05.merge.bed,0.215237,7.065048456192017,54.275012,19.03125,,,,8
maurano,bedtools,maurano,,1.0,1,2,fBrain-DS14718.hotspot.twopass.fdr0.05.merge.bed,fIntestine_Sm-DS18495.hg19.hotspot.twopass.fdr0.05.merge.bed,0.190684,7.065048456192017,54.275012,19.03125,,,,8
maurano,bedtools,maurano,,1.0,1,2,fBrain-DS14718.hotspot.twopass.fdr0.05.merge.bed,fLung_L-DS17154.hg19.hotspot.twopass.fdr0.05.merge.bed,0.254287,7.065048456192017,54.275012,19.03125,,,,8
maurano,bedtools,maurano,,1.0,1,2,fBrain-DS14718.hotspot.twopass.fdr0.05.merge.bed,fKidney_renal_cortex_L-DS17550.hg19.hotspot.twopass.fdr0.05.merge.bed,0.260934,7.065048456192017,54.275012,19.03125,,,,8
maurano,bedtools,maurano,,1.0,1,2,fBrain-DS14718.hotspot.twopass.fdr0.05.merge.bed,fLung_L-DS18421.hg19.hotspot.twopass.fdr0.05.merge.bed,0.25417,7.065048456192017,54.275012,19.03125,,,,8
maurano,bedtools,maurano,,1.0,1,2,fBrain-DS14718.hotspot.twopass.fdr0.05.merge.bed,fLung_R-DS15632.hotspot.twopass.fdr0.05.merge.bed,0.260759,7.065048456192017,54.275012,19.03125,,,,8
maurano,bedtools,maurano,,1.0,1,2,fBrain-DS14718.hotspot.twopass.fdr0.05.merge.bed,fMuscle_arm-DS19053.hg19.hotspot.twopass.fdr0.05.merge.bed,0.263693,7.065048456192017,54.275012,19.03125,,,,8
maurano,bedtools,maurano,,1.0,1,2,fBrain-DS14718.hotspot.twopass.fdr0.05.merge.bed,fMuscle_back-DS18454.hg19.hotspot.twopass.fdr0.05.merge.bed,0.265443,7.065048456192017,54.275012,19.03125,,,,8
maurano,bedtools,maurano,,1.0,1,2,fBrain-DS14718.hotspot.twopass.fdr0.05.merge.bed,fMuscle_leg-DS19115.hg19.hotspot.twopass.fdr0.05.merge.bed,0.266904,7.065048456192017,54.275012,19.03125,,,,8
maurano,bedtools,maurano,,1.0,1,2,fBrain-DS14718.hotspot.twopass.fdr0.05.merge.bed,fMuscle_leg-DS19158.hg19.hotspot.twopass.fdr0.05.merge.bed,0.244176,7.065048456192017,54.275012,19.03125,,,,8
maurano,bedtools,maurano,,1.0,1,2,fBrain-DS14718.hotspot.twopass.fdr0.05.merge.bed,fStomach-DS17659.hg19.hotspot.twopass.fdr0.05.merge.bed,0.248625,7.065048456192017,54.275012,19.03125,,,,8
maurano,bedtools,maurano,,1.0,1,2,fBrain-DS14718.hotspot.twopass.fdr0.05.merge.bed,fSkin_fibro_bicep_R-DS19745.hg19.hotspot.twopass.fdr0.05.merge.bed,0.15608,7.065048456192017,54.275012,19.03125,,,,8
maurano,bedtools,maurano,,1.0,1,2,fBrain-DS16302.hotspot.twopass.fdr0.05.merge.bed,fHeart-DS15643.hotspot.twopass.fdr0.05.merge.bed,0.231572,7.065048456192017,54.275012,19.03125,,,,8
maurano,bedtools,maurano,,1.0,1,2,fBrain-DS16302.hotspot.twopass.fdr0.05.merge.bed,fHeart-DS15839.hotspot.twopass.fdr0.05.merge.bed,0.209813,7.065048456192017,54.275012,19.03125,,,,8
maurano,bedtools,maurano,,1.0,1,2,fBrain-DS16302.hotspot.twopass.fdr0.05.merge.bed,fIntestine_Sm-DS16712.hg19.hotspot.twopass.fdr0.05.merge.bed,0.17876,7.065048456192017,54.275012,19.03125,,,,8
maurano,bedtools,maurano,,1.0,1,2,fBrain-DS16302.hotspot.twopass.fdr0.05.merge.bed,fHeart-DS16621.hotspot.twopass.fdr0.05.merge.bed,0.226111,7.065048456192017,54.275012,19.03125,,,,8
maurano,bedtools,maurano,,1.0,1,2,fBrain-DS16302.hotspot.twopass.fdr0.05.merge.bed,fIntestine_Sm-DS16559.hotspot.twopass.fdr0.05.merge.bed,0.194993,7.065048456192017,54.275012,19.03125,,,,8
maurano,bedtools,maurano,,1.0,1,2,fBrain-DS16302.hotspot.twopass.fdr0.05.merge.bed,fIntestine_Sm-DS18495.hg19.hotspot.twopass.fdr0.05.merge.bed,0.175085,7.065048456192017,54.275012,19.03125,,,,8
maurano,bedtools,maurano,,1.0,1,2,fBrain-DS16302.hotspot.twopass.fdr0.05.merge.bed,fIntestine_Sm-DS16822.hotspot.twopass.fdr0.05.merge.bed,0.183641,7.065048456192017,54.275012,19.03125,,,,8
maurano,bedtools,maurano,,1.0,1,2,fBrain-DS16302.hotspot.twopass.fdr0.05.merge.bed,fIntestine_Sm-DS17808.hg19.hotspot.twopass.fdr0.05.merge.bed,0.191957,7.065048456192017,54.275012,19.03125,,,,8
maurano,bedtools,maurano,,1.0,1,2,fBrain-DS16302.hotspot.twopass.fdr0.05.merge.bed,fKidney_renal_cortex_L-DS17550.hg19.hotspot.twopass.fdr0.05.merge.bed,0.237877,7.065048456192017,54.275012,19.03125,,,,8
maurano,bedtools,maurano,,1.0,1,2,fBrain-DS16302.hotspot.twopass.fdr0.05.merge.bed,fLung_L-DS17154.hg19.hotspot.twopass.fdr0.05.merge.bed,0.258712,7.065048456192017,54.275012,19.03125,,,,8
maurano,bedtools,maurano,,1.0,1,2,fBrain-DS16302.hotspot.twopass.fdr0.05.merge.bed,fLung_L-DS18421.hg19.hotspot.twopass.fdr0.05.merge.bed,0.251358,7.065048456192017,54.275012,19.03125,,,,8
maurano,bedtools,maurano,,1.0,1,2,fBrain-DS16302.hotspot.twopass.fdr0.05.merge.bed,fLung_R-DS15632.hotspot.twopass.fdr0.05.merge.bed,0.259236,7.065048456192017,54.275012,19.03125,,,,8
maurano,bedtools,maurano,,1.0,1,2,fBrain-DS16302.hotspot.twopass.fdr0.05.merge.bed,fMuscle_arm-DS19053.hg19.hotspot.twopass.fdr0.05.merge.bed,0.252318,7.065048456192017,54.275012,19.03125,,,,8
maurano,bedtools,maurano,,1.0,1,2,fBrain-DS16302.hotspot.twopass.fdr0.05.merge.bed,fMuscle_back-DS18454.hg19.hotspot.twopass.fdr0.05.merge.bed,0.24471,7.065048456192017,54.275012,19.03125,,,,8
maurano,bedtools,maurano,,1.0,1,2,fBrain-DS16302.hotspot.twopass.fdr0.05.merge.bed,fMuscle_leg-DS19115.hg19.hotspot.twopass.fdr0.05.merge.bed,0.249425,7.065048456192017,54.275012,19.03125,,,,8
maurano,bedtools,maurano,,1.0,1,2,fBrain-DS16302.hotspot.twopass.fdr0.05.merge.bed,fSkin_fibro_bicep_R-DS19745.hg19.hotspot.twopass.fdr0.05.merge.bed,0.135481,7.065048456192017,54.275012,19.03125,,,,8
maurano,bedtools,maurano,,1.0,1,2,fBrain-DS16302.hotspot.twopass.fdr0.05.merge.bed,fMuscle_leg-DS19158.hg19.hotspot.twopass.fdr0.05.merge.bed,0.244333,7.065048456192017,54.275012,19.03125,,,,8
maurano,bedtools,maurano,,1.0,1,2,fBrain-DS16302.hotspot.twopass.fdr0.05.merge.bed,fStomach-DS17659.hg19.hotspot.twopass.fdr0.05.merge.bed,0.215611,7.065048456192017,54.275012,19.03125,,,,8
maurano,bedtools,maurano,,1.0,1,2,fHeart-DS15643.hotspot.twopass.fdr0.05.merge.bed,fHeart-DS16621.hotspot.twopass.fdr0.05.merge.bed,0.612503,7.065048456192017,54.275012,19.03125,,,,8
maurano,bedtools,maurano,,1.0,1,2,fHeart-DS15643.hotspot.twopass.fdr0.05.merge.bed,fIntestine_Sm-DS16712.hg19.hotspot.twopass.fdr0.05.merge.bed,0.252223,7.065048456192017,54.275012,19.03125,,,,8
maurano,bedtools,maurano,,1.0,1,2,fHeart-DS15643.hotspot.twopass.fdr0.05.merge.bed,fHeart-DS15839.hotspot.twopass.fdr0.05.merge.bed,0.501456,7.065048456192017,54.275012,19.03125,,,,8
maurano,bedtools,maurano,,1.0,1,2,fHeart-DS15643.hotspot.twopass.fdr0.05.merge.bed,fIntestine_Sm-DS16559.hotspot.twopass.fdr0.05.merge.bed,0.274958,7.065048456192017,54.275012,19.03125,,,,8
maurano,bedtools,maurano,,1.0,1,2,fHeart-DS15643.hotspot.twopass.fdr0.05.merge.bed,fIntestine_Sm-DS16822.hotspot.twopass.fdr0.05.merge.bed,0.259862,7.065048456192017,54.275012,19.03125,,,,8
maurano,bedtools,maurano,,1.0,1,2,fHeart-DS15643.hotspot.twopass.fdr0.05.merge.bed,fIntestine_Sm-DS17808.hg19.hotspot.twopass.fdr0.05.merge.bed,0.279561,7.065048456192017,54.275012,19.03125,,,,8
maurano,bedtools,maurano,,1.0,1,2,fHeart-DS15643.hotspot.twopass.fdr0.05.merge.bed,fIntestine_Sm-DS18495.hg19.hotspot.twopass.fdr0.05.merge.bed,0.247321,7.065048456192017,54.275012,19.03125,,,,8
maurano,bedtools,maurano,,1.0,1,2,fHeart-DS15643.hotspot.twopass.fdr0.05.merge.bed,fKidney_renal_cortex_L-DS17550.hg19.hotspot.twopass.fdr0.05.merge.bed,0.305128,7.065048456192017,54.275012,19.03125,,,,8
maurano,bedtools,maurano,,1.0,1,2,fHeart-DS15643.hotspot.twopass.fdr0.05.merge.bed,fLung_L-DS17154.hg19.hotspot.twopass.fdr0.05.merge.bed,0.321958,7.065048456192017,54.275012,19.03125,,,,8
maurano,bedtools,maurano,,1.0,1,2,fHeart-DS15643.hotspot.twopass.fdr0.05.merge.bed,fLung_L-DS18421.hg19.hotspot.twopass.fdr0.05.merge.bed,0.323751,7.065048456192017,54.275012,19.03125,,,,8
maurano,bedtools,maurano,,1.0,1,2,fHeart-DS15643.hotspot.twopass.fdr0.05.merge.bed,fLung_R-DS15632.hotspot.twopass.fdr0.05.merge.bed,0.327153,7.065048456192017,54.275012,19.03125,,,,8
maurano,bedtools,maurano,,1.0,1,2,fHeart-DS15643.hotspot.twopass.fdr0.05.merge.bed,fMuscle_arm-DS19053.hg19.hotspot.twopass.fdr0.05.merge.bed,0.322471,7.065048456192017,54.275012,19.03125,,,,8
maurano,bedtools,maurano,,1.0,1,2,fHeart-DS15643.hotspot.twopass.fdr0.05.merge.bed,fMuscle_back-DS18454.hg19.hotspot.twopass.fdr0.05.merge.bed,0.32779,7.065048456192017,54.275012,19.03125,,,,8
maurano,bedtools,maurano,,1.0,1,2,fHeart-DS15643.hotspot.twopass.fdr0.05.merge.bed,fMuscle_leg-DS19115.hg19.hotspot.twopass.fdr0.05.merge.bed,0.321602,7.065048456192017,54.275012,19.03125,,,,8
maurano,bedtools,maurano,,1.0,1,2,fHeart-DS15643.hotspot.twopass.fdr0.05.merge.bed,fSkin_fibro_bicep_R-DS19745.hg19.hotspot.twopass.fdr0.05.merge.bed,0.18551,7.065048456192017,54.275012,19.03125,,,,8
maurano,bedtools,maurano,,1.0,1,2,fHeart-DS15643.hotspot.twopass.fdr0.05.merge.bed,fMuscle_leg-DS19158.hg19.hotspot.twopass.fdr0.05.merge.bed,0.297134,7.065048456192017,54.275012,19.03125,,,,8
maurano,bedtools,maurano,,1.0,1,2,fHeart-DS15643.hotspot.twopass.fdr0.05.merge.bed,fStomach-DS17659.hg19.hotspot.twopass.fdr0.05.merge.bed,0.295735,7.065048456192017,54.275012,19.03125,,,,8
maurano,bedtools,maurano,,1.0,1,2,fHeart-DS15839.hotspot.twopass.fdr0.05.merge.bed,fHeart-DS16621.hotspot.twopass.fdr0.05.merge.bed,0.50637,7.065048456192017,54.275012,19.03125,,,,8
maurano,bedtools,maurano,,1.0,1,2,fHeart-DS15839.hotspot.twopass.fdr0.05.merge.bed,fIntestine_Sm-DS16559.hotspot.twopass.fdr0.05.merge.bed,0.253843,7.065048456192017,54.275012,19.03125,,,,8
maurano,bedtools,maurano,,1.0,1,2,fHeart-DS15839.hotspot.twopass.fdr0.05.merge.bed,fIntestine_Sm-DS16712.hg19.hotspot.twopass.fdr0.05.merge.bed,0.234683,7.065048456192017,54.275012,19.03125,,,,8
maurano,bedtools,maurano,,1.0,1,2,fHeart-DS15839.hotspot.twopass.fdr0.05.merge.bed,fIntestine_Sm-DS16822.hotspot.twopass.fdr0.05.merge.bed,0.236505,7.065048456192017,54.275012,19.03125,,,,8
maurano,bedtools,maurano,,1.0,1,2,fHeart-DS15839.hotspot.twopass.fdr0.05.merge.bed,fIntestine_Sm-DS17808.hg19.hotspot.twopass.fdr0.05.merge.bed,0.262172,7.065048456192017,54.275012,19.03125,,,,8
maurano,bedtools,maurano,,1.0,1,2,fHeart-DS15839.hotspot.twopass.fdr0.05.merge.bed,fIntestine_Sm-DS18495.hg19.hotspot.twopass.fdr0.05.merge.bed,0.220866,7.065048456192017,54.275012,19.03125,,,,8
maurano,bedtools,maurano,,1.0,1,2,fHeart-DS15839.hotspot.twopass.fdr0.05.merge.bed,fKidney_renal_cortex_L-DS17550.hg19.hotspot.twopass.fdr0.05.merge.bed,0.278114,7.065048456192017,54.275012,19.03125,,,,8
maurano,bedtools,maurano,,1.0,1,2,fHeart-DS15839.hotspot.twopass.fdr0.05.merge.bed,fLung_L-DS17154.hg19.hotspot.twopass.fdr0.05.merge.bed,0.289965,7.065048456192017,54.275012,19.03125,,,,8
maurano,bedtools,maurano,,1.0,1,2,fHeart-DS15839.hotspot.twopass.fdr0.05.merge.bed,fLung_R-DS15632.hotspot.twopass.fdr0.05.merge.bed,0.280371,7.065048456192017,54.275012,19.03125,,,,8
maurano,bedtools,maurano,,1.0,1,2,fHeart-DS15839.hotspot.twopass.fdr0.05.merge.bed,fLung_L-DS18421.hg19.hotspot.twopass.fdr0.05.merge.bed,0.285643,7.065048456192017,54.275012,19.03125,,,,8
maurano,bedtools,maurano,,1.0,1,2,fHeart-DS15839.hotspot.twopass.fdr0.05.merge.bed,fMuscle_arm-DS19053.hg19.hotspot.twopass.fdr0.05.merge.bed,0.273637,7.065048456192017,54.275012,19.03125,,,,8
maurano,bedtools,maurano,,1.0,1,2,fHeart-DS15839.hotspot.twopass.fdr0.05.merge.bed,fMuscle_back-DS18454.hg19.hotspot.twopass.fdr0.05.merge.bed,0.273879,7.065048456192017,54.275012,19.03125,,,,8
maurano,bedtools,maurano,,1.0,1,2,fHeart-DS15839.hotspot.twopass.fdr0.05.merge.bed,fMuscle_leg-DS19115.hg19.hotspot.twopass.fdr0.05.merge.bed,0.265811,7.065048456192017,54.275012,19.03125,,,,8
maurano,bedtools,maurano,,1.0,1,2,fHeart-DS15839.hotspot.twopass.fdr0.05.merge.bed,fSkin_fibro_bicep_R-DS19745.hg19.hotspot.twopass.fdr0.05.merge.bed,0.155952,7.065048456192017,54.275012,19.03125,,,,8
maurano,bedtools,maurano,,1.0,1,2,fHeart-DS15839.hotspot.twopass.fdr0.05.merge.bed,fMuscle_leg-DS19158.hg19.hotspot.twopass.fdr0.05.merge.bed,0.250537,7.065048456192017,54.275012,19.03125,,,,8
maurano,bedtools,maurano,,1.0,1,2,fHeart-DS15839.hotspot.twopass.fdr0.05.merge.bed,fStomach-DS17659.hg19.hotspot.twopass.fdr0.05.merge.bed,0.2491,7.065048456192017,54.275012,19.03125,,,,8
maurano,bedtools,maurano,,1.0,1,2,fHeart-DS16621.hotspot.twopass.fdr0.05.merge.bed,fIntestine_Sm-DS16712.hg19.hotspot.twopass.fdr0.05.merge.bed,0.226441,7.065048456192017,54.275012,19.03125,,,,8
maurano,bedtools,maurano,,1.0,1,2,fHeart-DS16621.hotspot.twopass.fdr0.05.merge.bed,fIntestine_Sm-DS16559.hotspot.twopass.fdr0.05.merge.bed,0.270273,7.065048456192017,54.275012,19.03125,,,,8
maurano,bedtools,maurano,,1.0,1,2,fHeart-DS16621.hotspot.twopass.fdr0.05.merge.bed,fIntestine_Sm-DS16822.hotspot.twopass.fdr0.05.merge.bed,0.248787,7.065048456192017,54.275012,19.03125,,,,8
maurano,bedtools,maurano,,1.0,1,2,fHeart-DS16621.hotspot.twopass.fdr0.05.merge.bed,fIntestine_Sm-DS18495.hg19.hotspot.twopass.fdr0.05.merge.bed,0.23503,7.065048456192017,54.275012,19.03125,,,,8
maurano,bedtools,maurano,,1.0,1,2,fHeart-DS16621.hotspot.twopass.fdr0.05.merge.bed,fIntestine_Sm-DS17808.hg19.hotspot.twopass.fdr0.05.merge.bed,0.262196,7.065048456192017,54.275012,19.03125,,,,8
maurano,bedtools,maurano,,1.0,1,2,fHeart-DS16621.hotspot.twopass.fdr0.05.merge.bed,fKidney_renal_cortex_L-DS17550.hg19.hotspot.twopass.fdr0.05.merge.bed,0.296984,7.065048456192017,54.275012,19.03125,,,,8
maurano,bedtools,maurano,,1.0,1,2,fHeart-DS16621.hotspot.twopass.fdr0.05.merge.bed,fLung_L-DS18421.hg19.hotspot.twopass.fdr0.05.merge.bed,0.317823,7.065048456192017,54.275012,19.03125,,,,8
maurano,bedtools,maurano,,1.0,1,2,fHeart-DS16621.hotspot.twopass.fdr0.05.merge.bed,fLung_L-DS17154.hg19.hotspot.twopass.fdr0.05.merge.bed,0.319891,7.065048456192017,54.275012,19.03125,,,,8
maurano,bedtools,maurano,,1.0,1,2,fHeart-DS16621.hotspot.twopass.fdr0.05.merge.bed,fLung_R-DS15632.hotspot.twopass.fdr0.05.merge.bed,0.309777,7.065048456192017,54.275012,19.03125,,,,8
maurano,bedtools,maurano,,1.0,1,2,fHeart-DS16621.hotspot.twopass.fdr0.05.merge.bed,fMuscle_arm-DS19053.hg19.hotspot.twopass.fdr0.05.merge.bed,0.305358,7.065048456192017,54.275012,19.03125,,,,8
maurano,bedtools,maurano,,1.0,1,2,fHeart-DS16621.hotspot.twopass.fdr0.05.merge.bed,fMuscle_back-DS18454.hg19.hotspot.twopass.fdr0.05.merge.bed,0.309559,7.065048456192017,54.275012,19.03125,,,,8
maurano,bedtools,maurano,,1.0,1,2,fHeart-DS16621.hotspot.twopass.fdr0.05.merge.bed,fMuscle_leg-DS19115.hg19.hotspot.twopass.fdr0.05.merge.bed,0.301319,7.065048456192017,54.275012,19.03125,,,,8
maurano,bedtools,maurano,,1.0,1,2,fHeart-DS16621.hotspot.twopass.fdr0.05.merge.bed,fSkin_fibro_bicep_R-DS19745.hg19.hotspot.twopass.fdr0.05.merge.bed,0.170995,7.065048456192017,54.275012,19.03125,,,,8
maurano,bedtools,maurano,,1.0,1,2,fHeart-DS16621.hotspot.twopass.fdr0.05.merge.bed,fMuscle_leg-DS19158.hg19.hotspot.twopass.fdr0.05.merge.bed,0.291388,7.065048456192017,54.275012,19.03125,,,,8
maurano,bedtools,maurano,,1.0,1,2,fHeart-DS16621.hotspot.twopass.fdr0.05.merge.bed,fStomach-DS17659.hg19.hotspot.twopass.fdr0.05.merge.bed,0.267889,7.065048456192017,54.275012,19.03125,,,,8
maurano,bedtools,maurano,,1.0,1,2,fIntestine_Sm-DS16559.hotspot.twopass.fdr0.05.merge.bed,fIntestine_Sm-DS16712.hg19.hotspot.twopass.fdr0.05.merge.bed,0.451537,7.065048456192017,54.275012,19.03125,,,,8
maurano,bedtools,maurano,,1.0,1,2,fIntestine_Sm-DS16559.hotspot.twopass.fdr0.05.merge.bed,fIntestine_Sm-DS16822.hotspot.twopass.fdr0.05.merge.bed,0.607371,7.065048456192017,54.275012,19.03125,,,,8
maurano,bedtools,maurano,,1.0,1,2,fIntestine_Sm-DS16559.hotspot.twopass.fdr0.05.merge.bed,fIntestine_Sm-DS18495.hg19.hotspot.twopass.fdr0.05.merge.bed,0.554788,7.065048456192017,54.275012,19.03125,,,,8
maurano,bedtools,maurano,,1.0,1,2,fIntestine_Sm-DS16559.hotspot.twopass.fdr0.05.merge.bed,fIntestine_Sm-DS17808.hg19.hotspot.twopass.fdr0.05.merge.bed,0.57613,7.065048456192017,54.275012,19.03125,,,,8
maurano,bedtools,maurano,,1.0,1,2,fIntestine_Sm-DS16559.hotspot.twopass.fdr0.05.merge.bed,fKidney_renal_cortex_L-DS17550.hg19.hotspot.twopass.fdr0.05.merge.bed,0.313097,7.065048456192017,54.275012,19.03125,,,,8
maurano,bedtools,maurano,,1.0,1,2,fIntestine_Sm-DS16559.hotspot.twopass.fdr0.05.merge.bed,fLung_R-DS15632.hotspot.twopass.fdr0.05.merge.bed,0.310454,7.065048456192017,54.275012,19.03125,,,,8
maurano,bedtools,maurano,,1.0,1,2,fIntestine_Sm-DS16559.hotspot.twopass.fdr0.05.merge.bed,fLung_L-DS17154.hg19.hotspot.twopass.fdr0.05.merge.bed,0.313202,7.065048456192017,54.275012,19.03125,,,,8
maurano,bedtools,maurano,,1.0,1,2,fIntestine_Sm-DS16559.hotspot.twopass.fdr0.05.merge.bed,fLung_L-DS18421.hg19.hotspot.twopass.fdr0.05.merge.bed,0.325796,7.065048456192017,54.275012,19.03125,,,,8
maurano,bedtools,maurano,,1.0,1,2,fIntestine_Sm-DS16559.hotspot.twopass.fdr0.05.merge.bed,fMuscle_arm-DS19053.hg19.hotspot.twopass.fdr0.05.merge.bed,0.27922,7.065048456192017,54.275012,19.03125,,,,8
maurano,bedtools,maurano,,1.0,1,2,fIntestine_Sm-DS16559.hotspot.twopass.fdr0.05.merge.bed,fMuscle_back-DS18454.hg19.hotspot.twopass.fdr0.05.merge.bed,0.276469,7.065048456192017,54.275012,19.03125,,,,8
maurano,bedtools,maurano,,1.0,1,2,fIntestine_Sm-DS16559.hotspot.twopass.fdr0.05.merge.bed,fMuscle_leg-DS19115.hg19.hotspot.twopass.fdr0.05.merge.bed,0.273837,7.065048456192017,54.275012,19.03125,,,,8
maurano,bedtools,maurano,,1.0,1,2,fIntestine_Sm-DS16559.hotspot.twopass.fdr0.05.merge.bed,fMuscle_leg-DS19158.hg19.hotspot.twopass.fdr0.05.merge.bed,0.264617,7.065048456192017,54.275012,19.03125,,,,8
maurano,bedtools,maurano,,1.0,1,2,fIntestine_Sm-DS16559.hotspot.twopass.fdr0.05.merge.bed,fSkin_fibro_bicep_R-DS19745.hg19.hotspot.twopass.fdr0.05.merge.bed,0.177436,7.065048456192017,54.275012,19.03125,,,,8
maurano,bedtools,maurano,,1.0,1,2,fIntestine_Sm-DS16559.hotspot.twopass.fdr0.05.merge.bed,fStomach-DS17659.hg19.hotspot.twopass.fdr0.05.merge.bed,0.347187,7.065048456192017,54.275012,19.03125,,,,8
maurano,bedtools,maurano,,1.0,1,2,fIntestine_Sm-DS16712.hg19.hotspot.twopass.fdr0.05.merge.bed,fIntestine_Sm-DS16822.hotspot.twopass.fdr0.05.merge.bed,0.481841,7.065048456192017,54.275012,19.03125,,,,8
maurano,bedtools,maurano,,1.0,1,2,fIntestine_Sm-DS16712.hg19.hotspot.twopass.fdr0.05.merge.bed,fIntestine_Sm-DS18495.hg19.hotspot.twopass.fdr0.05.merge.bed,0.480868,7.065048456192017,54.275012,19.03125,,,,8
maurano,bedtools,maurano,,1.0,1,2,fIntestine_Sm-DS16712.hg19.hotspot.twopass.fdr0.05.merge.bed,fIntestine_Sm-DS17808.hg19.hotspot.twopass.fdr0.05.merge.bed,0.523853,7.065048456192017,54.275012,19.03125,,,,8
maurano,bedtools,maurano,,1.0,1,2,fIntestine_Sm-DS16712.hg19.hotspot.twopass.fdr0.05.merge.bed,fKidney_renal_cortex_L-DS17550.hg19.hotspot.twopass.fdr0.05.merge.bed,0.269365,7.065048456192017,54.275012,19.03125,,,,8
maurano,bedtools,maurano,,1.0,1,2,fIntestine_Sm-DS16712.hg19.hotspot.twopass.fdr0.05.merge.bed,fLung_R-DS15632.hotspot.twopass.fdr0.05.merge.bed,0.273746,7.065048456192017,54.275012,19.03125,,,,8
maurano,bedtools,maurano,,1.0,1,2,fIntestine_Sm-DS16712.hg19.hotspot.twopass.fdr0.05.merge.bed,fLung_L-DS17154.hg19.hotspot.twopass.fdr0.05.merge.bed,0.251144,7.065048456192017,54.275012,19.03125,,,,8
maurano,bedtools,maurano,,1.0,1,2,fIntestine_Sm-DS16712.hg19.hotspot.twopass.fdr0.05.merge.bed,fLung_L-DS18421.hg19.hotspot.twopass.fdr0.05.merge.bed,0.26833,7.065048456192017,54.275012,19.03125,,,,8
maurano,bedtools,maurano,,1.0,1,2,fIntestine_Sm-DS16712.hg19.hotspot.twopass.fdr0.05.merge.bed,fMuscle_arm-DS19053.hg19.hotspot.twopass.fdr0.05.merge.bed,0.242071,7.065048456192017,54.275012,19.03125,,,,8
maurano,bedtools,maurano,,1.0,1,2,fIntestine_Sm-DS16712.hg19.hotspot.twopass.fdr0.05.merge.bed,fMuscle_back-DS18454.hg19.hotspot.twopass.fdr0.05.merge.bed,0.241538,7.065048456192017,54.275012,19.03125,,,,8
maurano,bedtools,maurano,,1.0,1,2,fIntestine_Sm-DS16712.hg19.hotspot.twopass.fdr0.05.merge.bed,fMuscle_leg-DS19115.hg19.hotspot.twopass.fdr0.05.merge.bed,0.240317,7.065048456192017,54.275012,19.03125,,,,8
maurano,bedtools,maurano,,1.0,1,2,fIntestine_Sm-DS16712.hg19.hotspot.twopass.fdr0.05.merge.bed,fMuscle_leg-DS19158.hg19.hotspot.twopass.fdr0.05.merge.bed,0.210362,7.065048456192017,54.275012,19.03125,,,,8
maurano,bedtools,maurano,,1.0,1,2,fIntestine_Sm-DS16712.hg19.hotspot.twopass.fdr0.05.merge.bed,fSkin_fibro_bicep_R-DS19745.hg19.hotspot.twopass.fdr0.05.merge.bed,0.190258,7.065048456192017,54.275012,19.03125,,,,8
maurano,bedtools,maurano,,1.0,1,2,fIntestine_Sm-DS16712.hg19.hotspot.twopass.fdr0.05.merge.bed,fStomach-DS17659.hg19.hotspot.twopass.fdr0.05.merge.bed,0.344375,7.065048456192017,54.275012,19.03125,,,,8
maurano,bedtools,maurano,,1.0,1,2,fIntestine_Sm-DS16822.hotspot.twopass.fdr0.05.merge.bed,fIntestine_Sm-DS17808.hg19.hotspot.twopass.fdr0.05.merge.bed,0.59865,7.065048456192017,54.275012,19.03125,,,,8
maurano,bedtools,maurano,,1.0,1,2,fIntestine_Sm-DS16822.hotspot.twopass.fdr0.05.merge.bed,fIntestine_Sm-DS18495.hg19.hotspot.twopass.fdr0.05.merge.bed,0.569733,7.065048456192017,54.275012,19.03125,,,,8
maurano,bedtools,maurano,,1.0,1,2,fIntestine_Sm-DS16822.hotspot.twopass.fdr0.05.merge.bed,fKidney_renal_cortex_L-DS17550.hg19.hotspot.twopass.fdr0.05.merge.bed,0.289532,7.065048456192017,54.275012,19.03125,,,,8
maurano,bedtools,maurano,,1.0,1,2,fIntestine_Sm-DS16822.hotspot.twopass.fdr0.05.merge.bed,fLung_R-DS15632.hotspot.twopass.fdr0.05.merge.bed,0.289781,7.065048456192017,54.275012,19.03125,,,,8
maurano,bedtools,maurano,,1.0,1,2,fIntestine_Sm-DS16822.hotspot.twopass.fdr0.05.merge.bed,fLung_L-DS17154.hg19.hotspot.twopass.fdr0.05.merge.bed,0.28457,7.065048456192017,54.275012,19.03125,,,,8
maurano,bedtools,maurano,,1.0,1,2,fIntestine_Sm-DS16822.hotspot.twopass.fdr0.05.merge.bed,fLung_L-DS18421.hg19.hotspot.twopass.fdr0.05.merge.bed,0.300228,7.065048456192017,54.275012,19.03125,,,,8
maurano,bedtools,maurano,,1.0,1,2,fIntestine_Sm-DS16822.hotspot.twopass.fdr0.05.merge.bed,fMuscle_arm-DS19053.hg19.hotspot.twopass.fdr0.05.merge.bed,0.256284,7.065048456192017,54.275012,19.03125,,,,8
maurano,bedtools,maurano,,1.0,1,2,fIntestine_Sm-DS16822.hotspot.twopass.fdr0.05.merge.bed,fMuscle_back-DS18454.hg19.hotspot.twopass.fdr0.05.merge.bed,0.258686,7.065048456192017,54.275012,19.03125,,,,8
maurano,bedtools,maurano,,1.0,1,2,fIntestine_Sm-DS16822.hotspot.twopass.fdr0.05.merge.bed,fMuscle_leg-DS19115.hg19.hotspot.twopass.fdr0.05.merge.bed,0.255764,7.065048456192017,54.275012,19.03125,,,,8
maurano,bedtools,maurano,,1.0,1,2,fIntestine_Sm-DS16822.hotspot.twopass.fdr0.05.merge.bed,fMuscle_leg-DS19158.hg19.hotspot.twopass.fdr0.05.merge.bed,0.238165,7.065048456192017,54.275012,19.03125,,,,8
maurano,bedtools,maurano,,1.0,1,2,fIntestine_Sm-DS16822.hotspot.twopass.fdr0.05.merge.bed,fSkin_fibro_bicep_R-DS19745.hg19.hotspot.twopass.fdr0.05.merge.bed,0.18352,7.065048456192017,54.275012,19.03125,,,,8
maurano,bedtools,maurano,,1.0,1,2,fIntestine_Sm-DS16822.hotspot.twopass.fdr0.05.merge.bed,fStomach-DS17659.hg19.hotspot.twopass.fdr0.05.merge.bed,0.355715,7.065048456192017,54.275012,19.03125,,,,8
maurano,bedtools,maurano,,1.0,1,2,fIntestine_Sm-DS17808.hg19.hotspot.twopass.fdr0.05.merge.bed,fIntestine_Sm-DS18495.hg19.hotspot.twopass.fdr0.05.merge.bed,0.538442,7.065048456192017,54.275012,19.03125,,,,8
maurano,bedtools,maurano,,1.0,1,2,fIntestine_Sm-DS17808.hg19.hotspot.twopass.fdr0.05.merge.bed,fKidney_renal_cortex_L-DS17550.hg19.hotspot.twopass.fdr0.05.merge.bed,0.311739,7.065048456192017,54.275012,19.03125,,,,8
maurano,bedtools,maurano,,1.0,1,2,fIntestine_Sm-DS17808.hg19.hotspot.twopass.fdr0.05.merge.bed,fLung_L-DS18421.hg19.hotspot.twopass.fdr0.05.merge.bed,0.315083,7.065048456192017,54.275012,19.03125,,,,8
maurano,bedtools,maurano,,1.0,1,2,fIntestine_Sm-DS17808.hg19.hotspot.twopass.fdr0.05.merge.bed,fLung_L-DS17154.hg19.hotspot.twopass.fdr0.05.merge.bed,0.304329,7.065048456192017,54.275012,19.03125,,,,8
maurano,bedtools,maurano,,1.0,1,2,fIntestine_Sm-DS17808.hg19.hotspot.twopass.fdr0.05.merge.bed,fLung_R-DS15632.hotspot.twopass.fdr0.05.merge.bed,0.306872,7.065048456192017,54.275012,19.03125,,,,8
maurano,bedtools,maurano,,1.0,1,2,fIntestine_Sm-DS17808.hg19.hotspot.twopass.fdr0.05.merge.bed,fMuscle_arm-DS19053.hg19.hotspot.twopass.fdr0.05.merge.bed,0.274056,7.065048456192017,54.275012,19.03125,,,,8
maurano,bedtools,maurano,,1.0,1,2,fIntestine_Sm-DS17808.hg19.hotspot.twopass.fdr0.05.merge.bed,fMuscle_leg-DS19115.hg19.hotspot.twopass.fdr0.05.merge.bed,0.272167,7.065048456192017,54.275012,19.03125,,,,8
maurano,bedtools,maurano,,1.0,1,2,fIntestine_Sm-DS17808.hg19.hotspot.twopass.fdr0.05.merge.bed,fMuscle_back-DS18454.hg19.hotspot.twopass.fdr0.05.merge.bed,0.27464,7.065048456192017,54.275012,19.03125,,,,8
maurano,bedtools,maurano,,1.0,1,2,fIntestine_Sm-DS17808.hg19.hotspot.twopass.fdr0.05.merge.bed,fSkin_fibro_bicep_R-DS19745.hg19.hotspot.twopass.fdr0.05.merge.bed,0.184359,7.065048456192017,54.275012,19.03125,,,,8
maurano,bedtools,maurano,,1.0,1,2,fIntestine_Sm-DS17808.hg19.hotspot.twopass.fdr0.05.merge.bed,fMuscle_leg-DS19158.hg19.hotspot.twopass.fdr0.05.merge.bed,0.24807,7.065048456192017,54.275012,19.03125,,,,8
maurano,bedtools,maurano,,1.0,1,2,fIntestine_Sm-DS17808.hg19.hotspot.twopass.fdr0.05.merge.bed,fStomach-DS17659.hg19.hotspot.twopass.fdr0.05.merge.bed,0.361087,7.065048456192017,54.275012,19.03125,,,,8
maurano,bedtools,maurano,,1.0,1,2,fIntestine_Sm-DS18495.hg19.hotspot.twopass.fdr0.05.merge.bed,fKidney_renal_cortex_L-DS17550.hg19.hotspot.twopass.fdr0.05.merge.bed,0.270452,7.065048456192017,54.275012,19.03125,,,,8
maurano,bedtools,maurano,,1.0,1,2,fIntestine_Sm-DS18495.hg19.hotspot.twopass.fdr0.05.merge.bed,fLung_R-DS15632.hotspot.twopass.fdr0.05.merge.bed,0.274002,7.065048456192017,54.275012,19.03125,,,,8
maurano,bedtools,maurano,,1.0,1,2,fIntestine_Sm-DS18495.hg19.hotspot.twopass.fdr0.05.merge.bed,fLung_L-DS17154.hg19.hotspot.twopass.fdr0.05.merge.bed,0.261521,7.065048456192017,54.275012,19.03125,,,,8
maurano,bedtools,maurano,,1.0,1,2,fIntestine_Sm-DS18495.hg19.hotspot.twopass.fdr0.05.merge.bed,fLung_L-DS18421.hg19.hotspot.twopass.fdr0.05.merge.bed,0.278614,7.065048456192017,54.275012,19.03125,,,,8
maurano,bedtools,maurano,,1.0,1,2,fIntestine_Sm-DS18495.hg19.hotspot.twopass.fdr0.05.merge.bed,fMuscle_arm-DS19053.hg19.hotspot.twopass.fdr0.05.merge.bed,0.24693,7.065048456192017,54.275012,19.03125,,,,8
maurano,bedtools,maurano,,1.0,1,2,fIntestine_Sm-DS18495.hg19.hotspot.twopass.fdr0.05.merge.bed,fMuscle_leg-DS19115.hg19.hotspot.twopass.fdr0.05.merge.bed,0.246235,7.065048456192017,54.275012,19.03125,,,,8
maurano,bedtools,maurano,,1.0,1,2,fIntestine_Sm-DS18495.hg19.hotspot.twopass.fdr0.05.merge.bed,fMuscle_back-DS18454.hg19.hotspot.twopass.fdr0.05.merge.bed,0.247674,7.065048456192017,54.275012,19.03125,,,,8
maurano,bedtools,maurano,,1.0,1,2,fIntestine_Sm-DS18495.hg19.hotspot.twopass.fdr0.05.merge.bed,fMuscle_leg-DS19158.hg19.hotspot.twopass.fdr0.05.merge.bed,0.229886,7.065048456192017,54.275012,19.03125,,,,8
maurano,bedtools,maurano,,1.0,1,2,fIntestine_Sm-DS18495.hg19.hotspot.twopass.fdr0.05.merge.bed,fSkin_fibro_bicep_R-DS19745.hg19.hotspot.twopass.fdr0.05.merge.bed,0.182733,7.065048456192017,54.275012,19.03125,,,,8
maurano,bedtools,maurano,,1.0,1,2,fIntestine_Sm-DS18495.hg19.hotspot.twopass.fdr0.05.merge.bed,fStomach-DS17659.hg19.hotspot.twopass.fdr0.05.merge.bed,0.336473,7.065048456192017,54.275012,19.03125,,,,8
maurano,bedtools,maurano,,1.0,1,2,fKidney_renal_cortex_L-DS17550.hg19.hotspot.twopass.fdr0.05.merge.bed,fLung_L-DS17154.hg19.hotspot.twopass.fdr0.05.merge.bed,0.38651,7.065048456192017,54.275012,19.03125,,,,8
maurano,bedtools,maurano,,1.0,1,2,fKidney_renal_cortex_L-DS17550.hg19.hotspot.twopass.fdr0.05.merge.bed,fLung_L-DS18421.hg19.hotspot.twopass.fdr0.05.merge.bed,0.383039,7.065048456192017,54.275012,19.03125,,,,8
maurano,bedtools,maurano,,1.0,1,2,fKidney_renal_cortex_L-DS17550.hg19.hotspot.twopass.fdr0.05.merge.bed,fLung_R-DS15632.hotspot.twopass.fdr0.05.merge.bed,0.365728,7.065048456192017,54.275012,19.03125,,,,8
maurano,bedtools,maurano,,1.0,1,2,fKidney_renal_cortex_L-DS17550.hg19.hotspot.twopass.fdr0.05.merge.bed,fMuscle_arm-DS19053.hg19.hotspot.twopass.fdr0.05.merge.bed,0.336901,7.065048456192017,54.275012,19.03125,,,,8
maurano,bedtools,maurano,,1.0,1,2,fKidney_renal_cortex_L-DS17550.hg19.hotspot.twopass.fdr0.05.merge.bed,fMuscle_back-DS18454.hg19.hotspot.twopass.fdr0.05.merge.bed,0.33017,7.065048456192017,54.275012,19.03125,,,,8
maurano,bedtools,maurano,,1.0,1,2,fKidney_renal_cortex_L-DS17550.hg19.hotspot.twopass.fdr0.05.merge.bed,fMuscle_leg-DS19115.hg19.hotspot.twopass.fdr0.05.merge.bed,0.33113,7.065048456192017,54.275012,19.03125,,,,8
maurano,bedtools,maurano,,1.0,1,2,fKidney_renal_cortex_L-DS17550.hg19.hotspot.twopass.fdr0.05.merge.bed,fSkin_fibro_bicep_R-DS19745.hg19.hotspot.twopass.fdr0.05.merge.bed,0.181055,7.065048456192017,54.275012,19.03125,,,,8
maurano,bedtools,maurano,,1.0,1,2,fKidney_renal_cortex_L-DS17550.hg19.hotspot.twopass.fdr0.05.merge.bed,fMuscle_leg-DS19158.hg19.hotspot.twopass.fdr0.05.merge.bed,0.321369,7.065048456192017,54.275012,19.03125,,,,8
maurano,bedtools,maurano,,1.0,1,2,fKidney_renal_cortex_L-DS17550.hg19.hotspot.twopass.fdr0.05.merge.bed,fStomach-DS17659.hg19.hotspot.twopass.fdr0.05.merge.bed,0.314544,7.065048456192017,54.275012,19.03125,,,,8
maurano,bedtools,maurano,,1.0,1,2,fLung_L-DS17154.hg19.hotspot.twopass.fdr0.05.merge.bed,fLung_R-DS15632.hotspot.twopass.fdr0.05.merge.bed,0.594137,7.065048456192017,54.275012,19.03125,,,,8
maurano,bedtools,maurano,,1.0,1,2,fLung_L-DS17154.hg19.hotspot.twopass.fdr0.05.merge.bed,fLung_L-DS18421.hg19.hotspot.twopass.fdr0.05.merge.bed,0.626942,7.065048456192017,54.275012,19.03125,,,,8
maurano,bedtools,maurano,,1.0,1,2,fLung_L-DS17154.hg19.hotspot.twopass.fdr0.05.merge.bed,fMuscle_arm-DS19053.hg19.hotspot.twopass.fdr0.05.merge.bed,0.377284,7.065048456192017,54.275012,19.03125,,,,8
maurano,bedtools,maurano,,1.0,1,2,fLung_L-DS17154.hg19.hotspot.twopass.fdr0.05.merge.bed,fMuscle_back-DS18454.hg19.hotspot.twopass.fdr0.05.merge.bed,0.363956,7.065048456192017,54.275012,19.03125,,,,8
maurano,bedtools,maurano,,1.0,1,2,fLung_L-DS17154.hg19.hotspot.twopass.fdr0.05.merge.bed,fSkin_fibro_bicep_R-DS19745.hg19.hotspot.twopass.fdr0.05.merge.bed,0.18337,7.065048456192017,54.275012,19.03125,,,,8
maurano,bedtools,maurano,,1.0,1,2,fLung_L-DS17154.hg19.hotspot.twopass.fdr0.05.merge.bed,fMuscle_leg-DS19115.hg19.hotspot.twopass.fdr0.05.merge.bed,0.368251,7.065048456192017,54.275012,19.03125,,,,8
maurano,bedtools,maurano,,1.0,1,2,fLung_L-DS17154.hg19.hotspot.twopass.fdr0.05.merge.bed,fMuscle_leg-DS19158.hg19.hotspot.twopass.fdr0.05.merge.bed,0.372015,7.065048456192017,54.275012,19.03125,,,,8
maurano,bedtools,maurano,,1.0,1,2,fLung_L-DS17154.hg19.hotspot.twopass.fdr0.05.merge.bed,fStomach-DS17659.hg19.hotspot.twopass.fdr0.05.merge.bed,0.331727,7.065048456192017,54.275012,19.03125,,,,8
maurano,bedtools,maurano,,1.0,1,2,fLung_L-DS18421.hg19.hotspot.twopass.fdr0.05.merge.bed,fLung_R-DS15632.hotspot.twopass.fdr0.05.merge.bed,0.590381,7.065048456192017,54.275012,19.03125,,,,8
maurano,bedtools,maurano,,1.0,1,2,fLung_L-DS18421.hg19.hotspot.twopass.fdr0.05.merge.bed,fMuscle_arm-DS19053.hg19.hotspot.twopass.fdr0.05.merge.bed,0.366132,7.065048456192017,54.275012,19.03125,,,,8
maurano,bedtools,maurano,,1.0,1,2,fLung_L-DS18421.hg19.hotspot.twopass.fdr0.05.merge.bed,fMuscle_back-DS18454.hg19.hotspot.twopass.fdr0.05.merge.bed,0.358442,7.065048456192017,54.275012,19.03125,,,,8
maurano,bedtools,maurano,,1.0,1,2,fLung_L-DS18421.hg19.hotspot.twopass.fdr0.05.merge.bed,fMuscle_leg-DS19115.hg19.hotspot.twopass.fdr0.05.merge.bed,0.3614,7.065048456192017,54.275012,19.03125,,,,8
maurano,bedtools,maurano,,1.0,1,2,fLung_L-DS18421.hg19.hotspot.twopass.fdr0.05.merge.bed,fSkin_fibro_bicep_R-DS19745.hg19.hotspot.twopass.fdr0.05.merge.bed,0.191675,7.065048456192017,54.275012,19.03125,,,,8
maurano,bedtools,maurano,,1.0,1,2,fLung_L-DS18421.hg19.hotspot.twopass.fdr0.05.merge.bed,fMuscle_leg-DS19158.hg19.hotspot.twopass.fdr0.05.merge.bed,0.355591,7.065048456192017,54.275012,19.03125,,,,8
maurano,bedtools,maurano,,1.0,1,2,fLung_L-DS18421.hg19.hotspot.twopass.fdr0.05.merge.bed,fStomach-DS17659.hg19.hotspot.twopass.fdr0.05.merge.bed,0.356052,7.065048456192017,54.275012,19.03125,,,,8
maurano,bedtools,maurano,,1.0,1,2,fLung_R-DS15632.hotspot.twopass.fdr0.05.merge.bed,fMuscle_arm-DS19053.hg19.hotspot.twopass.fdr0.05.merge.bed,0.378953,7.065048456192017,54.275012,19.03125,,,,8
maurano,bedtools,maurano,,1.0,1,2,fLung_R-DS15632.hotspot.twopass.fdr0.05.merge.bed,fMuscle_leg-DS19115.hg19.hotspot.twopass.fdr0.05.merge.bed,0.374624,7.065048456192017,54.275012,19.03125,,,,8
maurano,bedtools,maurano,,1.0,1,2,fLung_R-DS15632.hotspot.twopass.fdr0.05.merge.bed,fMuscle_back-DS18454.hg19.hotspot.twopass.fdr0.05.merge.bed,0.3663,7.065048456192017,54.275012,19.03125,,,,8
maurano,bedtools,maurano,,1.0,1,2,fLung_R-DS15632.hotspot.twopass.fdr0.05.merge.bed,fMuscle_leg-DS19158.hg19.hotspot.twopass.fdr0.05.merge.bed,0.360816,7.065048456192017,54.275012,19.03125,,,,8
maurano,bedtools,maurano,,1.0,1,2,fLung_R-DS15632.hotspot.twopass.fdr0.05.merge.bed,fSkin_fibro_bicep_R-DS19745.hg19.hotspot.twopass.fdr0.05.merge.bed,0.199165,7.065048456192017,54.275012,19.03125,,,,8
maurano,bedtools,maurano,,1.0,1,2,fLung_R-DS15632.hotspot.twopass.fdr0.05.merge.bed,fStomach-DS17659.hg19.hotspot.twopass.fdr0.05.merge.bed,0.357541,7.065048456192017,54.275012,19.03125,,,,8
maurano,bedtools,maurano,,1.0,1,2,fMuscle_arm-DS19053.hg19.hotspot.twopass.fdr0.05.merge.bed,fMuscle_back-DS18454.hg19.hotspot.twopass.fdr0.05.merge.bed,0.58994,7.065048456192017,54.275012,19.03125,,,,8
maurano,bedtools,maurano,,1.0,1,2,fMuscle_arm-DS19053.hg19.hotspot.twopass.fdr0.05.merge.bed,fMuscle_leg-DS19115.hg19.hotspot.twopass.fdr0.05.merge.bed,0.599604,7.065048456192017,54.275012,19.03125,,,,8
maurano,bedtools,maurano,,1.0,1,2,fMuscle_arm-DS19053.hg19.hotspot.twopass.fdr0.05.merge.bed,fMuscle_leg-DS19158.hg19.hotspot.twopass.fdr0.05.merge.bed,0.573223,7.065048456192017,54.275012,19.03125,,,,8
maurano,bedtools,maurano,,1.0,1,2,fMuscle_arm-DS19053.hg19.hotspot.twopass.fdr0.05.merge.bed,fSkin_fibro_bicep_R-DS19745.hg19.hotspot.twopass.fdr0.05.merge.bed,0.215222,7.065048456192017,54.275012,19.03125,,,,8
maurano,bedtools,maurano,,1.0,1,2,fMuscle_arm-DS19053.hg19.hotspot.twopass.fdr0.05.merge.bed,fStomach-DS17659.hg19.hotspot.twopass.fdr0.05.merge.bed,0.322868,7.065048456192017,54.275012,19.03125,,,,8
maurano,bedtools,maurano,,1.0,1,2,fMuscle_back-DS18454.hg19.hotspot.twopass.fdr0.05.merge.bed,fMuscle_leg-DS19115.hg19.hotspot.twopass.fdr0.05.merge.bed,0.605352,7.065048456192017,54.275012,19.03125,,,,8
maurano,bedtools,maurano,,1.0,1,2,fMuscle_back-DS18454.hg19.hotspot.twopass.fdr0.05.merge.bed,fMuscle_leg-DS19158.hg19.hotspot.twopass.fdr0.05.merge.bed,0.555513,7.065048456192017,54.275012,19.03125,,,,8
maurano,bedtools,maurano,,1.0,1,2,fMuscle_back-DS18454.hg19.hotspot.twopass.fdr0.05.merge.bed,fSkin_fibro_bicep_R-DS19745.hg19.hotspot.twopass.fdr0.05.merge.bed,0.223531,7.065048456192017,54.275012,19.03125,,,,8
maurano,bedtools,maurano,,1.0,1,2,fMuscle_back-DS18454.hg19.hotspot.twopass.fdr0.05.merge.bed,fStomach-DS17659.hg19.hotspot.twopass.fdr0.05.merge.bed,0.327171,7.065048456192017,54.275012,19.03125,,,,8
maurano,bedtools,maurano,,1.0,1,2,fMuscle_leg-DS19115.hg19.hotspot.twopass.fdr0.05.merge.bed,fSkin_fibro_bicep_R-DS19745.hg19.hotspot.twopass.fdr0.05.merge.bed,0.218922,7.065048456192017,54.275012,19.03125,,,,8
maurano,bedtools,maurano,,1.0,1,2,fMuscle_leg-DS19115.hg19.hotspot.twopass.fdr0.05.merge.bed,fMuscle_leg-DS19158.hg19.hotspot.twopass.fdr0.05.merge.bed,0.582839,7.065048456192017,54.275012,19.03125,,,,8
maurano,bedtools,maurano,,1.0,1,2,fMuscle_leg-DS19115.hg19.hotspot.twopass.fdr0.05.merge.bed,fStomach-DS17659.hg19.hotspot.twopass.fdr0.05.merge.bed,0.329439,7.065048456192017,54.275012,19.03125,,,,8
maurano,bedtools,maurano,,1.0,1,2,fMuscle_leg-DS19158.hg19.hotspot.twopass.fdr0.05.merge.bed,fSkin_fibro_bicep_R-DS19745.hg19.hotspot.twopass.fdr0.05.merge.bed,0.195676,7.065048456192017,54.275012,19.03125,,,,8
maurano,bedtools,maurano,,1.0,1,2,fMuscle_leg-DS19158.hg19.hotspot.twopass.fdr0.05.merge.bed,fStomach-DS17659.hg19.hotspot.twopass.fdr0.05.merge.bed,0.291063,7.065048456192017,54.275012,19.03125,,,,8
maurano,bedtools,maurano,,1.0,1,2,fSkin_fibro_bicep_R-DS19745.hg19.hotspot.twopass.fdr0.05.merge.bed,fStomach-DS17659.hg19.hotspot.twopass.fdr0.05.merge.bed,0.229768,7.065048456192017,54.275012,19.03125,,,,8
maurano,bedtools,maurano,,1.0,2,3,fBrain-DS14718.hotspot.twopass.fdr0.05.merge.bed,fHeart-DS15643.hotspot.twopass.fdr0.05.merge.bed,0.240543,7.084909439086914,54.254177,19.0390625,,,,8
maurano,bedtools,maurano,,1.0,2,3,fBrain-DS14718.hotspot.twopass.fdr0.05.merge.bed,fBrain-DS16302.hotspot.twopass.fdr0.05.merge.bed,0.354341,7.084909439086914,54.254177,19.0390625,,,,8
maurano,bedtools,maurano,,1.0,2,3,fBrain-DS14718.hotspot.twopass.fdr0.05.merge.bed,fIntestine_Sm-DS16712.hg19.hotspot.twopass.fdr0.05.merge.bed,0.206104,7.084909439086914,54.254177,19.0390625,,,,8
maurano,bedtools,maurano,,1.0,2,3,fBrain-DS14718.hotspot.twopass.fdr0.05.merge.bed,fIntestine_Sm-DS16559.hotspot.twopass.fdr0.05.merge.bed,0.208473,7.084909439086914,54.254177,19.0390625,,,,8
maurano,bedtools,maurano,,1.0,2,3,fBrain-DS14718.hotspot.twopass.fdr0.05.merge.bed,fHeart-DS16621.hotspot.twopass.fdr0.05.merge.bed,0.227235,7.084909439086914,54.254177,19.0390625,,,,8
maurano,bedtools,maurano,,1.0,2,3,fBrain-DS14718.hotspot.twopass.fdr0.05.merge.bed,fHeart-DS15839.hotspot.twopass.fdr0.05.merge.bed,0.220057,7.084909439086914,54.254177,19.0390625,,,,8
maurano,bedtools,maurano,,1.0,2,3,fBrain-DS14718.hotspot.twopass.fdr0.05.merge.bed,fIntestine_Sm-DS16822.hotspot.twopass.fdr0.05.merge.bed,0.201612,7.084909439086914,54.254177,19.0390625,,,,8
maurano,bedtools,maurano,,1.0,2,3,fBrain-DS14718.hotspot.twopass.fdr0.05.merge.bed,fIntestine_Sm-DS18495.hg19.hotspot.twopass.fdr0.05.merge.bed,0.190684,7.084909439086914,54.254177,19.0390625,,,,8
maurano,bedtools,maurano,,1.0,2,3,fBrain-DS14718.hotspot.twopass.fdr0.05.merge.bed,fIntestine_Sm-DS17808.hg19.hotspot.twopass.fdr0.05.merge.bed,0.215237,7.084909439086914,54.254177,19.0390625,,,,8
maurano,bedtools,maurano,,1.0,2,3,fBrain-DS14718.hotspot.twopass.fdr0.05.merge.bed,fLung_L-DS18421.hg19.hotspot.twopass.fdr0.05.merge.bed,0.25417,7.084909439086914,54.254177,19.0390625,,,,8
maurano,bedtools,maurano,,1.0,2,3,fBrain-DS14718.hotspot.twopass.fdr0.05.merge.bed,fLung_R-DS15632.hotspot.twopass.fdr0.05.merge.bed,0.260759,7.084909439086914,54.254177,19.0390625,,,,8
maurano,bedtools,maurano,,1.0,2,3,fBrain-DS14718.hotspot.twopass.fdr0.05.merge.bed,fKidney_renal_cortex_L-DS17550.hg19.hotspot.twopass.fdr0.05.merge.bed,0.260934,7.084909439086914,54.254177,19.0390625,,,,8
maurano,bedtools,maurano,,1.0,2,3,fBrain-DS14718.hotspot.twopass.fdr0.05.merge.bed,fLung_L-DS17154.hg19.hotspot.twopass.fdr0.05.merge.bed,0.254287,7.084909439086914,54.254177,19.0390625,,,,8
maurano,bedtools,maurano,,1.0,2,3,fBrain-DS14718.hotspot.twopass.fdr0.05.merge.bed,fMuscle_arm-DS19053.hg19.hotspot.twopass.fdr0.05.merge.bed,0.263693,7.084909439086914,54.254177,19.0390625,,,,8
maurano,bedtools,maurano,,1.0,2,3,fBrain-DS14718.hotspot.twopass.fdr0.05.merge.bed,fMuscle_back-DS18454.hg19.hotspot.twopass.fdr0.05.merge.bed,0.265443,7.084909439086914,54.254177,19.0390625,,,,8
maurano,bedtools,maurano,,1.0,2,3,fBrain-DS14718.hotspot.twopass.fdr0.05.merge.bed,fMuscle_leg-DS19115.hg19.hotspot.twopass.fdr0.05.merge.bed,0.266904,7.084909439086914,54.254177,19.0390625,,,,8
maurano,bedtools,maurano,,1.0,2,3,fBrain-DS14718.hotspot.twopass.fdr0.05.merge.bed,fStomach-DS17659.hg19.hotspot.twopass.fdr0.05.merge.bed,0.248625,7.084909439086914,54.254177,19.0390625,,,,8
maurano,bedtools,maurano,,1.0,2,3,fBrain-DS14718.hotspot.twopass.fdr0.05.merge.bed,fMuscle_leg-DS19158.hg19.hotspot.twopass.fdr0.05.merge.bed,0.244176,7.084909439086914,54.254177,19.0390625,,,,8
maurano,bedtools,maurano,,1.0,2,3,fBrain-DS14718.hotspot.twopass.fdr0.05.merge.bed,fSkin_fibro_bicep_R-DS19745.hg19.hotspot.twopass.fdr0.05.merge.bed,0.15608,7.084909439086914,54.254177,19.0390625,,,,8
maurano,bedtools,maurano,,1.0,2,3,fBrain-DS16302.hotspot.twopass.fdr0.05.merge.bed,fHeart-DS15643.hotspot.twopass.fdr0.05.merge.bed,0.231572,7.084909439086914,54.254177,19.0390625,,,,8
maurano,bedtools,maurano,,1.0,2,3,fBrain-DS16302.hotspot.twopass.fdr0.05.merge.bed,fHeart-DS15839.hotspot.twopass.fdr0.05.merge.bed,0.209813,7.084909439086914,54.254177,19.0390625,,,,8
maurano,bedtools,maurano,,1.0,2,3,fBrain-DS16302.hotspot.twopass.fdr0.05.merge.bed,fIntestine_Sm-DS16712.hg19.hotspot.twopass.fdr0.05.merge.bed,0.17876,7.084909439086914,54.254177,19.0390625,,,,8
maurano,bedtools,maurano,,1.0,2,3,fBrain-DS16302.hotspot.twopass.fdr0.05.merge.bed,fHeart-DS16621.hotspot.twopass.fdr0.05.merge.bed,0.226111,7.084909439086914,54.254177,19.0390625,,,,8
maurano,bedtools,maurano,,1.0,2,3,fBrain-DS16302.hotspot.twopass.fdr0.05.merge.bed,fIntestine_Sm-DS16559.hotspot.twopass.fdr0.05.merge.bed,0.194993,7.084909439086914,54.254177,19.0390625,,,,8
maurano,bedtools,maurano,,1.0,2,3,fBrain-DS16302.hotspot.twopass.fdr0.05.merge.bed,fIntestine_Sm-DS17808.hg19.hotspot.twopass.fdr0.05.merge.bed,0.191957,7.084909439086914,54.254177,19.0390625,,,,8
maurano,bedtools,maurano,,1.0,2,3,fBrain-DS16302.hotspot.twopass.fdr0.05.merge.bed,fIntestine_Sm-DS16822.hotspot.twopass.fdr0.05.merge.bed,0.183641,7.084909439086914,54.254177,19.0390625,,,,8
maurano,bedtools,maurano,,1.0,2,3,fBrain-DS16302.hotspot.twopass.fdr0.05.merge.bed,fIntestine_Sm-DS18495.hg19.hotspot.twopass.fdr0.05.merge.bed,0.175085,7.084909439086914,54.254177,19.0390625,,,,8
maurano,bedtools,maurano,,1.0,2,3,fBrain-DS16302.hotspot.twopass.fdr0.05.merge.bed,fKidney_renal_cortex_L-DS17550.hg19.hotspot.twopass.fdr0.05.merge.bed,0.237877,7.084909439086914,54.254177,19.0390625,,,,8
maurano,bedtools,maurano,,1.0,2,3,fBrain-DS16302.hotspot.twopass.fdr0.05.merge.bed,fLung_L-DS17154.hg19.hotspot.twopass.fdr0.05.merge.bed,0.258712,7.084909439086914,54.254177,19.0390625,,,,8
maurano,bedtools,maurano,,1.0,2,3,fBrain-DS16302.hotspot.twopass.fdr0.05.merge.bed,fLung_R-DS15632.hotspot.twopass.fdr0.05.merge.bed,0.259236,7.084909439086914,54.254177,19.0390625,,,,8
maurano,bedtools,maurano,,1.0,2,3,fBrain-DS16302.hotspot.twopass.fdr0.05.merge.bed,fLung_L-DS18421.hg19.hotspot.twopass.fdr0.05.merge.bed,0.251358,7.084909439086914,54.254177,19.0390625,,,,8
maurano,bedtools,maurano,,1.0,2,3,fBrain-DS16302.hotspot.twopass.fdr0.05.merge.bed,fMuscle_back-DS18454.hg19.hotspot.twopass.fdr0.05.merge.bed,0.24471,7.084909439086914,54.254177,19.0390625,,,,8
maurano,bedtools,maurano,,1.0,2,3,fBrain-DS16302.hotspot.twopass.fdr0.05.merge.bed,fMuscle_arm-DS19053.hg19.hotspot.twopass.fdr0.05.merge.bed,0.252318,7.084909439086914,54.254177,19.0390625,,,,8
maurano,bedtools,maurano,,1.0,2,3,fBrain-DS16302.hotspot.twopass.fdr0.05.merge.bed,fMuscle_leg-DS19115.hg19.hotspot.twopass.fdr0.05.merge.bed,0.249425,7.084909439086914,54.254177,19.0390625,,,,8
maurano,bedtools,maurano,,1.0,2,3,fBrain-DS16302.hotspot.twopass.fdr0.05.merge.bed,fMuscle_leg-DS19158.hg19.hotspot.twopass.fdr0.05.merge.bed,0.244333,7.084909439086914,54.254177,19.0390625,,,,8
maurano,bedtools,maurano,,1.0,2,3,fBrain-DS16302.hotspot.twopass.fdr0.05.merge.bed,fSkin_fibro_bicep_R-DS19745.hg19.hotspot.twopass.fdr0.05.merge.bed,0.135481,7.084909439086914,54.254177,19.0390625,,,,8
maurano,bedtools,maurano,,1.0,2,3,fBrain-DS16302.hotspot.twopass.fdr0.05.merge.bed,fStomach-DS17659.hg19.hotspot.twopass.fdr0.05.merge.bed,0.215611,7.084909439086914,54.254177,19.0390625,,,,8
maurano,bedtools,maurano,,1.0,2,3,fHeart-DS15643.hotspot.twopass.fdr0.05.merge.bed,fHeart-DS16621.hotspot.twopass.fdr0.05.merge.bed,0.612503,7.084909439086914,54.254177,19.0390625,,,,8
maurano,bedtools,maurano,,1.0,2,3,fHeart-DS15643.hotspot.twopass.fdr0.05.merge.bed,fIntestine_Sm-DS16712.hg19.hotspot.twopass.fdr0.05.merge.bed,0.252223,7.084909439086914,54.254177,19.0390625,,,,8
maurano,bedtools,maurano,,1.0,2,3,fHeart-DS15643.hotspot.twopass.fdr0.05.merge.bed,fHeart-DS15839.hotspot.twopass.fdr0.05.merge.bed,0.501456,7.084909439086914,54.254177,19.0390625,,,,8
maurano,bedtools,maurano,,1.0,2,3,fHeart-DS15643.hotspot.twopass.fdr0.05.merge.bed,fIntestine_Sm-DS16559.hotspot.twopass.fdr0.05.merge.bed,0.274958,7.084909439086914,54.254177,19.0390625,,,,8
maurano,bedtools,maurano,,1.0,2,3,fHeart-DS15643.hotspot.twopass.fdr0.05.merge.bed,fIntestine_Sm-DS16822.hotspot.twopass.fdr0.05.merge.bed,0.259862,7.084909439086914,54.254177,19.0390625,,,,8
maurano,bedtools,maurano,,1.0,2,3,fHeart-DS15643.hotspot.twopass.fdr0.05.merge.bed,fIntestine_Sm-DS18495.hg19.hotspot.twopass.fdr0.05.merge.bed,0.247321,7.084909439086914,54.254177,19.0390625,,,,8
maurano,bedtools,maurano,,1.0,2,3,fHeart-DS15643.hotspot.twopass.fdr0.05.merge.bed,fIntestine_Sm-DS17808.hg19.hotspot.twopass.fdr0.05.merge.bed,0.279561,7.084909439086914,54.254177,19.0390625,,,,8
maurano,bedtools,maurano,,1.0,2,3,fHeart-DS15643.hotspot.twopass.fdr0.05.merge.bed,fLung_L-DS17154.hg19.hotspot.twopass.fdr0.05.merge.bed,0.321958,7.084909439086914,54.254177,19.0390625,,,,8
maurano,bedtools,maurano,,1.0,2,3,fHeart-DS15643.hotspot.twopass.fdr0.05.merge.bed,fKidney_renal_cortex_L-DS17550.hg19.hotspot.twopass.fdr0.05.merge.bed,0.305128,7.084909439086914,54.254177,19.0390625,,,,8
maurano,bedtools,maurano,,1.0,2,3,fHeart-DS15643.hotspot.twopass.fdr0.05.merge.bed,fLung_L-DS18421.hg19.hotspot.twopass.fdr0.05.merge.bed,0.323751,7.084909439086914,54.254177,19.0390625,,,,8
maurano,bedtools,maurano,,1.0,2,3,fHeart-DS15643.hotspot.twopass.fdr0.05.merge.bed,fLung_R-DS15632.hotspot.twopass.fdr0.05.merge.bed,0.327153,7.084909439086914,54.254177,19.0390625,,,,8
maurano,bedtools,maurano,,1.0,2,3,fHeart-DS15643.hotspot.twopass.fdr0.05.merge.bed,fMuscle_arm-DS19053.hg19.hotspot.twopass.fdr0.05.merge.bed,0.322471,7.084909439086914,54.254177,19.0390625,,,,8
maurano,bedtools,maurano,,1.0,2,3,fHeart-DS15643.hotspot.twopass.fdr0.05.merge.bed,fMuscle_back-DS18454.hg19.hotspot.twopass.fdr0.05.merge.bed,0.32779,7.084909439086914,54.254177,19.0390625,,,,8
maurano,bedtools,maurano,,1.0,2,3,fHeart-DS15643.hotspot.twopass.fdr0.05.merge.bed,fMuscle_leg-DS19115.hg19.hotspot.twopass.fdr0.05.merge.bed,0.321602,7.084909439086914,54.254177,19.0390625,,,,8
maurano,bedtools,maurano,,1.0,2,3,fHeart-DS15643.hotspot.twopass.fdr0.05.merge.bed,fMuscle_leg-DS19158.hg19.hotspot.twopass.fdr0.05.merge.bed,0.297134,7.084909439086914,54.254177,19.0390625,,,,8
maurano,bedtools,maurano,,1.0,2,3,fHeart-DS15643.hotspot.twopass.fdr0.05.merge.bed,fSkin_fibro_bicep_R-DS19745.hg19.hotspot.twopass.fdr0.05.merge.bed,0.18551,7.084909439086914,54.254177,19.0390625,,,,8
maurano,bedtools,maurano,,1.0,2,3,fHeart-DS15643.hotspot.twopass.fdr0.05.merge.bed,fStomach-DS17659.hg19.hotspot.twopass.fdr0.05.merge.bed,0.295735,7.084909439086914,54.254177,19.0390625,,,,8
maurano,bedtools,maurano,,1.0,2,3,fHeart-DS15839.hotspot.twopass.fdr0.05.merge.bed,fHeart-DS16621.hotspot.twopass.fdr0.05.merge.bed,0.50637,7.084909439086914,54.254177,19.0390625,,,,8
maurano,bedtools,maurano,,1.0,2,3,fHeart-DS15839.hotspot.twopass.fdr0.05.merge.bed,fIntestine_Sm-DS16712.hg19.hotspot.twopass.fdr0.05.merge.bed,0.234683,7.084909439086914,54.254177,19.0390625,,,,8
maurano,bedtools,maurano,,1.0,2,3,fHeart-DS15839.hotspot.twopass.fdr0.05.merge.bed,fIntestine_Sm-DS16559.hotspot.twopass.fdr0.05.merge.bed,0.253843,7.084909439086914,54.254177,19.0390625,,,,8
maurano,bedtools,maurano,,1.0,2,3,fHeart-DS15839.hotspot.twopass.fdr0.05.merge.bed,fIntestine_Sm-DS16822.hotspot.twopass.fdr0.05.merge.bed,0.236505,7.084909439086914,54.254177,19.0390625,,,,8
maurano,bedtools,maurano,,1.0,2,3,fHeart-DS15839.hotspot.twopass.fdr0.05.merge.bed,fIntestine_Sm-DS18495.hg19.hotspot.twopass.fdr0.05.merge.bed,0.220866,7.084909439086914,54.254177,19.0390625,,,,8
maurano,bedtools,maurano,,1.0,2,3,fHeart-DS15839.hotspot.twopass.fdr0.05.merge.bed,fIntestine_Sm-DS17808.hg19.hotspot.twopass.fdr0.05.merge.bed,0.262172,7.084909439086914,54.254177,19.0390625,,,,8
maurano,bedtools,maurano,,1.0,2,3,fHeart-DS15839.hotspot.twopass.fdr0.05.merge.bed,fKidney_renal_cortex_L-DS17550.hg19.hotspot.twopass.fdr0.05.merge.bed,0.278114,7.084909439086914,54.254177,19.0390625,,,,8
maurano,bedtools,maurano,,1.0,2,3,fHeart-DS15839.hotspot.twopass.fdr0.05.merge.bed,fLung_L-DS17154.hg19.hotspot.twopass.fdr0.05.merge.bed,0.289965,7.084909439086914,54.254177,19.0390625,,,,8
maurano,bedtools,maurano,,1.0,2,3,fHeart-DS15839.hotspot.twopass.fdr0.05.merge.bed,fLung_R-DS15632.hotspot.twopass.fdr0.05.merge.bed,0.280371,7.084909439086914,54.254177,19.0390625,,,,8
maurano,bedtools,maurano,,1.0,2,3,fHeart-DS15839.hotspot.twopass.fdr0.05.merge.bed,fLung_L-DS18421.hg19.hotspot.twopass.fdr0.05.merge.bed,0.285643,7.084909439086914,54.254177,19.0390625,,,,8
maurano,bedtools,maurano,,1.0,2,3,fHeart-DS15839.hotspot.twopass.fdr0.05.merge.bed,fMuscle_arm-DS19053.hg19.hotspot.twopass.fdr0.05.merge.bed,0.273637,7.084909439086914,54.254177,19.0390625,,,,8
maurano,bedtools,maurano,,1.0,2,3,fHeart-DS15839.hotspot.twopass.fdr0.05.merge.bed,fMuscle_back-DS18454.hg19.hotspot.twopass.fdr0.05.merge.bed,0.273879,7.084909439086914,54.254177,19.0390625,,,,8
maurano,bedtools,maurano,,1.0,2,3,fHeart-DS15839.hotspot.twopass.fdr0.05.merge.bed,fMuscle_leg-DS19115.hg19.hotspot.twopass.fdr0.05.merge.bed,0.265811,7.084909439086914,54.254177,19.0390625,,,,8
maurano,bedtools,maurano,,1.0,2,3,fHeart-DS15839.hotspot.twopass.fdr0.05.merge.bed,fMuscle_leg-DS19158.hg19.hotspot.twopass.fdr0.05.merge.bed,0.250537,7.084909439086914,54.254177,19.0390625,,,,8
maurano,bedtools,maurano,,1.0,2,3,fHeart-DS15839.hotspot.twopass.fdr0.05.merge.bed,fSkin_fibro_bicep_R-DS19745.hg19.hotspot.twopass.fdr0.05.merge.bed,0.155952,7.084909439086914,54.254177,19.0390625,,,,8
maurano,bedtools,maurano,,1.0,2,3,fHeart-DS15839.hotspot.twopass.fdr0.05.merge.bed,fStomach-DS17659.hg19.hotspot.twopass.fdr0.05.merge.bed,0.2491,7.084909439086914,54.254177,19.0390625,,,,8
maurano,bedtools,maurano,,1.0,2,3,fHeart-DS16621.hotspot.twopass.fdr0.05.merge.bed,fIntestine_Sm-DS16559.hotspot.twopass.fdr0.05.merge.bed,0.270273,7.084909439086914,54.254177,19.0390625,,,,8
maurano,bedtools,maurano,,1.0,2,3,fHeart-DS16621.hotspot.twopass.fdr0.05.merge.bed,fIntestine_Sm-DS16712.hg19.hotspot.twopass.fdr0.05.merge.bed,0.226441,7.084909439086914,54.254177,19.0390625,,,,8
maurano,bedtools,maurano,,1.0,2,3,fHeart-DS16621.hotspot.twopass.fdr0.05.merge.bed,fIntestine_Sm-DS16822.hotspot.twopass.fdr0.05.merge.bed,0.248787,7.084909439086914,54.254177,19.0390625,,,,8
maurano,bedtools,maurano,,1.0,2,3,fHeart-DS16621.hotspot.twopass.fdr0.05.merge.bed,fIntestine_Sm-DS18495.hg19.hotspot.twopass.fdr0.05.merge.bed,0.23503,7.084909439086914,54.254177,19.0390625,,,,8
maurano,bedtools,maurano,,1.0,2,3,fHeart-DS16621.hotspot.twopass.fdr0.05.merge.bed,fIntestine_Sm-DS17808.hg19.hotspot.twopass.fdr0.05.merge.bed,0.262196,7.084909439086914,54.254177,19.0390625,,,,8
maurano,bedtools,maurano,,1.0,2,3,fHeart-DS16621.hotspot.twopass.fdr0.05.merge.bed,fKidney_renal_cortex_L-DS17550.hg19.hotspot.twopass.fdr0.05.merge.bed,0.296984,7.084909439086914,54.254177,19.0390625,,,,8
maurano,bedtools,maurano,,1.0,2,3,fHeart-DS16621.hotspot.twopass.fdr0.05.merge.bed,fLung_L-DS17154.hg19.hotspot.twopass.fdr0.05.merge.bed,0.319891,7.084909439086914,54.254177,19.0390625,,,,8
maurano,bedtools,maurano,,1.0,2,3,fHeart-DS16621.hotspot.twopass.fdr0.05.merge.bed,fLung_R-DS15632.hotspot.twopass.fdr0.05.merge.bed,0.309777,7.084909439086914,54.254177,19.0390625,,,,8
maurano,bedtools,maurano,,1.0,2,3,fHeart-DS16621.hotspot.twopass.fdr0.05.merge.bed,fLung_L-DS18421.hg19.hotspot.twopass.fdr0.05.merge.bed,0.317823,7.084909439086914,54.254177,19.0390625,,,,8
maurano,bedtools,maurano,,1.0,2,3,fHeart-DS16621.hotspot.twopass.fdr0.05.merge.bed,fMuscle_arm-DS19053.hg19.hotspot.twopass.fdr0.05.merge.bed,0.305358,7.084909439086914,54.254177,19.0390625,,,,8
maurano,bedtools,maurano,,1.0,2,3,fHeart-DS16621.hotspot.twopass.fdr0.05.merge.bed,fMuscle_back-DS18454.hg19.hotspot.twopass.fdr0.05.merge.bed,0.309559,7.084909439086914,54.254177,19.0390625,,,,8
maurano,bedtools,maurano,,1.0,2,3,fHeart-DS16621.hotspot.twopass.fdr0.05.merge.bed,fMuscle_leg-DS19158.hg19.hotspot.twopass.fdr0.05.merge.bed,0.291388,7.084909439086914,54.254177,19.0390625,,,,8
maurano,bedtools,maurano,,1.0,2,3,fHeart-DS16621.hotspot.twopass.fdr0.05.merge.bed,fMuscle_leg-DS19115.hg19.hotspot.twopass.fdr0.05.merge.bed,0.301319,7.084909439086914,54.254177,19.0390625,,,,8
maurano,bedtools,maurano,,1.0,2,3,fHeart-DS16621.hotspot.twopass.fdr0.05.merge.bed,fSkin_fibro_bicep_R-DS19745.hg19.hotspot.twopass.fdr0.05.merge.bed,0.170995,7.084909439086914,54.254177,19.0390625,,,,8
maurano,bedtools,maurano,,1.0,2,3,fHeart-DS16621.hotspot.twopass.fdr0.05.merge.bed,fStomach-DS17659.hg19.hotspot.twopass.fdr0.05.merge.bed,0.267889,7.084909439086914,54.254177,19.0390625,,,,8
maurano,bedtools,maurano,,1.0,2,3,fIntestine_Sm-DS16559.hotspot.twopass.fdr0.05.merge.bed,fIntestine_Sm-DS16712.hg19.hotspot.twopass.fdr0.05.merge.bed,0.451537,7.084909439086914,54.254177,19.0390625,,,,8
maurano,bedtools,maurano,,1.0,2,3,fIntestine_Sm-DS16559.hotspot.twopass.fdr0.05.merge.bed,fIntestine_Sm-DS18495.hg19.hotspot.twopass.fdr0.05.merge.bed,0.554788,7.084909439086914,54.254177,19.0390625,,,,8
maurano,bedtools,maurano,,1.0,2,3,fIntestine_Sm-DS16559.hotspot.twopass.fdr0.05.merge.bed,fIntestine_Sm-DS16822.hotspot.twopass.fdr0.05.merge.bed,0.607371,7.084909439086914,54.254177,19.0390625,,,,8
maurano,bedtools,maurano,,1.0,2,3,fIntestine_Sm-DS16559.hotspot.twopass.fdr0.05.merge.bed,fIntestine_Sm-DS17808.hg19.hotspot.twopass.fdr0.05.merge.bed,0.57613,7.084909439086914,54.254177,19.0390625,,,,8
maurano,bedtools,maurano,,1.0,2,3,fIntestine_Sm-DS16559.hotspot.twopass.fdr0.05.merge.bed,fKidney_renal_cortex_L-DS17550.hg19.hotspot.twopass.fdr0.05.merge.bed,0.313097,7.084909439086914,54.254177,19.0390625,,,,8
maurano,bedtools,maurano,,1.0,2,3,fIntestine_Sm-DS16559.hotspot.twopass.fdr0.05.merge.bed,fLung_L-DS17154.hg19.hotspot.twopass.fdr0.05.merge.bed,0.313202,7.084909439086914,54.254177,19.0390625,,,,8
maurano,bedtools,maurano,,1.0,2,3,fIntestine_Sm-DS16559.hotspot.twopass.fdr0.05.merge.bed,fLung_R-DS15632.hotspot.twopass.fdr0.05.merge.bed,0.310454,7.084909439086914,54.254177,19.0390625,,,,8
maurano,bedtools,maurano,,1.0,2,3,fIntestine_Sm-DS16559.hotspot.twopass.fdr0.05.merge.bed,fMuscle_arm-DS19053.hg19.hotspot.twopass.fdr0.05.merge.bed,0.27922,7.084909439086914,54.254177,19.0390625,,,,8
maurano,bedtools,maurano,,1.0,2,3,fIntestine_Sm-DS16559.hotspot.twopass.fdr0.05.merge.bed,fLung_L-DS18421.hg19.hotspot.twopass.fdr0.05.merge.bed,0.325796,7.084909439086914,54.254177,19.0390625,,,,8
maurano,bedtools,maurano,,1.0,2,3,fIntestine_Sm-DS16559.hotspot.twopass.fdr0.05.merge.bed,fMuscle_back-DS18454.hg19.hotspot.twopass.fdr0.05.merge.bed,0.276469,7.084909439086914,54.254177,19.0390625,,,,8
maurano,bedtools,maurano,,1.0,2,3,fIntestine_Sm-DS16559.hotspot.twopass.fdr0.05.merge.bed,fMuscle_leg-DS19115.hg19.hotspot.twopass.fdr0.05.merge.bed,0.273837,7.084909439086914,54.254177,19.0390625,,,,8
maurano,bedtools,maurano,,1.0,2,3,fIntestine_Sm-DS16559.hotspot.twopass.fdr0.05.merge.bed,fMuscle_leg-DS19158.hg19.hotspot.twopass.fdr0.05.merge.bed,0.264617,7.084909439086914,54.254177,19.0390625,,,,8
maurano,bedtools,maurano,,1.0,2,3,fIntestine_Sm-DS16559.hotspot.twopass.fdr0.05.merge.bed,fSkin_fibro_bicep_R-DS19745.hg19.hotspot.twopass.fdr0.05.merge.bed,0.177436,7.084909439086914,54.254177,19.0390625,,,,8
maurano,bedtools,maurano,,1.0,2,3,fIntestine_Sm-DS16559.hotspot.twopass.fdr0.05.merge.bed,fStomach-DS17659.hg19.hotspot.twopass.fdr0.05.merge.bed,0.347187,7.084909439086914,54.254177,19.0390625,,,,8
maurano,bedtools,maurano,,1.0,2,3,fIntestine_Sm-DS16712.hg19.hotspot.twopass.fdr0.05.merge.bed,fIntestine_Sm-DS16822.hotspot.twopass.fdr0.05.merge.bed,0.481841,7.084909439086914,54.254177,19.0390625,,,,8
maurano,bedtools,maurano,,1.0,2,3,fIntestine_Sm-DS16712.hg19.hotspot.twopass.fdr0.05.merge.bed,fIntestine_Sm-DS18495.hg19.hotspot.twopass.fdr0.05.merge.bed,0.480868,7.084909439086914,54.254177,19.0390625,,,,8
maurano,bedtools,maurano,,1.0,2,3,fIntestine_Sm-DS16712.hg19.hotspot.twopass.fdr0.05.merge.bed,fIntestine_Sm-DS17808.hg19.hotspot.twopass.fdr0.05.merge.bed,0.523853,7.084909439086914,54.254177,19.0390625,,,,8
maurano,bedtools,maurano,,1.0,2,3,fIntestine_Sm-DS16712.hg19.hotspot.twopass.fdr0.05.merge.bed,fKidney_renal_cortex_L-DS17550.hg19.hotspot.twopass.fdr0.05.merge.bed,0.269365,7.084909439086914,54.254177,19.0390625,,,,8
maurano,bedtools,maurano,,1.0,2,3,fIntestine_Sm-DS16712.hg19.hotspot.twopass.fdr0.05.merge.bed,fLung_R-DS15632.hotspot.twopass.fdr0.05.merge.bed,0.273746,7.084909439086914,54.254177,19.0390625,,,,8
maurano,bedtools,maurano,,1.0,2,3,fIntestine_Sm-DS16712.hg19.hotspot.twopass.fdr0.05.merge.bed,fLung_L-DS17154.hg19.hotspot.twopass.fdr0.05.merge.bed,0.251144,7.084909439086914,54.254177,19.0390625,,,,8
maurano,bedtools,maurano,,1.0,2,3,fIntestine_Sm-DS16712.hg19.hotspot.twopass.fdr0.05.merge.bed,fLung_L-DS18421.hg19.hotspot.twopass.fdr0.05.merge.bed,0.26833,7.084909439086914,54.254177,19.0390625,,,,8
maurano,bedtools,maurano,,1.0,2,3,fIntestine_Sm-DS16712.hg19.hotspot.twopass.fdr0.05.merge.bed,fMuscle_arm-DS19053.hg19.hotspot.twopass.fdr0.05.merge.bed,0.242071,7.084909439086914,54.254177,19.0390625,,,,8
maurano,bedtools,maurano,,1.0,2,3,fIntestine_Sm-DS16712.hg19.hotspot.twopass.fdr0.05.merge.bed,fMuscle_back-DS18454.hg19.hotspot.twopass.fdr0.05.merge.bed,0.241538,7.084909439086914,54.254177,19.0390625,,,,8
maurano,bedtools,maurano,,1.0,2,3,fIntestine_Sm-DS16712.hg19.hotspot.twopass.fdr0.05.merge.bed,fMuscle_leg-DS19115.hg19.hotspot.twopass.fdr0.05.merge.bed,0.240317,7.084909439086914,54.254177,19.0390625,,,,8
maurano,bedtools,maurano,,1.0,2,3,fIntestine_Sm-DS16712.hg19.hotspot.twopass.fdr0.05.merge.bed,fSkin_fibro_bicep_R-DS19745.hg19.hotspot.twopass.fdr0.05.merge.bed,0.190258,7.084909439086914,54.254177,19.0390625,,,,8
maurano,bedtools,maurano,,1.0,2,3,fIntestine_Sm-DS16712.hg19.hotspot.twopass.fdr0.05.merge.bed,fMuscle_leg-DS19158.hg19.hotspot.twopass.fdr0.05.merge.bed,0.210362,7.084909439086914,54.254177,19.0390625,,,,8
maurano,bedtools,maurano,,1.0,2,3,fIntestine_Sm-DS16712.hg19.hotspot.twopass.fdr0.05.merge.bed,fStomach-DS17659.hg19.hotspot.twopass.fdr0.05.merge.bed,0.344375,7.084909439086914,54.254177,19.0390625,,,,8
maurano,bedtools,maurano,,1.0,2,3,fIntestine_Sm-DS16822.hotspot.twopass.fdr0.05.merge.bed,fIntestine_Sm-DS17808.hg19.hotspot.twopass.fdr0.05.merge.bed,0.59865,7.084909439086914,54.254177,19.0390625,,,,8
maurano,bedtools,maurano,,1.0,2,3,fIntestine_Sm-DS16822.hotspot.twopass.fdr0.05.merge.bed,fIntestine_Sm-DS18495.hg19.hotspot.twopass.fdr0.05.merge.bed,0.569733,7.084909439086914,54.254177,19.0390625,,,,8
maurano,bedtools,maurano,,1.0,2,3,fIntestine_Sm-DS16822.hotspot.twopass.fdr0.05.merge.bed,fKidney_renal_cortex_L-DS17550.hg19.hotspot.twopass.fdr0.05.merge.bed,0.289532,7.084909439086914,54.254177,19.0390625,,,,8
maurano,bedtools,maurano,,1.0,2,3,fIntestine_Sm-DS16822.hotspot.twopass.fdr0.05.merge.bed,fLung_R-DS15632.hotspot.twopass.fdr0.05.merge.bed,0.289781,7.084909439086914,54.254177,19.0390625,,,,8
maurano,bedtools,maurano,,1.0,2,3,fIntestine_Sm-DS16822.hotspot.twopass.fdr0.05.merge.bed,fMuscle_arm-DS19053.hg19.hotspot.twopass.fdr0.05.merge.bed,0.256284,7.084909439086914,54.254177,19.0390625,,,,8
maurano,bedtools,maurano,,1.0,2,3,fIntestine_Sm-DS16822.hotspot.twopass.fdr0.05.merge.bed,fLung_L-DS18421.hg19.hotspot.twopass.fdr0.05.merge.bed,0.300228,7.084909439086914,54.254177,19.0390625,,,,8
maurano,bedtools,maurano,,1.0,2,3,fIntestine_Sm-DS16822.hotspot.twopass.fdr0.05.merge.bed,fLung_L-DS17154.hg19.hotspot.twopass.fdr0.05.merge.bed,0.28457,7.084909439086914,54.254177,19.0390625,,,,8
maurano,bedtools,maurano,,1.0,2,3,fIntestine_Sm-DS16822.hotspot.twopass.fdr0.05.merge.bed,fMuscle_back-DS18454.hg19.hotspot.twopass.fdr0.05.merge.bed,0.258686,7.084909439086914,54.254177,19.0390625,,,,8
maurano,bedtools,maurano,,1.0,2,3,fIntestine_Sm-DS16822.hotspot.twopass.fdr0.05.merge.bed,fMuscle_leg-DS19158.hg19.hotspot.twopass.fdr0.05.merge.bed,0.238165,7.084909439086914,54.254177,19.0390625,,,,8
maurano,bedtools,maurano,,1.0,2,3,fIntestine_Sm-DS16822.hotspot.twopass.fdr0.05.merge.bed,fMuscle_leg-DS19115.hg19.hotspot.twopass.fdr0.05.merge.bed,0.255764,7.084909439086914,54.254177,19.0390625,,,,8
maurano,bedtools,maurano,,1.0,2,3,fIntestine_Sm-DS16822.hotspot.twopass.fdr0.05.merge.bed,fSkin_fibro_bicep_R-DS19745.hg19.hotspot.twopass.fdr0.05.merge.bed,0.18352,7.084909439086914,54.254177,19.0390625,,,,8
maurano,bedtools,maurano,,1.0,2,3,fIntestine_Sm-DS16822.hotspot.twopass.fdr0.05.merge.bed,fStomach-DS17659.hg19.hotspot.twopass.fdr0.05.merge.bed,0.355715,7.084909439086914,54.254177,19.0390625,,,,8
maurano,bedtools,maurano,,1.0,2,3,fIntestine_Sm-DS17808.hg19.hotspot.twopass.fdr0.05.merge.bed,fIntestine_Sm-DS18495.hg19.hotspot.twopass.fdr0.05.merge.bed,0.538442,7.084909439086914,54.254177,19.0390625,,,,8
maurano,bedtools,maurano,,1.0,2,3,fIntestine_Sm-DS17808.hg19.hotspot.twopass.fdr0.05.merge.bed,fKidney_renal_cortex_L-DS17550.hg19.hotspot.twopass.fdr0.05.merge.bed,0.311739,7.084909439086914,54.254177,19.0390625,,,,8
maurano,bedtools,maurano,,1.0,2,3,fIntestine_Sm-DS17808.hg19.hotspot.twopass.fdr0.05.merge.bed,fLung_L-DS17154.hg19.hotspot.twopass.fdr0.05.merge.bed,0.304329,7.084909439086914,54.254177,19.0390625,,,,8
maurano,bedtools,maurano,,1.0,2,3,fIntestine_Sm-DS17808.hg19.hotspot.twopass.fdr0.05.merge.bed,fLung_R-DS15632.hotspot.twopass.fdr0.05.merge.bed,0.306872,7.084909439086914,54.254177,19.0390625,,,,8
maurano,bedtools,maurano,,1.0,2,3,fIntestine_Sm-DS17808.hg19.hotspot.twopass.fdr0.05.merge.bed,fLung_L-DS18421.hg19.hotspot.twopass.fdr0.05.merge.bed,0.315083,7.084909439086914,54.254177,19.0390625,,,,8
maurano,bedtools,maurano,,1.0,2,3,fIntestine_Sm-DS17808.hg19.hotspot.twopass.fdr0.05.merge.bed,fMuscle_arm-DS19053.hg19.hotspot.twopass.fdr0.05.merge.bed,0.274056,7.084909439086914,54.254177,19.0390625,,,,8
maurano,bedtools,maurano,,1.0,2,3,fIntestine_Sm-DS17808.hg19.hotspot.twopass.fdr0.05.merge.bed,fMuscle_leg-DS19115.hg19.hotspot.twopass.fdr0.05.merge.bed,0.272167,7.084909439086914,54.254177,19.0390625,,,,8
maurano,bedtools,maurano,,1.0,2,3,fIntestine_Sm-DS17808.hg19.hotspot.twopass.fdr0.05.merge.bed,fMuscle_back-DS18454.hg19.hotspot.twopass.fdr0.05.merge.bed,0.27464,7.084909439086914,54.254177,19.0390625,,,,8
maurano,bedtools,maurano,,1.0,2,3,fIntestine_Sm-DS17808.hg19.hotspot.twopass.fdr0.05.merge.bed,fMuscle_leg-DS19158.hg19.hotspot.twopass.fdr0.05.merge.bed,0.24807,7.084909439086914,54.254177,19.0390625,,,,8
maurano,bedtools,maurano,,1.0,2,3,fIntestine_Sm-DS17808.hg19.hotspot.twopass.fdr0.05.merge.bed,fSkin_fibro_bicep_R-DS19745.hg19.hotspot.twopass.fdr0.05.merge.bed,0.184359,7.084909439086914,54.254177,19.0390625,,,,8
maurano,bedtools,maurano,,1.0,2,3,fIntestine_Sm-DS17808.hg19.hotspot.twopass.fdr0.05.merge.bed,fStomach-DS17659.hg19.hotspot.twopass.fdr0.05.merge.bed,0.361087,7.084909439086914,54.254177,19.0390625,,,,8
maurano,bedtools,maurano,,1.0,2,3,fIntestine_Sm-DS18495.hg19.hotspot.twopass.fdr0.05.merge.bed,fKidney_renal_cortex_L-DS17550.hg19.hotspot.twopass.fdr0.05.merge.bed,0.270452,7.084909439086914,54.254177,19.0390625,,,,8
maurano,bedtools,maurano,,1.0,2,3,fIntestine_Sm-DS18495.hg19.hotspot.twopass.fdr0.05.merge.bed,fLung_L-DS17154.hg19.hotspot.twopass.fdr0.05.merge.bed,0.261521,7.084909439086914,54.254177,19.0390625,,,,8
maurano,bedtools,maurano,,1.0,2,3,fIntestine_Sm-DS18495.hg19.hotspot.twopass.fdr0.05.merge.bed,fLung_R-DS15632.hotspot.twopass.fdr0.05.merge.bed,0.274002,7.084909439086914,54.254177,19.0390625,,,,8
maurano,bedtools,maurano,,1.0,2,3,fIntestine_Sm-DS18495.hg19.hotspot.twopass.fdr0.05.merge.bed,fLung_L-DS18421.hg19.hotspot.twopass.fdr0.05.merge.bed,0.278614,7.084909439086914,54.254177,19.0390625,,,,8
maurano,bedtools,maurano,,1.0,2,3,fIntestine_Sm-DS18495.hg19.hotspot.twopass.fdr0.05.merge.bed,fMuscle_arm-DS19053.hg19.hotspot.twopass.fdr0.05.merge.bed,0.24693,7.084909439086914,54.254177,19.0390625,,,,8
maurano,bedtools,maurano,,1.0,2,3,fIntestine_Sm-DS18495.hg19.hotspot.twopass.fdr0.05.merge.bed,fMuscle_leg-DS19115.hg19.hotspot.twopass.fdr0.05.merge.bed,0.246235,7.084909439086914,54.254177,19.0390625,,,,8
maurano,bedtools,maurano,,1.0,2,3,fIntestine_Sm-DS18495.hg19.hotspot.twopass.fdr0.05.merge.bed,fMuscle_back-DS18454.hg19.hotspot.twopass.fdr0.05.merge.bed,0.247674,7.084909439086914,54.254177,19.0390625,,,,8
maurano,bedtools,maurano,,1.0,2,3,fIntestine_Sm-DS18495.hg19.hotspot.twopass.fdr0.05.merge.bed,fMuscle_leg-DS19158.hg19.hotspot.twopass.fdr0.05.merge.bed,0.229886,7.084909439086914,54.254177,19.0390625,,,,8
maurano,bedtools,maurano,,1.0,2,3,fIntestine_Sm-DS18495.hg19.hotspot.twopass.fdr0.05.merge.bed,fSkin_fibro_bicep_R-DS19745.hg19.hotspot.twopass.fdr0.05.merge.bed,0.182733,7.084909439086914,54.254177,19.0390625,,,,8
maurano,bedtools,maurano,,1.0,2,3,fIntestine_Sm-DS18495.hg19.hotspot.twopass.fdr0.05.merge.bed,fStomach-DS17659.hg19.hotspot.twopass.fdr0.05.merge.bed,0.336473,7.084909439086914,54.254177,19.0390625,,,,8
maurano,bedtools,maurano,,1.0,2,3,fKidney_renal_cortex_L-DS17550.hg19.hotspot.twopass.fdr0.05.merge.bed,fLung_L-DS17154.hg19.hotspot.twopass.fdr0.05.merge.bed,0.38651,7.084909439086914,54.254177,19.0390625,,,,8
maurano,bedtools,maurano,,1.0,2,3,fKidney_renal_cortex_L-DS17550.hg19.hotspot.twopass.fdr0.05.merge.bed,fLung_L-DS18421.hg19.hotspot.twopass.fdr0.05.merge.bed,0.383039,7.084909439086914,54.254177,19.0390625,,,,8
maurano,bedtools,maurano,,1.0,2,3,fKidney_renal_cortex_L-DS17550.hg19.hotspot.twopass.fdr0.05.merge.bed,fLung_R-DS15632.hotspot.twopass.fdr0.05.merge.bed,0.365728,7.084909439086914,54.254177,19.0390625,,,,8
maurano,bedtools,maurano,,1.0,2,3,fKidney_renal_cortex_L-DS17550.hg19.hotspot.twopass.fdr0.05.merge.bed,fMuscle_arm-DS19053.hg19.hotspot.twopass.fdr0.05.merge.bed,0.336901,7.084909439086914,54.254177,19.0390625,,,,8
maurano,bedtools,maurano,,1.0,2,3,fKidney_renal_cortex_L-DS17550.hg19.hotspot.twopass.fdr0.05.merge.bed,fMuscle_back-DS18454.hg19.hotspot.twopass.fdr0.05.merge.bed,0.33017,7.084909439086914,54.254177,19.0390625,,,,8
maurano,bedtools,maurano,,1.0,2,3,fKidney_renal_cortex_L-DS17550.hg19.hotspot.twopass.fdr0.05.merge.bed,fMuscle_leg-DS19115.hg19.hotspot.twopass.fdr0.05.merge.bed,0.33113,7.084909439086914,54.254177,19.0390625,,,,8
maurano,bedtools,maurano,,1.0,2,3,fKidney_renal_cortex_L-DS17550.hg19.hotspot.twopass.fdr0.05.merge.bed,fMuscle_leg-DS19158.hg19.hotspot.twopass.fdr0.05.merge.bed,0.321369,7.084909439086914,54.254177,19.0390625,,,,8
maurano,bedtools,maurano,,1.0,2,3,fKidney_renal_cortex_L-DS17550.hg19.hotspot.twopass.fdr0.05.merge.bed,fSkin_fibro_bicep_R-DS19745.hg19.hotspot.twopass.fdr0.05.merge.bed,0.181055,7.084909439086914,54.254177,19.0390625,,,,8
maurano,bedtools,maurano,,1.0,2,3,fKidney_renal_cortex_L-DS17550.hg19.hotspot.twopass.fdr0.05.merge.bed,fStomach-DS17659.hg19.hotspot.twopass.fdr0.05.merge.bed,0.314544,7.084909439086914,54.254177,19.0390625,,,,8
maurano,bedtools,maurano,,1.0,2,3,fLung_L-DS17154.hg19.hotspot.twopass.fdr0.05.merge.bed,fLung_R-DS15632.hotspot.twopass.fdr0.05.merge.bed,0.594137,7.084909439086914,54.254177,19.0390625,,,,8
maurano,bedtools,maurano,,1.0,2,3,fLung_L-DS17154.hg19.hotspot.twopass.fdr0.05.merge.bed,fLung_L-DS18421.hg19.hotspot.twopass.fdr0.05.merge.bed,0.626942,7.084909439086914,54.254177,19.0390625,,,,8
maurano,bedtools,maurano,,1.0,2,3,fLung_L-DS17154.hg19.hotspot.twopass.fdr0.05.merge.bed,fMuscle_arm-DS19053.hg19.hotspot.twopass.fdr0.05.merge.bed,0.377284,7.084909439086914,54.254177,19.0390625,,,,8
maurano,bedtools,maurano,,1.0,2,3,fLung_L-DS17154.hg19.hotspot.twopass.fdr0.05.merge.bed,fMuscle_leg-DS19115.hg19.hotspot.twopass.fdr0.05.merge.bed,0.368251,7.084909439086914,54.254177,19.0390625,,,,8
maurano,bedtools,maurano,,1.0,2,3,fLung_L-DS17154.hg19.hotspot.twopass.fdr0.05.merge.bed,fMuscle_back-DS18454.hg19.hotspot.twopass.fdr0.05.merge.bed,0.363956,7.084909439086914,54.254177,19.0390625,,,,8
maurano,bedtools,maurano,,1.0,2,3,fLung_L-DS17154.hg19.hotspot.twopass.fdr0.05.merge.bed,fMuscle_leg-DS19158.hg19.hotspot.twopass.fdr0.05.merge.bed,0.372015,7.084909439086914,54.254177,19.0390625,,,,8
maurano,bedtools,maurano,,1.0,2,3,fLung_L-DS17154.hg19.hotspot.twopass.fdr0.05.merge.bed,fSkin_fibro_bicep_R-DS19745.hg19.hotspot.twopass.fdr0.05.merge.bed,0.18337,7.084909439086914,54.254177,19.0390625,,,,8
maurano,bedtools,maurano,,1.0,2,3,fLung_L-DS17154.hg19.hotspot.twopass.fdr0.05.merge.bed,fStomach-DS17659.hg19.hotspot.twopass.fdr0.05.merge.bed,0.331727,7.084909439086914,54.254177,19.0390625,,,,8
maurano,bedtools,maurano,,1.0,2,3,fLung_L-DS18421.hg19.hotspot.twopass.fdr0.05.merge.bed,fLung_R-DS15632.hotspot.twopass.fdr0.05.merge.bed,0.590381,7.084909439086914,54.254177,19.0390625,,,,8
maurano,bedtools,maurano,,1.0,2,3,fLung_L-DS18421.hg19.hotspot.twopass.fdr0.05.merge.bed,fMuscle_arm-DS19053.hg19.hotspot.twopass.fdr0.05.merge.bed,0.366132,7.084909439086914,54.254177,19.0390625,,,,8
maurano,bedtools,maurano,,1.0,2,3,fLung_L-DS18421.hg19.hotspot.twopass.fdr0.05.merge.bed,fMuscle_back-DS18454.hg19.hotspot.twopass.fdr0.05.merge.bed,0.358442,7.084909439086914,54.254177,19.0390625,,,,8
maurano,bedtools,maurano,,1.0,2,3,fLung_L-DS18421.hg19.hotspot.twopass.fdr0.05.merge.bed,fMuscle_leg-DS19115.hg19.hotspot.twopass.fdr0.05.merge.bed,0.3614,7.084909439086914,54.254177,19.0390625,,,,8
maurano,bedtools,maurano,,1.0,2,3,fLung_L-DS18421.hg19.hotspot.twopass.fdr0.05.merge.bed,fMuscle_leg-DS19158.hg19.hotspot.twopass.fdr0.05.merge.bed,0.355591,7.084909439086914,54.254177,19.0390625,,,,8
maurano,bedtools,maurano,,1.0,2,3,fLung_L-DS18421.hg19.hotspot.twopass.fdr0.05.merge.bed,fSkin_fibro_bicep_R-DS19745.hg19.hotspot.twopass.fdr0.05.merge.bed,0.191675,7.084909439086914,54.254177,19.0390625,,,,8
maurano,bedtools,maurano,,1.0,2,3,fLung_L-DS18421.hg19.hotspot.twopass.fdr0.05.merge.bed,fStomach-DS17659.hg19.hotspot.twopass.fdr0.05.merge.bed,0.356052,7.084909439086914,54.254177,19.0390625,,,,8
maurano,bedtools,maurano,,1.0,2,3,fLung_R-DS15632.hotspot.twopass.fdr0.05.merge.bed,fMuscle_arm-DS19053.hg19.hotspot.twopass.fdr0.05.merge.bed,0.378953,7.084909439086914,54.254177,19.0390625,,,,8
maurano,bedtools,maurano,,1.0,2,3,fLung_R-DS15632.hotspot.twopass.fdr0.05.merge.bed,fMuscle_leg-DS19115.hg19.hotspot.twopass.fdr0.05.merge.bed,0.374624,7.084909439086914,54.254177,19.0390625,,,,8
maurano,bedtools,maurano,,1.0,2,3,fLung_R-DS15632.hotspot.twopass.fdr0.05.merge.bed,fMuscle_back-DS18454.hg19.hotspot.twopass.fdr0.05.merge.bed,0.3663,7.084909439086914,54.254177,19.0390625,,,,8
maurano,bedtools,maurano,,1.0,2,3,fLung_R-DS15632.hotspot.twopass.fdr0.05.merge.bed,fMuscle_leg-DS19158.hg19.hotspot.twopass.fdr0.05.merge.bed,0.360816,7.084909439086914,54.254177,19.0390625,,,,8
maurano,bedtools,maurano,,1.0,2,3,fLung_R-DS15632.hotspot.twopass.fdr0.05.merge.bed,fSkin_fibro_bicep_R-DS19745.hg19.hotspot.twopass.fdr0.05.merge.bed,0.199165,7.084909439086914,54.254177,19.0390625,,,,8
maurano,bedtools,maurano,,1.0,2,3,fLung_R-DS15632.hotspot.twopass.fdr0.05.merge.bed,fStomach-DS17659.hg19.hotspot.twopass.fdr0.05.merge.bed,0.357541,7.084909439086914,54.254177,19.0390625,,,,8
maurano,bedtools,maurano,,1.0,2,3,fMuscle_arm-DS19053.hg19.hotspot.twopass.fdr0.05.merge.bed,fMuscle_back-DS18454.hg19.hotspot.twopass.fdr0.05.merge.bed,0.58994,7.084909439086914,54.254177,19.0390625,,,,8
maurano,bedtools,maurano,,1.0,2,3,fMuscle_arm-DS19053.hg19.hotspot.twopass.fdr0.05.merge.bed,fMuscle_leg-DS19115.hg19.hotspot.twopass.fdr0.05.merge.bed,0.599604,7.084909439086914,54.254177,19.0390625,,,,8
maurano,bedtools,maurano,,1.0,2,3,fMuscle_arm-DS19053.hg19.hotspot.twopass.fdr0.05.merge.bed,fSkin_fibro_bicep_R-DS19745.hg19.hotspot.twopass.fdr0.05.merge.bed,0.215222,7.084909439086914,54.254177,19.0390625,,,,8
maurano,bedtools,maurano,,1.0,2,3,fMuscle_arm-DS19053.hg19.hotspot.twopass.fdr0.05.merge.bed,fMuscle_leg-DS19158.hg19.hotspot.twopass.fdr0.05.merge.bed,0.573223,7.084909439086914,54.254177,19.0390625,,,,8
maurano,bedtools,maurano,,1.0,2,3,fMuscle_arm-DS19053.hg19.hotspot.twopass.fdr0.05.merge.bed,fStomach-DS17659.hg19.hotspot.twopass.fdr0.05.merge.bed,0.322868,7.084909439086914,54.254177,19.0390625,,,,8
maurano,bedtools,maurano,,1.0,2,3,fMuscle_back-DS18454.hg19.hotspot.twopass.fdr0.05.merge.bed,fMuscle_leg-DS19115.hg19.hotspot.twopass.fdr0.05.merge.bed,0.605352,7.084909439086914,54.254177,19.0390625,,,,8
maurano,bedtools,maurano,,1.0,2,3,fMuscle_back-DS18454.hg19.hotspot.twopass.fdr0.05.merge.bed,fSkin_fibro_bicep_R-DS19745.hg19.hotspot.twopass.fdr0.05.merge.bed,0.223531,7.084909439086914,54.254177,19.0390625,,,,8
maurano,bedtools,maurano,,1.0,2,3,fMuscle_back-DS18454.hg19.hotspot.twopass.fdr0.05.merge.bed,fMuscle_leg-DS19158.hg19.hotspot.twopass.fdr0.05.merge.bed,0.555513,7.084909439086914,54.254177,19.0390625,,,,8
maurano,bedtools,maurano,,1.0,2,3,fMuscle_back-DS18454.hg19.hotspot.twopass.fdr0.05.merge.bed,fStomach-DS17659.hg19.hotspot.twopass.fdr0.05.merge.bed,0.327171,7.084909439086914,54.254177,19.0390625,,,,8
maurano,bedtools,maurano,,1.0,2,3,fMuscle_leg-DS19115.hg19.hotspot.twopass.fdr0.05.merge.bed,fSkin_fibro_bicep_R-DS19745.hg19.hotspot.twopass.fdr0.05.merge.bed,0.218922,7.084909439086914,54.254177,19.0390625,,,,8
maurano,bedtools,maurano,,1.0,2,3,fMuscle_leg-DS19115.hg19.hotspot.twopass.fdr0.05.merge.bed,fMuscle_leg-DS19158.hg19.hotspot.twopass.fdr0.05.merge.bed,0.582839,7.084909439086914,54.254177,19.0390625,,,,8
maurano,bedtools,maurano,,1.0,2,3,fMuscle_leg-DS19115.hg19.hotspot.twopass.fdr0.05.merge.bed,fStomach-DS17659.hg19.hotspot.twopass.fdr0.05.merge.bed,0.329439,7.084909439086914,54.254177,19.0390625,,,,8
maurano,bedtools,maurano,,1.0,2,3,fMuscle_leg-DS19158.hg19.hotspot.twopass.fdr0.05.merge.bed,fSkin_fibro_bicep_R-DS19745.hg19.hotspot.twopass.fdr0.05.merge.bed,0.195676,7.084909439086914,54.254177,19.0390625,,,,8
maurano,bedtools,maurano,,1.0,2,3,fMuscle_leg-DS19158.hg19.hotspot.twopass.fdr0.05.merge.bed,fStomach-DS17659.hg19.hotspot.twopass.fdr0.05.merge.bed,0.291063,7.084909439086914,54.254177,19.0390625,,,,8
maurano,bedtools,maurano,,1.0,2,3,fSkin_fibro_bicep_R-DS19745.hg19.hotspot.twopass.fdr0.05.merge.bed,fStomach-DS17659.hg19.hotspot.twopass.fdr0.05.merge.bed,0.229768,7.084909439086914,54.254177,19.0390625,,,,8
maurano,bedtools,maurano,,1.0,3,4,fBrain-DS14718.hotspot.twopass.fdr0.05.merge.bed,fHeart-DS15643.hotspot.twopass.fdr0.05.merge.bed,0.240543,7.062955141067505,54.303212000000016,19.046875,,,,8
maurano,bedtools,maurano,,1.0,3,4,fBrain-DS14718.hotspot.twopass.fdr0.05.merge.bed,fBrain-DS16302.hotspot.twopass.fdr0.05.merge.bed,0.354341,7.062955141067505,54.303212000000016,19.046875,,,,8
maurano,bedtools,maurano,,1.0,3,4,fBrain-DS14718.hotspot.twopass.fdr0.05.merge.bed,fIntestine_Sm-DS16712.hg19.hotspot.twopass.fdr0.05.merge.bed,0.206104,7.062955141067505,54.303212000000016,19.046875,,,,8
maurano,bedtools,maurano,,1.0,3,4,fBrain-DS14718.hotspot.twopass.fdr0.05.merge.bed,fHeart-DS16621.hotspot.twopass.fdr0.05.merge.bed,0.227235,7.062955141067505,54.303212000000016,19.046875,,,,8
maurano,bedtools,maurano,,1.0,3,4,fBrain-DS14718.hotspot.twopass.fdr0.05.merge.bed,fIntestine_Sm-DS16559.hotspot.twopass.fdr0.05.merge.bed,0.208473,7.062955141067505,54.303212000000016,19.046875,,,,8
maurano,bedtools,maurano,,1.0,3,4,fBrain-DS14718.hotspot.twopass.fdr0.05.merge.bed,fHeart-DS15839.hotspot.twopass.fdr0.05.merge.bed,0.220057,7.062955141067505,54.303212000000016,19.046875,,,,8
maurano,bedtools,maurano,,1.0,3,4,fBrain-DS14718.hotspot.twopass.fdr0.05.merge.bed,fIntestine_Sm-DS16822.hotspot.twopass.fdr0.05.merge.bed,0.201612,7.062955141067505,54.303212000000016,19.046875,,,,8
maurano,bedtools,maurano,,1.0,3,4,fBrain-DS14718.hotspot.twopass.fdr0.05.merge.bed,fIntestine_Sm-DS18495.hg19.hotspot.twopass.fdr0.05.merge.bed,0.190684,7.062955141067505,54.303212000000016,19.046875,,,,8
maurano,bedtools,maurano,,1.0,3,4,fBrain-DS14718.hotspot.twopass.fdr0.05.merge.bed,fIntestine_Sm-DS17808.hg19.hotspot.twopass.fdr0.05.merge.bed,0.215237,7.062955141067505,54.303212000000016,19.046875,,,,8
maurano,bedtools,maurano,,1.0,3,4,fBrain-DS14718.hotspot.twopass.fdr0.05.merge.bed,fLung_L-DS17154.hg19.hotspot.twopass.fdr0.05.merge.bed,0.254287,7.062955141067505,54.303212000000016,19.046875,,,,8
maurano,bedtools,maurano,,1.0,3,4,fBrain-DS14718.hotspot.twopass.fdr0.05.merge.bed,fKidney_renal_cortex_L-DS17550.hg19.hotspot.twopass.fdr0.05.merge.bed,0.260934,7.062955141067505,54.303212000000016,19.046875,,,,8
maurano,bedtools,maurano,,1.0,3,4,fBrain-DS14718.hotspot.twopass.fdr0.05.merge.bed,fLung_R-DS15632.hotspot.twopass.fdr0.05.merge.bed,0.260759,7.062955141067505,54.303212000000016,19.046875,,,,8
maurano,bedtools,maurano,,1.0,3,4,fBrain-DS14718.hotspot.twopass.fdr0.05.merge.bed,fLung_L-DS18421.hg19.hotspot.twopass.fdr0.05.merge.bed,0.25417,7.062955141067505,54.303212000000016,19.046875,,,,8
maurano,bedtools,maurano,,1.0,3,4,fBrain-DS14718.hotspot.twopass.fdr0.05.merge.bed,fMuscle_arm-DS19053.hg19.hotspot.twopass.fdr0.05.merge.bed,0.263693,7.062955141067505,54.303212000000016,19.046875,,,,8
maurano,bedtools,maurano,,1.0,3,4,fBrain-DS14718.hotspot.twopass.fdr0.05.merge.bed,fMuscle_back-DS18454.hg19.hotspot.twopass.fdr0.05.merge.bed,0.265443,7.062955141067505,54.303212000000016,19.046875,,,,8
maurano,bedtools,maurano,,1.0,3,4,fBrain-DS14718.hotspot.twopass.fdr0.05.merge.bed,fSkin_fibro_bicep_R-DS19745.hg19.hotspot.twopass.fdr0.05.merge.bed,0.15608,7.062955141067505,54.303212000000016,19.046875,,,,8
maurano,bedtools,maurano,,1.0,3,4,fBrain-DS14718.hotspot.twopass.fdr0.05.merge.bed,fMuscle_leg-DS19115.hg19.hotspot.twopass.fdr0.05.merge.bed,0.266904,7.062955141067505,54.303212000000016,19.046875,,,,8
maurano,bedtools,maurano,,1.0,3,4,fBrain-DS14718.hotspot.twopass.fdr0.05.merge.bed,fMuscle_leg-DS19158.hg19.hotspot.twopass.fdr0.05.merge.bed,0.244176,7.062955141067505,54.303212000000016,19.046875,,,,8
maurano,bedtools,maurano,,1.0,3,4,fBrain-DS14718.hotspot.twopass.fdr0.05.merge.bed,fStomach-DS17659.hg19.hotspot.twopass.fdr0.05.merge.bed,0.248625,7.062955141067505,54.303212000000016,19.046875,,,,8
maurano,bedtools,maurano,,1.0,3,4,fBrain-DS16302.hotspot.twopass.fdr0.05.merge.bed,fHeart-DS15643.hotspot.twopass.fdr0.05.merge.bed,0.231572,7.062955141067505,54.303212000000016,19.046875,,,,8
maurano,bedtools,maurano,,1.0,3,4,fBrain-DS16302.hotspot.twopass.fdr0.05.merge.bed,fHeart-DS15839.hotspot.twopass.fdr0.05.merge.bed,0.209813,7.062955141067505,54.303212000000016,19.046875,,,,8
maurano,bedtools,maurano,,1.0,3,4,fBrain-DS16302.hotspot.twopass.fdr0.05.merge.bed,fHeart-DS16621.hotspot.twopass.fdr0.05.merge.bed,0.226111,7.062955141067505,54.303212000000016,19.046875,,,,8
maurano,bedtools,maurano,,1.0,3,4,fBrain-DS16302.hotspot.twopass.fdr0.05.merge.bed,fIntestine_Sm-DS16559.hotspot.twopass.fdr0.05.merge.bed,0.194993,7.062955141067505,54.303212000000016,19.046875,,,,8
maurano,bedtools,maurano,,1.0,3,4,fBrain-DS16302.hotspot.twopass.fdr0.05.merge.bed,fIntestine_Sm-DS16712.hg19.hotspot.twopass.fdr0.05.merge.bed,0.17876,7.062955141067505,54.303212000000016,19.046875,,,,8
maurano,bedtools,maurano,,1.0,3,4,fBrain-DS16302.hotspot.twopass.fdr0.05.merge.bed,fIntestine_Sm-DS17808.hg19.hotspot.twopass.fdr0.05.merge.bed,0.191957,7.062955141067505,54.303212000000016,19.046875,,,,8
maurano,bedtools,maurano,,1.0,3,4,fBrain-DS16302.hotspot.twopass.fdr0.05.merge.bed,fIntestine_Sm-DS18495.hg19.hotspot.twopass.fdr0.05.merge.bed,0.175085,7.062955141067505,54.303212000000016,19.046875,,,,8
maurano,bedtools,maurano,,1.0,3,4,fBrain-DS16302.hotspot.twopass.fdr0.05.merge.bed,fIntestine_Sm-DS16822.hotspot.twopass.fdr0.05.merge.bed,0.183641,7.062955141067505,54.303212000000016,19.046875,,,,8
maurano,bedtools,maurano,,1.0,3,4,fBrain-DS16302.hotspot.twopass.fdr0.05.merge.bed,fKidney_renal_cortex_L-DS17550.hg19.hotspot.twopass.fdr0.05.merge.bed,0.237877,7.062955141067505,54.303212000000016,19.046875,,,,8
maurano,bedtools,maurano,,1.0,3,4,fBrain-DS16302.hotspot.twopass.fdr0.05.merge.bed,fLung_L-DS17154.hg19.hotspot.twopass.fdr0.05.merge.bed,0.258712,7.062955141067505,54.303212000000016,19.046875,,,,8
maurano,bedtools,maurano,,1.0,3,4,fBrain-DS16302.hotspot.twopass.fdr0.05.merge.bed,fLung_L-DS18421.hg19.hotspot.twopass.fdr0.05.merge.bed,0.251358,7.062955141067505,54.303212000000016,19.046875,,,,8
maurano,bedtools,maurano,,1.0,3,4,fBrain-DS16302.hotspot.twopass.fdr0.05.merge.bed,fLung_R-DS15632.hotspot.twopass.fdr0.05.merge.bed,0.259236,7.062955141067505,54.303212000000016,19.046875,,,,8
maurano,bedtools,maurano,,1.0,3,4,fBrain-DS16302.hotspot.twopass.fdr0.05.merge.bed,fMuscle_arm-DS19053.hg19.hotspot.twopass.fdr0.05.merge.bed,0.252318,7.062955141067505,54.303212000000016,19.046875,,,,8
maurano,bedtools,maurano,,1.0,3,4,fBrain-DS16302.hotspot.twopass.fdr0.05.merge.bed,fMuscle_back-DS18454.hg19.hotspot.twopass.fdr0.05.merge.bed,0.24471,7.062955141067505,54.303212000000016,19.046875,,,,8
maurano,bedtools,maurano,,1.0,3,4,fBrain-DS16302.hotspot.twopass.fdr0.05.merge.bed,fMuscle_leg-DS19115.hg19.hotspot.twopass.fdr0.05.merge.bed,0.249425,7.062955141067505,54.303212000000016,19.046875,,,,8
maurano,bedtools,maurano,,1.0,3,4,fBrain-DS16302.hotspot.twopass.fdr0.05.merge.bed,fMuscle_leg-DS19158.hg19.hotspot.twopass.fdr0.05.merge.bed,0.244333,7.062955141067505,54.303212000000016,19.046875,,,,8
maurano,bedtools,maurano,,1.0,3,4,fBrain-DS16302.hotspot.twopass.fdr0.05.merge.bed,fSkin_fibro_bicep_R-DS19745.hg19.hotspot.twopass.fdr0.05.merge.bed,0.135481,7.062955141067505,54.303212000000016,19.046875,,,,8
maurano,bedtools,maurano,,1.0,3,4,fBrain-DS16302.hotspot.twopass.fdr0.05.merge.bed,fStomach-DS17659.hg19.hotspot.twopass.fdr0.05.merge.bed,0.215611,7.062955141067505,54.303212000000016,19.046875,,,,8
maurano,bedtools,maurano,,1.0,3,4,fHeart-DS15643.hotspot.twopass.fdr0.05.merge.bed,fHeart-DS16621.hotspot.twopass.fdr0.05.merge.bed,0.612503,7.062955141067505,54.303212000000016,19.046875,,,,8
maurano,bedtools,maurano,,1.0,3,4,fHeart-DS15643.hotspot.twopass.fdr0.05.merge.bed,fIntestine_Sm-DS16559.hotspot.twopass.fdr0.05.merge.bed,0.274958,7.062955141067505,54.303212000000016,19.046875,,,,8
maurano,bedtools,maurano,,1.0,3,4,fHeart-DS15643.hotspot.twopass.fdr0.05.merge.bed,fHeart-DS15839.hotspot.twopass.fdr0.05.merge.bed,0.501456,7.062955141067505,54.303212000000016,19.046875,,,,8
maurano,bedtools,maurano,,1.0,3,4,fHeart-DS15643.hotspot.twopass.fdr0.05.merge.bed,fIntestine_Sm-DS16712.hg19.hotspot.twopass.fdr0.05.merge.bed,0.252223,7.062955141067505,54.303212000000016,19.046875,,,,8
maurano,bedtools,maurano,,1.0,3,4,fHeart-DS15643.hotspot.twopass.fdr0.05.merge.bed,fIntestine_Sm-DS16822.hotspot.twopass.fdr0.05.merge.bed,0.259862,7.062955141067505,54.303212000000016,19.046875,,,,8
maurano,bedtools,maurano,,1.0,3,4,fHeart-DS15643.hotspot.twopass.fdr0.05.merge.bed,fIntestine_Sm-DS18495.hg19.hotspot.twopass.fdr0.05.merge.bed,0.247321,7.062955141067505,54.303212000000016,19.046875,,,,8
maurano,bedtools,maurano,,1.0,3,4,fHeart-DS15643.hotspot.twopass.fdr0.05.merge.bed,fIntestine_Sm-DS17808.hg19.hotspot.twopass.fdr0.05.merge.bed,0.279561,7.062955141067505,54.303212000000016,19.046875,,,,8
maurano,bedtools,maurano,,1.0,3,4,fHeart-DS15643.hotspot.twopass.fdr0.05.merge.bed,fKidney_renal_cortex_L-DS17550.hg19.hotspot.twopass.fdr0.05.merge.bed,0.305128,7.062955141067505,54.303212000000016,19.046875,,,,8
maurano,bedtools,maurano,,1.0,3,4,fHeart-DS15643.hotspot.twopass.fdr0.05.merge.bed,fLung_R-DS15632.hotspot.twopass.fdr0.05.merge.bed,0.327153,7.062955141067505,54.303212000000016,19.046875,,,,8
maurano,bedtools,maurano,,1.0,3,4,fHeart-DS15643.hotspot.twopass.fdr0.05.merge.bed,fLung_L-DS17154.hg19.hotspot.twopass.fdr0.05.merge.bed,0.321958,7.062955141067505,54.303212000000016,19.046875,,,,8
maurano,bedtools,maurano,,1.0,3,4,fHeart-DS15643.hotspot.twopass.fdr0.05.merge.bed,fLung_L-DS18421.hg19.hotspot.twopass.fdr0.05.merge.bed,0.323751,7.062955141067505,54.303212000000016,19.046875,,,,8
maurano,bedtools,maurano,,1.0,3,4,fHeart-DS15643.hotspot.twopass.fdr0.05.merge.bed,fMuscle_arm-DS19053.hg19.hotspot.twopass.fdr0.05.merge.bed,0.322471,7.062955141067505,54.303212000000016,19.046875,,,,8
maurano,bedtools,maurano,,1.0,3,4,fHeart-DS15643.hotspot.twopass.fdr0.05.merge.bed,fMuscle_back-DS18454.hg19.hotspot.twopass.fdr0.05.merge.bed,0.32779,7.062955141067505,54.303212000000016,19.046875,,,,8
maurano,bedtools,maurano,,1.0,3,4,fHeart-DS15643.hotspot.twopass.fdr0.05.merge.bed,fMuscle_leg-DS19115.hg19.hotspot.twopass.fdr0.05.merge.bed,0.321602,7.062955141067505,54.303212000000016,19.046875,,,,8
maurano,bedtools,maurano,,1.0,3,4,fHeart-DS15643.hotspot.twopass.fdr0.05.merge.bed,fMuscle_leg-DS19158.hg19.hotspot.twopass.fdr0.05.merge.bed,0.297134,7.062955141067505,54.303212000000016,19.046875,,,,8
maurano,bedtools,maurano,,1.0,3,4,fHeart-DS15643.hotspot.twopass.fdr0.05.merge.bed,fSkin_fibro_bicep_R-DS19745.hg19.hotspot.twopass.fdr0.05.merge.bed,0.18551,7.062955141067505,54.303212000000016,19.046875,,,,8
maurano,bedtools,maurano,,1.0,3,4,fHeart-DS15643.hotspot.twopass.fdr0.05.merge.bed,fStomach-DS17659.hg19.hotspot.twopass.fdr0.05.merge.bed,0.295735,7.062955141067505,54.303212000000016,19.046875,,,,8
maurano,bedtools,maurano,,1.0,3,4,fHeart-DS15839.hotspot.twopass.fdr0.05.merge.bed,fHeart-DS16621.hotspot.twopass.fdr0.05.merge.bed,0.50637,7.062955141067505,54.303212000000016,19.046875,,,,8
maurano,bedtools,maurano,,1.0,3,4,fHeart-DS15839.hotspot.twopass.fdr0.05.merge.bed,fIntestine_Sm-DS16712.hg19.hotspot.twopass.fdr0.05.merge.bed,0.234683,7.062955141067505,54.303212000000016,19.046875,,,,8
maurano,bedtools,maurano,,1.0,3,4,fHeart-DS15839.hotspot.twopass.fdr0.05.merge.bed,fIntestine_Sm-DS16559.hotspot.twopass.fdr0.05.merge.bed,0.253843,7.062955141067505,54.303212000000016,19.046875,,,,8
maurano,bedtools,maurano,,1.0,3,4,fHeart-DS15839.hotspot.twopass.fdr0.05.merge.bed,fIntestine_Sm-DS16822.hotspot.twopass.fdr0.05.merge.bed,0.236505,7.062955141067505,54.303212000000016,19.046875,,,,8
maurano,bedtools,maurano,,1.0,3,4,fHeart-DS15839.hotspot.twopass.fdr0.05.merge.bed,fIntestine_Sm-DS17808.hg19.hotspot.twopass.fdr0.05.merge.bed,0.262172,7.062955141067505,54.303212000000016,19.046875,,,,8
maurano,bedtools,maurano,,1.0,3,4,fHeart-DS15839.hotspot.twopass.fdr0.05.merge.bed,fIntestine_Sm-DS18495.hg19.hotspot.twopass.fdr0.05.merge.bed,0.220866,7.062955141067505,54.303212000000016,19.046875,,,,8
maurano,bedtools,maurano,,1.0,3,4,fHeart-DS15839.hotspot.twopass.fdr0.05.merge.bed,fKidney_renal_cortex_L-DS17550.hg19.hotspot.twopass.fdr0.05.merge.bed,0.278114,7.062955141067505,54.303212000000016,19.046875,,,,8
maurano,bedtools,maurano,,1.0,3,4,fHeart-DS15839.hotspot.twopass.fdr0.05.merge.bed,fLung_L-DS17154.hg19.hotspot.twopass.fdr0.05.merge.bed,0.289965,7.062955141067505,54.303212000000016,19.046875,,,,8
maurano,bedtools,maurano,,1.0,3,4,fHeart-DS15839.hotspot.twopass.fdr0.05.merge.bed,fLung_L-DS18421.hg19.hotspot.twopass.fdr0.05.merge.bed,0.285643,7.062955141067505,54.303212000000016,19.046875,,,,8
maurano,bedtools,maurano,,1.0,3,4,fHeart-DS15839.hotspot.twopass.fdr0.05.merge.bed,fLung_R-DS15632.hotspot.twopass.fdr0.05.merge.bed,0.280371,7.062955141067505,54.303212000000016,19.046875,,,,8
maurano,bedtools,maurano,,1.0,3,4,fHeart-DS15839.hotspot.twopass.fdr0.05.merge.bed,fMuscle_arm-DS19053.hg19.hotspot.twopass.fdr0.05.merge.bed,0.273637,7.062955141067505,54.303212000000016,19.046875,,,,8
maurano,bedtools,maurano,,1.0,3,4,fHeart-DS15839.hotspot.twopass.fdr0.05.merge.bed,fMuscle_back-DS18454.hg19.hotspot.twopass.fdr0.05.merge.bed,0.273879,7.062955141067505,54.303212000000016,19.046875,,,,8
maurano,bedtools,maurano,,1.0,3,4,fHeart-DS15839.hotspot.twopass.fdr0.05.merge.bed,fMuscle_leg-DS19115.hg19.hotspot.twopass.fdr0.05.merge.bed,0.265811,7.062955141067505,54.303212000000016,19.046875,,,,8
maurano,bedtools,maurano,,1.0,3,4,fHeart-DS15839.hotspot.twopass.fdr0.05.merge.bed,fSkin_fibro_bicep_R-DS19745.hg19.hotspot.twopass.fdr0.05.merge.bed,0.155952,7.062955141067505,54.303212000000016,19.046875,,,,8
maurano,bedtools,maurano,,1.0,3,4,fHeart-DS15839.hotspot.twopass.fdr0.05.merge.bed,fMuscle_leg-DS19158.hg19.hotspot.twopass.fdr0.05.merge.bed,0.250537,7.062955141067505,54.303212000000016,19.046875,,,,8
maurano,bedtools,maurano,,1.0,3,4,fHeart-DS15839.hotspot.twopass.fdr0.05.merge.bed,fStomach-DS17659.hg19.hotspot.twopass.fdr0.05.merge.bed,0.2491,7.062955141067505,54.303212000000016,19.046875,,,,8
maurano,bedtools,maurano,,1.0,3,4,fHeart-DS16621.hotspot.twopass.fdr0.05.merge.bed,fIntestine_Sm-DS16712.hg19.hotspot.twopass.fdr0.05.merge.bed,0.226441,7.062955141067505,54.303212000000016,19.046875,,,,8
maurano,bedtools,maurano,,1.0,3,4,fHeart-DS16621.hotspot.twopass.fdr0.05.merge.bed,fIntestine_Sm-DS16559.hotspot.twopass.fdr0.05.merge.bed,0.270273,7.062955141067505,54.303212000000016,19.046875,,,,8
maurano,bedtools,maurano,,1.0,3,4,fHeart-DS16621.hotspot.twopass.fdr0.05.merge.bed,fIntestine_Sm-DS16822.hotspot.twopass.fdr0.05.merge.bed,0.248787,7.062955141067505,54.303212000000016,19.046875,,,,8
maurano,bedtools,maurano,,1.0,3,4,fHeart-DS16621.hotspot.twopass.fdr0.05.merge.bed,fIntestine_Sm-DS18495.hg19.hotspot.twopass.fdr0.05.merge.bed,0.23503,7.062955141067505,54.303212000000016,19.046875,,,,8
maurano,bedtools,maurano,,1.0,3,4,fHeart-DS16621.hotspot.twopass.fdr0.05.merge.bed,fIntestine_Sm-DS17808.hg19.hotspot.twopass.fdr0.05.merge.bed,0.262196,7.062955141067505,54.303212000000016,19.046875,,,,8
maurano,bedtools,maurano,,1.0,3,4,fHeart-DS16621.hotspot.twopass.fdr0.05.merge.bed,fKidney_renal_cortex_L-DS17550.hg19.hotspot.twopass.fdr0.05.merge.bed,0.296984,7.062955141067505,54.303212000000016,19.046875,,,,8
maurano,bedtools,maurano,,1.0,3,4,fHeart-DS16621.hotspot.twopass.fdr0.05.merge.bed,fLung_L-DS17154.hg19.hotspot.twopass.fdr0.05.merge.bed,0.319891,7.062955141067505,54.303212000000016,19.046875,,,,8
maurano,bedtools,maurano,,1.0,3,4,fHeart-DS16621.hotspot.twopass.fdr0.05.merge.bed,fLung_L-DS18421.hg19.hotspot.twopass.fdr0.05.merge.bed,0.317823,7.062955141067505,54.303212000000016,19.046875,,,,8
maurano,bedtools,maurano,,1.0,3,4,fHeart-DS16621.hotspot.twopass.fdr0.05.merge.bed,fLung_R-DS15632.hotspot.twopass.fdr0.05.merge.bed,0.309777,7.062955141067505,54.303212000000016,19.046875,,,,8
maurano,bedtools,maurano,,1.0,3,4,fHeart-DS16621.hotspot.twopass.fdr0.05.merge.bed,fMuscle_arm-DS19053.hg19.hotspot.twopass.fdr0.05.merge.bed,0.305358,7.062955141067505,54.303212000000016,19.046875,,,,8
maurano,bedtools,maurano,,1.0,3,4,fHeart-DS16621.hotspot.twopass.fdr0.05.merge.bed,fMuscle_back-DS18454.hg19.hotspot.twopass.fdr0.05.merge.bed,0.309559,7.062955141067505,54.303212000000016,19.046875,,,,8
maurano,bedtools,maurano,,1.0,3,4,fHeart-DS16621.hotspot.twopass.fdr0.05.merge.bed,fMuscle_leg-DS19115.hg19.hotspot.twopass.fdr0.05.merge.bed,0.301319,7.062955141067505,54.303212000000016,19.046875,,,,8
maurano,bedtools,maurano,,1.0,3,4,fHeart-DS16621.hotspot.twopass.fdr0.05.merge.bed,fMuscle_leg-DS19158.hg19.hotspot.twopass.fdr0.05.merge.bed,0.291388,7.062955141067505,54.303212000000016,19.046875,,,,8
maurano,bedtools,maurano,,1.0,3,4,fHeart-DS16621.hotspot.twopass.fdr0.05.merge.bed,fSkin_fibro_bicep_R-DS19745.hg19.hotspot.twopass.fdr0.05.merge.bed,0.170995,7.062955141067505,54.303212000000016,19.046875,,,,8
maurano,bedtools,maurano,,1.0,3,4,fHeart-DS16621.hotspot.twopass.fdr0.05.merge.bed,fStomach-DS17659.hg19.hotspot.twopass.fdr0.05.merge.bed,0.267889,7.062955141067505,54.303212000000016,19.046875,,,,8
maurano,bedtools,maurano,,1.0,3,4,fIntestine_Sm-DS16559.hotspot.twopass.fdr0.05.merge.bed,fIntestine_Sm-DS16712.hg19.hotspot.twopass.fdr0.05.merge.bed,0.451537,7.062955141067505,54.303212000000016,19.046875,,,,8
maurano,bedtools,maurano,,1.0,3,4,fIntestine_Sm-DS16559.hotspot.twopass.fdr0.05.merge.bed,fIntestine_Sm-DS16822.hotspot.twopass.fdr0.05.merge.bed,0.607371,7.062955141067505,54.303212000000016,19.046875,,,,8
maurano,bedtools,maurano,,1.0,3,4,fIntestine_Sm-DS16559.hotspot.twopass.fdr0.05.merge.bed,fIntestine_Sm-DS18495.hg19.hotspot.twopass.fdr0.05.merge.bed,0.554788,7.062955141067505,54.303212000000016,19.046875,,,,8
maurano,bedtools,maurano,,1.0,3,4,fIntestine_Sm-DS16559.hotspot.twopass.fdr0.05.merge.bed,fIntestine_Sm-DS17808.hg19.hotspot.twopass.fdr0.05.merge.bed,0.57613,7.062955141067505,54.303212000000016,19.046875,,,,8
maurano,bedtools,maurano,,1.0,3,4,fIntestine_Sm-DS16559.hotspot.twopass.fdr0.05.merge.bed,fKidney_renal_cortex_L-DS17550.hg19.hotspot.twopass.fdr0.05.merge.bed,0.313097,7.062955141067505,54.303212000000016,19.046875,,,,8
maurano,bedtools,maurano,,1.0,3,4,fIntestine_Sm-DS16559.hotspot.twopass.fdr0.05.merge.bed,fLung_L-DS17154.hg19.hotspot.twopass.fdr0.05.merge.bed,0.313202,7.062955141067505,54.303212000000016,19.046875,,,,8
maurano,bedtools,maurano,,1.0,3,4,fIntestine_Sm-DS16559.hotspot.twopass.fdr0.05.merge.bed,fMuscle_arm-DS19053.hg19.hotspot.twopass.fdr0.05.merge.bed,0.27922,7.062955141067505,54.303212000000016,19.046875,,,,8
maurano,bedtools,maurano,,1.0,3,4,fIntestine_Sm-DS16559.hotspot.twopass.fdr0.05.merge.bed,fLung_L-DS18421.hg19.hotspot.twopass.fdr0.05.merge.bed,0.325796,7.062955141067505,54.303212000000016,19.046875,,,,8
maurano,bedtools,maurano,,1.0,3,4,fIntestine_Sm-DS16559.hotspot.twopass.fdr0.05.merge.bed,fLung_R-DS15632.hotspot.twopass.fdr0.05.merge.bed,0.310454,7.062955141067505,54.303212000000016,19.046875,,,,8
maurano,bedtools,maurano,,1.0,3,4,fIntestine_Sm-DS16559.hotspot.twopass.fdr0.05.merge.bed,fMuscle_back-DS18454.hg19.hotspot.twopass.fdr0.05.merge.bed,0.276469,7.062955141067505,54.303212000000016,19.046875,,,,8
maurano,bedtools,maurano,,1.0,3,4,fIntestine_Sm-DS16559.hotspot.twopass.fdr0.05.merge.bed,fSkin_fibro_bicep_R-DS19745.hg19.hotspot.twopass.fdr0.05.merge.bed,0.177436,7.062955141067505,54.303212000000016,19.046875,,,,8
maurano,bedtools,maurano,,1.0,3,4,fIntestine_Sm-DS16559.hotspot.twopass.fdr0.05.merge.bed,fMuscle_leg-DS19115.hg19.hotspot.twopass.fdr0.05.merge.bed,0.273837,7.062955141067505,54.303212000000016,19.046875,,,,8
maurano,bedtools,maurano,,1.0,3,4,fIntestine_Sm-DS16559.hotspot.twopass.fdr0.05.merge.bed,fMuscle_leg-DS19158.hg19.hotspot.twopass.fdr0.05.merge.bed,0.264617,7.062955141067505,54.303212000000016,19.046875,,,,8
maurano,bedtools,maurano,,1.0,3,4,fIntestine_Sm-DS16559.hotspot.twopass.fdr0.05.merge.bed,fStomach-DS17659.hg19.hotspot.twopass.fdr0.05.merge.bed,0.347187,7.062955141067505,54.303212000000016,19.046875,,,,8
maurano,bedtools,maurano,,1.0,3,4,fIntestine_Sm-DS16712.hg19.hotspot.twopass.fdr0.05.merge.bed,fIntestine_Sm-DS16822.hotspot.twopass.fdr0.05.merge.bed,0.481841,7.062955141067505,54.303212000000016,19.046875,,,,8
maurano,bedtools,maurano,,1.0,3,4,fIntestine_Sm-DS16712.hg19.hotspot.twopass.fdr0.05.merge.bed,fIntestine_Sm-DS18495.hg19.hotspot.twopass.fdr0.05.merge.bed,0.480868,7.062955141067505,54.303212000000016,19.046875,,,,8
maurano,bedtools,maurano,,1.0,3,4,fIntestine_Sm-DS16712.hg19.hotspot.twopass.fdr0.05.merge.bed,fIntestine_Sm-DS17808.hg19.hotspot.twopass.fdr0.05.merge.bed,0.523853,7.062955141067505,54.303212000000016,19.046875,,,,8
maurano,bedtools,maurano,,1.0,3,4,fIntestine_Sm-DS16712.hg19.hotspot.twopass.fdr0.05.merge.bed,fKidney_renal_cortex_L-DS17550.hg19.hotspot.twopass.fdr0.05.merge.bed,0.269365,7.062955141067505,54.303212000000016,19.046875,,,,8
maurano,bedtools,maurano,,1.0,3,4,fIntestine_Sm-DS16712.hg19.hotspot.twopass.fdr0.05.merge.bed,fLung_R-DS15632.hotspot.twopass.fdr0.05.merge.bed,0.273746,7.062955141067505,54.303212000000016,19.046875,,,,8
maurano,bedtools,maurano,,1.0,3,4,fIntestine_Sm-DS16712.hg19.hotspot.twopass.fdr0.05.merge.bed,fLung_L-DS17154.hg19.hotspot.twopass.fdr0.05.merge.bed,0.251144,7.062955141067505,54.303212000000016,19.046875,,,,8
maurano,bedtools,maurano,,1.0,3,4,fIntestine_Sm-DS16712.hg19.hotspot.twopass.fdr0.05.merge.bed,fLung_L-DS18421.hg19.hotspot.twopass.fdr0.05.merge.bed,0.26833,7.062955141067505,54.303212000000016,19.046875,,,,8
maurano,bedtools,maurano,,1.0,3,4,fIntestine_Sm-DS16712.hg19.hotspot.twopass.fdr0.05.merge.bed,fMuscle_arm-DS19053.hg19.hotspot.twopass.fdr0.05.merge.bed,0.242071,7.062955141067505,54.303212000000016,19.046875,,,,8
maurano,bedtools,maurano,,1.0,3,4,fIntestine_Sm-DS16712.hg19.hotspot.twopass.fdr0.05.merge.bed,fMuscle_back-DS18454.hg19.hotspot.twopass.fdr0.05.merge.bed,0.241538,7.062955141067505,54.303212000000016,19.046875,,,,8
maurano,bedtools,maurano,,1.0,3,4,fIntestine_Sm-DS16712.hg19.hotspot.twopass.fdr0.05.merge.bed,fMuscle_leg-DS19115.hg19.hotspot.twopass.fdr0.05.merge.bed,0.240317,7.062955141067505,54.303212000000016,19.046875,,,,8
maurano,bedtools,maurano,,1.0,3,4,fIntestine_Sm-DS16712.hg19.hotspot.twopass.fdr0.05.merge.bed,fMuscle_leg-DS19158.hg19.hotspot.twopass.fdr0.05.merge.bed,0.210362,7.062955141067505,54.303212000000016,19.046875,,,,8
maurano,bedtools,maurano,,1.0,3,4,fIntestine_Sm-DS16712.hg19.hotspot.twopass.fdr0.05.merge.bed,fSkin_fibro_bicep_R-DS19745.hg19.hotspot.twopass.fdr0.05.merge.bed,0.190258,7.062955141067505,54.303212000000016,19.046875,,,,8
maurano,bedtools,maurano,,1.0,3,4,fIntestine_Sm-DS16712.hg19.hotspot.twopass.fdr0.05.merge.bed,fStomach-DS17659.hg19.hotspot.twopass.fdr0.05.merge.bed,0.344375,7.062955141067505,54.303212000000016,19.046875,,,,8
maurano,bedtools,maurano,,1.0,3,4,fIntestine_Sm-DS16822.hotspot.twopass.fdr0.05.merge.bed,fIntestine_Sm-DS17808.hg19.hotspot.twopass.fdr0.05.merge.bed,0.59865,7.062955141067505,54.303212000000016,19.046875,,,,8
maurano,bedtools,maurano,,1.0,3,4,fIntestine_Sm-DS16822.hotspot.twopass.fdr0.05.merge.bed,fIntestine_Sm-DS18495.hg19.hotspot.twopass.fdr0.05.merge.bed,0.569733,7.062955141067505,54.303212000000016,19.046875,,,,8
maurano,bedtools,maurano,,1.0,3,4,fIntestine_Sm-DS16822.hotspot.twopass.fdr0.05.merge.bed,fKidney_renal_cortex_L-DS17550.hg19.hotspot.twopass.fdr0.05.merge.bed,0.289532,7.062955141067505,54.303212000000016,19.046875,,,,8
maurano,bedtools,maurano,,1.0,3,4,fIntestine_Sm-DS16822.hotspot.twopass.fdr0.05.merge.bed,fLung_L-DS18421.hg19.hotspot.twopass.fdr0.05.merge.bed,0.300228,7.062955141067505,54.303212000000016,19.046875,,,,8
maurano,bedtools,maurano,,1.0,3,4,fIntestine_Sm-DS16822.hotspot.twopass.fdr0.05.merge.bed,fLung_L-DS17154.hg19.hotspot.twopass.fdr0.05.merge.bed,0.28457,7.062955141067505,54.303212000000016,19.046875,,,,8
maurano,bedtools,maurano,,1.0,3,4,fIntestine_Sm-DS16822.hotspot.twopass.fdr0.05.merge.bed,fLung_R-DS15632.hotspot.twopass.fdr0.05.merge.bed,0.289781,7.062955141067505,54.303212000000016,19.046875,,,,8
maurano,bedtools,maurano,,1.0,3,4,fIntestine_Sm-DS16822.hotspot.twopass.fdr0.05.merge.bed,fMuscle_arm-DS19053.hg19.hotspot.twopass.fdr0.05.merge.bed,0.256284,7.062955141067505,54.303212000000016,19.046875,,,,8
maurano,bedtools,maurano,,1.0,3,4,fIntestine_Sm-DS16822.hotspot.twopass.fdr0.05.merge.bed,fMuscle_back-DS18454.hg19.hotspot.twopass.fdr0.05.merge.bed,0.258686,7.062955141067505,54.303212000000016,19.046875,,,,8
maurano,bedtools,maurano,,1.0,3,4,fIntestine_Sm-DS16822.hotspot.twopass.fdr0.05.merge.bed,fMuscle_leg-DS19115.hg19.hotspot.twopass.fdr0.05.merge.bed,0.255764,7.062955141067505,54.303212000000016,19.046875,,,,8
maurano,bedtools,maurano,,1.0,3,4,fIntestine_Sm-DS16822.hotspot.twopass.fdr0.05.merge.bed,fSkin_fibro_bicep_R-DS19745.hg19.hotspot.twopass.fdr0.05.merge.bed,0.18352,7.062955141067505,54.303212000000016,19.046875,,,,8
maurano,bedtools,maurano,,1.0,3,4,fIntestine_Sm-DS16822.hotspot.twopass.fdr0.05.merge.bed,fMuscle_leg-DS19158.hg19.hotspot.twopass.fdr0.05.merge.bed,0.238165,7.062955141067505,54.303212000000016,19.046875,,,,8
maurano,bedtools,maurano,,1.0,3,4,fIntestine_Sm-DS16822.hotspot.twopass.fdr0.05.merge.bed,fStomach-DS17659.hg19.hotspot.twopass.fdr0.05.merge.bed,0.355715,7.062955141067505,54.303212000000016,19.046875,,,,8
maurano,bedtools,maurano,,1.0,3,4,fIntestine_Sm-DS17808.hg19.hotspot.twopass.fdr0.05.merge.bed,fIntestine_Sm-DS18495.hg19.hotspot.twopass.fdr0.05.merge.bed,0.538442,7.062955141067505,54.303212000000016,19.046875,,,,8
maurano,bedtools,maurano,,1.0,3,4,fIntestine_Sm-DS17808.hg19.hotspot.twopass.fdr0.05.merge.bed,fKidney_renal_cortex_L-DS17550.hg19.hotspot.twopass.fdr0.05.merge.bed,0.311739,7.062955141067505,54.303212000000016,19.046875,,,,8
maurano,bedtools,maurano,,1.0,3,4,fIntestine_Sm-DS17808.hg19.hotspot.twopass.fdr0.05.merge.bed,fLung_R-DS15632.hotspot.twopass.fdr0.05.merge.bed,0.306872,7.062955141067505,54.303212000000016,19.046875,,,,8
maurano,bedtools,maurano,,1.0,3,4,fIntestine_Sm-DS17808.hg19.hotspot.twopass.fdr0.05.merge.bed,fLung_L-DS17154.hg19.hotspot.twopass.fdr0.05.merge.bed,0.304329,7.062955141067505,54.303212000000016,19.046875,,,,8
maurano,bedtools,maurano,,1.0,3,4,fIntestine_Sm-DS17808.hg19.hotspot.twopass.fdr0.05.merge.bed,fLung_L-DS18421.hg19.hotspot.twopass.fdr0.05.merge.bed,0.315083,7.062955141067505,54.303212000000016,19.046875,,,,8
maurano,bedtools,maurano,,1.0,3,4,fIntestine_Sm-DS17808.hg19.hotspot.twopass.fdr0.05.merge.bed,fMuscle_arm-DS19053.hg19.hotspot.twopass.fdr0.05.merge.bed,0.274056,7.062955141067505,54.303212000000016,19.046875,,,,8
maurano,bedtools,maurano,,1.0,3,4,fIntestine_Sm-DS17808.hg19.hotspot.twopass.fdr0.05.merge.bed,fMuscle_back-DS18454.hg19.hotspot.twopass.fdr0.05.merge.bed,0.27464,7.062955141067505,54.303212000000016,19.046875,,,,8
maurano,bedtools,maurano,,1.0,3,4,fIntestine_Sm-DS17808.hg19.hotspot.twopass.fdr0.05.merge.bed,fMuscle_leg-DS19115.hg19.hotspot.twopass.fdr0.05.merge.bed,0.272167,7.062955141067505,54.303212000000016,19.046875,,,,8
maurano,bedtools,maurano,,1.0,3,4,fIntestine_Sm-DS17808.hg19.hotspot.twopass.fdr0.05.merge.bed,fMuscle_leg-DS19158.hg19.hotspot.twopass.fdr0.05.merge.bed,0.24807,7.062955141067505,54.303212000000016,19.046875,,,,8
maurano,bedtools,maurano,,1.0,3,4,fIntestine_Sm-DS17808.hg19.hotspot.twopass.fdr0.05.merge.bed,fSkin_fibro_bicep_R-DS19745.hg19.hotspot.twopass.fdr0.05.merge.bed,0.184359,7.062955141067505,54.303212000000016,19.046875,,,,8
maurano,bedtools,maurano,,1.0,3,4,fIntestine_Sm-DS17808.hg19.hotspot.twopass.fdr0.05.merge.bed,fStomach-DS17659.hg19.hotspot.twopass.fdr0.05.merge.bed,0.361087,7.062955141067505,54.303212000000016,19.046875,,,,8
maurano,bedtools,maurano,,1.0,3,4,fIntestine_Sm-DS18495.hg19.hotspot.twopass.fdr0.05.merge.bed,fKidney_renal_cortex_L-DS17550.hg19.hotspot.twopass.fdr0.05.merge.bed,0.270452,7.062955141067505,54.303212000000016,19.046875,,,,8
maurano,bedtools,maurano,,1.0,3,4,fIntestine_Sm-DS18495.hg19.hotspot.twopass.fdr0.05.merge.bed,fLung_L-DS17154.hg19.hotspot.twopass.fdr0.05.merge.bed,0.261521,7.062955141067505,54.303212000000016,19.046875,,,,8
maurano,bedtools,maurano,,1.0,3,4,fIntestine_Sm-DS18495.hg19.hotspot.twopass.fdr0.05.merge.bed,fLung_R-DS15632.hotspot.twopass.fdr0.05.merge.bed,0.274002,7.062955141067505,54.303212000000016,19.046875,,,,8
maurano,bedtools,maurano,,1.0,3,4,fIntestine_Sm-DS18495.hg19.hotspot.twopass.fdr0.05.merge.bed,fLung_L-DS18421.hg19.hotspot.twopass.fdr0.05.merge.bed,0.278614,7.062955141067505,54.303212000000016,19.046875,,,,8
maurano,bedtools,maurano,,1.0,3,4,fIntestine_Sm-DS18495.hg19.hotspot.twopass.fdr0.05.merge.bed,fMuscle_arm-DS19053.hg19.hotspot.twopass.fdr0.05.merge.bed,0.24693,7.062955141067505,54.303212000000016,19.046875,,,,8
maurano,bedtools,maurano,,1.0,3,4,fIntestine_Sm-DS18495.hg19.hotspot.twopass.fdr0.05.merge.bed,fMuscle_leg-DS19115.hg19.hotspot.twopass.fdr0.05.merge.bed,0.246235,7.062955141067505,54.303212000000016,19.046875,,,,8
maurano,bedtools,maurano,,1.0,3,4,fIntestine_Sm-DS18495.hg19.hotspot.twopass.fdr0.05.merge.bed,fMuscle_back-DS18454.hg19.hotspot.twopass.fdr0.05.merge.bed,0.247674,7.062955141067505,54.303212000000016,19.046875,,,,8
maurano,bedtools,maurano,,1.0,3,4,fIntestine_Sm-DS18495.hg19.hotspot.twopass.fdr0.05.merge.bed,fMuscle_leg-DS19158.hg19.hotspot.twopass.fdr0.05.merge.bed,0.229886,7.062955141067505,54.303212000000016,19.046875,,,,8
maurano,bedtools,maurano,,1.0,3,4,fIntestine_Sm-DS18495.hg19.hotspot.twopass.fdr0.05.merge.bed,fSkin_fibro_bicep_R-DS19745.hg19.hotspot.twopass.fdr0.05.merge.bed,0.182733,7.062955141067505,54.303212000000016,19.046875,,,,8
maurano,bedtools,maurano,,1.0,3,4,fIntestine_Sm-DS18495.hg19.hotspot.twopass.fdr0.05.merge.bed,fStomach-DS17659.hg19.hotspot.twopass.fdr0.05.merge.bed,0.336473,7.062955141067505,54.303212000000016,19.046875,,,,8
maurano,bedtools,maurano,,1.0,3,4,fKidney_renal_cortex_L-DS17550.hg19.hotspot.twopass.fdr0.05.merge.bed,fLung_R-DS15632.hotspot.twopass.fdr0.05.merge.bed,0.365728,7.062955141067505,54.303212000000016,19.046875,,,,8
maurano,bedtools,maurano,,1.0,3,4,fKidney_renal_cortex_L-DS17550.hg19.hotspot.twopass.fdr0.05.merge.bed,fLung_L-DS17154.hg19.hotspot.twopass.fdr0.05.merge.bed,0.38651,7.062955141067505,54.303212000000016,19.046875,,,,8
maurano,bedtools,maurano,,1.0,3,4,fKidney_renal_cortex_L-DS17550.hg19.hotspot.twopass.fdr0.05.merge.bed,fLung_L-DS18421.hg19.hotspot.twopass.fdr0.05.merge.bed,0.383039,7.062955141067505,54.303212000000016,19.046875,,,,8
maurano,bedtools,maurano,,1.0,3,4,fKidney_renal_cortex_L-DS17550.hg19.hotspot.twopass.fdr0.05.merge.bed,fMuscle_arm-DS19053.hg19.hotspot.twopass.fdr0.05.merge.bed,0.336901,7.062955141067505,54.303212000000016,19.046875,,,,8
maurano,bedtools,maurano,,1.0,3,4,fKidney_renal_cortex_L-DS17550.hg19.hotspot.twopass.fdr0.05.merge.bed,fMuscle_back-DS18454.hg19.hotspot.twopass.fdr0.05.merge.bed,0.33017,7.062955141067505,54.303212000000016,19.046875,,,,8
maurano,bedtools,maurano,,1.0,3,4,fKidney_renal_cortex_L-DS17550.hg19.hotspot.twopass.fdr0.05.merge.bed,fMuscle_leg-DS19115.hg19.hotspot.twopass.fdr0.05.merge.bed,0.33113,7.062955141067505,54.303212000000016,19.046875,,,,8
maurano,bedtools,maurano,,1.0,3,4,fKidney_renal_cortex_L-DS17550.hg19.hotspot.twopass.fdr0.05.merge.bed,fMuscle_leg-DS19158.hg19.hotspot.twopass.fdr0.05.merge.bed,0.321369,7.062955141067505,54.303212000000016,19.046875,,,,8
maurano,bedtools,maurano,,1.0,3,4,fKidney_renal_cortex_L-DS17550.hg19.hotspot.twopass.fdr0.05.merge.bed,fSkin_fibro_bicep_R-DS19745.hg19.hotspot.twopass.fdr0.05.merge.bed,0.181055,7.062955141067505,54.303212000000016,19.046875,,,,8
maurano,bedtools,maurano,,1.0,3,4,fKidney_renal_cortex_L-DS17550.hg19.hotspot.twopass.fdr0.05.merge.bed,fStomach-DS17659.hg19.hotspot.twopass.fdr0.05.merge.bed,0.314544,7.062955141067505,54.303212000000016,19.046875,,,,8
maurano,bedtools,maurano,,1.0,3,4,fLung_L-DS17154.hg19.hotspot.twopass.fdr0.05.merge.bed,fLung_R-DS15632.hotspot.twopass.fdr0.05.merge.bed,0.594137,7.062955141067505,54.303212000000016,19.046875,,,,8
maurano,bedtools,maurano,,1.0,3,4,fLung_L-DS17154.hg19.hotspot.twopass.fdr0.05.merge.bed,fLung_L-DS18421.hg19.hotspot.twopass.fdr0.05.merge.bed,0.626942,7.062955141067505,54.303212000000016,19.046875,,,,8
maurano,bedtools,maurano,,1.0,3,4,fLung_L-DS17154.hg19.hotspot.twopass.fdr0.05.merge.bed,fMuscle_arm-DS19053.hg19.hotspot.twopass.fdr0.05.merge.bed,0.377284,7.062955141067505,54.303212000000016,19.046875,,,,8
maurano,bedtools,maurano,,1.0,3,4,fLung_L-DS17154.hg19.hotspot.twopass.fdr0.05.merge.bed,fMuscle_leg-DS19115.hg19.hotspot.twopass.fdr0.05.merge.bed,0.368251,7.062955141067505,54.303212000000016,19.046875,,,,8
maurano,bedtools,maurano,,1.0,3,4,fLung_L-DS17154.hg19.hotspot.twopass.fdr0.05.merge.bed,fMuscle_back-DS18454.hg19.hotspot.twopass.fdr0.05.merge.bed,0.363956,7.062955141067505,54.303212000000016,19.046875,,,,8
maurano,bedtools,maurano,,1.0,3,4,fLung_L-DS17154.hg19.hotspot.twopass.fdr0.05.merge.bed,fMuscle_leg-DS19158.hg19.hotspot.twopass.fdr0.05.merge.bed,0.372015,7.062955141067505,54.303212000000016,19.046875,,,,8
maurano,bedtools,maurano,,1.0,3,4,fLung_L-DS17154.hg19.hotspot.twopass.fdr0.05.merge.bed,fSkin_fibro_bicep_R-DS19745.hg19.hotspot.twopass.fdr0.05.merge.bed,0.18337,7.062955141067505,54.303212000000016,19.046875,,,,8
maurano,bedtools,maurano,,1.0,3,4,fLung_L-DS17154.hg19.hotspot.twopass.fdr0.05.merge.bed,fStomach-DS17659.hg19.hotspot.twopass.fdr0.05.merge.bed,0.331727,7.062955141067505,54.303212000000016,19.046875,,,,8
maurano,bedtools,maurano,,1.0,3,4,fLung_L-DS18421.hg19.hotspot.twopass.fdr0.05.merge.bed,fLung_R-DS15632.hotspot.twopass.fdr0.05.merge.bed,0.590381,7.062955141067505,54.303212000000016,19.046875,,,,8
maurano,bedtools,maurano,,1.0,3,4,fLung_L-DS18421.hg19.hotspot.twopass.fdr0.05.merge.bed,fMuscle_arm-DS19053.hg19.hotspot.twopass.fdr0.05.merge.bed,0.366132,7.062955141067505,54.303212000000016,19.046875,,,,8
maurano,bedtools,maurano,,1.0,3,4,fLung_L-DS18421.hg19.hotspot.twopass.fdr0.05.merge.bed,fMuscle_back-DS18454.hg19.hotspot.twopass.fdr0.05.merge.bed,0.358442,7.062955141067505,54.303212000000016,19.046875,,,,8
maurano,bedtools,maurano,,1.0,3,4,fLung_L-DS18421.hg19.hotspot.twopass.fdr0.05.merge.bed,fMuscle_leg-DS19115.hg19.hotspot.twopass.fdr0.05.merge.bed,0.3614,7.062955141067505,54.303212000000016,19.046875,,,,8
maurano,bedtools,maurano,,1.0,3,4,fLung_L-DS18421.hg19.hotspot.twopass.fdr0.05.merge.bed,fSkin_fibro_bicep_R-DS19745.hg19.hotspot.twopass.fdr0.05.merge.bed,0.191675,7.062955141067505,54.303212000000016,19.046875,,,,8
maurano,bedtools,maurano,,1.0,3,4,fLung_L-DS18421.hg19.hotspot.twopass.fdr0.05.merge.bed,fMuscle_leg-DS19158.hg19.hotspot.twopass.fdr0.05.merge.bed,0.355591,7.062955141067505,54.303212000000016,19.046875,,,,8
maurano,bedtools,maurano,,1.0,3,4,fLung_L-DS18421.hg19.hotspot.twopass.fdr0.05.merge.bed,fStomach-DS17659.hg19.hotspot.twopass.fdr0.05.merge.bed,0.356052,7.062955141067505,54.303212000000016,19.046875,,,,8
maurano,bedtools,maurano,,1.0,3,4,fLung_R-DS15632.hotspot.twopass.fdr0.05.merge.bed,fMuscle_arm-DS19053.hg19.hotspot.twopass.fdr0.05.merge.bed,0.378953,7.062955141067505,54.303212000000016,19.046875,,,,8
maurano,bedtools,maurano,,1.0,3,4,fLung_R-DS15632.hotspot.twopass.fdr0.05.merge.bed,fMuscle_leg-DS19115.hg19.hotspot.twopass.fdr0.05.merge.bed,0.374624,7.062955141067505,54.303212000000016,19.046875,,,,8
maurano,bedtools,maurano,,1.0,3,4,fLung_R-DS15632.hotspot.twopass.fdr0.05.merge.bed,fMuscle_back-DS18454.hg19.hotspot.twopass.fdr0.05.merge.bed,0.3663,7.062955141067505,54.303212000000016,19.046875,,,,8
maurano,bedtools,maurano,,1.0,3,4,fLung_R-DS15632.hotspot.twopass.fdr0.05.merge.bed,fMuscle_leg-DS19158.hg19.hotspot.twopass.fdr0.05.merge.bed,0.360816,7.062955141067505,54.303212000000016,19.046875,,,,8
maurano,bedtools,maurano,,1.0,3,4,fLung_R-DS15632.hotspot.twopass.fdr0.05.merge.bed,fSkin_fibro_bicep_R-DS19745.hg19.hotspot.twopass.fdr0.05.merge.bed,0.199165,7.062955141067505,54.303212000000016,19.046875,,,,8
maurano,bedtools,maurano,,1.0,3,4,fLung_R-DS15632.hotspot.twopass.fdr0.05.merge.bed,fStomach-DS17659.hg19.hotspot.twopass.fdr0.05.merge.bed,0.357541,7.062955141067505,54.303212000000016,19.046875,,,,8
maurano,bedtools,maurano,,1.0,3,4,fMuscle_arm-DS19053.hg19.hotspot.twopass.fdr0.05.merge.bed,fMuscle_back-DS18454.hg19.hotspot.twopass.fdr0.05.merge.bed,0.58994,7.062955141067505,54.303212000000016,19.046875,,,,8
maurano,bedtools,maurano,,1.0,3,4,fMuscle_arm-DS19053.hg19.hotspot.twopass.fdr0.05.merge.bed,fMuscle_leg-DS19115.hg19.hotspot.twopass.fdr0.05.merge.bed,0.599604,7.062955141067505,54.303212000000016,19.046875,,,,8
maurano,bedtools,maurano,,1.0,3,4,fMuscle_arm-DS19053.hg19.hotspot.twopass.fdr0.05.merge.bed,fMuscle_leg-DS19158.hg19.hotspot.twopass.fdr0.05.merge.bed,0.573223,7.062955141067505,54.303212000000016,19.046875,,,,8
maurano,bedtools,maurano,,1.0,3,4,fMuscle_arm-DS19053.hg19.hotspot.twopass.fdr0.05.merge.bed,fSkin_fibro_bicep_R-DS19745.hg19.hotspot.twopass.fdr0.05.merge.bed,0.215222,7.062955141067505,54.303212000000016,19.046875,,,,8
maurano,bedtools,maurano,,1.0,3,4,fMuscle_arm-DS19053.hg19.hotspot.twopass.fdr0.05.merge.bed,fStomach-DS17659.hg19.hotspot.twopass.fdr0.05.merge.bed,0.322868,7.062955141067505,54.303212000000016,19.046875,,,,8
maurano,bedtools,maurano,,1.0,3,4,fMuscle_back-DS18454.hg19.hotspot.twopass.fdr0.05.merge.bed,fMuscle_leg-DS19115.hg19.hotspot.twopass.fdr0.05.merge.bed,0.605352,7.062955141067505,54.303212000000016,19.046875,,,,8
maurano,bedtools,maurano,,1.0,3,4,fMuscle_back-DS18454.hg19.hotspot.twopass.fdr0.05.merge.bed,fMuscle_leg-DS19158.hg19.hotspot.twopass.fdr0.05.merge.bed,0.555513,7.062955141067505,54.303212000000016,19.046875,,,,8
maurano,bedtools,maurano,,1.0,3,4,fMuscle_back-DS18454.hg19.hotspot.twopass.fdr0.05.merge.bed,fSkin_fibro_bicep_R-DS19745.hg19.hotspot.twopass.fdr0.05.merge.bed,0.223531,7.062955141067505,54.303212000000016,19.046875,,,,8
maurano,bedtools,maurano,,1.0,3,4,fMuscle_back-DS18454.hg19.hotspot.twopass.fdr0.05.merge.bed,fStomach-DS17659.hg19.hotspot.twopass.fdr0.05.merge.bed,0.327171,7.062955141067505,54.303212000000016,19.046875,,,,8
maurano,bedtools,maurano,,1.0,3,4,fMuscle_leg-DS19115.hg19.hotspot.twopass.fdr0.05.merge.bed,fSkin_fibro_bicep_R-DS19745.hg19.hotspot.twopass.fdr0.05.merge.bed,0.218922,7.062955141067505,54.303212000000016,19.046875,,,,8
maurano,bedtools,maurano,,1.0,3,4,fMuscle_leg-DS19115.hg19.hotspot.twopass.fdr0.05.merge.bed,fMuscle_leg-DS19158.hg19.hotspot.twopass.fdr0.05.merge.bed,0.582839,7.062955141067505,54.303212000000016,19.046875,,,,8
maurano,bedtools,maurano,,1.0,3,4,fMuscle_leg-DS19115.hg19.hotspot.twopass.fdr0.05.merge.bed,fStomach-DS17659.hg19.hotspot.twopass.fdr0.05.merge.bed,0.329439,7.062955141067505,54.303212000000016,19.046875,,,,8
maurano,bedtools,maurano,,1.0,3,4,fMuscle_leg-DS19158.hg19.hotspot.twopass.fdr0.05.merge.bed,fSkin_fibro_bicep_R-DS19745.hg19.hotspot.twopass.fdr0.05.merge.bed,0.195676,7.062955141067505,54.303212000000016,19.046875,,,,8
maurano,bedtools,maurano,,1.0,3,4,fMuscle_leg-DS19158.hg19.hotspot.twopass.fdr0.05.merge.bed,fStomach-DS17659.hg19.hotspot.twopass.fdr0.05.merge.bed,0.291063,7.062955141067505,54.303212000000016,19.046875,,,,8
maurano,bedtools,maurano,,1.0,3,4,fSkin_fibro_bicep_R-DS19745.hg19.hotspot.twopass.fdr0.05.merge.bed,fStomach-DS17659.hg19.hotspot.twopass.fdr0.05.merge.bed,0.229768,7.062955141067505,54.303212000000016,19.046875,,,,8
maurano,bedtools,maurano,,1.0,4,5,fBrain-DS14718.hotspot.twopass.fdr0.05.merge.bed,fHeart-DS15643.hotspot.twopass.fdr0.05.merge.bed,0.240543,7.094823598861694,54.26551299999998,19.05078125,,,,8
maurano,bedtools,maurano,,1.0,4,5,fBrain-DS14718.hotspot.twopass.fdr0.05.merge.bed,fBrain-DS16302.hotspot.twopass.fdr0.05.merge.bed,0.354341,7.094823598861694,54.26551299999998,19.05078125,,,,8
maurano,bedtools,maurano,,1.0,4,5,fBrain-DS14718.hotspot.twopass.fdr0.05.merge.bed,fIntestine_Sm-DS16712.hg19.hotspot.twopass.fdr0.05.merge.bed,0.206104,7.094823598861694,54.26551299999998,19.05078125,,,,8
maurano,bedtools,maurano,,1.0,4,5,fBrain-DS14718.hotspot.twopass.fdr0.05.merge.bed,fHeart-DS16621.hotspot.twopass.fdr0.05.merge.bed,0.227235,7.094823598861694,54.26551299999998,19.05078125,,,,8
maurano,bedtools,maurano,,1.0,4,5,fBrain-DS14718.hotspot.twopass.fdr0.05.merge.bed,fIntestine_Sm-DS16559.hotspot.twopass.fdr0.05.merge.bed,0.208473,7.094823598861694,54.26551299999998,19.05078125,,,,8
maurano,bedtools,maurano,,1.0,4,5,fBrain-DS14718.hotspot.twopass.fdr0.05.merge.bed,fHeart-DS15839.hotspot.twopass.fdr0.05.merge.bed,0.220057,7.094823598861694,54.26551299999998,19.05078125,,,,8
maurano,bedtools,maurano,,1.0,4,5,fBrain-DS14718.hotspot.twopass.fdr0.05.merge.bed,fIntestine_Sm-DS16822.hotspot.twopass.fdr0.05.merge.bed,0.201612,7.094823598861694,54.26551299999998,19.05078125,,,,8
maurano,bedtools,maurano,,1.0,4,5,fBrain-DS14718.hotspot.twopass.fdr0.05.merge.bed,fIntestine_Sm-DS17808.hg19.hotspot.twopass.fdr0.05.merge.bed,0.215237,7.094823598861694,54.26551299999998,19.05078125,,,,8
maurano,bedtools,maurano,,1.0,4,5,fBrain-DS14718.hotspot.twopass.fdr0.05.merge.bed,fIntestine_Sm-DS18495.hg19.hotspot.twopass.fdr0.05.merge.bed,0.190684,7.094823598861694,54.26551299999998,19.05078125,,,,8
maurano,bedtools,maurano,,1.0,4,5,fBrain-DS14718.hotspot.twopass.fdr0.05.merge.bed,fKidney_renal_cortex_L-DS17550.hg19.hotspot.twopass.fdr0.05.merge.bed,0.260934,7.094823598861694,54.26551299999998,19.05078125,,,,8
maurano,bedtools,maurano,,1.0,4,5,fBrain-DS14718.hotspot.twopass.fdr0.05.merge.bed,fLung_L-DS18421.hg19.hotspot.twopass.fdr0.05.merge.bed,0.25417,7.094823598861694,54.26551299999998,19.05078125,,,,8
maurano,bedtools,maurano,,1.0,4,5,fBrain-DS14718.hotspot.twopass.fdr0.05.merge.bed,fLung_L-DS17154.hg19.hotspot.twopass.fdr0.05.merge.bed,0.254287,7.094823598861694,54.26551299999998,19.05078125,,,,8
maurano,bedtools,maurano,,1.0,4,5,fBrain-DS14718.hotspot.twopass.fdr0.05.merge.bed,fLung_R-DS15632.hotspot.twopass.fdr0.05.merge.bed,0.260759,7.094823598861694,54.26551299999998,19.05078125,,,,8
maurano,bedtools,maurano,,1.0,4,5,fBrain-DS14718.hotspot.twopass.fdr0.05.merge.bed,fMuscle_arm-DS19053.hg19.hotspot.twopass.fdr0.05.merge.bed,0.263693,7.094823598861694,54.26551299999998,19.05078125,,,,8
maurano,bedtools,maurano,,1.0,4,5,fBrain-DS14718.hotspot.twopass.fdr0.05.merge.bed,fMuscle_back-DS18454.hg19.hotspot.twopass.fdr0.05.merge.bed,0.265443,7.094823598861694,54.26551299999998,19.05078125,,,,8
maurano,bedtools,maurano,,1.0,4,5,fBrain-DS14718.hotspot.twopass.fdr0.05.merge.bed,fMuscle_leg-DS19158.hg19.hotspot.twopass.fdr0.05.merge.bed,0.244176,7.094823598861694,54.26551299999998,19.05078125,,,,8
maurano,bedtools,maurano,,1.0,4,5,fBrain-DS14718.hotspot.twopass.fdr0.05.merge.bed,fMuscle_leg-DS19115.hg19.hotspot.twopass.fdr0.05.merge.bed,0.266904,7.094823598861694,54.26551299999998,19.05078125,,,,8
maurano,bedtools,maurano,,1.0,4,5,fBrain-DS14718.hotspot.twopass.fdr0.05.merge.bed,fSkin_fibro_bicep_R-DS19745.hg19.hotspot.twopass.fdr0.05.merge.bed,0.15608,7.094823598861694,54.26551299999998,19.05078125,,,,8
maurano,bedtools,maurano,,1.0,4,5,fBrain-DS14718.hotspot.twopass.fdr0.05.merge.bed,fStomach-DS17659.hg19.hotspot.twopass.fdr0.05.merge.bed,0.248625,7.094823598861694,54.26551299999998,19.05078125,,,,8
maurano,bedtools,maurano,,1.0,4,5,fBrain-DS16302.hotspot.twopass.fdr0.05.merge.bed,fHeart-DS15643.hotspot.twopass.fdr0.05.merge.bed,0.231572,7.094823598861694,54.26551299999998,19.05078125,,,,8
maurano,bedtools,maurano,,1.0,4,5,fBrain-DS16302.hotspot.twopass.fdr0.05.merge.bed,fHeart-DS15839.hotspot.twopass.fdr0.05.merge.bed,0.209813,7.094823598861694,54.26551299999998,19.05078125,,,,8
maurano,bedtools,maurano,,1.0,4,5,fBrain-DS16302.hotspot.twopass.fdr0.05.merge.bed,fHeart-DS16621.hotspot.twopass.fdr0.05.merge.bed,0.226111,7.094823598861694,54.26551299999998,19.05078125,,,,8
maurano,bedtools,maurano,,1.0,4,5,fBrain-DS16302.hotspot.twopass.fdr0.05.merge.bed,fIntestine_Sm-DS16712.hg19.hotspot.twopass.fdr0.05.merge.bed,0.17876,7.094823598861694,54.26551299999998,19.05078125,,,,8
maurano,bedtools,maurano,,1.0,4,5,fBrain-DS16302.hotspot.twopass.fdr0.05.merge.bed,fIntestine_Sm-DS16559.hotspot.twopass.fdr0.05.merge.bed,0.194993,7.094823598861694,54.26551299999998,19.05078125,,,,8
maurano,bedtools,maurano,,1.0,4,5,fBrain-DS16302.hotspot.twopass.fdr0.05.merge.bed,fIntestine_Sm-DS18495.hg19.hotspot.twopass.fdr0.05.merge.bed,0.175085,7.094823598861694,54.26551299999998,19.05078125,,,,8
maurano,bedtools,maurano,,1.0,4,5,fBrain-DS16302.hotspot.twopass.fdr0.05.merge.bed,fIntestine_Sm-DS16822.hotspot.twopass.fdr0.05.merge.bed,0.183641,7.094823598861694,54.26551299999998,19.05078125,,,,8
maurano,bedtools,maurano,,1.0,4,5,fBrain-DS16302.hotspot.twopass.fdr0.05.merge.bed,fIntestine_Sm-DS17808.hg19.hotspot.twopass.fdr0.05.merge.bed,0.191957,7.094823598861694,54.26551299999998,19.05078125,,,,8
maurano,bedtools,maurano,,1.0,4,5,fBrain-DS16302.hotspot.twopass.fdr0.05.merge.bed,fKidney_renal_cortex_L-DS17550.hg19.hotspot.twopass.fdr0.05.merge.bed,0.237877,7.094823598861694,54.26551299999998,19.05078125,,,,8
maurano,bedtools,maurano,,1.0,4,5,fBrain-DS16302.hotspot.twopass.fdr0.05.merge.bed,fLung_L-DS17154.hg19.hotspot.twopass.fdr0.05.merge.bed,0.258712,7.094823598861694,54.26551299999998,19.05078125,,,,8
maurano,bedtools,maurano,,1.0,4,5,fBrain-DS16302.hotspot.twopass.fdr0.05.merge.bed,fLung_R-DS15632.hotspot.twopass.fdr0.05.merge.bed,0.259236,7.094823598861694,54.26551299999998,19.05078125,,,,8
maurano,bedtools,maurano,,1.0,4,5,fBrain-DS16302.hotspot.twopass.fdr0.05.merge.bed,fLung_L-DS18421.hg19.hotspot.twopass.fdr0.05.merge.bed,0.251358,7.094823598861694,54.26551299999998,19.05078125,,,,8
maurano,bedtools,maurano,,1.0,4,5,fBrain-DS16302.hotspot.twopass.fdr0.05.merge.bed,fMuscle_arm-DS19053.hg19.hotspot.twopass.fdr0.05.merge.bed,0.252318,7.094823598861694,54.26551299999998,19.05078125,,,,8
maurano,bedtools,maurano,,1.0,4,5,fBrain-DS16302.hotspot.twopass.fdr0.05.merge.bed,fMuscle_back-DS18454.hg19.hotspot.twopass.fdr0.05.merge.bed,0.24471,7.094823598861694,54.26551299999998,19.05078125,,,,8
maurano,bedtools,maurano,,1.0,4,5,fBrain-DS16302.hotspot.twopass.fdr0.05.merge.bed,fMuscle_leg-DS19115.hg19.hotspot.twopass.fdr0.05.merge.bed,0.249425,7.094823598861694,54.26551299999998,19.05078125,,,,8
maurano,bedtools,maurano,,1.0,4,5,fBrain-DS16302.hotspot.twopass.fdr0.05.merge.bed,fMuscle_leg-DS19158.hg19.hotspot.twopass.fdr0.05.merge.bed,0.244333,7.094823598861694,54.26551299999998,19.05078125,,,,8
maurano,bedtools,maurano,,1.0,4,5,fBrain-DS16302.hotspot.twopass.fdr0.05.merge.bed,fSkin_fibro_bicep_R-DS19745.hg19.hotspot.twopass.fdr0.05.merge.bed,0.135481,7.094823598861694,54.26551299999998,19.05078125,,,,8
maurano,bedtools,maurano,,1.0,4,5,fBrain-DS16302.hotspot.twopass.fdr0.05.merge.bed,fStomach-DS17659.hg19.hotspot.twopass.fdr0.05.merge.bed,0.215611,7.094823598861694,54.26551299999998,19.05078125,,,,8
maurano,bedtools,maurano,,1.0,4,5,fHeart-DS15643.hotspot.twopass.fdr0.05.merge.bed,fHeart-DS16621.hotspot.twopass.fdr0.05.merge.bed,0.612503,7.094823598861694,54.26551299999998,19.05078125,,,,8
maurano,bedtools,maurano,,1.0,4,5,fHeart-DS15643.hotspot.twopass.fdr0.05.merge.bed,fIntestine_Sm-DS16712.hg19.hotspot.twopass.fdr0.05.merge.bed,0.252223,7.094823598861694,54.26551299999998,19.05078125,,,,8
maurano,bedtools,maurano,,1.0,4,5,fHeart-DS15643.hotspot.twopass.fdr0.05.merge.bed,fIntestine_Sm-DS16559.hotspot.twopass.fdr0.05.merge.bed,0.274958,7.094823598861694,54.26551299999998,19.05078125,,,,8
maurano,bedtools,maurano,,1.0,4,5,fHeart-DS15643.hotspot.twopass.fdr0.05.merge.bed,fHeart-DS15839.hotspot.twopass.fdr0.05.merge.bed,0.501456,7.094823598861694,54.26551299999998,19.05078125,,,,8
maurano,bedtools,maurano,,1.0,4,5,fHeart-DS15643.hotspot.twopass.fdr0.05.merge.bed,fIntestine_Sm-DS16822.hotspot.twopass.fdr0.05.merge.bed,0.259862,7.094823598861694,54.26551299999998,19.05078125,,,,8
maurano,bedtools,maurano,,1.0,4,5,fHeart-DS15643.hotspot.twopass.fdr0.05.merge.bed,fIntestine_Sm-DS17808.hg19.hotspot.twopass.fdr0.05.merge.bed,0.279561,7.094823598861694,54.26551299999998,19.05078125,,,,8
maurano,bedtools,maurano,,1.0,4,5,fHeart-DS15643.hotspot.twopass.fdr0.05.merge.bed,fIntestine_Sm-DS18495.hg19.hotspot.twopass.fdr0.05.merge.bed,0.247321,7.094823598861694,54.26551299999998,19.05078125,,,,8
maurano,bedtools,maurano,,1.0,4,5,fHeart-DS15643.hotspot.twopass.fdr0.05.merge.bed,fKidney_renal_cortex_L-DS17550.hg19.hotspot.twopass.fdr0.05.merge.bed,0.305128,7.094823598861694,54.26551299999998,19.05078125,,,,8
maurano,bedtools,maurano,,1.0,4,5,fHeart-DS15643.hotspot.twopass.fdr0.05.merge.bed,fLung_L-DS17154.hg19.hotspot.twopass.fdr0.05.merge.bed,0.321958,7.094823598861694,54.26551299999998,19.05078125,,,,8
maurano,bedtools,maurano,,1.0,4,5,fHeart-DS15643.hotspot.twopass.fdr0.05.merge.bed,fLung_R-DS15632.hotspot.twopass.fdr0.05.merge.bed,0.327153,7.094823598861694,54.26551299999998,19.05078125,,,,8
maurano,bedtools,maurano,,1.0,4,5,fHeart-DS15643.hotspot.twopass.fdr0.05.merge.bed,fMuscle_arm-DS19053.hg19.hotspot.twopass.fdr0.05.merge.bed,0.322471,7.094823598861694,54.26551299999998,19.05078125,,,,8
maurano,bedtools,maurano,,1.0,4,5,fHeart-DS15643.hotspot.twopass.fdr0.05.merge.bed,fLung_L-DS18421.hg19.hotspot.twopass.fdr0.05.merge.bed,0.323751,7.094823598861694,54.26551299999998,19.05078125,,,,8
maurano,bedtools,maurano,,1.0,4,5,fHeart-DS15643.hotspot.twopass.fdr0.05.merge.bed,fMuscle_back-DS18454.hg19.hotspot.twopass.fdr0.05.merge.bed,0.32779,7.094823598861694,54.26551299999998,19.05078125,,,,8
maurano,bedtools,maurano,,1.0,4,5,fHeart-DS15643.hotspot.twopass.fdr0.05.merge.bed,fMuscle_leg-DS19115.hg19.hotspot.twopass.fdr0.05.merge.bed,0.321602,7.094823598861694,54.26551299999998,19.05078125,,,,8
maurano,bedtools,maurano,,1.0,4,5,fHeart-DS15643.hotspot.twopass.fdr0.05.merge.bed,fSkin_fibro_bicep_R-DS19745.hg19.hotspot.twopass.fdr0.05.merge.bed,0.18551,7.094823598861694,54.26551299999998,19.05078125,,,,8
maurano,bedtools,maurano,,1.0,4,5,fHeart-DS15643.hotspot.twopass.fdr0.05.merge.bed,fStomach-DS17659.hg19.hotspot.twopass.fdr0.05.merge.bed,0.295735,7.094823598861694,54.26551299999998,19.05078125,,,,8
maurano,bedtools,maurano,,1.0,4,5,fHeart-DS15643.hotspot.twopass.fdr0.05.merge.bed,fMuscle_leg-DS19158.hg19.hotspot.twopass.fdr0.05.merge.bed,0.297134,7.094823598861694,54.26551299999998,19.05078125,,,,8
maurano,bedtools,maurano,,1.0,4,5,fHeart-DS15839.hotspot.twopass.fdr0.05.merge.bed,fIntestine_Sm-DS16712.hg19.hotspot.twopass.fdr0.05.merge.bed,0.234683,7.094823598861694,54.26551299999998,19.05078125,,,,8
maurano,bedtools,maurano,,1.0,4,5,fHeart-DS15839.hotspot.twopass.fdr0.05.merge.bed,fHeart-DS16621.hotspot.twopass.fdr0.05.merge.bed,0.50637,7.094823598861694,54.26551299999998,19.05078125,,,,8
maurano,bedtools,maurano,,1.0,4,5,fHeart-DS15839.hotspot.twopass.fdr0.05.merge.bed,fIntestine_Sm-DS16559.hotspot.twopass.fdr0.05.merge.bed,0.253843,7.094823598861694,54.26551299999998,19.05078125,,,,8
maurano,bedtools,maurano,,1.0,4,5,fHeart-DS15839.hotspot.twopass.fdr0.05.merge.bed,fIntestine_Sm-DS16822.hotspot.twopass.fdr0.05.merge.bed,0.236505,7.094823598861694,54.26551299999998,19.05078125,,,,8
maurano,bedtools,maurano,,1.0,4,5,fHeart-DS15839.hotspot.twopass.fdr0.05.merge.bed,fIntestine_Sm-DS18495.hg19.hotspot.twopass.fdr0.05.merge.bed,0.220866,7.094823598861694,54.26551299999998,19.05078125,,,,8
maurano,bedtools,maurano,,1.0,4,5,fHeart-DS15839.hotspot.twopass.fdr0.05.merge.bed,fIntestine_Sm-DS17808.hg19.hotspot.twopass.fdr0.05.merge.bed,0.262172,7.094823598861694,54.26551299999998,19.05078125,,,,8
maurano,bedtools,maurano,,1.0,4,5,fHeart-DS15839.hotspot.twopass.fdr0.05.merge.bed,fKidney_renal_cortex_L-DS17550.hg19.hotspot.twopass.fdr0.05.merge.bed,0.278114,7.094823598861694,54.26551299999998,19.05078125,,,,8
maurano,bedtools,maurano,,1.0,4,5,fHeart-DS15839.hotspot.twopass.fdr0.05.merge.bed,fLung_L-DS17154.hg19.hotspot.twopass.fdr0.05.merge.bed,0.289965,7.094823598861694,54.26551299999998,19.05078125,,,,8
maurano,bedtools,maurano,,1.0,4,5,fHeart-DS15839.hotspot.twopass.fdr0.05.merge.bed,fLung_L-DS18421.hg19.hotspot.twopass.fdr0.05.merge.bed,0.285643,7.094823598861694,54.26551299999998,19.05078125,,,,8
maurano,bedtools,maurano,,1.0,4,5,fHeart-DS15839.hotspot.twopass.fdr0.05.merge.bed,fLung_R-DS15632.hotspot.twopass.fdr0.05.merge.bed,0.280371,7.094823598861694,54.26551299999998,19.05078125,,,,8
maurano,bedtools,maurano,,1.0,4,5,fHeart-DS15839.hotspot.twopass.fdr0.05.merge.bed,fMuscle_arm-DS19053.hg19.hotspot.twopass.fdr0.05.merge.bed,0.273637,7.094823598861694,54.26551299999998,19.05078125,,,,8
maurano,bedtools,maurano,,1.0,4,5,fHeart-DS15839.hotspot.twopass.fdr0.05.merge.bed,fMuscle_back-DS18454.hg19.hotspot.twopass.fdr0.05.merge.bed,0.273879,7.094823598861694,54.26551299999998,19.05078125,,,,8
maurano,bedtools,maurano,,1.0,4,5,fHeart-DS15839.hotspot.twopass.fdr0.05.merge.bed,fMuscle_leg-DS19115.hg19.hotspot.twopass.fdr0.05.merge.bed,0.265811,7.094823598861694,54.26551299999998,19.05078125,,,,8
maurano,bedtools,maurano,,1.0,4,5,fHeart-DS15839.hotspot.twopass.fdr0.05.merge.bed,fMuscle_leg-DS19158.hg19.hotspot.twopass.fdr0.05.merge.bed,0.250537,7.094823598861694,54.26551299999998,19.05078125,,,,8
maurano,bedtools,maurano,,1.0,4,5,fHeart-DS15839.hotspot.twopass.fdr0.05.merge.bed,fSkin_fibro_bicep_R-DS19745.hg19.hotspot.twopass.fdr0.05.merge.bed,0.155952,7.094823598861694,54.26551299999998,19.05078125,,,,8
maurano,bedtools,maurano,,1.0,4,5,fHeart-DS15839.hotspot.twopass.fdr0.05.merge.bed,fStomach-DS17659.hg19.hotspot.twopass.fdr0.05.merge.bed,0.2491,7.094823598861694,54.26551299999998,19.05078125,,,,8
maurano,bedtools,maurano,,1.0,4,5,fHeart-DS16621.hotspot.twopass.fdr0.05.merge.bed,fIntestine_Sm-DS16712.hg19.hotspot.twopass.fdr0.05.merge.bed,0.226441,7.094823598861694,54.26551299999998,19.05078125,,,,8
maurano,bedtools,maurano,,1.0,4,5,fHeart-DS16621.hotspot.twopass.fdr0.05.merge.bed,fIntestine_Sm-DS16559.hotspot.twopass.fdr0.05.merge.bed,0.270273,7.094823598861694,54.26551299999998,19.05078125,,,,8
maurano,bedtools,maurano,,1.0,4,5,fHeart-DS16621.hotspot.twopass.fdr0.05.merge.bed,fIntestine_Sm-DS16822.hotspot.twopass.fdr0.05.merge.bed,0.248787,7.094823598861694,54.26551299999998,19.05078125,,,,8
maurano,bedtools,maurano,,1.0,4,5,fHeart-DS16621.hotspot.twopass.fdr0.05.merge.bed,fIntestine_Sm-DS17808.hg19.hotspot.twopass.fdr0.05.merge.bed,0.262196,7.094823598861694,54.26551299999998,19.05078125,,,,8
maurano,bedtools,maurano,,1.0,4,5,fHeart-DS16621.hotspot.twopass.fdr0.05.merge.bed,fIntestine_Sm-DS18495.hg19.hotspot.twopass.fdr0.05.merge.bed,0.23503,7.094823598861694,54.26551299999998,19.05078125,,,,8
maurano,bedtools,maurano,,1.0,4,5,fHeart-DS16621.hotspot.twopass.fdr0.05.merge.bed,fKidney_renal_cortex_L-DS17550.hg19.hotspot.twopass.fdr0.05.merge.bed,0.296984,7.094823598861694,54.26551299999998,19.05078125,,,,8
maurano,bedtools,maurano,,1.0,4,5,fHeart-DS16621.hotspot.twopass.fdr0.05.merge.bed,fLung_L-DS17154.hg19.hotspot.twopass.fdr0.05.merge.bed,0.319891,7.094823598861694,54.26551299999998,19.05078125,,,,8
maurano,bedtools,maurano,,1.0,4,5,fHeart-DS16621.hotspot.twopass.fdr0.05.merge.bed,fLung_L-DS18421.hg19.hotspot.twopass.fdr0.05.merge.bed,0.317823,7.094823598861694,54.26551299999998,19.05078125,,,,8
maurano,bedtools,maurano,,1.0,4,5,fHeart-DS16621.hotspot.twopass.fdr0.05.merge.bed,fLung_R-DS15632.hotspot.twopass.fdr0.05.merge.bed,0.309777,7.094823598861694,54.26551299999998,19.05078125,,,,8
maurano,bedtools,maurano,,1.0,4,5,fHeart-DS16621.hotspot.twopass.fdr0.05.merge.bed,fMuscle_arm-DS19053.hg19.hotspot.twopass.fdr0.05.merge.bed,0.305358,7.094823598861694,54.26551299999998,19.05078125,,,,8
maurano,bedtools,maurano,,1.0,4,5,fHeart-DS16621.hotspot.twopass.fdr0.05.merge.bed,fMuscle_back-DS18454.hg19.hotspot.twopass.fdr0.05.merge.bed,0.309559,7.094823598861694,54.26551299999998,19.05078125,,,,8
maurano,bedtools,maurano,,1.0,4,5,fHeart-DS16621.hotspot.twopass.fdr0.05.merge.bed,fMuscle_leg-DS19158.hg19.hotspot.twopass.fdr0.05.merge.bed,0.291388,7.094823598861694,54.26551299999998,19.05078125,,,,8
maurano,bedtools,maurano,,1.0,4,5,fHeart-DS16621.hotspot.twopass.fdr0.05.merge.bed,fMuscle_leg-DS19115.hg19.hotspot.twopass.fdr0.05.merge.bed,0.301319,7.094823598861694,54.26551299999998,19.05078125,,,,8
maurano,bedtools,maurano,,1.0,4,5,fHeart-DS16621.hotspot.twopass.fdr0.05.merge.bed,fSkin_fibro_bicep_R-DS19745.hg19.hotspot.twopass.fdr0.05.merge.bed,0.170995,7.094823598861694,54.26551299999998,19.05078125,,,,8
maurano,bedtools,maurano,,1.0,4,5,fHeart-DS16621.hotspot.twopass.fdr0.05.merge.bed,fStomach-DS17659.hg19.hotspot.twopass.fdr0.05.merge.bed,0.267889,7.094823598861694,54.26551299999998,19.05078125,,,,8
maurano,bedtools,maurano,,1.0,4,5,fIntestine_Sm-DS16559.hotspot.twopass.fdr0.05.merge.bed,fIntestine_Sm-DS16712.hg19.hotspot.twopass.fdr0.05.merge.bed,0.451537,7.094823598861694,54.26551299999998,19.05078125,,,,8
maurano,bedtools,maurano,,1.0,4,5,fIntestine_Sm-DS16559.hotspot.twopass.fdr0.05.merge.bed,fIntestine_Sm-DS16822.hotspot.twopass.fdr0.05.merge.bed,0.607371,7.094823598861694,54.26551299999998,19.05078125,,,,8
maurano,bedtools,maurano,,1.0,4,5,fIntestine_Sm-DS16559.hotspot.twopass.fdr0.05.merge.bed,fIntestine_Sm-DS17808.hg19.hotspot.twopass.fdr0.05.merge.bed,0.57613,7.094823598861694,54.26551299999998,19.05078125,,,,8
maurano,bedtools,maurano,,1.0,4,5,fIntestine_Sm-DS16559.hotspot.twopass.fdr0.05.merge.bed,fIntestine_Sm-DS18495.hg19.hotspot.twopass.fdr0.05.merge.bed,0.554788,7.094823598861694,54.26551299999998,19.05078125,,,,8
maurano,bedtools,maurano,,1.0,4,5,fIntestine_Sm-DS16559.hotspot.twopass.fdr0.05.merge.bed,fKidney_renal_cortex_L-DS17550.hg19.hotspot.twopass.fdr0.05.merge.bed,0.313097,7.094823598861694,54.26551299999998,19.05078125,,,,8
maurano,bedtools,maurano,,1.0,4,5,fIntestine_Sm-DS16559.hotspot.twopass.fdr0.05.merge.bed,fLung_L-DS18421.hg19.hotspot.twopass.fdr0.05.merge.bed,0.325796,7.094823598861694,54.26551299999998,19.05078125,,,,8
maurano,bedtools,maurano,,1.0,4,5,fIntestine_Sm-DS16559.hotspot.twopass.fdr0.05.merge.bed,fLung_L-DS17154.hg19.hotspot.twopass.fdr0.05.merge.bed,0.313202,7.094823598861694,54.26551299999998,19.05078125,,,,8
maurano,bedtools,maurano,,1.0,4,5,fIntestine_Sm-DS16559.hotspot.twopass.fdr0.05.merge.bed,fLung_R-DS15632.hotspot.twopass.fdr0.05.merge.bed,0.310454,7.094823598861694,54.26551299999998,19.05078125,,,,8
maurano,bedtools,maurano,,1.0,4,5,fIntestine_Sm-DS16559.hotspot.twopass.fdr0.05.merge.bed,fMuscle_arm-DS19053.hg19.hotspot.twopass.fdr0.05.merge.bed,0.27922,7.094823598861694,54.26551299999998,19.05078125,,,,8
maurano,bedtools,maurano,,1.0,4,5,fIntestine_Sm-DS16559.hotspot.twopass.fdr0.05.merge.bed,fMuscle_back-DS18454.hg19.hotspot.twopass.fdr0.05.merge.bed,0.276469,7.094823598861694,54.26551299999998,19.05078125,,,,8
maurano,bedtools,maurano,,1.0,4,5,fIntestine_Sm-DS16559.hotspot.twopass.fdr0.05.merge.bed,fMuscle_leg-DS19115.hg19.hotspot.twopass.fdr0.05.merge.bed,0.273837,7.094823598861694,54.26551299999998,19.05078125,,,,8
maurano,bedtools,maurano,,1.0,4,5,fIntestine_Sm-DS16559.hotspot.twopass.fdr0.05.merge.bed,fMuscle_leg-DS19158.hg19.hotspot.twopass.fdr0.05.merge.bed,0.264617,7.094823598861694,54.26551299999998,19.05078125,,,,8
maurano,bedtools,maurano,,1.0,4,5,fIntestine_Sm-DS16559.hotspot.twopass.fdr0.05.merge.bed,fSkin_fibro_bicep_R-DS19745.hg19.hotspot.twopass.fdr0.05.merge.bed,0.177436,7.094823598861694,54.26551299999998,19.05078125,,,,8
maurano,bedtools,maurano,,1.0,4,5,fIntestine_Sm-DS16559.hotspot.twopass.fdr0.05.merge.bed,fStomach-DS17659.hg19.hotspot.twopass.fdr0.05.merge.bed,0.347187,7.094823598861694,54.26551299999998,19.05078125,,,,8
maurano,bedtools,maurano,,1.0,4,5,fIntestine_Sm-DS16712.hg19.hotspot.twopass.fdr0.05.merge.bed,fIntestine_Sm-DS16822.hotspot.twopass.fdr0.05.merge.bed,0.481841,7.094823598861694,54.26551299999998,19.05078125,,,,8
maurano,bedtools,maurano,,1.0,4,5,fIntestine_Sm-DS16712.hg19.hotspot.twopass.fdr0.05.merge.bed,fIntestine_Sm-DS17808.hg19.hotspot.twopass.fdr0.05.merge.bed,0.523853,7.094823598861694,54.26551299999998,19.05078125,,,,8
maurano,bedtools,maurano,,1.0,4,5,fIntestine_Sm-DS16712.hg19.hotspot.twopass.fdr0.05.merge.bed,fIntestine_Sm-DS18495.hg19.hotspot.twopass.fdr0.05.merge.bed,0.480868,7.094823598861694,54.26551299999998,19.05078125,,,,8
maurano,bedtools,maurano,,1.0,4,5,fIntestine_Sm-DS16712.hg19.hotspot.twopass.fdr0.05.merge.bed,fKidney_renal_cortex_L-DS17550.hg19.hotspot.twopass.fdr0.05.merge.bed,0.269365,7.094823598861694,54.26551299999998,19.05078125,,,,8
maurano,bedtools,maurano,,1.0,4,5,fIntestine_Sm-DS16712.hg19.hotspot.twopass.fdr0.05.merge.bed,fLung_L-DS17154.hg19.hotspot.twopass.fdr0.05.merge.bed,0.251144,7.094823598861694,54.26551299999998,19.05078125,,,,8
maurano,bedtools,maurano,,1.0,4,5,fIntestine_Sm-DS16712.hg19.hotspot.twopass.fdr0.05.merge.bed,fMuscle_arm-DS19053.hg19.hotspot.twopass.fdr0.05.merge.bed,0.242071,7.094823598861694,54.26551299999998,19.05078125,,,,8
maurano,bedtools,maurano,,1.0,4,5,fIntestine_Sm-DS16712.hg19.hotspot.twopass.fdr0.05.merge.bed,fLung_L-DS18421.hg19.hotspot.twopass.fdr0.05.merge.bed,0.26833,7.094823598861694,54.26551299999998,19.05078125,,,,8
maurano,bedtools,maurano,,1.0,4,5,fIntestine_Sm-DS16712.hg19.hotspot.twopass.fdr0.05.merge.bed,fLung_R-DS15632.hotspot.twopass.fdr0.05.merge.bed,0.273746,7.094823598861694,54.26551299999998,19.05078125,,,,8
maurano,bedtools,maurano,,1.0,4,5,fIntestine_Sm-DS16712.hg19.hotspot.twopass.fdr0.05.merge.bed,fMuscle_back-DS18454.hg19.hotspot.twopass.fdr0.05.merge.bed,0.241538,7.094823598861694,54.26551299999998,19.05078125,,,,8
maurano,bedtools,maurano,,1.0,4,5,fIntestine_Sm-DS16712.hg19.hotspot.twopass.fdr0.05.merge.bed,fMuscle_leg-DS19115.hg19.hotspot.twopass.fdr0.05.merge.bed,0.240317,7.094823598861694,54.26551299999998,19.05078125,,,,8
maurano,bedtools,maurano,,1.0,4,5,fIntestine_Sm-DS16712.hg19.hotspot.twopass.fdr0.05.merge.bed,fMuscle_leg-DS19158.hg19.hotspot.twopass.fdr0.05.merge.bed,0.210362,7.094823598861694,54.26551299999998,19.05078125,,,,8
maurano,bedtools,maurano,,1.0,4,5,fIntestine_Sm-DS16712.hg19.hotspot.twopass.fdr0.05.merge.bed,fSkin_fibro_bicep_R-DS19745.hg19.hotspot.twopass.fdr0.05.merge.bed,0.190258,7.094823598861694,54.26551299999998,19.05078125,,,,8
maurano,bedtools,maurano,,1.0,4,5,fIntestine_Sm-DS16712.hg19.hotspot.twopass.fdr0.05.merge.bed,fStomach-DS17659.hg19.hotspot.twopass.fdr0.05.merge.bed,0.344375,7.094823598861694,54.26551299999998,19.05078125,,,,8
maurano,bedtools,maurano,,1.0,4,5,fIntestine_Sm-DS16822.hotspot.twopass.fdr0.05.merge.bed,fIntestine_Sm-DS17808.hg19.hotspot.twopass.fdr0.05.merge.bed,0.59865,7.094823598861694,54.26551299999998,19.05078125,,,,8
maurano,bedtools,maurano,,1.0,4,5,fIntestine_Sm-DS16822.hotspot.twopass.fdr0.05.merge.bed,fIntestine_Sm-DS18495.hg19.hotspot.twopass.fdr0.05.merge.bed,0.569733,7.094823598861694,54.26551299999998,19.05078125,,,,8
maurano,bedtools,maurano,,1.0,4,5,fIntestine_Sm-DS16822.hotspot.twopass.fdr0.05.merge.bed,fKidney_renal_cortex_L-DS17550.hg19.hotspot.twopass.fdr0.05.merge.bed,0.289532,7.094823598861694,54.26551299999998,19.05078125,,,,8
maurano,bedtools,maurano,,1.0,4,5,fIntestine_Sm-DS16822.hotspot.twopass.fdr0.05.merge.bed,fLung_L-DS17154.hg19.hotspot.twopass.fdr0.05.merge.bed,0.28457,7.094823598861694,54.26551299999998,19.05078125,,,,8
maurano,bedtools,maurano,,1.0,4,5,fIntestine_Sm-DS16822.hotspot.twopass.fdr0.05.merge.bed,fLung_R-DS15632.hotspot.twopass.fdr0.05.merge.bed,0.289781,7.094823598861694,54.26551299999998,19.05078125,,,,8
maurano,bedtools,maurano,,1.0,4,5,fIntestine_Sm-DS16822.hotspot.twopass.fdr0.05.merge.bed,fLung_L-DS18421.hg19.hotspot.twopass.fdr0.05.merge.bed,0.300228,7.094823598861694,54.26551299999998,19.05078125,,,,8
maurano,bedtools,maurano,,1.0,4,5,fIntestine_Sm-DS16822.hotspot.twopass.fdr0.05.merge.bed,fMuscle_arm-DS19053.hg19.hotspot.twopass.fdr0.05.merge.bed,0.256284,7.094823598861694,54.26551299999998,19.05078125,,,,8
maurano,bedtools,maurano,,1.0,4,5,fIntestine_Sm-DS16822.hotspot.twopass.fdr0.05.merge.bed,fMuscle_back-DS18454.hg19.hotspot.twopass.fdr0.05.merge.bed,0.258686,7.094823598861694,54.26551299999998,19.05078125,,,,8
maurano,bedtools,maurano,,1.0,4,5,fIntestine_Sm-DS16822.hotspot.twopass.fdr0.05.merge.bed,fMuscle_leg-DS19115.hg19.hotspot.twopass.fdr0.05.merge.bed,0.255764,7.094823598861694,54.26551299999998,19.05078125,,,,8
maurano,bedtools,maurano,,1.0,4,5,fIntestine_Sm-DS16822.hotspot.twopass.fdr0.05.merge.bed,fMuscle_leg-DS19158.hg19.hotspot.twopass.fdr0.05.merge.bed,0.238165,7.094823598861694,54.26551299999998,19.05078125,,,,8
maurano,bedtools,maurano,,1.0,4,5,fIntestine_Sm-DS16822.hotspot.twopass.fdr0.05.merge.bed,fSkin_fibro_bicep_R-DS19745.hg19.hotspot.twopass.fdr0.05.merge.bed,0.18352,7.094823598861694,54.26551299999998,19.05078125,,,,8
maurano,bedtools,maurano,,1.0,4,5,fIntestine_Sm-DS16822.hotspot.twopass.fdr0.05.merge.bed,fStomach-DS17659.hg19.hotspot.twopass.fdr0.05.merge.bed,0.355715,7.094823598861694,54.26551299999998,19.05078125,,,,8
maurano,bedtools,maurano,,1.0,4,5,fIntestine_Sm-DS17808.hg19.hotspot.twopass.fdr0.05.merge.bed,fIntestine_Sm-DS18495.hg19.hotspot.twopass.fdr0.05.merge.bed,0.538442,7.094823598861694,54.26551299999998,19.05078125,,,,8
maurano,bedtools,maurano,,1.0,4,5,fIntestine_Sm-DS17808.hg19.hotspot.twopass.fdr0.05.merge.bed,fKidney_renal_cortex_L-DS17550.hg19.hotspot.twopass.fdr0.05.merge.bed,0.311739,7.094823598861694,54.26551299999998,19.05078125,,,,8
maurano,bedtools,maurano,,1.0,4,5,fIntestine_Sm-DS17808.hg19.hotspot.twopass.fdr0.05.merge.bed,fLung_L-DS17154.hg19.hotspot.twopass.fdr0.05.merge.bed,0.304329,7.094823598861694,54.26551299999998,19.05078125,,,,8
maurano,bedtools,maurano,,1.0,4,5,fIntestine_Sm-DS17808.hg19.hotspot.twopass.fdr0.05.merge.bed,fLung_R-DS15632.hotspot.twopass.fdr0.05.merge.bed,0.306872,7.094823598861694,54.26551299999998,19.05078125,,,,8
maurano,bedtools,maurano,,1.0,4,5,fIntestine_Sm-DS17808.hg19.hotspot.twopass.fdr0.05.merge.bed,fMuscle_arm-DS19053.hg19.hotspot.twopass.fdr0.05.merge.bed,0.274056,7.094823598861694,54.26551299999998,19.05078125,,,,8
maurano,bedtools,maurano,,1.0,4,5,fIntestine_Sm-DS17808.hg19.hotspot.twopass.fdr0.05.merge.bed,fLung_L-DS18421.hg19.hotspot.twopass.fdr0.05.merge.bed,0.315083,7.094823598861694,54.26551299999998,19.05078125,,,,8
maurano,bedtools,maurano,,1.0,4,5,fIntestine_Sm-DS17808.hg19.hotspot.twopass.fdr0.05.merge.bed,fMuscle_leg-DS19115.hg19.hotspot.twopass.fdr0.05.merge.bed,0.272167,7.094823598861694,54.26551299999998,19.05078125,,,,8
maurano,bedtools,maurano,,1.0,4,5,fIntestine_Sm-DS17808.hg19.hotspot.twopass.fdr0.05.merge.bed,fMuscle_back-DS18454.hg19.hotspot.twopass.fdr0.05.merge.bed,0.27464,7.094823598861694,54.26551299999998,19.05078125,,,,8
maurano,bedtools,maurano,,1.0,4,5,fIntestine_Sm-DS17808.hg19.hotspot.twopass.fdr0.05.merge.bed,fMuscle_leg-DS19158.hg19.hotspot.twopass.fdr0.05.merge.bed,0.24807,7.094823598861694,54.26551299999998,19.05078125,,,,8
maurano,bedtools,maurano,,1.0,4,5,fIntestine_Sm-DS17808.hg19.hotspot.twopass.fdr0.05.merge.bed,fSkin_fibro_bicep_R-DS19745.hg19.hotspot.twopass.fdr0.05.merge.bed,0.184359,7.094823598861694,54.26551299999998,19.05078125,,,,8
maurano,bedtools,maurano,,1.0,4,5,fIntestine_Sm-DS17808.hg19.hotspot.twopass.fdr0.05.merge.bed,fStomach-DS17659.hg19.hotspot.twopass.fdr0.05.merge.bed,0.361087,7.094823598861694,54.26551299999998,19.05078125,,,,8
maurano,bedtools,maurano,,1.0,4,5,fIntestine_Sm-DS18495.hg19.hotspot.twopass.fdr0.05.merge.bed,fKidney_renal_cortex_L-DS17550.hg19.hotspot.twopass.fdr0.05.merge.bed,0.270452,7.094823598861694,54.26551299999998,19.05078125,,,,8
maurano,bedtools,maurano,,1.0,4,5,fIntestine_Sm-DS18495.hg19.hotspot.twopass.fdr0.05.merge.bed,fLung_L-DS17154.hg19.hotspot.twopass.fdr0.05.merge.bed,0.261521,7.094823598861694,54.26551299999998,19.05078125,,,,8
maurano,bedtools,maurano,,1.0,4,5,fIntestine_Sm-DS18495.hg19.hotspot.twopass.fdr0.05.merge.bed,fLung_R-DS15632.hotspot.twopass.fdr0.05.merge.bed,0.274002,7.094823598861694,54.26551299999998,19.05078125,,,,8
maurano,bedtools,maurano,,1.0,4,5,fIntestine_Sm-DS18495.hg19.hotspot.twopass.fdr0.05.merge.bed,fLung_L-DS18421.hg19.hotspot.twopass.fdr0.05.merge.bed,0.278614,7.094823598861694,54.26551299999998,19.05078125,,,,8
maurano,bedtools,maurano,,1.0,4,5,fIntestine_Sm-DS18495.hg19.hotspot.twopass.fdr0.05.merge.bed,fMuscle_arm-DS19053.hg19.hotspot.twopass.fdr0.05.merge.bed,0.24693,7.094823598861694,54.26551299999998,19.05078125,,,,8
maurano,bedtools,maurano,,1.0,4,5,fIntestine_Sm-DS18495.hg19.hotspot.twopass.fdr0.05.merge.bed,fMuscle_back-DS18454.hg19.hotspot.twopass.fdr0.05.merge.bed,0.247674,7.094823598861694,54.26551299999998,19.05078125,,,,8
maurano,bedtools,maurano,,1.0,4,5,fIntestine_Sm-DS18495.hg19.hotspot.twopass.fdr0.05.merge.bed,fMuscle_leg-DS19115.hg19.hotspot.twopass.fdr0.05.merge.bed,0.246235,7.094823598861694,54.26551299999998,19.05078125,,,,8
maurano,bedtools,maurano,,1.0,4,5,fIntestine_Sm-DS18495.hg19.hotspot.twopass.fdr0.05.merge.bed,fMuscle_leg-DS19158.hg19.hotspot.twopass.fdr0.05.merge.bed,0.229886,7.094823598861694,54.26551299999998,19.05078125,,,,8
maurano,bedtools,maurano,,1.0,4,5,fIntestine_Sm-DS18495.hg19.hotspot.twopass.fdr0.05.merge.bed,fSkin_fibro_bicep_R-DS19745.hg19.hotspot.twopass.fdr0.05.merge.bed,0.182733,7.094823598861694,54.26551299999998,19.05078125,,,,8
maurano,bedtools,maurano,,1.0,4,5,fIntestine_Sm-DS18495.hg19.hotspot.twopass.fdr0.05.merge.bed,fStomach-DS17659.hg19.hotspot.twopass.fdr0.05.merge.bed,0.336473,7.094823598861694,54.26551299999998,19.05078125,,,,8
maurano,bedtools,maurano,,1.0,4,5,fKidney_renal_cortex_L-DS17550.hg19.hotspot.twopass.fdr0.05.merge.bed,fMuscle_arm-DS19053.hg19.hotspot.twopass.fdr0.05.merge.bed,0.336901,7.094823598861694,54.26551299999998,19.05078125,,,,8
maurano,bedtools,maurano,,1.0,4,5,fKidney_renal_cortex_L-DS17550.hg19.hotspot.twopass.fdr0.05.merge.bed,fLung_L-DS18421.hg19.hotspot.twopass.fdr0.05.merge.bed,0.383039,7.094823598861694,54.26551299999998,19.05078125,,,,8
maurano,bedtools,maurano,,1.0,4,5,fKidney_renal_cortex_L-DS17550.hg19.hotspot.twopass.fdr0.05.merge.bed,fLung_R-DS15632.hotspot.twopass.fdr0.05.merge.bed,0.365728,7.094823598861694,54.26551299999998,19.05078125,,,,8
maurano,bedtools,maurano,,1.0,4,5,fKidney_renal_cortex_L-DS17550.hg19.hotspot.twopass.fdr0.05.merge.bed,fLung_L-DS17154.hg19.hotspot.twopass.fdr0.05.merge.bed,0.38651,7.094823598861694,54.26551299999998,19.05078125,,,,8
maurano,bedtools,maurano,,1.0,4,5,fKidney_renal_cortex_L-DS17550.hg19.hotspot.twopass.fdr0.05.merge.bed,fMuscle_back-DS18454.hg19.hotspot.twopass.fdr0.05.merge.bed,0.33017,7.094823598861694,54.26551299999998,19.05078125,,,,8
maurano,bedtools,maurano,,1.0,4,5,fKidney_renal_cortex_L-DS17550.hg19.hotspot.twopass.fdr0.05.merge.bed,fMuscle_leg-DS19115.hg19.hotspot.twopass.fdr0.05.merge.bed,0.33113,7.094823598861694,54.26551299999998,19.05078125,,,,8
maurano,bedtools,maurano,,1.0,4,5,fKidney_renal_cortex_L-DS17550.hg19.hotspot.twopass.fdr0.05.merge.bed,fMuscle_leg-DS19158.hg19.hotspot.twopass.fdr0.05.merge.bed,0.321369,7.094823598861694,54.26551299999998,19.05078125,,,,8
maurano,bedtools,maurano,,1.0,4,5,fKidney_renal_cortex_L-DS17550.hg19.hotspot.twopass.fdr0.05.merge.bed,fSkin_fibro_bicep_R-DS19745.hg19.hotspot.twopass.fdr0.05.merge.bed,0.181055,7.094823598861694,54.26551299999998,19.05078125,,,,8
maurano,bedtools,maurano,,1.0,4,5,fKidney_renal_cortex_L-DS17550.hg19.hotspot.twopass.fdr0.05.merge.bed,fStomach-DS17659.hg19.hotspot.twopass.fdr0.05.merge.bed,0.314544,7.094823598861694,54.26551299999998,19.05078125,,,,8
maurano,bedtools,maurano,,1.0,4,5,fLung_L-DS17154.hg19.hotspot.twopass.fdr0.05.merge.bed,fLung_R-DS15632.hotspot.twopass.fdr0.05.merge.bed,0.594137,7.094823598861694,54.26551299999998,19.05078125,,,,8
maurano,bedtools,maurano,,1.0,4,5,fLung_L-DS17154.hg19.hotspot.twopass.fdr0.05.merge.bed,fLung_L-DS18421.hg19.hotspot.twopass.fdr0.05.merge.bed,0.626942,7.094823598861694,54.26551299999998,19.05078125,,,,8
maurano,bedtools,maurano,,1.0,4,5,fLung_L-DS17154.hg19.hotspot.twopass.fdr0.05.merge.bed,fMuscle_arm-DS19053.hg19.hotspot.twopass.fdr0.05.merge.bed,0.377284,7.094823598861694,54.26551299999998,19.05078125,,,,8
maurano,bedtools,maurano,,1.0,4,5,fLung_L-DS17154.hg19.hotspot.twopass.fdr0.05.merge.bed,fMuscle_leg-DS19115.hg19.hotspot.twopass.fdr0.05.merge.bed,0.368251,7.094823598861694,54.26551299999998,19.05078125,,,,8
maurano,bedtools,maurano,,1.0,4,5,fLung_L-DS17154.hg19.hotspot.twopass.fdr0.05.merge.bed,fMuscle_back-DS18454.hg19.hotspot.twopass.fdr0.05.merge.bed,0.363956,7.094823598861694,54.26551299999998,19.05078125,,,,8
maurano,bedtools,maurano,,1.0,4,5,fLung_L-DS17154.hg19.hotspot.twopass.fdr0.05.merge.bed,fMuscle_leg-DS19158.hg19.hotspot.twopass.fdr0.05.merge.bed,0.372015,7.094823598861694,54.26551299999998,19.05078125,,,,8
maurano,bedtools,maurano,,1.0,4,5,fLung_L-DS17154.hg19.hotspot.twopass.fdr0.05.merge.bed,fSkin_fibro_bicep_R-DS19745.hg19.hotspot.twopass.fdr0.05.merge.bed,0.18337,7.094823598861694,54.26551299999998,19.05078125,,,,8
maurano,bedtools,maurano,,1.0,4,5,fLung_L-DS17154.hg19.hotspot.twopass.fdr0.05.merge.bed,fStomach-DS17659.hg19.hotspot.twopass.fdr0.05.merge.bed,0.331727,7.094823598861694,54.26551299999998,19.05078125,,,,8
maurano,bedtools,maurano,,1.0,4,5,fLung_L-DS18421.hg19.hotspot.twopass.fdr0.05.merge.bed,fLung_R-DS15632.hotspot.twopass.fdr0.05.merge.bed,0.590381,7.094823598861694,54.26551299999998,19.05078125,,,,8
maurano,bedtools,maurano,,1.0,4,5,fLung_L-DS18421.hg19.hotspot.twopass.fdr0.05.merge.bed,fMuscle_arm-DS19053.hg19.hotspot.twopass.fdr0.05.merge.bed,0.366132,7.094823598861694,54.26551299999998,19.05078125,,,,8
maurano,bedtools,maurano,,1.0,4,5,fLung_L-DS18421.hg19.hotspot.twopass.fdr0.05.merge.bed,fMuscle_back-DS18454.hg19.hotspot.twopass.fdr0.05.merge.bed,0.358442,7.094823598861694,54.26551299999998,19.05078125,,,,8
maurano,bedtools,maurano,,1.0,4,5,fLung_L-DS18421.hg19.hotspot.twopass.fdr0.05.merge.bed,fMuscle_leg-DS19115.hg19.hotspot.twopass.fdr0.05.merge.bed,0.3614,7.094823598861694,54.26551299999998,19.05078125,,,,8
maurano,bedtools,maurano,,1.0,4,5,fLung_L-DS18421.hg19.hotspot.twopass.fdr0.05.merge.bed,fMuscle_leg-DS19158.hg19.hotspot.twopass.fdr0.05.merge.bed,0.355591,7.094823598861694,54.26551299999998,19.05078125,,,,8
maurano,bedtools,maurano,,1.0,4,5,fLung_L-DS18421.hg19.hotspot.twopass.fdr0.05.merge.bed,fSkin_fibro_bicep_R-DS19745.hg19.hotspot.twopass.fdr0.05.merge.bed,0.191675,7.094823598861694,54.26551299999998,19.05078125,,,,8
maurano,bedtools,maurano,,1.0,4,5,fLung_L-DS18421.hg19.hotspot.twopass.fdr0.05.merge.bed,fStomach-DS17659.hg19.hotspot.twopass.fdr0.05.merge.bed,0.356052,7.094823598861694,54.26551299999998,19.05078125,,,,8
maurano,bedtools,maurano,,1.0,4,5,fLung_R-DS15632.hotspot.twopass.fdr0.05.merge.bed,fMuscle_arm-DS19053.hg19.hotspot.twopass.fdr0.05.merge.bed,0.378953,7.094823598861694,54.26551299999998,19.05078125,,,,8
maurano,bedtools,maurano,,1.0,4,5,fLung_R-DS15632.hotspot.twopass.fdr0.05.merge.bed,fMuscle_back-DS18454.hg19.hotspot.twopass.fdr0.05.merge.bed,0.3663,7.094823598861694,54.26551299999998,19.05078125,,,,8
maurano,bedtools,maurano,,1.0,4,5,fLung_R-DS15632.hotspot.twopass.fdr0.05.merge.bed,fMuscle_leg-DS19115.hg19.hotspot.twopass.fdr0.05.merge.bed,0.374624,7.094823598861694,54.26551299999998,19.05078125,,,,8
maurano,bedtools,maurano,,1.0,4,5,fLung_R-DS15632.hotspot.twopass.fdr0.05.merge.bed,fMuscle_leg-DS19158.hg19.hotspot.twopass.fdr0.05.merge.bed,0.360816,7.094823598861694,54.26551299999998,19.05078125,,,,8
maurano,bedtools,maurano,,1.0,4,5,fLung_R-DS15632.hotspot.twopass.fdr0.05.merge.bed,fSkin_fibro_bicep_R-DS19745.hg19.hotspot.twopass.fdr0.05.merge.bed,0.199165,7.094823598861694,54.26551299999998,19.05078125,,,,8
maurano,bedtools,maurano,,1.0,4,5,fLung_R-DS15632.hotspot.twopass.fdr0.05.merge.bed,fStomach-DS17659.hg19.hotspot.twopass.fdr0.05.merge.bed,0.357541,7.094823598861694,54.26551299999998,19.05078125,,,,8
maurano,bedtools,maurano,,1.0,4,5,fMuscle_arm-DS19053.hg19.hotspot.twopass.fdr0.05.merge.bed,fMuscle_leg-DS19115.hg19.hotspot.twopass.fdr0.05.merge.bed,0.599604,7.094823598861694,54.26551299999998,19.05078125,,,,8
maurano,bedtools,maurano,,1.0,4,5,fMuscle_arm-DS19053.hg19.hotspot.twopass.fdr0.05.merge.bed,fMuscle_back-DS18454.hg19.hotspot.twopass.fdr0.05.merge.bed,0.58994,7.094823598861694,54.26551299999998,19.05078125,,,,8
maurano,bedtools,maurano,,1.0,4,5,fMuscle_arm-DS19053.hg19.hotspot.twopass.fdr0.05.merge.bed,fSkin_fibro_bicep_R-DS19745.hg19.hotspot.twopass.fdr0.05.merge.bed,0.215222,7.094823598861694,54.26551299999998,19.05078125,,,,8
maurano,bedtools,maurano,,1.0,4,5,fMuscle_arm-DS19053.hg19.hotspot.twopass.fdr0.05.merge.bed,fMuscle_leg-DS19158.hg19.hotspot.twopass.fdr0.05.merge.bed,0.573223,7.094823598861694,54.26551299999998,19.05078125,,,,8
maurano,bedtools,maurano,,1.0,4,5,fMuscle_arm-DS19053.hg19.hotspot.twopass.fdr0.05.merge.bed,fStomach-DS17659.hg19.hotspot.twopass.fdr0.05.merge.bed,0.322868,7.094823598861694,54.26551299999998,19.05078125,,,,8
maurano,bedtools,maurano,,1.0,4,5,fMuscle_back-DS18454.hg19.hotspot.twopass.fdr0.05.merge.bed,fMuscle_leg-DS19115.hg19.hotspot.twopass.fdr0.05.merge.bed,0.605352,7.094823598861694,54.26551299999998,19.05078125,,,,8
maurano,bedtools,maurano,,1.0,4,5,fMuscle_back-DS18454.hg19.hotspot.twopass.fdr0.05.merge.bed,fMuscle_leg-DS19158.hg19.hotspot.twopass.fdr0.05.merge.bed,0.555513,7.094823598861694,54.26551299999998,19.05078125,,,,8
maurano,bedtools,maurano,,1.0,4,5,fMuscle_back-DS18454.hg19.hotspot.twopass.fdr0.05.merge.bed,fSkin_fibro_bicep_R-DS19745.hg19.hotspot.twopass.fdr0.05.merge.bed,0.223531,7.094823598861694,54.26551299999998,19.05078125,,,,8
maurano,bedtools,maurano,,1.0,4,5,fMuscle_back-DS18454.hg19.hotspot.twopass.fdr0.05.merge.bed,fStomach-DS17659.hg19.hotspot.twopass.fdr0.05.merge.bed,0.327171,7.094823598861694,54.26551299999998,19.05078125,,,,8
maurano,bedtools,maurano,,1.0,4,5,fMuscle_leg-DS19115.hg19.hotspot.twopass.fdr0.05.merge.bed,fMuscle_leg-DS19158.hg19.hotspot.twopass.fdr0.05.merge.bed,0.582839,7.094823598861694,54.26551299999998,19.05078125,,,,8
maurano,bedtools,maurano,,1.0,4,5,fMuscle_leg-DS19115.hg19.hotspot.twopass.fdr0.05.merge.bed,fSkin_fibro_bicep_R-DS19745.hg19.hotspot.twopass.fdr0.05.merge.bed,0.218922,7.094823598861694,54.26551299999998,19.05078125,,,,8
maurano,bedtools,maurano,,1.0,4,5,fMuscle_leg-DS19115.hg19.hotspot.twopass.fdr0.05.merge.bed,fStomach-DS17659.hg19.hotspot.twopass.fdr0.05.merge.bed,0.329439,7.094823598861694,54.26551299999998,19.05078125,,,,8
maurano,bedtools,maurano,,1.0,4,5,fMuscle_leg-DS19158.hg19.hotspot.twopass.fdr0.05.merge.bed,fSkin_fibro_bicep_R-DS19745.hg19.hotspot.twopass.fdr0.05.merge.bed,0.195676,7.094823598861694,54.26551299999998,19.05078125,,,,8
maurano,bedtools,maurano,,1.0,4,5,fMuscle_leg-DS19158.hg19.hotspot.twopass.fdr0.05.merge.bed,fStomach-DS17659.hg19.hotspot.twopass.fdr0.05.merge.bed,0.291063,7.094823598861694,54.26551299999998,19.05078125,,,,8
maurano,bedtools,maurano,,1.0,4,5,fSkin_fibro_bicep_R-DS19745.hg19.hotspot.twopass.fdr0.05.merge.bed,fStomach-DS17659.hg19.hotspot.twopass.fdr0.05.merge.bed,0.229768,7.094823598861694,54.26551299999998,19.05078125,,,,8
