precision,k,w,column,reference,n,pearson,spearman,mae,rmse,frob,max_err,ari,nmi,path
10,8,8,jaccard_similarity,bedtools,400,0.6175654001767509,0.42323141323784336,0.6232434630733749,0.647432807151988,12.94865614303976,0.8195532130987292,0.4328358208955224,0.7865335131227622,/home/jbonnie1/interval_sketch/hammock_claude/experiments/maurano_dhs_validation/results/raw_d/hammock_mnmzr_p10_jaccD_k8_w8.csv
10,8,8,jaccard_similarity,mode_B,400,0.6096749767012377,0.41688385729967575,0.49228902174463957,0.5126885698613558,10.253771397227116,0.672351794275487,0.4328358208955224,0.7865335131227622,/home/jbonnie1/interval_sketch/hammock_claude/experiments/maurano_dhs_validation/results/raw_d/hammock_mnmzr_p10_jaccD_k8_w8.csv
10,8,10,jaccard_similarity,bedtools,400,0.607763967045733,0.3922597573835951,0.6068018496737537,0.6307466082562044,12.614932165124088,0.8078230078201368,0.12111017661900757,0.6793810987342046,/home/jbonnie1/interval_sketch/hammock_claude/experiments/maurano_dhs_validation/results/raw_d/hammock_mnmzr_p10_jaccD_k8_w10.csv
10,8,10,jaccard_similarity,mode_B,400,0.5952689421082872,0.3778074701196748,0.4758474083450183,0.49608949544049025,9.921789908809805,0.6606215889968946,0.12111017661900757,0.6793810987342046,/home/jbonnie1/interval_sketch/hammock_claude/experiments/maurano_dhs_validation/results/raw_d/hammock_mnmzr_p10_jaccD_k8_w10.csv
10,8,20,jaccard_similarity,bedtools,400,0.6077117361569644,0.3165030171490782,0.5179739967366203,0.5413941214095472,10.827882428190945,0.7069346875,0.08915054667788058,0.6429193339871365,/home/jbonnie1/interval_sketch/hammock_claude/experiments/maurano_dhs_validation/results/raw_d/hammock_mnmzr_p10_jaccD_k8_w20.csv
10,8,20,jaccard_similarity,mode_B,400,0.5930024616782391,0.30277016304514437,0.3870195554078849,0.40750799014875444,8.15015980297509,0.56916046142578125,0.08915054667788058,0.6429193339871365,/home/jbonnie1/interval_sketch/hammock_claude/experiments/maurano_dhs_validation/results/raw_d/hammock_mnmzr_p10_jaccD_k8_w20.csv
10,8,30,jaccard_similarity,bedtools,400,0.578160778399466,0.25197087253217315,0.4339005911974453,0.459779363181993,9.19558726363986,0.659083125,0.05719091673675358,0.6064575692400684,/home/jbonnie1/interval_sketch/hammock_claude/experiments/maurano_dhs_validation/results/raw_d/hammock_mnmzr_p10_jaccD_k8_w30.csv
10,8,30,jaccard_similarity,mode_B,400,0.5591452727561443,0.23514020871849967,0.30334840015862696,0.3280408788431845,6.56081757686369,0.5215678215026855,0.05719091673675358,0.6064575692400684,/home/jbonnie1/interval_sketch/hammock_claude/experiments/maurano_dhs_validation/results/raw_d/hammock_mnmzr_p10_jaccD_k8_w30.csv
10,8,50,jaccard_similarity,bedtools,400,0.6302430296085991,0.19892019214986192,0.27798517103991394,0.3100905727598358,6.201811455196716,0.5414833913894325,0.05719091673675358,0.6064575692400684,/home/jbonnie1/interval_sketch/hammock_claude/experiments/maurano_dhs_validation/results/raw_d/hammock_mnmzr_p10_jaccD_k8_w50.csv
10,8,50,jaccard_similarity,mode_B,400,0.6081887254568672,0.18335730618274051,0.1580133473308075,0.1902883111148876,3.805766222297752,0.409034028430838,0.05719091673675358,0.6064575692400684,/home/jbonnie1/interval_sketch/hammock_claude/experiments/maurano_dhs_validation/results/raw_d/hammock_mnmzr_p10_jaccD_k8_w50.csv
10,8,100,jaccard_similarity,bedtools,400,0.7897631529375643,0.179003823376431,0.08683183875,0.11447030513155937,2.289406102631187,0.3207919375,0.08915054667788058,0.6429193339871365,/home/jbonnie1/interval_sketch/hammock_claude/experiments/maurano_dhs_validation/results/raw_d/hammock_mnmzr_p10_jaccD_k8_w100.csv
10,8,100,jaccard_similarity,mode_B,400,0.7671089400254041,0.17495901390359625,0.12316287994384766,0.15781127792706265,3.156225558541253,0.43442630767822266,0.08915054667788058,0.6429193339871365,/home/jbonnie1/interval_sketch/hammock_claude/experiments/maurano_dhs_validation/results/raw_d/hammock_mnmzr_p10_jaccD_k8_w100.csv
10,8,200,jaccard_similarity,bedtools,400,0.8253594098774698,0.2192164196367612,0.11523678250000001,0.15550829175252137,3.1101658350504273,0.433477,0.28614367297865945,0.7416800461627009,/home/jbonnie1/interval_sketch/hammock_claude/experiments/maurano_dhs_validation/results/raw_d/hammock_mnmzr_p10_jaccD_k8_w200.csv
10,8,200,jaccard_similarity,mode_B,400,0.8028253592291101,0.21937248774744145,0.24360772132873534,0.2659024873710186,5.318049747420372,0.5286407470703125,0.28614367297865945,0.7416800461627009,/home/jbonnie1/interval_sketch/hammock_claude/experiments/maurano_dhs_validation/results/raw_d/hammock_mnmzr_p10_jaccD_k8_w200.csv
10,8,300,jaccard_similarity,bedtools,400,0.8233331244555889,0.2509947521031246,0.12522964625,0.1648603489701267,3.297206979402534,0.4579966875,-0.01623017336776098,0.6542909791921396,/home/jbonnie1/interval_sketch/hammock_claude/experiments/maurano_dhs_validation/results/raw_d/hammock_mnmzr_p10_jaccD_k8_w300.csv
10,8,300,jaccard_similarity,mode_B,400,0.8006081786720926,0.23504972753576064,0.25517998695373534,0.27721943157931406,5.544388631586282,0.5475358963012695,-0.01623017336776098,0.6542909791921396,/home/jbonnie1/interval_sketch/hammock_claude/experiments/maurano_dhs_validation/results/raw_d/hammock_mnmzr_p10_jaccD_k8_w300.csv
10,8,500,jaccard_similarity,bedtools,400,0.819228617342003,0.124137824937313,0.1275493221875,0.16756933003149124,3.3513866006298247,0.4755748125,-0.09424083769633508,0.6086116751671073,/home/jbonnie1/interval_sketch/hammock_claude/experiments/maurano_dhs_validation/results/raw_d/hammock_mnmzr_p10_jaccD_k8_w500.csv
10,8,500,jaccard_similarity,mode_B,400,0.7963331913250659,0.11585891840943255,0.25755791664123534,0.2799412032489313,5.598824064978625,0.5651140213012695,-0.09424083769633508,0.6086116751671073,/home/jbonnie1/interval_sketch/hammock_claude/experiments/maurano_dhs_validation/results/raw_d/hammock_mnmzr_p10_jaccD_k8_w500.csv
10,10,10,jaccard_similarity,bedtools,400,0.8753743542348119,0.7482574232980858,0.6206523840625,0.6442707294521075,12.88541458904215,0.8029955625,0.6931524547803617,0.9050320102772744,/home/jbonnie1/interval_sketch/hammock_claude/experiments/maurano_dhs_validation/results/raw_d/hammock_mnmzr_p10_jaccD_k10_w10.csv
10,10,10,jaccard_similarity,mode_B,400,0.8887127430564927,0.7765311089222766,0.48969794273376466,0.5094092288936576,10.188184577873152,0.6557941436767578,0.6931524547803617,0.9050320102772744,/home/jbonnie1/interval_sketch/hammock_claude/experiments/maurano_dhs_validation/results/raw_d/hammock_mnmzr_p10_jaccD_k10_w10.csv
10,10,20,jaccard_similarity,bedtools,400,0.8855906982966855,0.782723099363091,0.577376016875,0.5993922216181822,11.987844432363644,0.7580736875,0.6931524547803617,0.9050320102772744,/home/jbonnie1/interval_sketch/hammock_claude/experiments/maurano_dhs_validation/results/raw_d/hammock_mnmzr_p10_jaccD_k10_w20.csv
10,10,20,jaccard_similarity,mode_B,400,0.8940479715332591,0.7977389650537795,0.44642157554626466,0.46453753264271147,9.290750652854229,0.6108722686767578,0.6931524547803617,0.9050320102772744,/home/jbonnie1/interval_sketch/hammock_claude/experiments/maurano_dhs_validation/results/raw_d/hammock_mnmzr_p10_jaccD_k10_w20.csv
10,10,30,jaccard_similarity,bedtools,400,0.8625346200708761,0.6778714286603553,0.563157266875,0.5850406716704586,11.70081343340917,0.7541674375,0.6997989083596667,0.8967760679767528,/home/jbonnie1/interval_sketch/hammock_claude/experiments/maurano_dhs_validation/results/raw_d/hammock_mnmzr_p10_jaccD_k10_w30.csv
10,10,30,jaccard_similarity,mode_B,400,0.8643099508546817,0.6868367315585931,0.43220282554626466,0.45027652392390494,9.0055304784781,0.6069660186767578,0.6997989083596667,0.8967760679767528,/home/jbonnie1/interval_sketch/hammock_claude/experiments/maurano_dhs_validation/results/raw_d/hammock_mnmzr_p10_jaccD_k10_w30.csv
10,10,50,jaccard_similarity,bedtools,400,0.7930623205841261,0.551654347712357,0.5183281653125,0.5398786051703606,10.79757210340721,0.7004565,0.5594337319990237,0.8656485538096035,/home/jbonnie1/interval_sketch/hammock_claude/experiments/maurano_dhs_validation/results/raw_d/hammock_mnmzr_p10_jaccD_k10_w50.csv
10,10,50,jaccard_similarity,mode_B,400,0.7864565379060344,0.5511689834679265,0.38737372398376463,0.4054511749499963,8.109023498999925,0.5532550811767578,0.5594337319990237,0.8656485538096035,/home/jbonnie1/interval_sketch/hammock_claude/experiments/maurano_dhs_validation/results/raw_d/hammock_mnmzr_p10_jaccD_k10_w50.csv
10,10,100,jaccard_similarity,bedtools,400,0.6959105788720634,0.3277579055383061,0.34752250125,0.3731168374145811,7.462336748291623,0.553972125,0.15306980656013458,0.6931433639913978,/home/jbonnie1/interval_sketch/hammock_claude/experiments/maurano_dhs_validation/results/raw_d/hammock_mnmzr_p10_jaccD_k10_w100.csv
10,10,100,jaccard_similarity,mode_B,400,0.681077372232281,0.3261736063025123,0.21916085720062256,0.24349233229728606,4.869846645945721,0.4067707061767578,0.15306980656013458,0.6931433639913978,/home/jbonnie1/interval_sketch/hammock_claude/experiments/maurano_dhs_validation/results/raw_d/hammock_mnmzr_p10_jaccD_k10_w100.csv
10,10,200,jaccard_similarity,bedtools,400,0.8325037636346885,0.3561104649244827,0.07891918,0.10351132144982625,2.070226428996525,0.291111875,0.09558263518659557,0.6905153000808845,/home/jbonnie1/interval_sketch/hammock_claude/experiments/maurano_dhs_validation/results/raw_d/hammock_mnmzr_p10_jaccD_k10_w200.csv
10,10,200,jaccard_similarity,mode_B,400,0.8132605238691976,0.36394147888329664,0.11536605358123779,0.14642638107956,2.9285276215911997,0.3888578414916992,0.09558263518659557,0.6905153000808845,/home/jbonnie1/interval_sketch/hammock_claude/experiments/maurano_dhs_validation/results/raw_d/hammock_mnmzr_p10_jaccD_k10_w200.csv
10,10,300,jaccard_similarity,bedtools,400,0.830550968973612,0.4007632037354108,0.08549048906250001,0.1290078011964648,2.580156023929296,0.392567,0.09939672507900028,0.6746770243682141,/home/jbonnie1/interval_sketch/hammock_claude/experiments/maurano_dhs_validation/results/raw_d/hammock_mnmzr_p10_jaccD_k10_w300.csv
10,10,300,jaccard_similarity,mode_B,400,0.8087926279085571,0.39485093621785,0.20742119789123534,0.2306388059809962,4.612776119619924,0.48210620880126953,0.09939672507900028,0.6746770243682141,/home/jbonnie1/interval_sketch/hammock_claude/experiments/maurano_dhs_validation/results/raw_d/hammock_mnmzr_p10_jaccD_k10_w300.csv
10,10,500,jaccard_similarity,bedtools,400,0.8220242483896136,0.19927564096249867,0.109975014375,0.1521276485258325,3.04255297051665,0.4482310625,-0.01623017336776098,0.6542909791921396,/home/jbonnie1/interval_sketch/hammock_claude/experiments/maurano_dhs_validation/results/raw_d/hammock_mnmzr_p10_jaccD_k10_w500.csv
10,10,500,jaccard_similarity,mode_B,400,0.7996004927769143,0.1964593343712507,0.23828545570373535,0.26100606606639465,5.220121321327894,0.5377702713012695,-0.01623017336776098,0.6542909791921396,/home/jbonnie1/interval_sketch/hammock_claude/experiments/maurano_dhs_validation/results/raw_d/hammock_mnmzr_p10_jaccD_k10_w500.csv
12,8,8,jaccard_similarity,bedtools,400,0.6359680657413541,0.45432720527537235,0.6221458701467312,0.6463074181909672,12.926148363819342,0.8177252391681108,0.15306980656013458,0.6931433639913978,/home/jbonnie1/interval_sketch/hammock_claude/experiments/maurano_dhs_validation/results/raw_d/hammock_mnmzr_p12_jaccD_k8_w8.csv
12,8,8,jaccard_similarity,mode_B,400,0.624758247649267,0.4350920146954488,0.49119142881799577,0.5115771714336929,10.231543428673858,0.6705238203448686,0.15306980656013458,0.6931433639913978,/home/jbonnie1/interval_sketch/hammock_claude/experiments/maurano_dhs_validation/results/raw_d/hammock_mnmzr_p12_jaccD_k8_w8.csv
12,8,10,jaccard_similarity,bedtools,400,0.6693623810271419,0.45993085461142286,0.6015503444675872,0.6252303464113502,12.504606928227005,0.7970084514767932,0.12111017661900757,0.6793810987342046,/home/jbonnie1/interval_sketch/hammock_claude/experiments/maurano_dhs_validation/results/raw_d/hammock_mnmzr_p12_jaccD_k8_w10.csv
12,8,10,jaccard_similarity,mode_B,400,0.658516118801867,0.443506386835121,0.47059590313885175,0.49056024181190394,9.81120483623808,0.649807032653551,0.12111017661900757,0.6793810987342046,/home/jbonnie1/interval_sketch/hammock_claude/experiments/maurano_dhs_validation/results/raw_d/hammock_mnmzr_p12_jaccD_k8_w10.csv
12,8,20,jaccard_similarity,bedtools,400,0.6110171470206737,0.29951741553461264,0.5147041404258323,0.5382573634702758,10.765147269405515,0.7147715252525253,0.08915054667788058,0.6429193339871365,/home/jbonnie1/interval_sketch/hammock_claude/experiments/maurano_dhs_validation/results/raw_d/hammock_mnmzr_p12_jaccD_k8_w20.csv
12,8,20,jaccard_similarity,mode_B,400,0.5943071210775331,0.2843208993541362,0.38374969909709705,0.4044201945549968,8.088403891099935,0.5722434321536294,0.08915054667788058,0.6429193339871365,/home/jbonnie1/interval_sketch/hammock_claude/experiments/maurano_dhs_validation/results/raw_d/hammock_mnmzr_p12_jaccD_k8_w20.csv
12,8,30,jaccard_similarity,bedtools,400,0.6092290028594735,0.2405570328586377,0.42520090518288817,0.45069294536092763,9.013858907218552,0.6434267654190827,0.05719091673675358,0.6064575692400684,/home/jbonnie1/interval_sketch/hammock_claude/experiments/maurano_dhs_validation/results/raw_d/hammock_mnmzr_p12_jaccD_k8_w30.csv
12,8,30,jaccard_similarity,mode_B,400,0.5885415848990665,0.22142018625270504,0.2946910930906894,0.31892749507803864,6.378549901560773,0.5038607115557189,0.05719091673675358,0.6064575692400684,/home/jbonnie1/interval_sketch/hammock_claude/experiments/maurano_dhs_validation/results/raw_d/hammock_mnmzr_p12_jaccD_k8_w30.csv
12,8,50,jaccard_similarity,bedtools,400,0.6576527666742114,0.20083569962372053,0.26427624939244954,0.29505799412887246,5.901159882577449,0.5200112399547255,0.05719091673675358,0.6064575692400684,/home/jbonnie1/interval_sketch/hammock_claude/experiments/maurano_dhs_validation/results/raw_d/hammock_mnmzr_p12_jaccD_k8_w50.csv
12,8,50,jaccard_similarity,mode_B,400,0.6347611386085948,0.18343985546845964,0.14702855345853133,0.17638613345843496,3.5277226691686994,0.3812007375133193,0.05719091673675358,0.6064575692400684,/home/jbonnie1/interval_sketch/hammock_claude/experiments/maurano_dhs_validation/results/raw_d/hammock_mnmzr_p12_jaccD_k8_w50.csv
12,8,100,jaccard_similarity,bedtools,400,0.7977839230986122,0.16171148650914288,0.08182215470796539,0.11163127480957859,2.2326254961915715,0.3288370311198236,0.05719091673675358,0.6064575692400684,/home/jbonnie1/interval_sketch/hammock_claude/experiments/maurano_dhs_validation/results/raw_d/hammock_mnmzr_p12_jaccD_k8_w100.csv
12,8,100,jaccard_similarity,mode_B,400,0.774348035675882,0.15295092351975934,0.13269098297732837,0.1666459201900173,3.3329184038003463,0.4359421730041504,0.05719091673675358,0.6064575692400684,/home/jbonnie1/interval_sketch/hammock_claude/experiments/maurano_dhs_validation/results/raw_d/hammock_mnmzr_p12_jaccD_k8_w100.csv
12,8,200,jaccard_similarity,bedtools,400,0.8262868374984804,0.3030669252554112,0.115627015546875,0.15621469083813988,3.1242938167627976,0.42772325,0.02451142762504141,0.6595663196695728,/home/jbonnie1/interval_sketch/hammock_claude/experiments/maurano_dhs_validation/results/raw_d/hammock_mnmzr_p12_jaccD_k8_w200.csv
12,8,200,jaccard_similarity,mode_B,400,0.8038794732231805,0.30248329926383516,0.24486138343811034,0.2669326824445383,5.338653648890766,0.5172624588012695,0.02451142762504141,0.6595663196695728,/home/jbonnie1/interval_sketch/hammock_claude/experiments/maurano_dhs_validation/results/raw_d/hammock_mnmzr_p12_jaccD_k8_w200.csv
12,8,300,jaccard_similarity,bedtools,400,0.822849335912758,0.225918259058979,0.126028543515625,0.16564373724642023,3.3128747449284046,0.449172921875,0.04591104734576758,0.6810127745830801,/home/jbonnie1/interval_sketch/hammock_claude/experiments/maurano_dhs_validation/results/raw_d/hammock_mnmzr_p12_jaccD_k8_w300.csv
12,8,300,jaccard_similarity,mode_B,400,0.8001331371103111,0.21738837061672428,0.25609917640686036,0.2781035921074382,5.562071842148764,0.5388913154602051,0.04591104734576758,0.6810127745830801,/home/jbonnie1/interval_sketch/hammock_claude/experiments/maurano_dhs_validation/results/raw_d/hammock_mnmzr_p12_jaccD_k8_w300.csv
12,8,500,jaccard_similarity,bedtools,400,0.8208046681179423,0.09303540048818487,0.128582261875,0.16816166161552423,3.3632332323104848,0.456287703125,0.011976047904191614,0.6501863950204412,/home/jbonnie1/interval_sketch/hammock_claude/experiments/maurano_dhs_validation/results/raw_d/hammock_mnmzr_p12_jaccD_k8_w500.csv
12,8,500,jaccard_similarity,mode_B,400,0.7979944833200515,0.09097900063706144,0.25875664710998536,0.280878145697308,5.617562913946161,0.5458269119262695,0.011976047904191614,0.6501863950204412,/home/jbonnie1/interval_sketch/hammock_claude/experiments/maurano_dhs_validation/results/raw_d/hammock_mnmzr_p12_jaccD_k8_w500.csv
12,10,10,jaccard_similarity,bedtools,400,0.9577189507219704,0.8922040096841161,0.613668741484375,0.6369515590487391,12.739031180974782,0.79762446875,0.7661538461538462,0.9114045165302578,/home/jbonnie1/interval_sketch/hammock_claude/experiments/maurano_dhs_validation/results/raw_d/hammock_mnmzr_p12_jaccD_k10_w10.csv
12,10,10,jaccard_similarity,mode_B,400,0.9667620684303413,0.9134535352787498,0.48271430015563965,0.50209724187513,10.041944837502601,0.6504230499267578,0.7661538461538462,0.9114045165302578,/home/jbonnie1/interval_sketch/hammock_claude/experiments/maurano_dhs_validation/results/raw_d/hammock_mnmzr_p12_jaccD_k10_w10.csv
12,10,20,jaccard_similarity,bedtools,400,0.9534693689721337,0.8826750400255698,0.5836894934375,0.6058338319581965,12.116676639163932,0.75953853125,0.7661538461538462,0.9114045165302578,/home/jbonnie1/interval_sketch/hammock_claude/experiments/maurano_dhs_validation/results/raw_d/hammock_mnmzr_p12_jaccD_k10_w20.csv
12,10,20,jaccard_similarity,mode_B,400,0.9600862789215517,0.8959458164611327,0.45273505210876464,0.4709770587883928,9.419541175767856,0.6123371124267578,0.7661538461538462,0.9114045165302578,/home/jbonnie1/interval_sketch/hammock_claude/experiments/maurano_dhs_validation/results/raw_d/hammock_mnmzr_p12_jaccD_k10_w20.csv
12,10,30,jaccard_similarity,bedtools,400,0.9206530078736876,0.781675922964874,0.56285209109375,0.5846270223963391,11.692540447926783,0.7424486875,0.9101796407185628,0.9609882289630555,/home/jbonnie1/interval_sketch/hammock_claude/experiments/maurano_dhs_validation/results/raw_d/hammock_mnmzr_p12_jaccD_k10_w30.csv
12,10,30,jaccard_similarity,mode_B,400,0.9221088000023071,0.7903211956167596,0.43189764976501466,0.44983812373972365,8.996762474794474,0.5952472686767578,0.9101796407185628,0.9609882289630555,/home/jbonnie1/interval_sketch/hammock_claude/experiments/maurano_dhs_validation/results/raw_d/hammock_mnmzr_p12_jaccD_k10_w30.csv
12,10,50,jaccard_similarity,bedtools,400,0.8273186343529645,0.597284243187494,0.52254935671875,0.5440160883742843,10.880321767485686,0.70582759375,0.5594337319990237,0.8656485538096035,/home/jbonnie1/interval_sketch/hammock_claude/experiments/maurano_dhs_validation/results/raw_d/hammock_mnmzr_p12_jaccD_k10_w50.csv
12,10,50,jaccard_similarity,mode_B,400,0.8199834918615854,0.5928149912350031,0.3915949153900147,0.40952533082169296,8.19050661643386,0.5586261749267578,0.5594337319990237,0.8656485538096035,/home/jbonnie1/interval_sketch/hammock_claude/experiments/maurano_dhs_validation/results/raw_d/hammock_mnmzr_p12_jaccD_k10_w50.csv
12,10,100,jaccard_similarity,bedtools,400,0.7091770135765498,0.3585734892539174,0.3538489888086653,0.3787326882719213,7.574653765438426,0.5627611875,0.513058335367342,0.8313127828910567,/home/jbonnie1/interval_sketch/hammock_claude/experiments/maurano_dhs_validation/results/raw_d/hammock_mnmzr_p12_jaccD_k10_w100.csv
12,10,100,jaccard_similarity,mode_B,400,0.6936110784580194,0.3546563830816667,0.2251490907843733,0.24854186335219258,4.970837267043851,0.4155597686767578,0.513058335367342,0.8313127828910567,/home/jbonnie1/interval_sketch/hammock_claude/experiments/maurano_dhs_validation/results/raw_d/hammock_mnmzr_p12_jaccD_k10_w100.csv
12,10,200,jaccard_similarity,bedtools,400,0.8334902998170421,0.36447567945188836,0.079855950390625,0.10399951380496855,2.079990276099371,0.271336484375,0.09558263518659557,0.6905153000808845,/home/jbonnie1/interval_sketch/hammock_claude/experiments/maurano_dhs_validation/results/raw_d/hammock_mnmzr_p12_jaccD_k10_w200.csv
12,10,200,jaccard_similarity,mode_B,400,0.8138042195365011,0.3737974174348653,0.11155190944671631,0.1431495285076808,2.8629905701536162,0.3690824508666992,0.09558263518659557,0.6905153000808845,/home/jbonnie1/interval_sketch/hammock_claude/experiments/maurano_dhs_validation/results/raw_d/hammock_mnmzr_p12_jaccD_k10_w200.csv
12,10,300,jaccard_similarity,bedtools,400,0.8290443123238186,0.3560130603370661,0.084611801640625,0.1278932036626745,2.55786407325349,0.381092390625,0.052620411627413544,0.6427657537386541,/home/jbonnie1/interval_sketch/hammock_claude/experiments/maurano_dhs_validation/results/raw_d/hammock_mnmzr_p12_jaccD_k10_w300.csv
12,10,300,jaccard_similarity,mode_B,400,0.8071486275591533,0.3571510286858014,0.20507134437561034,0.22854942516572838,4.570988503314568,0.47063159942626953,0.052620411627413544,0.6427657537386541,/home/jbonnie1/interval_sketch/hammock_claude/experiments/maurano_dhs_validation/results/raw_d/hammock_mnmzr_p12_jaccD_k10_w300.csv
12,10,500,jaccard_similarity,bedtools,400,0.8237671594532314,0.24815168164490134,0.109928033125,0.15174754980770724,3.0349509961541448,0.432850203125,0.08744617422987744,0.6962235404579054,/home/jbonnie1/interval_sketch/hammock_claude/experiments/maurano_dhs_validation/results/raw_d/hammock_mnmzr_p12_jaccD_k10_w500.csv
12,10,500,jaccard_similarity,mode_B,400,0.8014349343580864,0.25992691698430836,0.23833428382873534,0.26080826033380844,5.216165206676169,0.5223894119262695,0.08744617422987744,0.6962235404579054,/home/jbonnie1/interval_sketch/hammock_claude/experiments/maurano_dhs_validation/results/raw_d/hammock_mnmzr_p12_jaccD_k10_w500.csv
14,8,8,jaccard_similarity,bedtools,400,0.6752323771441271,0.4860820547056374,0.6154758755704866,0.639414220165305,12.7882844033061,0.811075611639153,0.15306980656013458,0.6931433639913978,/home/jbonnie1/interval_sketch/hammock_claude/experiments/maurano_dhs_validation/results/raw_d/hammock_mnmzr_p14_jaccD_k8_w8.csv
14,8,8,jaccard_similarity,mode_B,400,0.6656352032752358,0.47011818007928674,0.48452143424175115,0.5046882615699043,10.093765231398086,0.6638741928159108,0.15306980656013458,0.6931433639913978,/home/jbonnie1/interval_sketch/hammock_claude/experiments/maurano_dhs_validation/results/raw_d/hammock_mnmzr_p14_jaccD_k8_w8.csv
14,8,10,jaccard_similarity,bedtools,400,0.7019692836124914,0.47411027390324306,0.5920379381075678,0.6154270451653059,12.308540903306117,0.7839196716610697,0.15306980656013458,0.6931433639913978,/home/jbonnie1/interval_sketch/hammock_claude/experiments/maurano_dhs_validation/results/raw_d/hammock_mnmzr_p14_jaccD_k8_w10.csv
14,8,10,jaccard_similarity,mode_B,400,0.6918306985356766,0.4594515934245218,0.4610834967788324,0.4807747389819955,9.61549477963991,0.6367182528378275,0.15306980656013458,0.6931433639913978,/home/jbonnie1/interval_sketch/hammock_claude/experiments/maurano_dhs_validation/results/raw_d/hammock_mnmzr_p14_jaccD_k8_w10.csv
14,8,20,jaccard_similarity,bedtools,400,0.6207512705965939,0.31640381506749127,0.49098432664309427,0.5145477053598457,10.290954107196916,0.6898673877530261,0.08915054667788058,0.6429193339871365,/home/jbonnie1/interval_sketch/hammock_claude/experiments/maurano_dhs_validation/results/raw_d/hammock_mnmzr_p14_jaccD_k8_w20.csv
14,8,20,jaccard_similarity,mode_B,400,0.6033853754921567,0.29834862935861706,0.3600298853143589,0.38106821293417226,7.621364258683444,0.5485521653025778,0.08915054667788058,0.6429193339871365,/home/jbonnie1/interval_sketch/hammock_claude/experiments/maurano_dhs_validation/results/raw_d/hammock_mnmzr_p14_jaccD_k8_w20.csv
14,8,30,jaccard_similarity,bedtools,400,0.6132512069601574,0.2645335993729067,0.39151727576838563,0.41814869980552616,8.362973996110524,0.6183318709036743,0.08915054667788058,0.6429193339871365,/home/jbonnie1/interval_sketch/hammock_claude/experiments/maurano_dhs_validation/results/raw_d/hammock_mnmzr_p14_jaccD_k8_w30.csv
14,8,30,jaccard_similarity,mode_B,400,0.59311308999361,0.2446676443120914,0.262189389311535,0.2877984858645799,5.755969717291598,0.479524075977533,0.08915054667788058,0.6429193339871365,/home/jbonnie1/interval_sketch/hammock_claude/experiments/maurano_dhs_validation/results/raw_d/hammock_mnmzr_p14_jaccD_k8_w30.csv
14,8,50,jaccard_similarity,bedtools,400,0.6779844054747688,0.2186267707321464,0.21475587496446186,0.245597939833479,4.91195879666958,0.48189656196414654,0.08915054667788058,0.6429193339871365,/home/jbonnie1/interval_sketch/hammock_claude/experiments/maurano_dhs_validation/results/raw_d/hammock_mnmzr_p14_jaccD_k8_w50.csv
14,8,50,jaccard_similarity,mode_B,400,0.6550354363515459,0.19974796250942325,0.1120455360532942,0.14066727985894661,2.8133455971789325,0.3430860595227403,0.08915054667788058,0.6429193339871365,/home/jbonnie1/interval_sketch/hammock_claude/experiments/maurano_dhs_validation/results/raw_d/hammock_mnmzr_p14_jaccD_k8_w50.csv
14,8,100,jaccard_similarity,bedtools,400,0.817828482616236,0.23019349128182812,0.08677257299615725,0.12683287388010248,2.5366574776020494,0.3891036708360764,-0.006728343145500412,0.5837580697501935,/home/jbonnie1/interval_sketch/hammock_claude/experiments/maurano_dhs_validation/results/raw_d/hammock_mnmzr_p14_jaccD_k8_w100.csv
14,8,100,jaccard_similarity,mode_B,400,0.794596334522646,0.21855476002055305,0.19790074523044532,0.2238351518030146,4.476703036060292,0.4854106014696213,-0.006728343145500412,0.5837580697501935,/home/jbonnie1/interval_sketch/hammock_claude/experiments/maurano_dhs_validation/results/raw_d/hammock_mnmzr_p14_jaccD_k8_w100.csv
14,8,200,jaccard_similarity,bedtools,400,0.8267243693376379,0.4270527741001473,0.1229851846163752,0.1625974135331217,3.251948270662434,0.445146598133183,0.018087855297157625,0.655582037387502,/home/jbonnie1/interval_sketch/hammock_claude/experiments/maurano_dhs_validation/results/raw_d/hammock_mnmzr_p14_jaccD_k8_w200.csv
14,8,200,jaccard_similarity,mode_B,400,0.8042343435242189,0.4194751469281055,0.25322528467963823,0.2749319607069105,5.49863921413821,0.5346858069344526,0.018087855297157625,0.655582037387502,/home/jbonnie1/interval_sketch/hammock_claude/experiments/maurano_dhs_validation/results/raw_d/hammock_mnmzr_p14_jaccD_k8_w200.csv
14,8,300,jaccard_similarity,bedtools,400,0.8254052532759538,0.3618685492551167,0.12548426577400815,0.16480864589769773,3.2961729179539545,0.4494586371573356,0.1317365269461078,0.6952937397509419,/home/jbonnie1/interval_sketch/hammock_claude/experiments/maurano_dhs_validation/results/raw_d/hammock_mnmzr_p14_jaccD_k8_w300.csv
14,8,300,jaccard_similarity,mode_B,400,0.8029462859914991,0.3635675577167886,0.2557072182365391,0.27743448952460154,5.5486897904920305,0.5389978459586051,0.1317365269461078,0.6952937397509419,/home/jbonnie1/interval_sketch/hammock_claude/experiments/maurano_dhs_validation/results/raw_d/hammock_mnmzr_p14_jaccD_k8_w300.csv
14,8,500,jaccard_similarity,bedtools,400,0.8230967275611674,0.19441312632111965,0.12817641465386187,0.1675089241242364,3.3501784824847283,0.45457871875,-0.038423318979794625,0.6313901357434132,/home/jbonnie1/interval_sketch/hammock_claude/experiments/maurano_dhs_validation/results/raw_d/hammock_mnmzr_p14_jaccD_k8_w500.csv
14,8,500,jaccard_similarity,mode_B,400,0.8005113181083943,0.19767097332352201,0.2585235885216597,0.280392137738167,5.60784275476334,0.5441179275512695,-0.038423318979794625,0.6313901357434132,/home/jbonnie1/interval_sketch/hammock_claude/experiments/maurano_dhs_validation/results/raw_d/hammock_mnmzr_p14_jaccD_k8_w500.csv
14,10,10,jaccard_similarity,bedtools,400,0.9498554160664933,0.9178308310186408,0.609891886015625,0.6329409031586002,12.658818063172003,0.78865230078125,0.6931524547803617,0.9050320102772744,/home/jbonnie1/interval_sketch/hammock_claude/experiments/maurano_dhs_validation/results/raw_d/hammock_mnmzr_p14_jaccD_k10_w10.csv
14,10,10,jaccard_similarity,mode_B,400,0.961854319191811,0.9382140028473399,0.47893744468688965,0.49806681290401256,9.961336258080252,0.6414508819580078,0.6931524547803617,0.9050320102772744,/home/jbonnie1/interval_sketch/hammock_claude/experiments/maurano_dhs_validation/results/raw_d/hammock_mnmzr_p14_jaccD_k10_w10.csv
14,10,20,jaccard_similarity,bedtools,400,0.9559361832135109,0.8934159109005347,0.5842639331408718,0.6064505557740414,12.129011115480829,0.757478638517433,0.6931524547803617,0.9050320102772744,/home/jbonnie1/interval_sketch/hammock_claude/experiments/maurano_dhs_validation/results/raw_d/hammock_mnmzr_p14_jaccD_k10_w20.csv
14,10,20,jaccard_similarity,mode_B,400,0.9629896149706548,0.9068362024624651,0.4533094918121364,0.47159110633968804,9.43182212679376,0.6102772196941908,0.6931524547803617,0.9050320102772744,/home/jbonnie1/interval_sketch/hammock_claude/experiments/maurano_dhs_validation/results/raw_d/hammock_mnmzr_p14_jaccD_k10_w20.csv
14,10,30,jaccard_similarity,bedtools,400,0.9299080432662724,0.7826476688407399,0.5629080135607384,0.58467381169482,11.6934762338964,0.739282040420718,0.9101796407185628,0.9609882289630555,/home/jbonnie1/interval_sketch/hammock_claude/experiments/maurano_dhs_validation/results/raw_d/hammock_mnmzr_p14_jaccD_k10_w30.csv
14,10,30,jaccard_similarity,mode_B,400,0.9312482178700923,0.792475630750074,0.431953572232003,0.4498820223201764,8.997640446403528,0.5920806215974758,0.9101796407185628,0.9609882289630555,/home/jbonnie1/interval_sketch/hammock_claude/experiments/maurano_dhs_validation/results/raw_d/hammock_mnmzr_p14_jaccD_k10_w30.csv
14,10,50,jaccard_similarity,bedtools,400,0.8432739165653682,0.6080666999216133,0.5225096798021998,0.5438793101829164,10.877586203658327,0.7020043186622984,0.5594337319990237,0.8656485538096035,/home/jbonnie1/interval_sketch/hammock_claude/experiments/maurano_dhs_validation/results/raw_d/hammock_mnmzr_p14_jaccD_k10_w50.csv
14,10,50,jaccard_similarity,mode_B,400,0.8367873928044172,0.6052672835084218,0.3915552384734644,0.40935383928736996,8.187076785747399,0.5548028998390562,0.5594337319990237,0.8656485538096035,/home/jbonnie1/interval_sketch/hammock_claude/experiments/maurano_dhs_validation/results/raw_d/hammock_mnmzr_p14_jaccD_k10_w50.csv
14,10,100,jaccard_similarity,bedtools,400,0.7238969241633898,0.391674511583598,0.3472843196149219,0.37186940941602487,7.437388188320498,0.5430743047404064,0.2809083263246426,0.7589502948916029,/home/jbonnie1/interval_sketch/hammock_claude/experiments/maurano_dhs_validation/results/raw_d/hammock_mnmzr_p14_jaccD_k10_w100.csv
14,10,100,jaccard_similarity,mode_B,400,0.7080408405858909,0.38472247746852345,0.21859707735266853,0.24179701076637589,4.8359402153275175,0.3979864793199721,0.2809083263246426,0.7589502948916029,/home/jbonnie1/interval_sketch/hammock_claude/experiments/maurano_dhs_validation/results/raw_d/hammock_mnmzr_p14_jaccD_k10_w100.csv
14,10,200,jaccard_similarity,bedtools,400,0.8388727016623785,0.4106583354273948,0.07919854854566616,0.10279914904849262,2.055982980969852,0.2675329549902153,0.08915054667788058,0.6704438645015228,/home/jbonnie1/interval_sketch/hammock_claude/experiments/maurano_dhs_validation/results/raw_d/hammock_mnmzr_p14_jaccD_k10_w200.csv
14,10,200,jaccard_similarity,mode_B,400,0.8194386791949461,0.4175338581614015,0.10994264611080032,0.14138508309851544,2.8277016619703086,0.3652789214819145,0.08915054667788058,0.6704438645015228,/home/jbonnie1/interval_sketch/hammock_claude/experiments/maurano_dhs_validation/results/raw_d/hammock_mnmzr_p14_jaccD_k10_w200.csv
14,10,300,jaccard_similarity,bedtools,400,0.8318862040186505,0.3795964614156548,0.08242525691919207,0.1256475939494514,2.5129518789890284,0.38159678298028205,0.08915054667788058,0.6704438645015228,/home/jbonnie1/interval_sketch/hammock_claude/experiments/maurano_dhs_validation/results/raw_d/hammock_mnmzr_p14_jaccD_k10_w300.csv
14,10,300,jaccard_similarity,mode_B,400,0.8103479354313269,0.3865612657129293,0.20250227120052552,0.2257641437766306,4.515282875532612,0.4711359917815516,0.08915054667788058,0.6704438645015228,/home/jbonnie1/interval_sketch/hammock_claude/experiments/maurano_dhs_validation/results/raw_d/hammock_mnmzr_p14_jaccD_k10_w300.csv
14,10,500,jaccard_similarity,bedtools,400,0.8256772514571963,0.3491893105964153,0.10955583007389996,0.15126230719638467,3.0252461439276934,0.43114121875,0.04930436905052478,0.6533757537493485,/home/jbonnie1/interval_sketch/hammock_claude/experiments/maurano_dhs_validation/results/raw_d/hammock_mnmzr_p14_jaccD_k10_w500.csv
14,10,500,jaccard_similarity,mode_B,400,0.8034811499563018,0.36263472909758204,0.23824249582791848,0.2604997952191683,5.209995904383365,0.5206804275512695,0.04930436905052478,0.6533757537493485,/home/jbonnie1/interval_sketch/hammock_claude/experiments/maurano_dhs_validation/results/raw_d/hammock_mnmzr_p14_jaccD_k10_w500.csv
16,8,8,jaccard_similarity,bedtools,400,0.6902157442909771,0.48617806898776184,0.6090545849009392,0.6328334709549885,12.65666941909977,0.8046051163621089,0.15306980656013458,0.6931433639913978,/home/jbonnie1/interval_sketch/hammock_claude/experiments/maurano_dhs_validation/results/raw_d/hammock_mnmzr_p16_jaccD_k8_w8.csv
16,8,8,jaccard_similarity,mode_B,400,0.6802896889731006,0.47080978295521453,0.4781001435722039,0.4981248382422867,9.962496764845733,0.6574036975388666,0.15306980656013458,0.6931433639913978,/home/jbonnie1/interval_sketch/hammock_claude/experiments/maurano_dhs_validation/results/raw_d/hammock_mnmzr_p16_jaccD_k8_w8.csv
16,8,10,jaccard_similarity,bedtools,400,0.7094200314698977,0.47085929031943496,0.5832679056746088,0.6064648315738834,12.129296631477668,0.7752552305887612,0.15306980656013458,0.6931433639913978,/home/jbonnie1/interval_sketch/hammock_claude/experiments/maurano_dhs_validation/results/raw_d/hammock_mnmzr_p16_jaccD_k8_w10.csv
16,8,10,jaccard_similarity,mode_B,400,0.6985961989971561,0.4558120520427413,0.4523134643458735,0.4718496946771777,9.436993893543553,0.628053811765519,0.15306980656013458,0.6931433639913978,/home/jbonnie1/interval_sketch/hammock_claude/experiments/maurano_dhs_validation/results/raw_d/hammock_mnmzr_p16_jaccD_k8_w10.csv
16,8,20,jaccard_similarity,bedtools,400,0.6226671284071656,0.3168163764359948,0.47726408049805186,0.500939610777779,10.018792215555582,0.6767207473019602,0.08915054667788058,0.6429193339871365,/home/jbonnie1/interval_sketch/hammock_claude/experiments/maurano_dhs_validation/results/raw_d/hammock_mnmzr_p16_jaccD_k8_w20.csv
16,8,20,jaccard_similarity,mode_B,400,0.6050877921812774,0.297670528491113,0.3463096391693165,0.36771858836387256,7.354371767277451,0.5368765107718826,0.08915054667788058,0.6429193339871365,/home/jbonnie1/interval_sketch/hammock_claude/experiments/maurano_dhs_validation/results/raw_d/hammock_mnmzr_p16_jaccD_k8_w20.csv
16,8,30,jaccard_similarity,bedtools,400,0.6146422942785471,0.26351344762533424,0.37232495965462103,0.39970597753598347,7.994119550719669,0.605736946053946,0.08915054667788058,0.6429193339871365,/home/jbonnie1/interval_sketch/hammock_claude/experiments/maurano_dhs_validation/results/raw_d/hammock_mnmzr_p16_jaccD_k8_w30.csv
16,8,30,jaccard_similarity,mode_B,400,0.5944055084542124,0.2435139727034396,0.24367761593621623,0.27043413331191857,5.408682666238372,0.467156150275448,0.08915054667788058,0.6429193339871365,/home/jbonnie1/interval_sketch/hammock_claude/experiments/maurano_dhs_validation/results/raw_d/hammock_mnmzr_p16_jaccD_k8_w30.csv
16,8,50,jaccard_similarity,bedtools,400,0.6725226980403476,0.21720755962449412,0.19276963912586093,0.22527832556369362,4.505566511273872,0.4723966198860694,0.05719091673675358,0.6064575692400684,/home/jbonnie1/interval_sketch/hammock_claude/experiments/maurano_dhs_validation/results/raw_d/hammock_mnmzr_p16_jaccD_k8_w50.csv
16,8,50,jaccard_similarity,mode_B,400,0.6493229259927609,0.1973161007699895,0.10536978497842212,0.13245908650495897,2.6491817300991793,0.33358611744466315,0.05719091673675358,0.6064575692400684,/home/jbonnie1/interval_sketch/hammock_claude/experiments/maurano_dhs_validation/results/raw_d/hammock_mnmzr_p16_jaccD_k8_w50.csv
16,8,100,jaccard_similarity,bedtools,400,0.813528155448313,0.18629246100357424,0.12133920912716308,0.16084434198508596,3.2168868397017194,0.4466364285714286,-0.006728343145500412,0.5837580697501935,/home/jbonnie1/interval_sketch/hammock_claude/experiments/maurano_dhs_validation/results/raw_d/hammock_mnmzr_p16_jaccD_k8_w100.csv
16,8,100,jaccard_similarity,mode_B,400,0.7897314529715681,0.17237939143447586,0.24654013377418635,0.2707972225317502,5.4159444506350045,0.5443823950631278,-0.006728343145500412,0.5837580697501935,/home/jbonnie1/interval_sketch/hammock_claude/experiments/maurano_dhs_validation/results/raw_d/hammock_mnmzr_p16_jaccD_k8_w100.csv
16,8,200,jaccard_similarity,bedtools,400,0.8205648905428354,0.14705712474730614,0.19740342899211363,0.22833302478593576,4.566660495718715,0.5324077782543208,-0.1345668629100084,0.46061051025179606,/home/jbonnie1/interval_sketch/hammock_claude/experiments/maurano_dhs_validation/results/raw_d/hammock_mnmzr_p16_jaccD_k8_w200.csv
16,8,200,jaccard_similarity,mode_B,400,0.7978727507532583,0.14386915053614224,0.32835787032084895,0.3491817415523091,6.9836348310461815,0.6219469870555904,-0.1345668629100084,0.46061051025179606,/home/jbonnie1/interval_sketch/hammock_claude/experiments/maurano_dhs_validation/results/raw_d/hammock_mnmzr_p16_jaccD_k8_w200.csv
16,8,300,jaccard_similarity,bedtools,400,0.8200433728804997,0.0986629261102589,0.1664707135252741,0.20080190265144657,4.0160380530289315,0.49931186836035907,-0.0706476030277544,0.5108345402560572,/home/jbonnie1/interval_sketch/hammock_claude/experiments/maurano_dhs_validation/results/raw_d/hammock_mnmzr_p16_jaccD_k8_w300.csv
16,8,300,jaccard_similarity,mode_B,400,0.7972493983713286,0.09601953290551969,0.29742515485400944,0.3187297006283321,6.374594012566643,0.5888510771616287,-0.0706476030277544,0.5108345402560572,/home/jbonnie1/interval_sketch/hammock_claude/experiments/maurano_dhs_validation/results/raw_d/hammock_mnmzr_p16_jaccD_k8_w300.csv
16,8,500,jaccard_similarity,bedtools,400,0.8219697035294765,0.1565550375618373,0.14400838447177275,0.18096629537746883,3.619325907549376,0.4715408529652738,-0.03868797308662741,0.5472963050031253,/home/jbonnie1/interval_sketch/hammock_claude/experiments/maurano_dhs_validation/results/raw_d/hammock_mnmzr_p16_jaccD_k8_w500.csv
16,8,500,jaccard_similarity,mode_B,400,0.7993529869933541,0.15713112325458412,0.2746727087266566,0.2962287553539236,5.924575107078472,0.5610800617665433,-0.03868797308662741,0.5472963050031253,/home/jbonnie1/interval_sketch/hammock_claude/experiments/maurano_dhs_validation/results/raw_d/hammock_mnmzr_p16_jaccD_k8_w500.csv
16,10,10,jaccard_similarity,bedtools,400,0.949363138902518,0.9199735960724157,0.6070953578339591,0.6300046161520754,12.600092323041507,0.782933445882518,0.6931524547803617,0.9050320102772744,/home/jbonnie1/interval_sketch/hammock_claude/experiments/maurano_dhs_validation/results/raw_d/hammock_mnmzr_p16_jaccD_k10_w10.csv
16,10,10,jaccard_similarity,mode_B,400,0.961755799652283,0.940240110716469,0.4761409165052237,0.49512443881682094,9.902488776336419,0.6357320270592758,0.6931524547803617,0.9050320102772744,/home/jbonnie1/interval_sketch/hammock_claude/experiments/maurano_dhs_validation/results/raw_d/hammock_mnmzr_p16_jaccD_k10_w10.csv
16,10,20,jaccard_similarity,bedtools,400,0.9602028894017627,0.9066681168823861,0.5781737464441034,0.6000708297992794,12.001416595985589,0.7471803511114089,0.6931524547803617,0.9050320102772744,/home/jbonnie1/interval_sketch/hammock_claude/experiments/maurano_dhs_validation/results/raw_d/hammock_mnmzr_p16_jaccD_k10_w20.csv
16,10,20,jaccard_similarity,mode_B,400,0.9678539402008556,0.9207432105525696,0.44721930511536806,0.46520081499457655,9.304016299891531,0.5999789322881667,0.6931524547803617,0.9050320102772744,/home/jbonnie1/interval_sketch/hammock_claude/experiments/maurano_dhs_validation/results/raw_d/hammock_mnmzr_p16_jaccD_k10_w20.csv
16,10,30,jaccard_similarity,bedtools,400,0.942094714811249,0.8311033766272732,0.554516349422268,0.5758954093811065,11.51790818762213,0.7232448637509894,0.9101796407185628,0.9609882289630555,/home/jbonnie1/interval_sketch/hammock_claude/experiments/maurano_dhs_validation/results/raw_d/hammock_mnmzr_p16_jaccD_k10_w30.csv
16,10,30,jaccard_similarity,mode_B,400,0.944443896670568,0.8395721363552827,0.42356190809353267,0.44109016427253755,8.821803285450752,0.5760434449277472,0.9101796407185628,0.9609882289630555,/home/jbonnie1/interval_sketch/hammock_claude/experiments/maurano_dhs_validation/results/raw_d/hammock_mnmzr_p16_jaccD_k10_w30.csv
16,10,50,jaccard_similarity,bedtools,400,0.857801957970455,0.6286332591973055,0.5043168726324558,0.5251925530270307,10.503851060540613,0.6785080516610891,0.5594337319990237,0.8656485538096035,/home/jbonnie1/interval_sketch/hammock_claude/experiments/maurano_dhs_validation/results/raw_d/hammock_mnmzr_p16_jaccD_k10_w50.csv
16,10,50,jaccard_similarity,mode_B,400,0.851445188112749,0.6252067495039887,0.3733624313037205,0.39072411446842953,7.81448228936859,0.5313066328378468,0.5594337319990237,0.8656485538096035,/home/jbonnie1/interval_sketch/hammock_claude/experiments/maurano_dhs_validation/results/raw_d/hammock_mnmzr_p16_jaccD_k10_w50.csv
16,10,100,jaccard_similarity,bedtools,400,0.7380411299867227,0.38393786075678754,0.30730885140195346,0.3329312280259749,6.658624560519499,0.5061914058769513,0.513058335367342,0.8313127828910567,/home/jbonnie1/interval_sketch/hammock_claude/experiments/maurano_dhs_validation/results/raw_d/hammock_mnmzr_p16_jaccD_k10_w100.csv
16,10,100,jaccard_similarity,mode_B,400,0.7217078829497044,0.3779984772734944,0.18127819138644488,0.20524562799379908,4.104912559875982,0.3589899870537091,0.513058335367342,0.8313127828910567,/home/jbonnie1/interval_sketch/hammock_claude/experiments/maurano_dhs_validation/results/raw_d/hammock_mnmzr_p16_jaccD_k10_w100.csv
16,10,200,jaccard_similarity,bedtools,400,0.8400920051728488,0.4255495504956362,0.06826787725894823,0.10684719370864815,2.136943874172963,0.32868251389433295,0.08915054667788058,0.6704438645015228,/home/jbonnie1/interval_sketch/hammock_claude/experiments/maurano_dhs_validation/results/raw_d/hammock_mnmzr_p16_jaccD_k10_w200.csv
16,10,200,jaccard_similarity,mode_B,400,0.8200536215947014,0.43357874483829467,0.16828167811976882,0.19300004260413114,3.860000852082623,0.4241825001031161,0.08915054667788058,0.6704438645015228,/home/jbonnie1/interval_sketch/hammock_claude/experiments/maurano_dhs_validation/results/raw_d/hammock_mnmzr_p16_jaccD_k10_w200.csv
16,10,300,jaccard_similarity,bedtools,400,0.8296005008888224,0.5809111605351296,0.1078400051572083,0.14924794149831583,2.9849588299663163,0.4208282820866685,0.1810344827586207,0.7241273861054202,/home/jbonnie1/interval_sketch/hammock_claude/experiments/maurano_dhs_validation/results/raw_d/hammock_mnmzr_p16_jaccD_k10_w300.csv
16,10,300,jaccard_similarity,mode_B,400,0.8077624650838108,0.5987173091997433,0.23667304261162928,0.2585494025667114,5.170988051334229,0.5103674908879381,0.1810344827586207,0.7241273861054202,/home/jbonnie1/interval_sketch/hammock_claude/experiments/maurano_dhs_validation/results/raw_d/hammock_mnmzr_p16_jaccD_k10_w300.csv
16,10,500,jaccard_similarity,bedtools,400,0.8254638312581534,0.44326718599391657,0.12215066852716223,0.1620903069390472,3.241806138780944,0.4454906403315958,0.02322924600152322,0.6194284705675289,/home/jbonnie1/interval_sketch/hammock_claude/experiments/maurano_dhs_validation/results/raw_d/hammock_mnmzr_p16_jaccD_k10_w500.csv
16,10,500,jaccard_similarity,mode_B,400,0.8032567866251478,0.457357281895682,0.2523051122799388,0.27409076025003243,5.481815205000649,0.5350298491328653,0.02322924600152322,0.6194284705675289,/home/jbonnie1/interval_sketch/hammock_claude/experiments/maurano_dhs_validation/results/raw_d/hammock_mnmzr_p16_jaccD_k10_w500.csv
18,8,8,jaccard_similarity,bedtools,400,0.7008638622245008,0.4925570178564061,0.6074161951538862,0.6311458733432274,12.622917466864548,0.8030888070374574,0.15306980656013458,0.6931433639913978,/home/jbonnie1/interval_sketch/hammock_claude/experiments/maurano_dhs_validation/results/raw_d/hammock_mnmzr_p18_jaccD_k8_w8.csv
18,8,8,jaccard_similarity,mode_B,400,0.691162214994451,0.4777768193018711,0.47646175382515094,0.49643793448549817,9.928758689709964,0.6558873882142152,0.15306980656013458,0.6931433639913978,/home/jbonnie1/interval_sketch/hammock_claude/experiments/maurano_dhs_validation/results/raw_d/hammock_mnmzr_p18_jaccD_k8_w8.csv
18,8,10,jaccard_similarity,bedtools,400,0.7159313787852618,0.4756179981772288,0.5810043601548405,0.6041378986356027,12.082757972712054,0.7727745354611663,0.15306980656013458,0.6931433639913978,/home/jbonnie1/interval_sketch/hammock_claude/experiments/maurano_dhs_validation/results/raw_d/hammock_mnmzr_p18_jaccD_k8_w10.csv
18,8,10,jaccard_similarity,mode_B,400,0.7052606568216624,0.460846800961643,0.45004991882610507,0.4695272117772282,9.390544235544564,0.625573116637924,0.15306980656013458,0.6931433639913978,/home/jbonnie1/interval_sketch/hammock_claude/experiments/maurano_dhs_validation/results/raw_d/hammock_mnmzr_p18_jaccD_k8_w10.csv
18,8,20,jaccard_similarity,bedtools,400,0.623700523140151,0.31838861030578297,0.4735952200924106,0.49729254247556015,9.945850849511205,0.6732552454151384,0.08915054667788058,0.6429193339871365,/home/jbonnie1/interval_sketch/hammock_claude/experiments/maurano_dhs_validation/results/raw_d/hammock_mnmzr_p18_jaccD_k8_w20.csv
18,8,20,jaccard_similarity,mode_B,400,0.6062332164038077,0.29948729873568686,0.34264077876367527,0.3641416132594512,7.282832265189024,0.533285171274946,0.08915054667788058,0.6429193339871365,/home/jbonnie1/interval_sketch/hammock_claude/experiments/maurano_dhs_validation/results/raw_d/hammock_mnmzr_p18_jaccD_k8_w20.csv
18,8,30,jaccard_similarity,bedtools,400,0.6139893211218957,0.2633589246400402,0.3674601540109638,0.39505527290148723,7.901105458029745,0.6022168563218391,0.08915054667788058,0.6429193339871365,/home/jbonnie1/interval_sketch/hammock_claude/experiments/maurano_dhs_validation/results/raw_d/hammock_mnmzr_p18_jaccD_k8_w30.csv
18,8,30,jaccard_similarity,mode_B,400,0.593857437326988,0.24341345775184056,0.2389873486672404,0.26612453957149185,5.3224907914298365,0.4630120324423147,0.08915054667788058,0.6429193339871365,/home/jbonnie1/interval_sketch/hammock_claude/experiments/maurano_dhs_validation/results/raw_d/hammock_mnmzr_p18_jaccD_k8_w30.csv
18,8,50,jaccard_similarity,bedtools,400,0.6672661533981444,0.21434663406181667,0.18798075235218947,0.2214745428620875,4.42949085724175,0.46963758450963544,0.05719091673675358,0.6064575692400684,/home/jbonnie1/interval_sketch/hammock_claude/experiments/maurano_dhs_validation/results/raw_d/hammock_mnmzr_p18_jaccD_k8_w50.csv
18,8,50,jaccard_similarity,mode_B,400,0.6441029139463291,0.1945631912747021,0.1056960712772818,0.13236298978150968,2.6472597956301938,0.34458785010148274,0.05719091673675358,0.6064575692400684,/home/jbonnie1/interval_sketch/hammock_claude/experiments/maurano_dhs_validation/results/raw_d/hammock_mnmzr_p18_jaccD_k8_w50.csv
18,8,100,jaccard_similarity,bedtools,400,0.8101640644582511,0.16862883353898891,0.1346897299220107,0.17377384968383586,3.4754769936767174,0.47345519741144887,-0.006728343145500412,0.5837580697501935,/home/jbonnie1/interval_sketch/hammock_claude/experiments/maurano_dhs_validation/results/raw_d/hammock_mnmzr_p18_jaccD_k8_w100.csv
18,8,100,jaccard_similarity,mode_B,400,0.7861680413459556,0.1544307215698335,0.2619203880376223,0.28621512137657507,5.7243024275315015,0.571201163903148,-0.006728343145500412,0.5837580697501935,/home/jbonnie1/interval_sketch/hammock_claude/experiments/maurano_dhs_validation/results/raw_d/hammock_mnmzr_p18_jaccD_k8_w100.csv
18,8,200,jaccard_similarity,bedtools,400,0.8236470694171291,0.3650140458393185,0.2475166427515966,0.27453531915555673,5.490706383111134,0.5804347297256783,0.066218313502328,0.6506439408566922,/home/jbonnie1/interval_sketch/hammock_claude/experiments/maurano_dhs_validation/results/raw_d/hammock_mnmzr_p18_jaccD_k8_w200.csv
18,8,200,jaccard_similarity,mode_B,400,0.8011528425699928,0.37303423884302783,0.378471084080332,0.39874734272755546,7.974946854551109,0.6699739385269479,0.066218313502328,0.6506439408566922,/home/jbonnie1/interval_sketch/hammock_claude/experiments/maurano_dhs_validation/results/raw_d/hammock_mnmzr_p18_jaccD_k8_w200.csv
18,8,300,jaccard_similarity,bedtools,400,0.8210541002454224,0.10232647106257053,0.24256518523257017,0.27021715106750044,5.404343021350009,0.5790815234586096,-0.0706476030277544,0.5108345402560572,/home/jbonnie1/interval_sketch/hammock_claude/experiments/maurano_dhs_validation/results/raw_d/hammock_mnmzr_p18_jaccD_k8_w300.csv
18,8,300,jaccard_similarity,mode_B,400,0.7983739643628083,0.10145934207713396,0.3735196265613055,0.39403172422281957,7.880634484456391,0.6686207322598792,-0.0706476030277544,0.5108345402560572,/home/jbonnie1/interval_sketch/hammock_claude/experiments/maurano_dhs_validation/results/raw_d/hammock_mnmzr_p18_jaccD_k8_w300.csv
18,8,500,jaccard_similarity,bedtools,400,0.8207781192614525,0.09603153469078524,0.22694560181188989,0.25557572807665035,5.111514561533007,0.5610784029613193,-0.03868797308662741,0.5472963050031253,/home/jbonnie1/interval_sketch/hammock_claude/experiments/maurano_dhs_validation/results/raw_d/hammock_mnmzr_p18_jaccD_k8_w500.csv
18,8,500,jaccard_similarity,mode_B,400,0.7981196336576961,0.09766227726374298,0.35790004314062523,0.37848829950175633,7.569765990035126,0.6506176117625888,-0.03868797308662741,0.5472963050031253,/home/jbonnie1/interval_sketch/hammock_claude/experiments/maurano_dhs_validation/results/raw_d/hammock_mnmzr_p18_jaccD_k8_w500.csv
18,10,10,jaccard_similarity,bedtools,400,0.95367274326973,0.9189534443248433,0.5967588607605087,0.6192463285217472,12.384926570434946,0.7681700120338608,0.6931524547803617,0.9050320102772744,/home/jbonnie1/interval_sketch/hammock_claude/experiments/maurano_dhs_validation/results/raw_d/hammock_mnmzr_p18_jaccD_k10_w10.csv
18,10,10,jaccard_similarity,mode_B,400,0.9654372547808026,0.9391614502657268,0.4658044194317733,0.484357906931921,9.68715813863842,0.6209685932106186,0.6931524547803617,0.9050320102772744,/home/jbonnie1/interval_sketch/hammock_claude/experiments/maurano_dhs_validation/results/raw_d/hammock_mnmzr_p18_jaccD_k10_w10.csv
18,10,20,jaccard_similarity,bedtools,400,0.9611620762544283,0.9093820205755605,0.563435140634725,0.5847564037081742,11.695128074163483,0.7255741586355452,0.6931524547803617,0.9050320102772744,/home/jbonnie1/interval_sketch/hammock_claude/experiments/maurano_dhs_validation/results/raw_d/hammock_mnmzr_p18_jaccD_k10_w20.csv
18,10,20,jaccard_similarity,mode_B,400,0.9687003724545943,0.9233791026415178,0.43248069930598965,0.4498786130706105,8.997572261412211,0.578372739812303,0.6931524547803617,0.9050320102772744,/home/jbonnie1/interval_sketch/hammock_claude/experiments/maurano_dhs_validation/results/raw_d/hammock_mnmzr_p18_jaccD_k10_w20.csv
18,10,30,jaccard_similarity,bedtools,400,0.9440138041104925,0.8383524549276704,0.5388374453074165,0.5596472314499357,11.192944628998712,0.7029375871429169,0.9101796407185628,0.9609882289630555,/home/jbonnie1/interval_sketch/hammock_claude/experiments/maurano_dhs_validation/results/raw_d/hammock_mnmzr_p18_jaccD_k10_w30.csv
18,10,30,jaccard_similarity,mode_B,400,0.9463954108217141,0.846798711308307,0.40788300397868116,0.4248479393181964,8.49695878636393,0.5557361683196747,0.9101796407185628,0.9609882289630555,/home/jbonnie1/interval_sketch/hammock_claude/experiments/maurano_dhs_validation/results/raw_d/hammock_mnmzr_p18_jaccD_k10_w30.csv
18,10,50,jaccard_similarity,bedtools,400,0.8584717963256134,0.6303105086881673,0.4876912525825888,0.5081661066818897,10.163322133637793,0.6570549021334436,0.5594337319990237,0.8656485538096035,/home/jbonnie1/interval_sketch/hammock_claude/experiments/maurano_dhs_validation/results/raw_d/hammock_mnmzr_p18_jaccD_k10_w50.csv
18,10,50,jaccard_similarity,mode_B,400,0.8520790640530808,0.6270205193022461,0.3567368112538534,0.3737829740372422,7.475659480744845,0.5098534833102014,0.5594337319990237,0.8656485538096035,/home/jbonnie1/interval_sketch/hammock_claude/experiments/maurano_dhs_validation/results/raw_d/hammock_mnmzr_p18_jaccD_k10_w50.csv
18,10,100,jaccard_similarity,bedtools,400,0.7331748243370618,0.38244963938385834,0.2859601766167979,0.312211792267092,6.244235845341841,0.48404557591259867,0.513058335367342,0.8313127828910567,/home/jbonnie1/interval_sketch/hammock_claude/experiments/maurano_dhs_validation/results/raw_d/hammock_mnmzr_p18_jaccD_k10_w100.csv
18,10,100,jaccard_similarity,mode_B,400,0.7167466895309618,0.37610219520153615,0.16182727248886822,0.18688405546299122,3.7376811092598246,0.33684415708935644,0.513058335367342,0.8313127828910567,/home/jbonnie1/interval_sketch/hammock_claude/experiments/maurano_dhs_validation/results/raw_d/hammock_mnmzr_p18_jaccD_k10_w100.csv
18,10,200,jaccard_similarity,bedtools,400,0.8393154208772542,0.39302021175649876,0.09633612300068956,0.13720438897450535,2.744087779490107,0.38991886108207774,0.08915054667788058,0.6704438645015228,/home/jbonnie1/interval_sketch/hammock_claude/experiments/maurano_dhs_validation/results/raw_d/hammock_mnmzr_p18_jaccD_k10_w200.csv
18,10,200,jaccard_similarity,mode_B,400,0.819390668370969,0.4012264324318242,0.22258341961149955,0.24424824062879388,4.884964812575878,0.48766482757377694,0.08915054667788058,0.6704438645015228,/home/jbonnie1/interval_sketch/hammock_claude/experiments/maurano_dhs_validation/results/raw_d/hammock_mnmzr_p18_jaccD_k10_w200.csv
18,10,300,jaccard_similarity,bedtools,400,0.8295848433884077,0.5254374088145611,0.18240508351258358,0.2132925859886815,4.26585171977363,0.500924404263863,0.025231286795626584,0.6202198344972616,/home/jbonnie1/interval_sketch/hammock_claude/experiments/maurano_dhs_validation/results/raw_d/hammock_mnmzr_p18_jaccD_k10_w300.csv
18,10,300,jaccard_similarity,mode_B,400,0.8078200037188636,0.54109523791664,0.31335952484131896,0.33348062599788414,6.669612519957683,0.5904636130651326,0.025231286795626584,0.6202198344972616,/home/jbonnie1/interval_sketch/hammock_claude/experiments/maurano_dhs_validation/results/raw_d/hammock_mnmzr_p18_jaccD_k10_w300.csv
18,10,500,jaccard_similarity,bedtools,400,0.8242972270326739,0.39820648321437807,0.20383871565355818,0.2336141856201125,4.67228371240225,0.5329701048332287,-0.03868797308662741,0.5472963050031253,/home/jbonnie1/interval_sketch/hammock_claude/experiments/maurano_dhs_validation/results/raw_d/hammock_mnmzr_p18_jaccD_k10_w500.csv
18,10,500,jaccard_similarity,mode_B,400,0.8020497389205026,0.41607414102847795,0.3347931569822935,0.35518719307723523,7.1037438615447055,0.6225093136344982,-0.03868797308662741,0.5472963050031253,/home/jbonnie1/interval_sketch/hammock_claude/experiments/maurano_dhs_validation/results/raw_d/hammock_mnmzr_p18_jaccD_k10_w500.csv
20,8,8,jaccard_similarity,bedtools,400,0.7075299932965384,0.5003341747084878,0.6069414377573037,0.6306449391577248,12.612898783154495,0.8018733877815168,0.15306980656013458,0.6931433639913978,/home/jbonnie1/interval_sketch/hammock_claude/experiments/maurano_dhs_validation/results/raw_d/hammock_mnmzr_p20_jaccD_k8_w8.csv
20,8,8,jaccard_similarity,mode_B,400,0.698328376954811,0.48628908550146827,0.47598699642856834,0.4959336540592386,9.918673081184773,0.6546719689582746,0.15306980656013458,0.6931433639913978,/home/jbonnie1/interval_sketch/hammock_claude/experiments/maurano_dhs_validation/results/raw_d/hammock_mnmzr_p20_jaccD_k8_w8.csv
20,8,10,jaccard_similarity,bedtools,400,0.7216552317409853,0.4830321010250274,0.58013301353364,0.6032308086079421,12.064616172158841,0.7715521824333784,0.15306980656013458,0.6931433639913978,/home/jbonnie1/interval_sketch/hammock_claude/experiments/maurano_dhs_validation/results/raw_d/hammock_mnmzr_p20_jaccD_k8_w10.csv
20,8,10,jaccard_similarity,mode_B,400,0.7112910182248141,0.46912353212540364,0.44917857220490465,0.4686176379040123,9.372352758080247,0.6243507636101362,0.15306980656013458,0.6931433639913978,/home/jbonnie1/interval_sketch/hammock_claude/experiments/maurano_dhs_validation/results/raw_d/hammock_mnmzr_p20_jaccD_k8_w10.csv
20,8,20,jaccard_similarity,bedtools,400,0.6260260703427598,0.3195647852618077,0.4732859106115086,0.49694361555419286,9.938872311083857,0.6724099983210642,0.08915054667788058,0.6429193339871365,/home/jbonnie1/interval_sketch/hammock_claude/experiments/maurano_dhs_validation/results/raw_d/hammock_mnmzr_p20_jaccD_k8_w20.csv
20,8,20,jaccard_similarity,mode_B,400,0.6085515056617605,0.3007909926601582,0.34233146928277325,0.36378824264946547,7.275764852989309,0.532948729505123,0.08915054667788058,0.6429193339871365,/home/jbonnie1/interval_sketch/hammock_claude/experiments/maurano_dhs_validation/results/raw_d/hammock_mnmzr_p20_jaccD_k8_w20.csv
20,8,30,jaccard_similarity,bedtools,400,0.6153855156774514,0.26537222411833755,0.3669253861884426,0.3944815555475588,7.889631110951176,0.5998756047060961,0.08915054667788058,0.6429193339871365,/home/jbonnie1/interval_sketch/hammock_claude/experiments/maurano_dhs_validation/results/raw_d/hammock_mnmzr_p20_jaccD_k8_w30.csv
20,8,30,jaccard_similarity,mode_B,400,0.5953765190459681,0.24565479115018357,0.23845010955085377,0.2655584199904937,5.311168399809873,0.4610651022646899,0.08915054667788058,0.6429193339871365,/home/jbonnie1/interval_sketch/hammock_claude/experiments/maurano_dhs_validation/results/raw_d/hammock_mnmzr_p20_jaccD_k8_w30.csv
20,8,50,jaccard_similarity,bedtools,400,0.6663258911302611,0.2143076282597036,0.18790063038499155,0.22155507342553185,4.431101468510637,0.4703899733831145,0.05719091673675358,0.6064575692400684,/home/jbonnie1/interval_sketch/hammock_claude/experiments/maurano_dhs_validation/results/raw_d/hammock_mnmzr_p20_jaccD_k8_w50.csv
20,8,50,jaccard_similarity,mode_B,400,0.6431658399773867,0.19468170890419947,0.10594954170226517,0.13259852959188093,2.651970591837619,0.3467805897961607,0.05719091673675358,0.6064575692400684,/home/jbonnie1/interval_sketch/hammock_claude/experiments/maurano_dhs_validation/results/raw_d/hammock_mnmzr_p20_jaccD_k8_w50.csv
20,8,100,jaccard_similarity,bedtools,400,0.809371885508128,0.16444471115078366,0.13750843064950263,0.1765331998224547,3.530663996449094,0.4799706293844482,-0.006728343145500412,0.5837580697501935,/home/jbonnie1/interval_sketch/hammock_claude/experiments/maurano_dhs_validation/results/raw_d/hammock_mnmzr_p20_jaccD_k8_w100.csv
20,8,100,jaccard_similarity,mode_B,400,0.7853394839381674,0.1503801190427076,0.26507750090542426,0.2894203735081184,5.788407470162368,0.5777165958761474,-0.006728343145500412,0.5837580697501935,/home/jbonnie1/interval_sketch/hammock_claude/experiments/maurano_dhs_validation/results/raw_d/hammock_mnmzr_p20_jaccD_k8_w100.csv
20,8,200,jaccard_similarity,bedtools,400,0.8247809956818205,0.3344800039005802,0.26250367787900764,0.2886675760238271,5.773351520476543,0.5931274037961831,0.08915054667788058,0.6704438645015228,/home/jbonnie1/interval_sketch/hammock_claude/experiments/maurano_dhs_validation/results/raw_d/hammock_mnmzr_p20_jaccD_k8_w200.csv
20,8,200,jaccard_similarity,mode_B,400,0.8023542466769231,0.34033237444069797,0.393458119207743,0.4136464450661986,8.272928901323972,0.6826666125974528,0.08915054667788058,0.6704438645015228,/home/jbonnie1/interval_sketch/hammock_claude/experiments/maurano_dhs_validation/results/raw_d/hammock_mnmzr_p20_jaccD_k8_w200.csv
20,8,300,jaccard_similarity,bedtools,400,0.8227807860130237,0.3058827500590713,0.27177918762859793,0.297820969747035,5.956419394940699,0.6072592302472287,-0.05360443622920516,0.5756704569136292,/home/jbonnie1/interval_sketch/hammock_claude/experiments/maurano_dhs_validation/results/raw_d/hammock_mnmzr_p20_jaccD_k8_w300.csv
20,8,300,jaccard_similarity,mode_B,400,0.8002036663905446,0.32099899860104186,0.4027336289573333,0.4230947869705507,8.461895739411014,0.6967984390484983,-0.05360443622920516,0.5756704569136292,/home/jbonnie1/interval_sketch/hammock_claude/experiments/maurano_dhs_validation/results/raw_d/hammock_mnmzr_p20_jaccD_k8_w300.csv
20,8,500,jaccard_similarity,bedtools,400,0.8223015811458042,0.12093073844734402,0.2703484424698105,0.2965115432080173,5.930230864160347,0.606198333156457,-0.03868797308662741,0.5472963050031253,/home/jbonnie1/interval_sketch/hammock_claude/experiments/maurano_dhs_validation/results/raw_d/hammock_mnmzr_p20_jaccD_k8_w500.csv
20,8,500,jaccard_similarity,mode_B,400,0.7996909158963538,0.12433624501644618,0.40130288379854584,0.42170171634105114,8.434034326821022,0.6957375419577265,-0.03868797308662741,0.5472963050031253,/home/jbonnie1/interval_sketch/hammock_claude/experiments/maurano_dhs_validation/results/raw_d/hammock_mnmzr_p20_jaccD_k8_w500.csv
20,10,10,jaccard_similarity,bedtools,400,0.9541845923280196,0.9216073390916898,0.5890860307052813,0.6112486373410431,12.22497274682086,0.756679597447286,0.6931524547803617,0.9050320102772744,/home/jbonnie1/interval_sketch/hammock_claude/experiments/maurano_dhs_validation/results/raw_d/hammock_mnmzr_p20_jaccD_k10_w10.csv
20,10,10,jaccard_similarity,mode_B,400,0.9659814591319493,0.94183484793363,0.45813158937654597,0.4763510512765172,9.527021025530345,0.6094781786240437,0.6931524547803617,0.9050320102772744,/home/jbonnie1/interval_sketch/hammock_claude/experiments/maurano_dhs_validation/results/raw_d/hammock_mnmzr_p20_jaccD_k10_w10.csv
20,10,20,jaccard_similarity,bedtools,400,0.9631518003613793,0.9124964838519728,0.5568238275006583,0.5778868954117505,11.557737908235008,0.715967241883622,0.6931524547803617,0.9050320102772744,/home/jbonnie1/interval_sketch/hammock_claude/experiments/maurano_dhs_validation/results/raw_d/hammock_mnmzr_p20_jaccD_k10_w20.csv
20,10,20,jaccard_similarity,mode_B,400,0.9703897640591076,0.9259369831262398,0.42586938617192294,0.44300783657012754,8.8601567314025509,0.5687658230603798,0.6931524547803617,0.9050320102772744,/home/jbonnie1/interval_sketch/hammock_claude/experiments/maurano_dhs_validation/results/raw_d/hammock_mnmzr_p20_jaccD_k10_w20.csv
20,10,30,jaccard_similarity,bedtools,400,0.9454439720497693,0.8414759195430319,0.5333215936909231,0.5539332826145529,11.078665652291058,0.695300627719581,0.9101796407185628,0.9609882289630555,/home/jbonnie1/interval_sketch/hammock_claude/experiments/maurano_dhs_validation/results/raw_d/hammock_mnmzr_p20_jaccD_k10_w30.csv
20,10,30,jaccard_similarity,mode_B,400,0.9477412930621912,0.8497121446815213,0.40236715236218773,0.41913722229535033,8.382744445907006,0.5480992088963388,0.9101796407185628,0.9609882289630555,/home/jbonnie1/interval_sketch/hammock_claude/experiments/maurano_dhs_validation/results/raw_d/hammock_mnmzr_p20_jaccD_k10_w30.csv
20,10,50,jaccard_similarity,bedtools,400,0.8597882142001022,0.6329268978760589,0.4833287961340754,0.5036851972466991,10.073703944933984,0.6513959007870728,0.5594337319990237,0.8656485538096035,/home/jbonnie1/interval_sketch/hammock_claude/experiments/maurano_dhs_validation/results/raw_d/hammock_mnmzr_p20_jaccD_k10_w50.csv
20,10,50,jaccard_similarity,mode_B,400,0.8533785228511082,0.6294583819343126,0.3523743548053401,0.3693244923505897,7.386489847011793,0.5041944819638305,0.5594337319990237,0.8656485538096035,/home/jbonnie1/interval_sketch/hammock_claude/experiments/maurano_dhs_validation/results/raw_d/hammock_mnmzr_p20_jaccD_k10_w50.csv
20,10,100,jaccard_similarity,bedtools,400,0.731084871723719,0.38205508069325306,0.28205863928554475,0.30850962973728746,6.1701925947457505,0.4806432161839356,0.513058335367342,0.8313127828910567,/home/jbonnie1/interval_sketch/hammock_claude/experiments/maurano_dhs_validation/results/raw_d/hammock_mnmzr_p20_jaccD_k10_w100.csv
20,10,100,jaccard_similarity,mode_B,400,0.7146289896318601,0.3753760871929699,0.1585315737140459,0.18376010707879156,3.675202141575831,0.33344179736069335,0.513058335367342,0.8313127828910567,/home/jbonnie1/interval_sketch/hammock_claude/experiments/maurano_dhs_validation/results/raw_d/hammock_mnmzr_p20_jaccD_k10_w100.csv
20,10,200,jaccard_similarity,bedtools,400,0.8387797946503287,0.3803748307560749,0.10979022132434227,0.14858623181457717,2.971724636291543,0.41056539289842436,0.08915054667788058,0.6704438645015228,/home/jbonnie1/interval_sketch/hammock_claude/experiments/maurano_dhs_validation/results/raw_d/hammock_mnmzr_p20_jaccD_k10_w200.csv
20,10,200,jaccard_similarity,mode_B,400,0.8190059945796953,0.3883590184039875,0.23788004175968483,0.25912530376647486,5.182506075329497,0.5083113593901236,0.08915054667788058,0.6704438645015228,/home/jbonnie1/interval_sketch/hammock_claude/experiments/maurano_dhs_validation/results/raw_d/hammock_mnmzr_p20_jaccD_k10_w200.csv
20,10,300,jaccard_similarity,bedtools,400,0.8306167044800755,0.4307553248545721,0.21241816947903983,0.24059689314271235,4.811937862854247,0.5298453543024209,0.08915054667788058,0.6704438645015228,/home/jbonnie1/interval_sketch/hammock_claude/experiments/maurano_dhs_validation/results/raw_d/hammock_mnmzr_p20_jaccD_k10_w300.csv
20,10,300,jaccard_similarity,mode_B,400,0.8089685664874103,0.4413288976735289,0.3433726108077752,0.3631694750656258,7.263389501312516,0.6193845631036904,0.08915054667788058,0.6704438645015228,/home/jbonnie1/interval_sketch/hammock_claude/experiments/maurano_dhs_validation/results/raw_d/hammock_mnmzr_p20_jaccD_k10_w300.csv
20,10,500,jaccard_similarity,bedtools,400,0.8254833750897193,0.54425320766464,0.2477798256835665,0.2745296428565457,5.490592857130913,0.5785787698020983,-0.006728343145500412,0.5837580697501935,/home/jbonnie1/interval_sketch/hammock_claude/experiments/maurano_dhs_validation/results/raw_d/hammock_mnmzr_p20_jaccD_k10_w500.csv
20,10,500,jaccard_similarity,mode_B,400,0.8032686858661606,0.5703180848151163,0.37873426701230184,0.39884363848591176,7.976872769718235,0.6681179786033679,-0.006728343145500412,0.5837580697501935,/home/jbonnie1/interval_sketch/hammock_claude/experiments/maurano_dhs_validation/results/raw_d/hammock_mnmzr_p20_jaccD_k10_w500.csv
20,15,20,jaccard_similarity,bedtools,400,0.9896603606191955,0.9708851691689138,0.21461126969510397,0.22233677030985438,4.446735406197088,0.27409517630492475,0.6931524547803617,0.9050320102772744,/home/jbonnie1/interval_sketch/hammock_claude/experiments/maurano_dhs_validation/results/raw_d/hammock_mnmzr_p20_jaccD_k15_w20.csv
20,15,20,jaccard_similarity,mode_B,400,0.9950943714864673,0.9846092106200797,0.08365682836636863,0.08744519392634295,1.748903878526859,0.11890818645898482,0.6931524547803617,0.9050320102772744,/home/jbonnie1/interval_sketch/hammock_claude/experiments/maurano_dhs_validation/results/raw_d/hammock_mnmzr_p20_jaccD_k15_w20.csv
20,15,30,jaccard_similarity,bedtools,400,0.989422150106002,0.9696519857328776,0.21150320548247867,0.21917129152176318,4.383425830435264,0.27104711220731637,0.6931524547803617,0.9050320102772744,/home/jbonnie1/interval_sketch/hammock_claude/experiments/maurano_dhs_validation/results/raw_d/hammock_mnmzr_p20_jaccD_k15_w30.csv
20,15,30,jaccard_similarity,mode_B,400,0.994856116364783,0.9835725564177671,0.08054876415374332,0.08433592416128056,1.6867184832256112,0.1160167720888815,0.6931524547803617,0.9050320102772744,/home/jbonnie1/interval_sketch/hammock_claude/experiments/maurano_dhs_validation/results/raw_d/hammock_mnmzr_p20_jaccD_k15_w30.csv
20,15,50,jaccard_similarity,bedtools,400,0.9877110641751989,0.9626789484935884,0.2022285380402439,0.209857512013053,4.1971502402610605,0.2639839533878684,0.6931524547803617,0.9050320102772744,/home/jbonnie1/interval_sketch/hammock_claude/experiments/maurano_dhs_validation/results/raw_d/hammock_mnmzr_p20_jaccD_k15_w50.csv
20,15,50,jaccard_similarity,mode_B,400,0.9932009316525073,0.9772896218312472,0.07127409671150856,0.07537398706271363,1.5074797412542726,0.10998016635799568,0.6931524547803617,0.9050320102772744,/home/jbonnie1/interval_sketch/hammock_claude/experiments/maurano_dhs_validation/results/raw_d/hammock_mnmzr_p20_jaccD_k15_w50.csv
20,15,100,jaccard_similarity,bedtools,400,0.9860921821972114,0.9521833872788577,0.167393409415505,0.174574333825881,3.4914866765176202,0.23006915275189627,0.6931524547803617,0.9050320102772744,/home/jbonnie1/interval_sketch/hammock_claude/experiments/maurano_dhs_validation/results/raw_d/hammock_mnmzr_p20_jaccD_k15_w100.csv
20,15,100,jaccard_similarity,mode_B,400,0.9911243188443769,0.9673626451934725,0.03712486434639618,0.04238295349124158,0.8476590698248316,0.07835131516239752,0.6931524547803617,0.9050320102772744,/home/jbonnie1/interval_sketch/hammock_claude/experiments/maurano_dhs_validation/results/raw_d/hammock_mnmzr_p20_jaccD_k15_w100.csv
20,15,200,jaccard_similarity,bedtools,400,0.9841890692680124,0.9311097525756955,0.10121574476113498,0.10930794961207624,2.1861589922415248,0.170891727817081,0.6931524547803617,0.9050320102772744,/home/jbonnie1/interval_sketch/hammock_claude/experiments/maurano_dhs_validation/results/raw_d/hammock_mnmzr_p20_jaccD_k15_w200.csv
20,15,200,jaccard_similarity,mode_B,400,0.9870853525626712,0.947681217581115,0.03090845032328491,0.03889164939189149,0.7778329878378298,0.09422020210893622,0.6931524547803617,0.9050320102772744,/home/jbonnie1/interval_sketch/hammock_claude/experiments/maurano_dhs_validation/results/raw_d/hammock_mnmzr_p20_jaccD_k15_w200.csv
20,20,20,jaccard_similarity,bedtools,400,0.99784176060663,0.9932790002512872,0.12964005624296565,0.1339155911748876,2.678311823497752,0.15601542226299717,0.6931524547803617,0.9050320102772744,/home/jbonnie1/interval_sketch/hammock_claude/experiments/maurano_dhs_validation/results/raw_d/hammock_mnmzr_p20_jaccD_k20_w20.csv
20,20,20,jaccard_similarity,mode_B,400,0.9999316695327899,0.9996069415325528,0.0017257171603671,0.00230069140348468,0.04601382806969359,0.006956270183471114,0.6931524547803617,0.9050320102772744,/home/jbonnie1/interval_sketch/hammock_claude/experiments/maurano_dhs_validation/results/raw_d/hammock_mnmzr_p20_jaccD_k20_w20.csv
20,20,30,jaccard_similarity,bedtools,400,0.9977465254834281,0.9929864567354393,0.12906958468039864,0.13334655131444376,2.666931026288875,0.1556241192093031,0.6931524547803617,0.9050320102772744,/home/jbonnie1/interval_sketch/hammock_claude/experiments/maurano_dhs_validation/results/raw_d/hammock_mnmzr_p20_jaccD_k20_w30.csv
20,20,30,jaccard_similarity,mode_B,400,0.9999018664482595,0.9994254145304113,0.0022368315496472196,0.0029541304548987074,0.059082609097974144,0.009024260214851032,0.6931524547803617,0.9050320102772744,/home/jbonnie1/interval_sketch/hammock_claude/experiments/maurano_dhs_validation/results/raw_d/hammock_mnmzr_p20_jaccD_k20_w30.csv
20,20,50,jaccard_similarity,bedtools,400,0.9974203777829134,0.9914277248740749,0.12546984115375745,0.12977228382906186,2.5954456765812375,0.15389655739873268,0.6931524547803617,0.9050320102772744,/home/jbonnie1/interval_sketch/hammock_claude/experiments/maurano_dhs_validation/results/raw_d/hammock_mnmzr_p20_jaccD_k20_w50.csv
20,20,50,jaccard_similarity,mode_B,400,0.9996867585496155,0.9985432833133927,0.0055571218668238305,0.006845187176318212,0.13690374352636422,0.01752512349752161,0.6931524547803617,0.9050320102772744,/home/jbonnie1/interval_sketch/hammock_claude/experiments/maurano_dhs_validation/results/raw_d/hammock_mnmzr_p20_jaccD_k20_w50.csv
20,20,100,jaccard_similarity,bedtools,400,0.9959097097142647,0.9836985751630554,0.10077713661539713,0.1050038152718508,2.1000763054370157,0.13445458469468904,0.6931524547803617,0.9050320102772744,/home/jbonnie1/interval_sketch/hammock_claude/experiments/maurano_dhs_validation/results/raw_d/hammock_mnmzr_p20_jaccD_k20_w100.csv
20,20,100,jaccard_similarity,mode_B,400,0.9981749507017161,0.9924763808616531,0.03017730471333822,0.03242253241039944,0.6484506482079889,0.06471110097469585,0.6931524547803617,0.9050320102772744,/home/jbonnie1/interval_sketch/hammock_claude/experiments/maurano_dhs_validation/results/raw_d/hammock_mnmzr_p20_jaccD_k20_w100.csv
20,20,200,jaccard_similarity,bedtools,400,0.9940765978831516,0.9735660679526078,0.04479076388640344,0.0501936630938462,1.003873261876924,0.08214070300339699,0.6931524547803617,0.9050320102772744,/home/jbonnie1/interval_sketch/hammock_claude/experiments/maurano_dhs_validation/results/raw_d/hammock_mnmzr_p20_jaccD_k20_w200.csv
20,20,200,jaccard_similarity,mode_B,400,0.9947924396918858,0.982894455550263,0.08678155033256237,0.09019382281531847,1.8038764563063694,0.13954563287943744,0.6931524547803617,0.9050320102772744,/home/jbonnie1/interval_sketch/hammock_claude/experiments/maurano_dhs_validation/results/raw_d/hammock_mnmzr_p20_jaccD_k20_w200.csv
20,25,30,jaccard_similarity,bedtools,400,0.9977730572351148,0.9925648940279865,0.12684575351779367,0.13108598437307645,2.6217196874615287,0.15432063143047334,0.6931524547803617,0.9050320102772744,/home/jbonnie1/interval_sketch/hammock_claude/experiments/maurano_dhs_validation/results/raw_d/hammock_mnmzr_p20_jaccD_k25_w30.csv
20,25,30,jaccard_similarity,mode_B,400,0.9998811502475183,0.9992708915451172,0.004154951844882675,0.0048908982683955275,0.09781796536791054,0.011661663562241686,0.6931524547803617,0.9050320102772744,/home/jbonnie1/interval_sketch/hammock_claude/experiments/maurano_dhs_validation/results/raw_d/hammock_mnmzr_p20_jaccD_k25_w30.csv
20,25,50,jaccard_similarity,bedtools,400,0.9974197094415362,0.9910061621666221,0.12340602382350876,0.12767617634040532,2.5535235268081062,0.15243266475048398,0.6931524547803617,0.9050320102772744,/home/jbonnie1/interval_sketch/hammock_claude/experiments/maurano_dhs_validation/results/raw_d/hammock_mnmzr_p20_jaccD_k25_w50.csv
20,25,50,jaccard_similarity,mode_B,400,0.9996540070952922,0.9984247656838954,0.007564933226480621,0.008763065341195116,0.17526130682390234,0.02012668109638266,0.6931524547803617,0.9050320102772744,/home/jbonnie1/interval_sketch/hammock_claude/experiments/maurano_dhs_validation/results/raw_d/hammock_mnmzr_p20_jaccD_k25_w50.csv
20,25,100,jaccard_similarity,bedtools,400,0.9958115513885155,0.9829784680471219,0.09862596295998684,0.10286785551405482,2.0573571102810964,0.13237231680947667,0.6931524547803617,0.9050320102772744,/home/jbonnie1/interval_sketch/hammock_claude/experiments/maurano_dhs_validation/results/raw_d/hammock_mnmzr_p20_jaccD_k25_w100.csv
20,25,100,jaccard_similarity,mode_B,400,0.9980478424502333,0.9920248136910363,0.03232847836874851,0.03461942587892155,0.692388517578431,0.06765977969340381,0.6931524547803617,0.9050320102772744,/home/jbonnie1/interval_sketch/hammock_claude/experiments/maurano_dhs_validation/results/raw_d/hammock_mnmzr_p20_jaccD_k25_w100.csv
20,25,200,jaccard_similarity,bedtools,400,0.9938386499008109,0.9730664936409289,0.04236639365727643,0.04786558288978217,0.9573116577956434,0.07929113126096815,0.6931524547803617,0.9050320102772744,/home/jbonnie1/interval_sketch/hammock_claude/experiments/maurano_dhs_validation/results/raw_d/hammock_mnmzr_p20_jaccD_k25_w200.csv
20,25,200,jaccard_similarity,mode_B,400,0.9944403796869744,0.9824608910575447,0.08949928090728658,0.09299539086796886,1.8599078173593773,0.14299053571002887,0.6931524547803617,0.9050320102772744,/home/jbonnie1/interval_sketch/hammock_claude/experiments/maurano_dhs_validation/results/raw_d/hammock_mnmzr_p20_jaccD_k25_w200.csv
22,8,8,jaccard_similarity,bedtools,400,0.7108858962604777,0.5026190145784185,0.6072636509156412,0.6309697764657688,12.619395529315375,0.8022453157894737,0.15306980656013458,0.6931433639913978,/home/jbonnie1/interval_sketch/hammock_claude/experiments/maurano_dhs_validation/results/raw_d/hammock_mnmzr_p22_jaccD_k8_w8.csv
22,8,8,jaccard_similarity,mode_B,400,0.701785649268396,0.48879895884512814,0.4763092095869058,0.4962560046513994,9.925120093027989,0.6550438969662314,0.15306980656013458,0.6931433639913978,/home/jbonnie1/interval_sketch/hammock_claude/experiments/maurano_dhs_validation/results/raw_d/hammock_mnmzr_p22_jaccD_k8_w8.csv
22,8,10,jaccard_similarity,bedtools,400,0.7243112248303782,0.4837552085872773,0.5805296710159936,0.6036278407064143,12.072556814128285,0.7718883817020304,0.15306980656013458,0.6931433639913978,/home/jbonnie1/interval_sketch/hammock_claude/experiments/maurano_dhs_validation/results/raw_d/hammock_mnmzr_p22_jaccD_k8_w10.csv
22,8,10,jaccard_similarity,mode_B,400,0.714013595816632,0.47006417204559175,0.4495752296872583,0.46901082236705527,9.380216447341105,0.6246869628787882,0.15306980656013458,0.6931433639913978,/home/jbonnie1/interval_sketch/hammock_claude/experiments/maurano_dhs_validation/results/raw_d/hammock_mnmzr_p22_jaccD_k8_w10.csv
22,8,20,jaccard_similarity,bedtools,400,0.6263357207186029,0.32005835868085375,0.4745288906257593,0.4981631508919046,9.963263017838091,0.6735492066772656,0.08915054667788058,0.6429193339871365,/home/jbonnie1/interval_sketch/hammock_claude/experiments/maurano_dhs_validation/results/raw_d/hammock_mnmzr_p22_jaccD_k8_w20.csv
22,8,20,jaccard_similarity,mode_B,400,0.6089653074531698,0.30151259999924984,0.34357444929702396,0.3649778985315239,7.299557970630477,0.5335751927601573,0.08915054667788058,0.6429193339871365,/home/jbonnie1/interval_sketch/hammock_claude/experiments/maurano_dhs_validation/results/raw_d/hammock_mnmzr_p22_jaccD_k8_w20.csv
22,8,30,jaccard_similarity,bedtools,400,0.615879385202574,0.26615834105323166,0.36808476000938734,0.3955622154054128,7.911244308108256,0.6004960472686347,0.08915054667788058,0.6429193339871365,/home/jbonnie1/interval_sketch/hammock_claude/experiments/maurano_dhs_validation/results/raw_d/hammock_mnmzr_p22_jaccD_k8_w30.csv
22,8,30,jaccard_similarity,mode_B,400,0.5959552546746271,0.24661043330195362,0.23956099620936203,0.2665545217372393,5.3310904347447865,0.4614314370068202,0.08915054667788058,0.6429193339871365,/home/jbonnie1/interval_sketch/hammock_claude/experiments/maurano_dhs_validation/results/raw_d/hammock_mnmzr_p22_jaccD_k8_w30.csv
22,8,50,jaccard_similarity,bedtools,400,0.6656561413637565,0.21431812982181098,0.18857318702138964,0.22226705272688013,4.445341054537603,0.4717136146854819,0.05719091673675358,0.6064575692400684,/home/jbonnie1/interval_sketch/hammock_claude/experiments/maurano_dhs_validation/results/raw_d/hammock_mnmzr_p22_jaccD_k8_w50.csv
22,8,50,jaccard_similarity,mode_B,400,0.6425029143991405,0.19461119841576432,0.10623393115656793,0.1329442357351645,2.6588847147032904,0.3462752049827133,0.05719091673675358,0.6064575692400684,/home/jbonnie1/interval_sketch/hammock_claude/experiments/maurano_dhs_validation/results/raw_d/hammock_mnmzr_p22_jaccD_k8_w50.csv
22,8,100,jaccard_similarity,bedtools,400,0.8091419887600423,0.16644000795118272,0.13771161962864828,0.176772788656928,3.5354557731385596,0.48112125610152945,-0.006728343145500412,0.5837580697501935,/home/jbonnie1/interval_sketch/hammock_claude/experiments/maurano_dhs_validation/results/raw_d/hammock_mnmzr_p22_jaccD_k8_w100.csv
22,8,100,jaccard_similarity,mode_B,400,0.7851138477503181,0.15220439040307243,0.26528403305168974,0.28967248089148956,5.793449617829792,0.5788672225932286,-0.006728343145500412,0.5837580697501935,/home/jbonnie1/interval_sketch/hammock_claude/experiments/maurano_dhs_validation/results/raw_d/hammock_mnmzr_p22_jaccD_k8_w100.csv
22,8,200,jaccard_similarity,bedtools,400,0.8251485259664872,0.3278310148634609,0.26636027944142815,0.29231531122992604,5.8463062245985205,0.5962422409476149,0.08915054667788058,0.6704438645015228,/home/jbonnie1/interval_sketch/hammock_claude/experiments/maurano_dhs_validation/results/raw_d/hammock_mnmzr_p22_jaccD_k8_w200.csv
22,8,200,jaccard_similarity,mode_B,400,0.8027497480610108,0.33315680707505235,0.3973147207701635,0.4174806217107317,8.349612434214635,0.6857814497488844,0.08915054667788058,0.6704438645015228,/home/jbonnie1/interval_sketch/hammock_claude/experiments/maurano_dhs_validation/results/raw_d/hammock_mnmzr_p22_jaccD_k8_w200.csv
22,8,300,jaccard_similarity,bedtools,400,0.8232888528010418,0.40823097435743566,0.2797830665421604,0.30545698634826174,6.109139726965235,0.6148386255351297,0.08915054667788058,0.6704438645015228,/home/jbonnie1/interval_sketch/hammock_claude/experiments/maurano_dhs_validation/results/raw_d/hammock_mnmzr_p22_jaccD_k8_w300.csv
22,8,300,jaccard_similarity,mode_B,400,0.8007474555915015,0.4159016153652855,0.41073750787089575,0.43107685205030577,8.621537041006114,0.7043778343363992,0.08915054667788058,0.6704438645015228,/home/jbonnie1/interval_sketch/hammock_claude/experiments/maurano_dhs_validation/results/raw_d/hammock_mnmzr_p22_jaccD_k8_w300.csv
22,8,500,jaccard_similarity,bedtools,400,0.8227643782418971,0.35160805169769,0.28288053942308383,0.30851244559345536,6.170248911869106,0.6191236438990928,0.0123063865902822,0.6078231674920256,/home/jbonnie1/interval_sketch/hammock_claude/experiments/maurano_dhs_validation/results/raw_d/hammock_mnmzr_p22_jaccD_k8_w500.csv
22,8,500,jaccard_similarity,mode_B,400,0.8001745534647735,0.3654266072078221,0.4138349807518192,0.43422680576908007,8.6845361153816,0.7086628527003623,0.0123063865902822,0.6078231674920256,/home/jbonnie1/interval_sketch/hammock_claude/experiments/maurano_dhs_validation/results/raw_d/hammock_mnmzr_p22_jaccD_k8_w500.csv
22,10,10,jaccard_similarity,bedtools,400,0.9547251780636414,0.9226529946329515,0.5861366047576124,0.6081723832717209,12.163447665434417,0.7521816411566934,0.6931524547803617,0.9050320102772744,/home/jbonnie1/interval_sketch/hammock_claude/experiments/maurano_dhs_validation/results/raw_d/hammock_mnmzr_p22_jaccD_k10_w10.csv
22,10,10,jaccard_similarity,mode_B,400,0.9665144029229517,0.9428865043675246,0.45518216342887713,0.4732712643950661,9.465425287901322,0.6049802223334512,0.6931524547803617,0.9050320102772744,/home/jbonnie1/interval_sketch/hammock_claude/experiments/maurano_dhs_validation/results/raw_d/hammock_mnmzr_p22_jaccD_k10_w10.csv
22,10,20,jaccard_similarity,bedtools,400,0.9636393170773034,0.9141197253091397,0.5548117147357275,0.5757929420634625,11.515858841269251,0.7131637793064959,0.6931524547803617,0.9050320102772744,/home/jbonnie1/interval_sketch/hammock_claude/experiments/maurano_dhs_validation/results/raw_d/hammock_mnmzr_p22_jaccD_k10_w20.csv
22,10,20,jaccard_similarity,mode_B,400,0.9708798705001179,0.9275947297160452,0.4238572734069922,0.44091246872945333,8.818249374589065,0.5659623604832537,0.6931524547803617,0.9050320102772744,/home/jbonnie1/interval_sketch/hammock_claude/experiments/maurano_dhs_validation/results/raw_d/hammock_mnmzr_p22_jaccD_k10_w20.csv
22,10,30,jaccard_similarity,bedtools,400,0.9458825777842189,0.8421435188484285,0.5319799268447039,0.552538890439952,11.05077780879904,0.6930126025589765,0.9101796407185628,0.9609882289630555,/home/jbonnie1/interval_sketch/hammock_claude/experiments/maurano_dhs_validation/results/raw_d/hammock_mnmzr_p22_jaccD_k10_w30.csv
22,10,30,jaccard_similarity,mode_B,400,0.948182036975772,0.8501412085047649,0.40102548551596856,0.41774313552162234,8.354862710432448,0.5458111837357342,0.9101796407185628,0.9609882289630555,/home/jbonnie1/interval_sketch/hammock_claude/experiments/maurano_dhs_validation/results/raw_d/hammock_mnmzr_p22_jaccD_k10_w30.csv
22,10,50,jaccard_similarity,bedtools,400,0.8616188033619983,0.6357593191987307,0.48213495125869615,0.5024401355424141,10.048802710848282,0.649697189144944,0.6997989083596667,0.8967760679767528,/home/jbonnie1/interval_sketch/hammock_claude/experiments/maurano_dhs_validation/results/raw_d/hammock_mnmzr_p22_jaccD_k10_w50.csv
22,10,50,jaccard_similarity,mode_B,400,0.8553209948307596,0.6321932887517018,0.3511805099299608,0.3680795886230916,7.361591772461831,0.5024957703217018,0.6997989083596667,0.8967760679767528,/home/jbonnie1/interval_sketch/hammock_claude/experiments/maurano_dhs_validation/results/raw_d/hammock_mnmzr_p22_jaccD_k10_w50.csv
22,10,100,jaccard_similarity,bedtools,400,0.7298145434139144,0.3823461239859428,0.28176765372873697,0.3082671219561451,6.1653424391229015,0.4803663869083429,0.513058335367342,0.8313127828910567,/home/jbonnie1/interval_sketch/hammock_claude/experiments/maurano_dhs_validation/results/raw_d/hammock_mnmzr_p22_jaccD_k10_w100.csv
22,10,100,jaccard_similarity,mode_B,400,0.7133967783543571,0.3755711162035352,0.1582919621400934,0.18361447630477132,3.6722895260954265,0.33316496808510065,0.513058335367342,0.8313127828910567,/home/jbonnie1/interval_sketch/hammock_claude/experiments/maurano_dhs_validation/results/raw_d/hammock_mnmzr_p22_jaccD_k10_w100.csv
22,10,200,jaccard_similarity,bedtools,400,0.8385781482269664,0.37706383824593903,0.11335465520748356,0.15159238297923597,3.0318476595847197,0.4155531587676338,0.08915054667788058,0.6704438645015228,/home/jbonnie1/interval_sketch/hammock_claude/experiments/maurano_dhs_validation/results/raw_d/hammock_mnmzr_p22_jaccD_k10_w200.csv
22,10,200,jaccard_similarity,mode_B,400,0.8188402890959166,0.3849700142896256,0.24172574706605185,0.2628950990455608,5.257901980911216,0.5132991252593331,0.08915054667788058,0.6704438645015228,/home/jbonnie1/interval_sketch/hammock_claude/experiments/maurano_dhs_validation/results/raw_d/hammock_mnmzr_p22_jaccD_k10_w200.csv
22,10,300,jaccard_similarity,bedtools,400,0.8309407605343242,0.4091881167323639,0.22051412139252513,0.24809959377716356,4.961991875543271,0.5375174943422105,0.08915054667788058,0.6704438645015228,/home/jbonnie1/interval_sketch/hammock_claude/experiments/maurano_dhs_validation/results/raw_d/hammock_mnmzr_p22_jaccD_k10_w300.csv
22,10,300,jaccard_similarity,mode_B,400,0.8093352803283921,0.41910759225434774,0.3514685627212605,0.3712091223374197,7.424182446748394,0.62705670314348,0.08915054667788058,0.6704438645015228,/home/jbonnie1/interval_sketch/hammock_claude/experiments/maurano_dhs_validation/results/raw_d/hammock_mnmzr_p22_jaccD_k10_w300.csv
22,10,500,jaccard_similarity,bedtools,400,0.8258905643631097,0.4771092199964744,0.2603536606352789,0.28645928782888463,5.729185756577692,0.5915177983755291,0.025231286795626584,0.6202198344972616,/home/jbonnie1/interval_sketch/hammock_claude/experiments/maurano_dhs_validation/results/raw_d/hammock_mnmzr_p22_jaccD_k10_w500.csv
22,10,500,jaccard_similarity,mode_B,400,0.803695392509891,0.4927865519996099,0.3913081019640143,0.41138845753611153,8.22776915072223,0.6810570071767986,0.025231286795626584,0.6202198344972616,/home/jbonnie1/interval_sketch/hammock_claude/experiments/maurano_dhs_validation/results/raw_d/hammock_mnmzr_p22_jaccD_k10_w500.csv
22,15,20,jaccard_similarity,bedtools,400,0.9872611179017805,0.9589253901517849,0.18769685369996444,0.19504674580103024,3.9009349160206046,0.24856745060619181,0.6931524547803617,0.9050320102772744,/home/jbonnie1/interval_sketch/hammock_claude/experiments/maurano_dhs_validation/results/raw_d/hammock_mnmzr_p22_jaccD_k15_w20.csv
22,15,20,jaccard_similarity,mode_B,400,0.9923974165535765,0.9731265025672567,0.05674241237122911,0.06114779093998331,1.222955818799666,0.09617189989484953,0.6931524547803617,0.9050320102772744,/home/jbonnie1/interval_sketch/hammock_claude/experiments/maurano_dhs_validation/results/raw_d/hammock_mnmzr_p22_jaccD_k15_w20.csv
22,15,30,jaccard_similarity,bedtools,400,0.9881038828963807,0.9587753678359654,0.167423433995248,0.17426819828737722,3.4853639657475446,0.22591628143031434,0.6931524547803617,0.9050320102772744,/home/jbonnie1/interval_sketch/hammock_claude/experiments/maurano_dhs_validation/results/raw_d/hammock_mnmzr_p22_jaccD_k15_w30.csv
22,15,30,jaccard_similarity,mode_B,400,0.9927429128326256,0.9724454012534364,0.036892625549669815,0.04154721380981298,0.8309442761962595,0.07471805801193665,0.6931524547803617,0.9050320102772744,/home/jbonnie1/interval_sketch/hammock_claude/experiments/maurano_dhs_validation/results/raw_d/hammock_mnmzr_p22_jaccD_k15_w30.csv
22,15,50,jaccard_similarity,bedtools,400,0.9901804718666873,0.9638386209948729,0.14107379217482077,0.14716405513960695,2.943281102792139,0.19524708248551548,0.6931524547803617,0.9050320102772744,/home/jbonnie1/interval_sketch/hammock_claude/experiments/maurano_dhs_validation/results/raw_d/hammock_mnmzr_p22_jaccD_k15_w50.csv
22,15,50,jaccard_similarity,mode_B,400,0.9940484018365718,0.9760594388415275,0.01602157576221874,0.019450703393489904,0.3890140678697981,0.04496059669459662,0.6931524547803617,0.9050320102772744,/home/jbonnie1/interval_sketch/hammock_claude/experiments/maurano_dhs_validation/results/raw_d/hammock_mnmzr_p22_jaccD_k15_w50.csv
22,15,100,jaccard_similarity,bedtools,400,0.9923407427622222,0.9684413056442145,0.10918930874910757,0.1144993763021389,2.2899875260427778,0.15890187232287786,0.6931524547803617,0.9050320102772744,/home/jbonnie1/interval_sketch/hammock_claude/experiments/maurano_dhs_validation/results/raw_d/hammock_mnmzr_p22_jaccD_k15_w100.csv
22,15,100,jaccard_similarity,mode_B,400,0.9953068941555541,0.9797799922738506,0.02212146915865338,0.026879698448994196,0.537593968979884,0.07124574363938352,0.6931524547803617,0.9050320102772744,/home/jbonnie1/interval_sketch/hammock_claude/experiments/maurano_dhs_validation/results/raw_d/hammock_mnmzr_p22_jaccD_k15_w100.csv
22,15,200,jaccard_similarity,bedtools,400,0.9894705488664248,0.9517288196619246,0.06234962954068731,0.06954382392514784,1.3908764785029568,0.11944175791515005,0.6931524547803617,0.9050320102772744,/home/jbonnie1/interval_sketch/hammock_claude/experiments/maurano_dhs_validation/results/raw_d/hammock_mnmzr_p22_jaccD_k15_w200.csv
22,15,200,jaccard_similarity,mode_B,400,0.9908949649640416,0.9648347691719141,0.06904730761767637,0.07348255476777131,1.4696510953554263,0.12856454233265846,0.6931524547803617,0.9050320102772744,/home/jbonnie1/interval_sketch/hammock_claude/experiments/maurano_dhs_validation/results/raw_d/hammock_mnmzr_p22_jaccD_k15_w200.csv
22,20,20,jaccard_similarity,bedtools,400,0.9970792696866365,0.9892418997325851,0.11640270291616778,0.12059836752527323,2.411967350505465,0.14706715226566872,0.6931524547803617,0.9050320102772744,/home/jbonnie1/interval_sketch/hammock_claude/experiments/maurano_dhs_validation/results/raw_d/hammock_mnmzr_p22_jaccD_k20_w20.csv
22,20,20,jaccard_similarity,mode_B,400,0.9992014570684585,0.9963919633045414,0.014551738412567574,0.016194696757084407,0.3238939351416882,0.03998133757056338,0.6931524547803617,0.9050320102772744,/home/jbonnie1/interval_sketch/hammock_claude/experiments/maurano_dhs_validation/results/raw_d/hammock_mnmzr_p22_jaccD_k20_w20.csv
22,20,30,jaccard_similarity,bedtools,400,0.9968404694772502,0.9872331009237623,0.09825191746215742,0.10212669622073381,2.042533924414676,0.1288852676550917,0.6931524547803617,0.9050320102772744,/home/jbonnie1/interval_sketch/hammock_claude/experiments/maurano_dhs_validation/results/raw_d/hammock_mnmzr_p22_jaccD_k20_w30.csv
22,20,30,jaccard_similarity,mode_B,400,0.9986880937463156,0.9941806343693623,0.03270252386657793,0.03461040566960482,0.6922081133920964,0.066761384538738755,0.6931524547803617,0.9050320102772744,/home/jbonnie1/interval_sketch/hammock_claude/experiments/maurano_dhs_validation/results/raw_d/hammock_mnmzr_p22_jaccD_k20_w30.csv
22,20,50,jaccard_similarity,bedtools,400,0.9975558922895383,0.9886673142629965,0.06991782167247694,0.07307367978621183,1.4614735957242369,0.09653065205736727,0.6931524547803617,0.9050320102772744,/home/jbonnie1/interval_sketch/hammock_claude/experiments/maurano_dhs_validation/results/raw_d/hammock_mnmzr_p22_jaccD_k20_w50.csv
22,20,50,jaccard_similarity,mode_B,400,0.9986900980206113,0.9943021524451761,0.0610366196562584,0.06337674294843564,1.2675348589687125,0.09882039208438925,0.6931524547803617,0.9050320102772744,/home/jbonnie1/interval_sketch/hammock_claude/experiments/maurano_dhs_validation/results/raw_d/hammock_mnmzr_p22_jaccD_k20_w50.csv
22,20,100,jaccard_similarity,bedtools,400,0.9986302008962779,0.9929759551733319,0.034873174003196734,0.037234001522811866,0.7446800304562373,0.05381248820306614,0.6931524547803617,0.9050320102772744,/home/jbonnie1/interval_sketch/hammock_claude/experiments/maurano_dhs_validation/results/raw_d/hammock_mnmzr_p22_jaccD_k20_w100.csv
22,20,100,jaccard_similarity,mode_B,400,0.9987584513918882,0.996141426037123,0.09608126732553861,0.09919859414761927,1.9839718829523854,0.13277959611387263,0.6931524547803617,0.9050320102772744,/home/jbonnie1/interval_sketch/hammock_claude/experiments/maurano_dhs_validation/results/raw_d/hammock_mnmzr_p22_jaccD_k20_w100.csv
22,20,200,jaccard_similarity,bedtools,400,0.9971636033807598,0.9886523120314146,0.010555940331355202,0.014458396826442337,0.28916793652884676,0.045170174634457216,0.6931524547803617,0.9050320102772744,/home/jbonnie1/interval_sketch/hammock_claude/experiments/maurano_dhs_validation/results/raw_d/hammock_mnmzr_p22_jaccD_k20_w200.csv
22,20,200,jaccard_similarity,mode_B,400,0.9960519991483421,0.992159833775274,0.13429607019106862,0.13826478130261557,2.7652956260523114,0.17944004914978826,0.6931524547803617,0.9050320102772744,/home/jbonnie1/interval_sketch/hammock_claude/experiments/maurano_dhs_validation/results/raw_d/hammock_mnmzr_p22_jaccD_k20_w200.csv
22,25,30,jaccard_similarity,bedtools,400,0.9968086282843878,0.9871265850795305,0.09608017897349676,0.09993707430768385,1.9987414861536772,0.12684904897367502,0.6931524547803617,0.9050320102772744,/home/jbonnie1/interval_sketch/hammock_claude/experiments/maurano_dhs_validation/results/raw_d/hammock_mnmzr_p22_jaccD_k25_w30.csv
22,25,30,jaccard_similarity,mode_B,400,0.9986389263817304,0.9942286415104246,0.03487426235523859,0.0368114680308237,0.7362293606164739,0.07003058098923104,0.6931524547803617,0.9050320102772744,/home/jbonnie1/interval_sketch/hammock_claude/experiments/maurano_dhs_validation/results/raw_d/hammock_mnmzr_p22_jaccD_k25_w30.csv
22,25,50,jaccard_similarity,bedtools,400,0.9975148713315216,0.9883387653913518,0.06776422284139554,0.07092529526099749,1.4185059052199496,0.09459762379262715,0.6931524547803617,0.9050320102772744,/home/jbonnie1/interval_sketch/hammock_claude/experiments/maurano_dhs_validation/results/raw_d/hammock_mnmzr_p22_jaccD_k25_w50.csv
22,25,50,jaccard_similarity,mode_B,400,0.9986334064325041,0.9942706477588541,0.0631902184873398,0.06558391174151461,1.311678234830292,0.1017673641666216,0.6931524547803617,0.9050320102772744,/home/jbonnie1/interval_sketch/hammock_claude/experiments/maurano_dhs_validation/results/raw_d/hammock_mnmzr_p22_jaccD_k25_w50.csv
22,25,100,jaccard_similarity,bedtools,400,0.9985835415034163,0.9927284183522298,0.032558314985231596,0.03501284930956915,0.700256986191383,0.05159818905305366,0.6931524547803617,0.9050320102772744,/home/jbonnie1/interval_sketch/hammock_claude/experiments/maurano_dhs_validation/results/raw_d/hammock_mnmzr_p22_jaccD_k25_w100.csv
22,25,100,jaccard_similarity,mode_B,400,0.9986668025363914,0.9959749012665633,0.09839612634350375,0.10156691687149728,2.0313383374299456,0.13584364080484015,0.6931524547803617,0.9050320102772744,/home/jbonnie1/interval_sketch/hammock_claude/experiments/maurano_dhs_validation/results/raw_d/hammock_mnmzr_p22_jaccD_k25_w100.csv
22,25,200,jaccard_similarity,bedtools,400,0.996976258924458,0.9884842870376968,0.01057862051763163,0.015642411342823178,0.3128482268564636,0.0489042225983185,0.6931524547803617,0.9050320102772744,/home/jbonnie1/interval_sketch/hammock_claude/experiments/maurano_dhs_validation/results/raw_d/hammock_mnmzr_p22_jaccD_k25_w200.csv
22,25,200,jaccard_similarity,mode_B,400,0.9957394271215538,0.9918972947225899,0.13694911803904042,0.14098327275035044,2.8196654550070086,0.18269679178334605,0.6931524547803617,0.9050320102772744,/home/jbonnie1/interval_sketch/hammock_claude/experiments/maurano_dhs_validation/results/raw_d/hammock_mnmzr_p22_jaccD_k25_w200.csv
23,8,8,jaccard_similarity,bedtools,400,0.7119225102795196,0.503439636645951,0.6071524957323936,0.6308540512013978,12.617081024027955,0.8021739174473806,0.15306980656013458,0.6931433639913978,/home/jbonnie1/interval_sketch/hammock_claude/experiments/maurano_dhs_validation/results/raw_d/hammock_mnmzr_p23_jaccD_k8_w8.csv
23,8,8,jaccard_similarity,mode_B,400,0.702824299062796,0.4896915916242541,0.47619805440365826,0.4961403022756325,9.92280604551265,0.6549724986241384,0.15306980656013458,0.6931433639913978,/home/jbonnie1/interval_sketch/hammock_claude/experiments/maurano_dhs_validation/results/raw_d/hammock_mnmzr_p23_jaccD_k8_w8.csv
23,8,10,jaccard_similarity,bedtools,400,0.725342404601899,0.48385722376203455,0.5804004451027965,0.6034922713962149,12.069845427924298,0.7716355141374128,0.15306980656013458,0.6931433639913978,/home/jbonnie1/interval_sketch/hammock_claude/experiments/maurano_dhs_validation/results/raw_d/hammock_mnmzr_p23_jaccD_k8_w10.csv
23,8,10,jaccard_similarity,mode_B,400,0.7150794397509715,0.47019619168351284,0.4494460037740612,0.4688748763262835,9.37749752652567,0.6244340953141706,0.15306980656013458,0.6931433639913978,/home/jbonnie1/interval_sketch/hammock_claude/experiments/maurano_dhs_validation/results/raw_d/hammock_mnmzr_p23_jaccD_k8_w10.csv
23,8,20,jaccard_similarity,bedtools,400,0.6265144449528594,0.32052492808305233,0.4745723984812298,0.49820233291435434,9.964046658287087,0.6733658617122549,0.08915054667788058,0.6429193339871365,/home/jbonnie1/interval_sketch/hammock_claude/experiments/maurano_dhs_validation/results/raw_d/hammock_mnmzr_p23_jaccD_k8_w20.csv
23,8,20,jaccard_similarity,mode_B,400,0.6091690212155024,0.3019551658309173,0.34361795715249444,0.3650147729354718,7.300295458709436,0.5335817041736282,0.08915054667788058,0.6429193339871365,/home/jbonnie1/interval_sketch/hammock_claude/experiments/maurano_dhs_validation/results/raw_d/hammock_mnmzr_p23_jaccD_k8_w20.csv
23,8,30,jaccard_similarity,bedtools,400,0.615874547762605,0.26601131918372856,0.3681478088438528,0.3956223095570877,7.912446191141753,0.6007029402004839,0.08915054667788058,0.6429193339871365,/home/jbonnie1/interval_sketch/hammock_claude/experiments/maurano_dhs_validation/results/raw_d/hammock_mnmzr_p23_jaccD_k8_w30.csv
23,8,30,jaccard_similarity,mode_B,400,0.5959567979425968,0.2464259058534957,0.239620389764291,0.2666108633618456,5.332217267236912,0.4614340642222797,0.08915054667788058,0.6429193339871365,/home/jbonnie1/interval_sketch/hammock_claude/experiments/maurano_dhs_validation/results/raw_d/hammock_mnmzr_p23_jaccD_k8_w30.csv
23,8,50,jaccard_similarity,bedtools,400,0.6655756280690914,0.21447415303026324,0.18859230813255198,0.2222944787391581,4.445889574783163,0.471614207452526,0.05719091673675358,0.6064575692400684,/home/jbonnie1/interval_sketch/hammock_claude/experiments/maurano_dhs_validation/results/raw_d/hammock_mnmzr_p23_jaccD_k8_w50.csv
23,8,50,jaccard_similarity,mode_B,400,0.6424183104178592,0.19482272988106977,0.1062514842949027,0.1329676298995237,2.659352597990474,0.34608980331877254,0.05719091673675358,0.6064575692400684,/home/jbonnie1/interval_sketch/hammock_claude/experiments/maurano_dhs_validation/results/raw_d/hammock_mnmzr_p23_jaccD_k8_w50.csv
23,8,100,jaccard_similarity,bedtools,400,0.8090087632007281,0.1654783649067799,0.1377211840558329,0.1767805992146472,3.5356119842929434,0.4811808285176287,-0.006728343145500412,0.5837580697501935,/home/jbonnie1/interval_sketch/hammock_claude/experiments/maurano_dhs_validation/results/raw_d/hammock_mnmzr_p23_jaccD_k8_w100.csv
23,8,100,jaccard_similarity,mode_B,400,0.7849738292584059,0.1511497335228615,0.26525366465492717,0.2896636654664522,5.793273309329045,0.578926795009328,-0.006728343145500412,0.5837580697501935,/home/jbonnie1/interval_sketch/hammock_claude/experiments/maurano_dhs_validation/results/raw_d/hammock_mnmzr_p23_jaccD_k8_w100.csv
23,8,200,jaccard_similarity,bedtools,400,0.8252118707561169,0.3253196412966428,0.2669675418295564,0.29288984510343263,5.857796902068652,0.5967265109927946,0.08915054667788058,0.6704438645015228,/home/jbonnie1/interval_sketch/hammock_claude/experiments/maurano_dhs_validation/results/raw_d/hammock_mnmzr_p23_jaccD_k8_w200.csv
23,8,200,jaccard_similarity,mode_B,400,0.8028190194814452,0.330681438864031,0.39792198315829175,0.4180842024192517,8.361684048385033,0.6862657197940641,0.08915054667788058,0.6704438645015228,/home/jbonnie1/interval_sketch/hammock_claude/experiments/maurano_dhs_validation/results/raw_d/hammock_mnmzr_p23_jaccD_k8_w200.csv
23,8,300,jaccard_similarity,bedtools,400,0.8234087509410517,0.38982323620638565,0.2811241129810141,0.3067348351818783,6.134696703637566,0.6161708345427136,0.08915054667788058,0.6704438645015228,/home/jbonnie1/interval_sketch/hammock_claude/experiments/maurano_dhs_validation/results/raw_d/hammock_mnmzr_p23_jaccD_k8_w300.csv
23,8,300,jaccard_similarity,mode_B,400,0.8008746754203151,0.3960671649907923,0.41207855430974943,0.4324124298956928,8.648248597913856,0.7057100433439831,0.08915054667788058,0.6704438645015228,/home/jbonnie1/interval_sketch/hammock_claude/experiments/maurano_dhs_validation/results/raw_d/hammock_mnmzr_p23_jaccD_k8_w300.csv
23,8,500,jaccard_similarity,bedtools,400,0.8228591437449221,0.5214498156600794,0.28501857772726524,0.310564683242276,6.2112936648455195,0.6214425938641508,0.14082687338501293,0.7208145175115511,/home/jbonnie1/interval_sketch/hammock_claude/experiments/maurano_dhs_validation/results/raw_d/hammock_mnmzr_p23_jaccD_k8_w500.csv
23,8,500,jaccard_similarity,mode_B,400,0.8002729514068764,0.535526409553421,0.41597301905600065,0.43636446093319187,8.727289218663838,0.7109818026654203,0.14082687338501293,0.7208145175115511,/home/jbonnie1/interval_sketch/hammock_claude/experiments/maurano_dhs_validation/results/raw_d/hammock_mnmzr_p23_jaccD_k8_w500.csv
23,10,10,jaccard_similarity,bedtools,400,0.955053225149922,0.9229860441740708,0.5854036475248745,0.6074089869459376,12.148179738918753,0.7511762924855235,0.6931524547803617,0.9050320102772744,/home/jbonnie1/interval_sketch/hammock_claude/experiments/maurano_dhs_validation/results/raw_d/hammock_mnmzr_p23_jaccD_k10_w10.csv
23,10,10,jaccard_similarity,mode_B,400,0.9668163730848751,0.9432360563633839,0.45444920619613915,0.4725071851346542,9.450143702693083,0.6039748736622813,0.6931524547803617,0.9050320102772744,/home/jbonnie1/interval_sketch/hammock_claude/experiments/maurano_dhs_validation/results/raw_d/hammock_mnmzr_p23_jaccD_k10_w10.csv
23,10,20,jaccard_similarity,bedtools,400,0.9636373477240849,0.9141332273175633,0.5544791993432951,0.5754462129116242,11.508924258232485,0.712606928928905,0.6931524547803617,0.9050320102772744,/home/jbonnie1/interval_sketch/hammock_claude/experiments/maurano_dhs_validation/results/raw_d/hammock_mnmzr_p23_jaccD_k10_w20.csv
23,10,20,jaccard_similarity,mode_B,400,0.9709240837638657,0.9277912589497687,0.42352475801455985,0.44056501473763565,8.811300294752714,0.5654055101056628,0.6931524547803617,0.9050320102772744,/home/jbonnie1/interval_sketch/hammock_claude/experiments/maurano_dhs_validation/results/raw_d/hammock_mnmzr_p23_jaccD_k10_w20.csv
23,10,30,jaccard_similarity,bedtools,400,0.946257895929005,0.8427151038717008,0.5317097328570161,0.5522584957742916,11.045169915485832,0.6925611753790096,0.9101796407185628,0.9609882289630555,/home/jbonnie1/interval_sketch/hammock_claude/experiments/maurano_dhs_validation/results/raw_d/hammock_mnmzr_p23_jaccD_k10_w30.csv
23,10,30,jaccard_similarity,mode_B,400,0.9485716494689247,0.8508163089259527,0.40075529152828065,0.41746241182194177,8.349248236438836,0.5453597565557674,0.9101796407185628,0.9609882289630555,/home/jbonnie1/interval_sketch/hammock_claude/experiments/maurano_dhs_validation/results/raw_d/hammock_mnmzr_p23_jaccD_k10_w30.csv
23,10,50,jaccard_similarity,bedtools,400,0.8622219912567256,0.6364509220746585,0.4819341231779665,0.5022269730333384,10.044539460666767,0.6492966902788716,0.6997989083596667,0.8967760679767528,/home/jbonnie1/interval_sketch/hammock_claude/experiments/maurano_dhs_validation/results/raw_d/hammock_mnmzr_p23_jaccD_k10_w50.csv
23,10,50,jaccard_similarity,mode_B,400,0.8559499836970584,0.6329253976529008,0.3509796818492312,0.36786556677361326,7.357311335472265,0.5020952714556294,0.6997989083596667,0.8967760679767528,/home/jbonnie1/interval_sketch/hammock_claude/experiments/maurano_dhs_validation/results/raw_d/hammock_mnmzr_p23_jaccD_k10_w50.csv
23,10,100,jaccard_similarity,bedtools,400,0.7300207904102882,0.38237312800279033,0.28195350361107546,0.3084363184281997,6.168726368563994,0.4803104037017737,0.513058335367342,0.8313127828910567,/home/jbonnie1/interval_sketch/hammock_claude/experiments/maurano_dhs_validation/results/raw_d/hammock_mnmzr_p23_jaccD_k10_w100.csv
23,10,100,jaccard_similarity,mode_B,400,0.7136174845139166,0.3755741166498516,0.15844047538017367,0.1837526724568023,3.6750534491360463,0.33310898487853147,0.513058335367342,0.8313127828910567,/home/jbonnie1/interval_sketch/hammock_claude/experiments/maurano_dhs_validation/results/raw_d/hammock_mnmzr_p23_jaccD_k10_w100.csv
23,10,200,jaccard_similarity,bedtools,400,0.8386199100279794,0.37834352859987924,0.11375289904068814,0.1519284976639014,3.0385699532780284,0.416163915171605,0.08915054667788058,0.6704438645015228,/home/jbonnie1/interval_sketch/hammock_claude/experiments/maurano_dhs_validation/results/raw_d/hammock_mnmzr_p23_jaccD_k10_w200.csv
23,10,200,jaccard_similarity,mode_B,400,0.818905404587627,0.38611768500564453,0.24216681112157804,0.2633223920047607,5.266447840095214,0.5139098816633042,0.08915054667788058,0.6704438645015228,/home/jbonnie1/interval_sketch/hammock_claude/experiments/maurano_dhs_validation/results/raw_d/hammock_mnmzr_p23_jaccD_k10_w200.csv
23,10,300,jaccard_similarity,bedtools,400,0.8310698962903618,0.409674189035619,0.22186903936699678,0.24934907734139392,4.986981546827878,0.5387164962640321,0.08915054667788058,0.6704438645015228,/home/jbonnie1/interval_sketch/hammock_claude/experiments/maurano_dhs_validation/results/raw_d/hammock_mnmzr_p23_jaccD_k10_w300.csv
23,10,300,jaccard_similarity,mode_B,400,0.8094783596114933,0.4194196386712523,0.35282348069573216,0.37254910765665195,7.4509821531330385,0.6282557050653015,0.08915054667788058,0.6704438645015228,/home/jbonnie1/interval_sketch/hammock_claude/experiments/maurano_dhs_validation/results/raw_d/hammock_mnmzr_p23_jaccD_k10_w300.csv
23,10,500,jaccard_similarity,bedtools,400,0.8259880790924506,0.47022469592351857,0.2625187045353414,0.2885181860743558,5.770363721487116,0.5938015772741471,0.025231286795626584,0.6202198344972616,/home/jbonnie1/interval_sketch/hammock_claude/experiments/maurano_dhs_validation/results/raw_d/hammock_mnmzr_p23_jaccD_k10_w500.csv
23,10,500,jaccard_similarity,mode_B,400,0.8037945619025597,0.4848998788569799,0.3934731458640767,0.41354882341352517,8.270976468270502,0.6833407860754166,0.025231286795626584,0.6202198344972616,/home/jbonnie1/interval_sketch/hammock_claude/experiments/maurano_dhs_validation/results/raw_d/hammock_mnmzr_p23_jaccD_k10_w500.csv
23,15,20,jaccard_similarity,bedtools,400,0.9893742928328803,0.9623909056472149,0.1545869691556171,0.16101962995309702,3.22039259906194,0.2108114849911698,0.6931524547803617,0.9050320102772744,/home/jbonnie1/interval_sketch/hammock_claude/experiments/maurano_dhs_validation/results/raw_d/hammock_mnmzr_p23_jaccD_k15_w20.csv
23,15,20,jaccard_similarity,mode_B,400,0.9935473989966075,0.9749717770518364,0.02502683433803092,0.02963924525213624,0.5927849050427249,0.060079757328722394,0.6931524547803617,0.9050320102772744,/home/jbonnie1/interval_sketch/hammock_claude/experiments/maurano_dhs_validation/results/raw_d/hammock_mnmzr_p23_jaccD_k15_w20.csv
23,15,30,jaccard_similarity,bedtools,400,0.9912058400725114,0.9676476875935294,0.13583593442712621,0.14164918310294425,2.8329836620588846,0.18767471679839737,0.6931524547803617,0.9050320102772744,/home/jbonnie1/interval_sketch/hammock_claude/experiments/maurano_dhs_validation/results/raw_d/hammock_mnmzr_p23_jaccD_k15_w30.csv
23,15,30,jaccard_similarity,mode_B,400,0.9947785945328503,0.9788828588252501,0.013096544955019718,0.016243977681040408,0.3248795536208081,0.04329228926846995,0.6931524547803617,0.9050320102772744,/home/jbonnie1/interval_sketch/hammock_claude/experiments/maurano_dhs_validation/results/raw_d/hammock_mnmzr_p23_jaccD_k15_w30.csv
23,15,50,jaccard_similarity,bedtools,400,0.9929144104613687,0.9720673450175713,0.11637394054457671,0.1215583568184911,2.431167136369822,0.16419375443220083,0.6931524547803617,0.9050320102772744,/home/jbonnie1/interval_sketch/hammock_claude/experiments/maurano_dhs_validation/results/raw_d/hammock_mnmzr_p23_jaccD_k15_w50.csv
23,15,50,jaccard_similarity,mode_B,400,0.9958873388520671,0.9823528749901547,0.015925430057882665,0.020474872962354985,0.40949745924709974,0.062393291846609744,0.6931524547803617,0.9050320102772744,/home/jbonnie1/interval_sketch/hammock_claude/experiments/maurano_dhs_validation/results/raw_d/hammock_mnmzr_p23_jaccD_k15_w50.csv
23,15,100,jaccard_similarity,bedtools,400,0.9940194419156416,0.9744076931443552,0.0945207919785545,0.09925357515077272,1.9850715030154547,0.13950623598449183,0.6931524547803617,0.9050320102772744,/home/jbonnie1/interval_sketch/hammock_claude/experiments/maurano_dhs_validation/results/raw_d/hammock_mnmzr_p23_jaccD_k15_w100.csv
23,15,100,jaccard_similarity,mode_B,400,0.996411709032214,0.9843826769231921,0.036433649350180855,0.03969948746012832,0.7939897492025665,0.0842284972256141,0.6931524547803617,0.9050320102772744,/home/jbonnie1/interval_sketch/hammock_claude/experiments/maurano_dhs_validation/results/raw_d/hammock_mnmzr_p23_jaccD_k15_w100.csv
23,15,200,jaccard_similarity,bedtools,400,0.9904898413560791,0.9559729509764576,0.054617305977582166,0.06152804853355942,1.2305609706711884,0.10854252830628064,0.6931524547803617,0.9050320102772744,/home/jbonnie1/interval_sketch/hammock_claude/experiments/maurano_dhs_validation/results/raw_d/hammock_mnmzr_p23_jaccD_k15_w200.csv
23,15,200,jaccard_similarity,mode_B,400,0.9916032475289724,0.9683137866757678,0.07705564557980661,0.081191894597178,1.6238378919435603,0.1355894583011415,0.6931524547803617,0.9050320102772744,/home/jbonnie1/interval_sketch/hammock_claude/experiments/maurano_dhs_validation/results/raw_d/hammock_mnmzr_p23_jaccD_k15_w200.csv
23,20,20,jaccard_similarity,bedtools,400,0.9973601526306635,0.9882667546797586,0.0832169597227624,0.08665402197539585,1.7330804395079171,0.1112033144637607,0.6931524547803617,0.9050320102772744,/home/jbonnie1/interval_sketch/hammock_claude/experiments/maurano_dhs_validation/results/raw_d/hammock_mnmzr_p23_jaccD_k20_w20.csv
23,20,20,jaccard_similarity,mode_B,400,0.9987394528138405,0.994155130575673,0.047737481605972944,0.049791025326341054,0.9958205065268212,0.08413666261830666,0.6931524547803617,0.9050320102772744,/home/jbonnie1/interval_sketch/hammock_claude/experiments/maurano_dhs_validation/results/raw_d/hammock_mnmzr_p23_jaccD_k20_w20.csv
23,20,30,jaccard_similarity,bedtools,400,0.9981284492917124,0.9906611108402374,0.06202382447178544,0.06480730478081756,1.296146095616351,0.08581662319766575,0.6931524547803617,0.9050320102772744,/home/jbonnie1/interval_sketch/hammock_claude/experiments/maurano_dhs_validation/results/raw_d/hammock_mnmzr_p23_jaccD_k20_w30.csv
23,20,30,jaccard_similarity,mode_B,400,0.9988950658573295,0.9952953001759011,0.0689306168569499,0.07138448760168245,1.427689752033649,0.10583146625371709,0.6931524547803617,0.9050320102772744,/home/jbonnie1/interval_sketch/hammock_claude/experiments/maurano_dhs_validation/results/raw_d/hammock_mnmzr_p23_jaccD_k20_w30.csv
23,20,50,jaccard_similarity,bedtools,400,0.9989351745851881,0.9943726629336112,0.039224165402787545,0.04126739129142375,0.8253478258284749,0.05648712260907501,0.6931524547803617,0.9050320102772744,/home/jbonnie1/interval_sketch/hammock_claude/experiments/maurano_dhs_validation/results/raw_d/hammock_mnmzr_p23_jaccD_k20_w50.csv
23,20,50,jaccard_similarity,mode_B,400,0.999004076399135,0.9966815063740729,0.0917302759259478,0.09473877752207756,1.894775550441551,0.12707379732622975,0.6931524547803617,0.9050320102772744,/home/jbonnie1/interval_sketch/hammock_claude/experiments/maurano_dhs_validation/results/raw_d/hammock_mnmzr_p23_jaccD_k20_w50.csv
23,20,100,jaccard_similarity,bedtools,400,0.9993581959768998,0.99676701909409,0.01632248353015991,0.018129371230965544,0.3625874246193108,0.02877175315021585,0.6931524547803617,0.9050320102772744,/home/jbonnie1/interval_sketch/hammock_claude/experiments/maurano_dhs_validation/results/raw_d/hammock_mnmzr_p23_jaccD_k20_w100.csv
23,20,100,jaccard_similarity,mode_B,400,0.9987775684623968,0.9967265130688189,0.1146454813904633,0.1182617985233192,2.365235970466384,0.14807510033342217,0.6931524547803617,0.9050320102772744,/home/jbonnie1/interval_sketch/hammock_claude/experiments/maurano_dhs_validation/results/raw_d/hammock_mnmzr_p23_jaccD_k20_w100.csv
23,20,200,jaccard_similarity,bedtools,400,0.9976158763384653,0.9913617150551144,0.013137912137169689,0.018013050781453707,0.3602610156290741,0.05052168739213969,0.6931524547803617,0.9050320102772744,/home/jbonnie1/interval_sketch/hammock_claude/experiments/maurano_dhs_validation/results/raw_d/hammock_mnmzr_p23_jaccD_k20_w200.csv
23,20,200,jaccard_similarity,mode_B,400,0.9961207780680726,0.9934095196660502,0.14371972344641165,0.14788711069372398,2.9577422138744796,0.18656753064760026,0.6931524547803617,0.9050320102772744,/home/jbonnie1/interval_sketch/hammock_claude/experiments/maurano_dhs_validation/results/raw_d/hammock_mnmzr_p23_jaccD_k20_w200.csv
23,25,30,jaccard_similarity,bedtools,400,0.9981125514598856,0.9906311063770734,0.059848746807567715,0.06263189954586733,1.2526379909173466,0.08341133299194126,0.6931524547803617,0.9050320102772744,/home/jbonnie1/interval_sketch/hammock_claude/experiments/maurano_dhs_validation/results/raw_d/hammock_mnmzr_p23_jaccD_k25_w30.csv
23,25,30,jaccard_similarity,mode_B,400,0.9988465050357949,0.9953283050853814,0.07110569452116763,0.07360850565937194,1.4721701131874387,0.10870228346218913,0.6931524547803617,0.9050320102772744,/home/jbonnie1/interval_sketch/hammock_claude/experiments/maurano_dhs_validation/results/raw_d/hammock_mnmzr_p23_jaccD_k25_w30.csv
23,25,50,jaccard_similarity,bedtools,400,0.9989125008700701,0.9943396580241309,0.03711181368542748,0.03918078743992438,0.7836157487984877,0.05447284822153095,0.6931524547803617,0.9050320102772744,/home/jbonnie1/interval_sketch/hammock_claude/experiments/maurano_dhs_validation/results/raw_d/hammock_mnmzr_p23_jaccD_k25_w50.csv
23,25,50,jaccard_similarity,mode_B,400,0.9989541360728624,0.9967025094982878,0.09384262764330786,0.09690084200311185,1.938016840062237,0.12967469190351263,0.6931524547803617,0.9050320102772744,/home/jbonnie1/interval_sketch/hammock_claude/experiments/maurano_dhs_validation/results/raw_d/hammock_mnmzr_p23_jaccD_k25_w50.csv
23,25,100,jaccard_similarity,bedtools,400,0.9993156067497995,0.9966304987866944,0.014144407086485882,0.01607237417950202,0.32144748359004044,0.02676021839554063,0.6931524547803617,0.9050320102772744,/home/jbonnie1/interval_sketch/hammock_claude/experiments/maurano_dhs_validation/results/raw_d/hammock_mnmzr_p23_jaccD_k25_w100.csv
23,25,100,jaccard_similarity,mode_B,400,0.9986903852864774,0.9967205121761861,0.11694463853548542,0.12060907474376627,2.412181494875325,0.15090421175542756,0.6931524547803617,0.9050320102772744,/home/jbonnie1/interval_sketch/hammock_claude/experiments/maurano_dhs_validation/results/raw_d/hammock_mnmzr_p23_jaccD_k25_w100.csv
23,25,200,jaccard_similarity,bedtools,400,0.9974240271949298,0.9908906449834411,0.015599852880758444,0.020344224686108105,0.40688449372216207,0.05426042776861523,0.6931524547803617,0.9050320102772744,/home/jbonnie1/interval_sketch/hammock_claude/experiments/maurano_dhs_validation/results/raw_d/hammock_mnmzr_p23_jaccD_k25_w200.csv
23,25,200,jaccard_similarity,mode_B,400,0.9958117767362127,0.9930524665543998,0.14642933023254154,0.150660540331911,3.01321080663822,0.18983278751677282,0.6931524547803617,0.9050320102772744,/home/jbonnie1/interval_sketch/hammock_claude/experiments/maurano_dhs_validation/results/raw_d/hammock_mnmzr_p23_jaccD_k25_w200.csv
24,5,5,jaccard_similarity,bedtools,400,NA,NA,0.66015922,0.6853506311447812,13.707012622895625,0.864519,0.2809083263246426,0.7589502948916029,/home/jbonnie1/interval_sketch/hammock_claude/experiments/maurano_dhs_validation/results/raw_d/hammock_mnmzr_p24_jaccD_k5_w5.csv
24,5,5,jaccard_similarity,mode_B,400,NA,NA,0.5292047786712647,0.5505341743732504,11.010683487465007,0.7173175811767578,0.2809083263246426,0.7589502948916029,/home/jbonnie1/interval_sketch/hammock_claude/experiments/maurano_dhs_validation/results/raw_d/hammock_mnmzr_p24_jaccD_k5_w5.csv
24,5,20,jaccard_similarity,bedtools,400,0.7862303405894528,0.1866330116604845,0.1530335866091582,0.1923538205614893,3.847076411229786,0.522425549132948,0.08915054667788058,0.6429193339871365,/home/jbonnie1/interval_sketch/hammock_claude/experiments/maurano_dhs_validation/results/raw_d/hammock_mnmzr_p24_jaccD_k5_w20.csv
24,5,20,jaccard_similarity,mode_B,400,0.7612477047417676,0.16381761787065824,0.2774942382640686,0.30508851632592215,6.101770326518443,0.6201715156246472,0.08915054667788058,0.6429193339871365,/home/jbonnie1/interval_sketch/hammock_claude/experiments/maurano_dhs_validation/results/raw_d/hammock_mnmzr_p24_jaccD_k5_w20.csv
24,8,8,jaccard_similarity,bedtools,400,0.712272933940332,0.5033316205785611,0.6072502718955398,0.6309532749510066,12.619065499020133,0.8023822657328037,0.15306980656013458,0.6931433639913978,/home/jbonnie1/interval_sketch/hammock_claude/experiments/maurano_dhs_validation/results/raw_d/hammock_mnmzr_p24_jaccD_k8_w8.csv
24,8,8,jaccard_similarity,mode_B,400,0.7031648334658647,0.4896015782347624,0.47629583056680447,0.496239201353065,9.9247840270613,0.6551808469095615,0.15306980656013458,0.6931433639913978,/home/jbonnie1/interval_sketch/hammock_claude/experiments/maurano_dhs_validation/results/raw_d/hammock_mnmzr_p24_jaccD_k8_w8.csv
24,8,10,jaccard_similarity,bedtools,400,0.7257143845276711,0.48461633668008114,0.5805648137936226,0.6036574509383522,12.073149018767044,0.7717551262241569,0.15306980656013458,0.6931433639913978,/home/jbonnie1/interval_sketch/hammock_claude/experiments/maurano_dhs_validation/results/raw_d/hammock_mnmzr_p24_jaccD_k8_w10.csv
24,8,10,jaccard_similarity,mode_B,400,0.7154802789084831,0.4710708217847404,0.4496103724648873,0.4690389266446797,9.380778532893595,0.6245537074009146,0.15306980656013458,0.6931433639913978,/home/jbonnie1/interval_sketch/hammock_claude/experiments/maurano_dhs_validation/results/raw_d/hammock_mnmzr_p24_jaccD_k8_w10.csv
24,8,20,jaccard_similarity,bedtools,400,0.626699548948139,0.3204094108998713,0.47491647485467764,0.49853946737430305,9.970789347486061,0.6737445125284739,0.08915054667788058,0.6429193339871365,/home/jbonnie1/interval_sketch/hammock_claude/experiments/maurano_dhs_validation/results/raw_d/hammock_mnmzr_p24_jaccD_k8_w20.csv
24,8,20,jaccard_similarity,mode_B,400,0.6093474266279756,0.3018396486477363,0.3439620335259423,0.36534389186062677,7.306877837212535,0.5338051611324924,0.08915054667788058,0.6429193339871365,/home/jbonnie1/interval_sketch/hammock_claude/experiments/maurano_dhs_validation/results/raw_d/hammock_mnmzr_p24_jaccD_k8_w20.csv
24,8,30,jaccard_similarity,bedtools,400,0.6158619871502117,0.26600681851425395,0.36853979238033024,0.3959968627804894,7.9199372556097885,0.6009308955944478,0.08915054667788058,0.6429193339871365,/home/jbonnie1/interval_sketch/hammock_claude/experiments/maurano_dhs_validation/results/raw_d/hammock_mnmzr_p24_jaccD_k8_w30.csv
24,8,30,jaccard_similarity,mode_B,400,0.595946277267074,0.24640190228296455,0.23999756619385978,0.26696043930723995,5.339208786144799,0.46148969342017065,0.08915054667788058,0.6429193339871365,/home/jbonnie1/interval_sketch/hammock_claude/experiments/maurano_dhs_validation/results/raw_d/hammock_mnmzr_p24_jaccD_k8_w30.csv
24,8,50,jaccard_similarity,bedtools,400,0.665333998779166,0.21422661620916109,0.18887507192063197,0.22258749666487035,4.451749933297407,0.47190720989862855,0.05719091673675358,0.6064575692400684,/home/jbonnie1/interval_sketch/hammock_claude/experiments/maurano_dhs_validation/results/raw_d/hammock_mnmzr_p24_jaccD_k8_w50.csv
24,8,50,jaccard_similarity,mode_B,400,0.6421743072388648,0.19456919216733487,0.10636352081050383,0.13309975536944596,2.661995107388919,0.34581022620958446,0.05719091673675358,0.6064575692400684,/home/jbonnie1/interval_sketch/hammock_claude/experiments/maurano_dhs_validation/results/raw_d/hammock_mnmzr_p24_jaccD_k8_w50.csv
24,8,100,jaccard_similarity,bedtools,400,0.8090140728674784,0.16609495662479792,0.13773332480303804,0.17679988328408838,3.535997665681768,0.4812006241484461,-0.006728343145500412,0.5837580697501935,/home/jbonnie1/interval_sketch/hammock_claude/experiments/maurano_dhs_validation/results/raw_d/hammock_mnmzr_p24_jaccD_k8_w100.csv
24,8,100,jaccard_similarity,mode_B,400,0.7849806291043958,0.1517573239019304,0.2652769340624275,0.2896871593071923,5.793743186143846,0.5789465906401453,-0.006728343145500412,0.5837580697501935,/home/jbonnie1/interval_sketch/hammock_claude/experiments/maurano_dhs_validation/results/raw_d/hammock_mnmzr_p24_jaccD_k8_w100.csv
24,8,200,jaccard_similarity,bedtools,400,0.825223938308697,0.3239859429090077,0.2673042426933863,0.2932115064091777,5.864230128183554,0.5970759862156859,0.08915054667788058,0.6704438645015228,/home/jbonnie1/interval_sketch/hammock_claude/experiments/maurano_dhs_validation/results/raw_d/hammock_mnmzr_p24_jaccD_k8_w200.csv
24,8,200,jaccard_similarity,mode_B,400,0.8028345475578497,0.3295097645774809,0.39825868402212167,0.4184205921902225,8.36841184380445,0.6866151950169554,0.08915054667788058,0.6704438645015228,/home/jbonnie1/interval_sketch/hammock_claude/experiments/maurano_dhs_validation/results/raw_d/hammock_mnmzr_p24_jaccD_k8_w200.csv
24,8,300,jaccard_similarity,bedtools,400,0.8234448367430963,0.37909814084845117,0.2817990349872434,0.3073814082043577,6.147628164087154,0.6168525406456632,0.08915054667788058,0.6704438645015228,/home/jbonnie1/interval_sketch/hammock_claude/experiments/maurano_dhs_validation/results/raw_d/hammock_mnmzr_p24_jaccD_k8_w300.csv
24,8,300,jaccard_similarity,mode_B,400,0.8009127305378053,0.38502702276963696,0.41275347631597875,0.43308666583750427,8.661733316750086,0.7063917494469327,0.08915054667788058,0.6704438645015228,/home/jbonnie1/interval_sketch/hammock_claude/experiments/maurano_dhs_validation/results/raw_d/hammock_mnmzr_p24_jaccD_k8_w300.csv
24,8,500,jaccard_similarity,bedtools,400,0.8228771224767912,0.47702970816909007,0.2860902674784109,0.3115978794229837,6.231957588459675,0.6225480100166945,0.059405940594059396,0.6549718853242067,/home/jbonnie1/interval_sketch/hammock_claude/experiments/maurano_dhs_validation/results/raw_d/hammock_mnmzr_p24_jaccD_k8_w500.csv
24,8,500,jaccard_similarity,mode_B,400,0.8002922020060749,0.48610605827616854,0.4170447088071462,0.43743844330207854,8.748768866041571,0.712087218817964,0.059405940594059396,0.6549718853242067,/home/jbonnie1/interval_sketch/hammock_claude/experiments/maurano_dhs_validation/results/raw_d/hammock_mnmzr_p24_jaccD_k8_w500.csv
24,10,10,jaccard_similarity,bedtools,400,0.954991381443038,0.9226604957487425,0.585077389846782,0.6070690995305901,12.141381990611801,0.7507424207313741,0.6931524547803617,0.9050320102772744,/home/jbonnie1/interval_sketch/hammock_claude/experiments/maurano_dhs_validation/results/raw_d/hammock_mnmzr_p24_jaccD_k10_w10.csv
24,10,10,jaccard_similarity,mode_B,400,0.9667526232198402,0.9429255101696377,0.4541229485180467,0.4721669469173192,9.443338938346384,0.6035410019081319,0.6931524547803617,0.9050320102772744,/home/jbonnie1/interval_sketch/hammock_claude/experiments/maurano_dhs_validation/results/raw_d/hammock_mnmzr_p24_jaccD_k10_w10.csv
24,10,20,jaccard_similarity,bedtools,400,0.9637154833818983,0.9147963259534855,0.554236325974603,0.5751916077478147,11.503832154956294,0.7122715690011154,0.6931524547803617,0.9050320102772744,/home/jbonnie1/interval_sketch/hammock_claude/experiments/maurano_dhs_validation/results/raw_d/hammock_mnmzr_p24_jaccD_k10_w20.csv
24,10,20,jaccard_similarity,mode_B,400,0.9710369780623624,0.9285188671814931,0.4232818846458677,0.440309784501586,8.80619569003172,0.5650701501778732,0.6931524547803617,0.9050320102772744,/home/jbonnie1/interval_sketch/hammock_claude/experiments/maurano_dhs_validation/results/raw_d/hammock_mnmzr_p24_jaccD_k10_w20.csv
24,10,30,jaccard_similarity,bedtools,400,0.946291742630389,0.8427451083348647,0.5316890892835783,0.5522346319995347,11.044692639990695,0.6925950067787174,0.9101796407185628,0.9609882289630555,/home/jbonnie1/interval_sketch/hammock_claude/experiments/maurano_dhs_validation/results/raw_d/hammock_mnmzr_p24_jaccD_k10_w30.csv
24,10,30,jaccard_similarity,mode_B,400,0.948620285562409,0.8509288256628172,0.400734647954843,0.4174382586567028,8.348765173134057,0.5453935879554752,0.9101796407185628,0.9609882289630555,/home/jbonnie1/interval_sketch/hammock_claude/experiments/maurano_dhs_validation/results/raw_d/hammock_mnmzr_p24_jaccD_k10_w30.csv
24,10,50,jaccard_similarity,bedtools,400,0.8623939936308336,0.6370420099989872,0.48199835198362434,0.502290235620099,10.04580471240198,0.6494106747506405,0.6997989083596667,0.8967760679767528,/home/jbonnie1/interval_sketch/hammock_claude/experiments/maurano_dhs_validation/results/raw_d/hammock_mnmzr_p24_jaccD_k10_w50.csv
24,10,50,jaccard_similarity,mode_B,400,0.8561268101901088,0.6335629924951335,0.351043910654889,0.3679279291558753,7.358558583117507,0.5022092559273983,0.6997989083596667,0.8967760679767528,/home/jbonnie1/interval_sketch/hammock_claude/experiments/maurano_dhs_validation/results/raw_d/hammock_mnmzr_p24_jaccD_k10_w50.csv
24,10,100,jaccard_similarity,bedtools,400,0.7301799661224282,0.38241213380490346,0.2819590444767058,0.3084344739127143,6.1686894782542865,0.48030472665525004,0.513058335367342,0.8313127828910567,/home/jbonnie1/interval_sketch/hammock_claude/experiments/maurano_dhs_validation/results/raw_d/hammock_mnmzr_p24_jaccD_k10_w100.csv
24,10,100,jaccard_similarity,mode_B,400,0.7137855746441293,0.37566112959302694,0.1584408044835508,0.1837449740206301,3.6748994804126016,0.3331033078320078,0.513058335367342,0.8313127828910567,/home/jbonnie1/interval_sketch/hammock_claude/experiments/maurano_dhs_validation/results/raw_d/hammock_mnmzr_p24_jaccD_k10_w100.csv
24,10,200,jaccard_similarity,bedtools,400,0.8385569641445513,0.37729187216598464,0.11396508464528009,0.15211052942721387,3.042210588544277,0.4163721520674568,0.08915054667788058,0.6704438645015228,/home/jbonnie1/interval_sketch/hammock_claude/experiments/maurano_dhs_validation/results/raw_d/hammock_mnmzr_p24_jaccD_k10_w200.csv
24,10,200,jaccard_similarity,mode_B,400,0.8188478313860952,0.38521755111072764,0.24238012829558273,0.26353972441841567,5.270794488368313,0.514118118559156,0.08915054667788058,0.6704438645015228,/home/jbonnie1/interval_sketch/hammock_claude/experiments/maurano_dhs_validation/results/raw_d/hammock_mnmzr_p24_jaccD_k10_w200.csv
24,10,300,jaccard_similarity,bedtools,400,0.8310933737757498,0.40703229605403796,0.22254718674675372,0.24998144581806722,4.9996289163613445,0.5395001723311239,0.08915054667788058,0.6704438645015228,/home/jbonnie1/interval_sketch/hammock_claude/experiments/maurano_dhs_validation/results/raw_d/hammock_mnmzr_p24_jaccD_k10_w300.csv
24,10,300,jaccard_similarity,mode_B,400,0.8095065116523107,0.4166517269443829,0.35350162807548907,0.3732238179551542,7.464476359103084,0.6290393811323935,0.08915054667788058,0.6704438645015228,/home/jbonnie1/interval_sketch/hammock_claude/experiments/maurano_dhs_validation/results/raw_d/hammock_mnmzr_p24_jaccD_k10_w300.csv
24,10,500,jaccard_similarity,bedtools,400,0.826002003586475,0.46017320076361357,0.2635969451994682,0.2895491992885215,5.79098398577043,0.5949613357431207,0.025231286795626584,0.6202198344972616,/home/jbonnie1/interval_sketch/hammock_claude/experiments/maurano_dhs_validation/results/raw_d/hammock_mnmzr_p24_jaccD_k10_w500.csv
24,10,500,jaccard_similarity,mode_B,400,0.8038094724286732,0.47473886740652665,0.39455138652820354,0.4146277336011115,8.29255467202223,0.6845005445443902,0.025231286795626584,0.6202198344972616,/home/jbonnie1/interval_sketch/hammock_claude/experiments/maurano_dhs_validation/results/raw_d/hammock_mnmzr_p24_jaccD_k10_w500.csv
24,15,20,jaccard_similarity,bedtools,400,0.9923517643215624,0.9706691370341337,0.1265911515619546,0.13203514624823987,2.6407029249647977,0.1760534629486896,0.6931524547803617,0.9050320102772744,/home/jbonnie1/interval_sketch/hammock_claude/experiments/maurano_dhs_validation/results/raw_d/hammock_mnmzr_p24_jaccD_k15_w20.csv
24,15,20,jaccard_similarity,mode_B,400,0.9955405309512616,0.9811106902151693,0.011552297793732133,0.015069381397510963,0.3013876279502193,0.052201370499566135,0.6931524547803617,0.9050320102772744,/home/jbonnie1/interval_sketch/hammock_claude/experiments/maurano_dhs_validation/results/raw_d/hammock_mnmzr_p24_jaccD_k15_w20.csv
24,15,30,jaccard_similarity,bedtools,400,0.9935565488478786,0.9743746882348748,0.11383204510836178,0.11882112427496541,2.376422485499308,0.15967237350147775,0.6931524547803617,0.9050320102772744,/home/jbonnie1/interval_sketch/hammock_claude/experiments/maurano_dhs_validation/results/raw_d/hammock_mnmzr_p24_jaccD_k15_w30.csv
24,15,30,jaccard_similarity,mode_B,400,0.9963320763449144,0.9840691302831295,0.0177180880530509,0.022016801291295816,0.44033602582591636,0.06431783508930894,0.6931524547803617,0.9050320102772744,/home/jbonnie1/interval_sketch/hammock_claude/experiments/maurano_dhs_validation/results/raw_d/hammock_mnmzr_p24_jaccD_k15_w30.csv
24,15,50,jaccard_similarity,bedtools,400,0.9944675629474442,0.9764915031110877,0.101484615920054,0.106085039415065,2.1217007883013004,0.14479906757768732,0.6931524547803617,0.9050320102772744,/home/jbonnie1/interval_sketch/hammock_claude/experiments/maurano_dhs_validation/results/raw_d/hammock_mnmzr_p24_jaccD_k15_w50.csv
24,15,50,jaccard_similarity,mode_B,400,0.9968821217571979,0.9857448795508331,0.029469825408681337,0.032728981788391454,0.6545796357678291,0.07590989877128568,0.6931524547803617,0.9050320102772744,/home/jbonnie1/interval_sketch/hammock_claude/experiments/maurano_dhs_validation/results/raw_d/hammock_mnmzr_p24_jaccD_k15_w50.csv
24,15,100,jaccard_similarity,bedtools,400,0.9948559867015301,0.9768245526522069,0.08665411006099936,0.09106736055464011,1.8213472110928024,0.12906033207940312,0.6931524547803617,0.9050320102772744,/home/jbonnie1/interval_sketch/hammock_claude/experiments/maurano_dhs_validation/results/raw_d/hammock_mnmzr_p24_jaccD_k15_w100.csv
24,15,100,jaccard_similarity,mode_B,400,0.9969326460473998,0.9861244360098564,0.044300331267735985,0.047159780877621196,0.9431956175524239,0.09097040343110396,0.6931524547803617,0.9050320102772744,/home/jbonnie1/interval_sketch/hammock_claude/experiments/maurano_dhs_validation/results/raw_d/hammock_mnmzr_p24_jaccD_k15_w100.csv
24,15,200,jaccard_similarity,bedtools,400,0.9909356746391592,0.9576096944420481,0.05109489010094274,0.057865689575630895,1.157313791512618,0.10362524660275141,0.6931524547803617,0.9050320102772744,/home/jbonnie1/interval_sketch/hammock_claude/experiments/maurano_dhs_validation/results/raw_d/hammock_mnmzr_p24_jaccD_k15_w200.csv
24,15,200,jaccard_similarity,mode_B,400,0.9919118148516455,0.9697119946592054,0.08073861473611949,0.08477636203824497,1.6955272407648994,0.13870450166856507,0.6931524547803617,0.9050320102772744,/home/jbonnie1/interval_sketch/hammock_claude/experiments/maurano_dhs_validation/results/raw_d/hammock_mnmzr_p24_jaccD_k15_w200.csv
24,20,20,jaccard_similarity,bedtools,400,0.9987647606369262,0.9935490404197622,0.04934232294463707,0.05160092340863708,1.0320184681727418,0.06867104375833438,0.6931524547803617,0.9050320102772744,/home/jbonnie1/interval_sketch/hammock_claude/experiments/maurano_dhs_validation/results/raw_d/hammock_mnmzr_p24_jaccD_k20_w20.csv
24,20,20,jaccard_similarity,mode_B,400,0.9990418275268502,0.9964189673213889,0.08161211838409828,0.08434997657183951,1.6869995314367903,0.11711825820789087,0.6931524547803617,0.9050320102772744,/home/jbonnie1/interval_sketch/hammock_claude/experiments/maurano_dhs_validation/results/raw_d/hammock_mnmzr_p24_jaccD_k20_w20.csv
24,20,30,jaccard_similarity,bedtools,400,0.9992506784827366,0.9959824023823544,0.03444368088647247,0.0361656366529031,0.723312733058062,0.04900132030966764,0.6931524547803617,0.9050320102772744,/home/jbonnie1/interval_sketch/hammock_claude/experiments/maurano_dhs_validation/results/raw_d/hammock_mnmzr_p24_jaccD_k20_w30.csv
24,20,30,jaccard_similarity,mode_B,400,0.9990551770726253,0.9970805657341528,0.09651076044226288,0.09965424986142755,1.993084997228551,0.13032683460904115,0.6931524547803617,0.9050320102772744,/home/jbonnie1/interval_sketch/hammock_claude/experiments/maurano_dhs_validation/results/raw_d/hammock_mnmzr_p24_jaccD_k20_w30.csv
24,20,50,jaccard_similarity,bedtools,400,0.9995606033061127,0.9976581516500579,0.020322912457530044,0.02163462708187043,0.4326925416374086,0.03141893755152614,0.6931524547803617,0.9050320102772744,/home/jbonnie1/interval_sketch/hammock_claude/experiments/maurano_dhs_validation/results/raw_d/hammock_mnmzr_p24_jaccD_k20_w50.csv
24,20,50,jaccard_similarity,mode_B,400,0.9989447471939475,0.9968420302519998,0.11063152887120531,0.11418785368533725,2.283757073706745,0.14282761556457246,0.6931524547803617,0.9050320102772744,/home/jbonnie1/interval_sketch/hammock_claude/experiments/maurano_dhs_validation/results/raw_d/hammock_mnmzr_p24_jaccD_k20_w50.csv
24,20,100,jaccard_similarity,bedtools,400,0.9996163066320469,0.9980017027532844,0.007310808314673186,0.00864217390738347,0.1728434781476694,0.016357295509136782,0.6931524547803617,0.9050320102772744,/home/jbonnie1/interval_sketch/hammock_claude/experiments/maurano_dhs_validation/results/raw_d/hammock_mnmzr_p24_jaccD_k20_w100.csv
24,20,100,jaccard_similarity,mode_B,400,0.998663972501711,0.9964804764708749,0.12428491666355246,0.12819668993951988,2.5639337987903974,0.15567012283824497,0.6931524547803617,0.9050320102772744,/home/jbonnie1/interval_sketch/hammock_claude/experiments/maurano_dhs_validation/results/raw_d/hammock_mnmzr_p24_jaccD_k20_w100.csv
24,20,200,jaccard_similarity,bedtools,400,0.9977763303214141,0.992390868141636,0.016979419188163217,0.02095995571081198,0.4191991142162396,0.05285189792392697,0.6931524547803617,0.9050320102772744,/home/jbonnie1/interval_sketch/hammock_claude/experiments/maurano_dhs_validation/results/raw_d/hammock_mnmzr_p24_jaccD_k20_w200.csv
24,20,200,jaccard_similarity,mode_B,400,0.9961167822750419,0.9939390984408929,0.14793386051689855,0.1522000584368441,3.0440011687368815,0.18989514596342552,0.6931524547803617,0.9050320102772744,/home/jbonnie1/interval_sketch/hammock_claude/experiments/maurano_dhs_validation/results/raw_d/hammock_mnmzr_p24_jaccD_k20_w200.csv
24,25,30,jaccard_similarity,bedtools,400,0.9992461956005547,0.9958983898854954,0.03218025769674862,0.03391262955459541,0.6782525910919083,0.04684257414442752,0.6931524547803617,0.9050320102772744,/home/jbonnie1/interval_sketch/hammock_claude/experiments/maurano_dhs_validation/results/raw_d/hammock_mnmzr_p24_jaccD_k25_w30.csv
24,25,30,jaccard_similarity,mode_B,400,0.9990106296718492,0.997089567073102,0.09877418363198673,0.10196634895819821,2.039326979163964,0.1330698985743922,0.6931524547803617,0.9050320102772744,/home/jbonnie1/interval_sketch/hammock_claude/experiments/maurano_dhs_validation/results/raw_d/hammock_mnmzr_p24_jaccD_k25_w30.csv
24,25,50,jaccard_similarity,bedtools,400,0.9995526681794765,0.9977346630311258,0.018149415798546377,0.019513498773872776,0.3902699754774555,0.029116143904440506,0.6931524547803617,0.9050320102772744,/home/jbonnie1/interval_sketch/hammock_claude/experiments/maurano_dhs_validation/results/raw_d/hammock_mnmzr_p24_jaccD_k25_w50.csv
24,25,50,jaccard_similarity,mode_B,400,0.998898919047595,0.9969485460962317,0.11280502553018897,0.1164089534347718,2.328179068695436,0.14530821556594592,0.6931524547803617,0.9050320102772744,/home/jbonnie1/interval_sketch/hammock_claude/experiments/maurano_dhs_validation/results/raw_d/hammock_mnmzr_p24_jaccD_k25_w50.csv
24,25,100,jaccard_similarity,bedtools,400,0.9995843595715421,0.9980017027532844,0.006083508544629423,0.0070391795200414635,0.14078359040082924,0.01396153421716606,0.6931524547803617,0.9050320102772744,/home/jbonnie1/interval_sketch/hammock_claude/experiments/maurano_dhs_validation/results/raw_d/hammock_mnmzr_p24_jaccD_k25_w100.csv
24,25,100,jaccard_similarity,mode_B,400,0.9985837039768495,0.9964639740161347,0.1266212719405026,0.1305809618661598,2.611619237323196,0.15835636549699897,0.6931524547803617,0.9050320102772744,/home/jbonnie1/interval_sketch/hammock_claude/experiments/maurano_dhs_validation/results/raw_d/hammock_mnmzr_p24_jaccD_k25_w100.csv
24,25,200,jaccard_similarity,bedtools,400,0.9975833191887765,0.9921253286426355,0.019659958710408147,0.02347954246486617,0.46959084929732336,0.056652268003259676,0.6931524547803617,0.9050320102772744,/home/jbonnie1/interval_sketch/hammock_claude/experiments/maurano_dhs_validation/results/raw_d/hammock_mnmzr_p24_jaccD_k25_w200.csv
24,25,200,jaccard_similarity,mode_B,400,0.9958084582793786,0.9937200658597966,0.1506144000391435,0.1549420706485862,3.0988414129717237,0.19318130423344843,0.6931524547803617,0.9050320102772744,/home/jbonnie1/interval_sketch/hammock_claude/experiments/maurano_dhs_validation/results/raw_d/hammock_mnmzr_p24_jaccD_k25_w200.csv
10,8,8,jaccard_similarity_with_ends,bedtools,400,0.6758030942507514,0.364223677617209,0.6432500403125,0.6680692524975115,13.36138504995023,0.8440111875,0.05111633372502939,0.6469286008627235,/home/jbonnie1/interval_sketch/hammock_claude/experiments/maurano_dhs_validation/results/raw_d/hammock_mnmzr_p10_jaccD_k8_w8.csv
10,8,8,jaccard_similarity_with_ends,mode_B,400,0.666252507212824,0.36966667417005117,0.5122955989837646,0.5332786933360021,10.665573866720042,0.6968097686767578,0.05111633372502939,0.6469286008627235,/home/jbonnie1/interval_sketch/hammock_claude/experiments/maurano_dhs_validation/results/raw_d/hammock_mnmzr_p10_jaccD_k8_w8.csv
10,8,10,jaccard_similarity_with_ends,bedtools,400,0.6879725451277343,0.3869155585281896,0.6407109778125,0.6654689273576789,13.309378547153578,0.8401049375,0.12245975191343363,0.710946868413073,/home/jbonnie1/interval_sketch/hammock_claude/experiments/maurano_dhs_validation/results/raw_d/hammock_mnmzr_p10_jaccD_k8_w10.csv
10,8,10,jaccard_similarity_with_ends,mode_B,400,0.6743546863194566,0.3742604962419072,0.5097565364837646,0.5306897006366451,10.613794012732903,0.6929035186767578,0.12245975191343363,0.710946868413073,/home/jbonnie1/interval_sketch/hammock_claude/experiments/maurano_dhs_validation/results/raw_d/hammock_mnmzr_p10_jaccD_k8_w10.csv
10,8,20,jaccard_similarity_with_ends,bedtools,400,0.6442561133620195,0.4494767999484451,0.62844047,0.6528404345327362,13.056808690654723,0.823503375,0.08915054667788058,0.6429193339871365,/home/jbonnie1/interval_sketch/hammock_claude/experiments/maurano_dhs_validation/results/raw_d/hammock_mnmzr_p10_jaccD_k8_w20.csv
10,8,20,jaccard_similarity_with_ends,mode_B,400,0.6340124628905593,0.43566525518670585,0.4974860286712646,0.518086037512274,10.36172075024548,0.6763019561767578,0.08915054667788058,0.6429193339871365,/home/jbonnie1/interval_sketch/hammock_claude/experiments/maurano_dhs_validation/results/raw_d/hammock_mnmzr_p10_jaccD_k8_w20.csv
10,8,30,jaccard_similarity_with_ends,bedtools,400,0.5658093479089743,0.2892220379275468,0.618391641875,0.6428762673511657,12.857525347023312,0.82155025,0.13175932977913174,0.6770996602888701,/home/jbonnie1/interval_sketch/hammock_claude/experiments/maurano_dhs_validation/results/raw_d/hammock_mnmzr_p10_jaccD_k8_w30.csv
10,8,30,jaccard_similarity_with_ends,mode_B,400,0.5487783877522646,0.2759364532664603,0.48743720054626466,0.5081977256484912,10.163954512969825,0.6743488311767578,0.13175932977913174,0.6770996602888701,/home/jbonnie1/interval_sketch/hammock_claude/experiments/maurano_dhs_validation/results/raw_d/hammock_mnmzr_p10_jaccD_k8_w30.csv
10,8,50,jaccard_similarity_with_ends,bedtools,400,0.5077106340928528,0.18464747297982992,0.59291312625,0.6173645467729233,12.347290935458465,0.8088549375,0.05719091673675358,0.6064575692400684,/home/jbonnie1/interval_sketch/hammock_claude/experiments/maurano_dhs_validation/results/raw_d/hammock_mnmzr_p10_jaccD_k8_w50.csv
10,8,50,jaccard_similarity_with_ends,mode_B,400,0.4873272185802772,0.17024922534274903,0.46195868492126463,0.48289016006404306,9.657803201280862,0.6616535186767578,0.05719091673675358,0.6064575692400684,/home/jbonnie1/interval_sketch/hammock_claude/experiments/maurano_dhs_validation/results/raw_d/hammock_mnmzr_p10_jaccD_k8_w50.csv
10,8,100,jaccard_similarity_with_ends,bedtools,400,0.5130427135003053,0.15712178859206377,0.5074639075,0.5326027669786038,10.652055339572074,0.7365893125,0.05719091673675358,0.6064575692400684,/home/jbonnie1/interval_sketch/hammock_claude/experiments/maurano_dhs_validation/results/raw_d/hammock_mnmzr_p10_jaccD_k8_w100.csv
10,8,100,jaccard_similarity_with_ends,mode_B,400,0.49378319738639487,0.14398185835139138,0.37650946617126463,0.39923806030221803,7.98476120604436,0.5893878936767578,0.05719091673675358,0.6064575692400684,/home/jbonnie1/interval_sketch/hammock_claude/experiments/maurano_dhs_validation/results/raw_d/hammock_mnmzr_p10_jaccD_k8_w100.csv
10,8,200,jaccard_similarity_with_ends,bedtools,400,0.7639411102637357,0.24688630655868798,0.2731632471875,0.30012623326414817,6.002524665282963,0.48072993750000004,0.08915054667788058,0.6704438645015228,/home/jbonnie1/interval_sketch/hammock_claude/experiments/maurano_dhs_validation/results/raw_d/hammock_mnmzr_p10_jaccD_k8_w200.csv
10,8,200,jaccard_similarity_with_ends,mode_B,400,0.7459156574200139,0.2520593554018848,0.15483200073242187,0.17456829751787573,3.491365950357514,0.3335285186767578,0.08915054667788058,0.6704438645015228,/home/jbonnie1/interval_sketch/hammock_claude/experiments/maurano_dhs_validation/results/raw_d/hammock_mnmzr_p10_jaccD_k8_w200.csv
10,8,300,jaccard_similarity_with_ends,bedtools,400,0.8094174592342254,0.21882093895779534,0.158520434375,0.17420882409736574,3.4841764819473147,0.33912837500000004,0.09558263518659557,0.668387525116221,/home/jbonnie1/interval_sketch/hammock_claude/experiments/maurano_dhs_validation/results/raw_d/hammock_mnmzr_p10_jaccD_k8_w300.csv
10,8,300,jaccard_similarity_with_ends,mode_B,400,0.7881804833240909,0.21980591599829524,0.06867958068847656,0.09362004074708315,1.8724008149416629,0.25838708877563477,0.09558263518659557,0.668387525116221,/home/jbonnie1/interval_sketch/hammock_claude/experiments/maurano_dhs_validation/results/raw_d/hammock_mnmzr_p10_jaccD_k8_w300.csv
10,8,500,jaccard_similarity_with_ends,bedtools,400,0.8156730603303997,0.15615118340012518,0.0968950665625,0.11793439679501069,2.358687935900214,0.2841685625,-0.04912414318354913,0.5704694160188368,/home/jbonnie1/interval_sketch/hammock_claude/experiments/maurano_dhs_validation/results/raw_d/hammock_mnmzr_p10_jaccD_k8_w500.csv
10,8,500,jaccard_similarity_with_ends,mode_B,400,0.7933203415223655,0.15704019633530894,0.0893708324432373,0.1247084826874658,2.494169653749316,0.37752771377563477,-0.04912414318354913,0.5704694160188368,/home/jbonnie1/interval_sketch/hammock_claude/experiments/maurano_dhs_validation/results/raw_d/hammock_mnmzr_p10_jaccD_k8_w500.csv
10,10,10,jaccard_similarity_with_ends,bedtools,400,0.8067049821349023,0.26454846301082147,0.4443535559375,0.4677160480796451,9.354320961592903,0.639909625,-0.022238163558106164,0.6490134966953138,/home/jbonnie1/interval_sketch/hammock_claude/experiments/maurano_dhs_validation/results/raw_d/hammock_mnmzr_p10_jaccD_k10_w10.csv
10,10,10,jaccard_similarity_with_ends,mode_B,400,0.7891638511167213,0.28247652454555394,0.31339911460876463,0.3340763797499077,6.681527594998155,0.4927082061767578,-0.022238163558106164,0.6490134966953138,/home/jbonnie1/interval_sketch/hammock_claude/experiments/maurano_dhs_validation/results/raw_d/hammock_mnmzr_p10_jaccD_k10_w10.csv
10,10,20,jaccard_similarity_with_ends,bedtools,400,0.8152428403900371,0.2934314142569456,0.4205351965625,0.44376293995604604,8.875258799120921,0.6174486875,0.11406025824964132,0.6930907020609455,/home/jbonnie1/interval_sketch/hammock_claude/experiments/maurano_dhs_validation/results/raw_d/hammock_mnmzr_p10_jaccD_k10_w20.csv
10,10,20,jaccard_similarity_with_ends,mode_B,400,0.7973269631541721,0.30620303721693987,0.28958075523376464,0.31043677927034463,6.208735585406893,0.4702472686767578,0.11406025824964132,0.6930907020609455,/home/jbonnie1/interval_sketch/hammock_claude/experiments/maurano_dhs_validation/results/raw_d/hammock_mnmzr_p10_jaccD_k10_w20.csv
10,10,30,jaccard_similarity_with_ends,bedtools,400,0.8083247821723122,0.23789757105378284,0.4124101965625,0.4357928516150927,8.715857032301853,0.612565875,-0.027923211169284465,0.6408053696082259,/home/jbonnie1/interval_sketch/hammock_claude/experiments/maurano_dhs_validation/results/raw_d/hammock_mnmzr_p10_jaccD_k10_w30.csv
10,10,30,jaccard_similarity_with_ends,mode_B,400,0.790865980215163,0.25553045153118864,0.28145575523376465,0.30261874493493013,6.052374898698603,0.4653644561767578,-0.027923211169284465,0.6408053696082259,/home/jbonnie1/interval_sketch/hammock_claude/experiments/maurano_dhs_validation/results/raw_d/hammock_mnmzr_p10_jaccD_k10_w30.csv
10,10,50,jaccard_similarity_with_ends,bedtools,400,0.7996324971440115,0.17413743827009578,0.4073808996875,0.4310830782566955,8.62166156513391,0.604753375,0.00615384615384616,0.6417925345268428,/home/jbonnie1/interval_sketch/hammock_claude/experiments/maurano_dhs_validation/results/raw_d/hammock_mnmzr_p10_jaccD_k10_w50.csv
10,10,50,jaccard_similarity_with_ends,mode_B,400,0.7800961012076179,0.1857730630449729,0.27642645835876467,0.298102687463903,5.962053749278061,0.4575519561767578,0.00615384615384616,0.6417925345268428,/home/jbonnie1/interval_sketch/hammock_claude/experiments/maurano_dhs_validation/results/raw_d/hammock_mnmzr_p10_jaccD_k10_w50.csv
10,10,100,jaccard_similarity_with_ends,bedtools,400,0.7989140378402293,0.16215362956471643,0.39138968875,0.41523640674709095,8.304728134941818,0.596940875,-0.023706896551724144,0.6185565338125061,/home/jbonnie1/interval_sketch/hammock_claude/experiments/maurano_dhs_validation/results/raw_d/hammock_mnmzr_p10_jaccD_k10_w100.csv
10,10,100,jaccard_similarity_with_ends,mode_B,400,0.7786154278049007,0.1713161402033572,0.26047115325927733,0.2826208461492602,5.652416922985204,0.4497394561767578,-0.023706896551724144,0.6185565338125061,/home/jbonnie1/interval_sketch/hammock_claude/experiments/maurano_dhs_validation/results/raw_d/hammock_mnmzr_p10_jaccD_k10_w100.csv
10,10,200,jaccard_similarity_with_ends,bedtools,400,0.7991150818431937,0.217051775976142,0.328801798125,0.3534420892536838,7.068841785073676,0.520769,-0.04695735505510302,0.5908277881881059,/home/jbonnie1/interval_sketch/hammock_claude/experiments/maurano_dhs_validation/results/raw_d/hammock_mnmzr_p10_jaccD_k10_w200.csv
10,10,200,jaccard_similarity_with_ends,mode_B,400,0.7815426765133554,0.23671521479640242,0.20216233253479005,0.2227750575234268,4.455501150468536,0.3735675811767578,-0.04695735505510302,0.5908277881881059,/home/jbonnie1/interval_sketch/hammock_claude/experiments/maurano_dhs_validation/results/raw_d/hammock_mnmzr_p10_jaccD_k10_w200.csv
10,10,300,jaccard_similarity_with_ends,bedtools,400,0.8101893982841339,0.37324429500132916,0.2427751871875,0.26705068496604845,5.3410136993209685,0.4130386875,0.025231286795626584,0.6202198344972616,/home/jbonnie1/interval_sketch/hammock_claude/experiments/maurano_dhs_validation/results/raw_d/hammock_mnmzr_p10_jaccD_k10_w300.csv
10,10,300,jaccard_similarity_with_ends,mode_B,400,0.7974199748328933,0.4017181705065335,0.13096763610839843,0.14342562037953846,2.8685124075907695,0.2593097686767578,0.025231286795626584,0.6202198344972616,/home/jbonnie1/interval_sketch/hammock_claude/experiments/maurano_dhs_validation/results/raw_d/hammock_mnmzr_p10_jaccD_k10_w300.csv
10,10,500,jaccard_similarity_with_ends,bedtools,400,0.8216008656069547,0.4307020867902129,0.1389808371875,0.15219180787029185,3.0438361574058375,0.28059293750000003,-0.006728343145500412,0.5837580697501935,/home/jbonnie1/interval_sketch/hammock_claude/experiments/maurano_dhs_validation/results/raw_d/hammock_mnmzr_p10_jaccD_k10_w500.csv
10,10,500,jaccard_similarity_with_ends,mode_B,400,0.8109512894105473,0.4624111823377567,0.059271383285522464,0.09219712651316958,1.8439425302633916,0.32186365127563477,-0.006728343145500412,0.5837580697501935,/home/jbonnie1/interval_sketch/hammock_claude/experiments/maurano_dhs_validation/results/raw_d/hammock_mnmzr_p10_jaccD_k10_w500.csv
12,8,8,jaccard_similarity_with_ends,bedtools,400,0.7921964489714189,0.45302465076708776,0.643157266875,0.6679645436891558,13.359290873783117,0.844743609375,0.025231286795626584,0.5975203350073865,/home/jbonnie1/interval_sketch/hammock_claude/experiments/maurano_dhs_validation/results/raw_d/hammock_mnmzr_p12_jaccD_k8_w8.csv
12,8,8,jaccard_similarity_with_ends,mode_B,400,0.7760766713211584,0.43790466864289107,0.5122028255462646,0.5331792028990924,10.663584057981847,0.6975421905517578,0.025231286795626584,0.5975203350073865,/home/jbonnie1/interval_sketch/hammock_claude/experiments/maurano_dhs_validation/results/raw_d/hammock_mnmzr_p12_jaccD_k8_w8.csv
12,8,10,jaccard_similarity_with_ends,bedtools,400,0.7633924718700885,0.4745731788463739,0.63987845828125,0.6646169847847888,13.292339695695777,0.840349078125,0.15306980656013458,0.6931433639913978,/home/jbonnie1/interval_sketch/hammock_claude/experiments/maurano_dhs_validation/results/raw_d/hammock_mnmzr_p12_jaccD_k8_w10.csv
12,8,10,jaccard_similarity_with_ends,mode_B,400,0.7477868772849027,0.4546304368908077,0.5089240169525147,0.529838904439668,10.596778088793359,0.6931476593017578,0.15306980656013458,0.6931433639913978,/home/jbonnie1/interval_sketch/hammock_claude/experiments/maurano_dhs_validation/results/raw_d/hammock_mnmzr_p12_jaccD_k8_w10.csv
12,8,20,jaccard_similarity_with_ends,bedtools,400,0.6086269805631107,0.2926546226753145,0.62650687625,0.6510610144013715,13.02122028802743,0.828630328125,0.08915054667788058,0.6429193339871365,/home/jbonnie1/interval_sketch/hammock_claude/experiments/maurano_dhs_validation/results/raw_d/hammock_mnmzr_p12_jaccD_k8_w20.csv
12,8,20,jaccard_similarity_with_ends,mode_B,400,0.5912156391538029,0.27877073480226167,0.49555243492126466,0.5163412356873208,10.326824713746417,0.6814289093017578,0.08915054667788058,0.6429193339871365,/home/jbonnie1/interval_sketch/hammock_claude/experiments/maurano_dhs_validation/results/raw_d/hammock_mnmzr_p12_jaccD_k8_w20.csv
12,8,30,jaccard_similarity_with_ends,bedtools,400,0.5448346553901967,0.2116263083563497,0.614420694609375,0.6389798840983592,12.779597681967184,0.822282671875,0.08915054667788058,0.6429193339871365,/home/jbonnie1/interval_sketch/hammock_claude/experiments/maurano_dhs_validation/results/raw_d/hammock_mnmzr_p12_jaccD_k8_w30.csv
12,8,30,jaccard_similarity_with_ends,mode_B,400,0.5229260877306933,0.1914548471627775,0.48346625328063964,0.5043482221372579,10.08696444274516,0.6750812530517578,0.08915054667788058,0.6429193339871365,/home/jbonnie1/interval_sketch/hammock_claude/experiments/maurano_dhs_validation/results/raw_d/hammock_mnmzr_p12_jaccD_k8_w30.csv
12,8,50,jaccard_similarity_with_ends,bedtools,400,0.473245632103167,0.16216958239701507,0.591139444609375,0.6157531650561147,12.315063301122294,0.807145953125,0.05719091673675358,0.6064575692400684,/home/jbonnie1/interval_sketch/hammock_claude/experiments/maurano_dhs_validation/results/raw_d/hammock_mnmzr_p12_jaccD_k8_w50.csv
12,8,50,jaccard_similarity_with_ends,mode_B,400,0.45168372527073275,0.14388444420538812,0.46018500328063966,0.48133310529569057,9.626662105913812,0.6599445343017578,0.05719091673675358,0.6064575692400684,/home/jbonnie1/interval_sketch/hammock_claude/experiments/maurano_dhs_validation/results/raw_d/hammock_mnmzr_p12_jaccD_k8_w50.csv
12,8,100,jaccard_similarity_with_ends,bedtools,400,0.48922397245110916,0.09769724147551465,0.50283255984375,0.5285376347934831,10.570752695869663,0.741716265625,0.05719091673675358,0.6064575692400684,/home/jbonnie1/interval_sketch/hammock_claude/experiments/maurano_dhs_validation/results/raw_d/hammock_mnmzr_p12_jaccD_k8_w100.csv
12,8,100,jaccard_similarity_with_ends,mode_B,400,0.4683901817516179,0.08248254000557512,0.3718781185150146,0.3953922478624077,7.9078449572481535,0.5945148468017578,0.05719091673675358,0.6064575692400684,/home/jbonnie1/interval_sketch/hammock_claude/experiments/maurano_dhs_validation/results/raw_d/hammock_mnmzr_p12_jaccD_k8_w100.csv
12,8,200,jaccard_similarity_with_ends,bedtools,400,0.7681614189985774,0.2395976913141567,0.270604541640625,0.2972017200054069,5.944034400108138,0.471643515625,0.08915054667788058,0.6704438645015228,/home/jbonnie1/interval_sketch/hammock_claude/experiments/maurano_dhs_validation/results/raw_d/hammock_mnmzr_p12_jaccD_k8_w200.csv
12,8,200,jaccard_similarity_with_ends,mode_B,400,0.7498297176518868,0.24450878049772318,0.15263839721679687,0.17185141617036004,3.4370283234072008,0.3225421905517578,0.08915054667788058,0.6704438645015228,/home/jbonnie1/interval_sketch/hammock_claude/experiments/maurano_dhs_validation/results/raw_d/hammock_mnmzr_p12_jaccD_k8_w200.csv
12,8,300,jaccard_similarity_with_ends,bedtools,400,0.8189905249649385,0.2616932706274583,0.156114439375,0.17122169366184942,3.424433873236988,0.31837642187500004,0.08915054667788058,0.6704438645015228,/home/jbonnie1/interval_sketch/hammock_claude/experiments/maurano_dhs_validation/results/raw_d/hammock_mnmzr_p12_jaccD_k8_w300.csv
12,8,300,jaccard_similarity_with_ends,mode_B,400,0.7981130090220654,0.2646022655208792,0.066593337059021,0.09151367667326352,1.8302735334652704,0.2511625289916992,0.08915054667788058,0.6704438645015228,/home/jbonnie1/interval_sketch/hammock_claude/experiments/maurano_dhs_validation/results/raw_d/hammock_mnmzr_p12_jaccD_k8_w300.csv
12,8,500,jaccard_similarity_with_ends,bedtools,400,0.8240606701185471,0.26112021098642335,0.0950271303125,0.11558853583908779,2.311770716781756,0.263444921875,0.08915054667788058,0.6704438645015228,/home/jbonnie1/interval_sketch/hammock_claude/experiments/maurano_dhs_validation/results/raw_d/hammock_mnmzr_p12_jaccD_k8_w500.csv
12,8,500,jaccard_similarity_with_ends,mode_B,400,0.8024777584873658,0.26628419408418014,0.08837090015411377,0.12386168906836938,2.4772337813673877,0.35970544815063477,0.08915054667788058,0.6704438645015228,/home/jbonnie1/interval_sketch/hammock_claude/experiments/maurano_dhs_validation/results/raw_d/hammock_mnmzr_p12_jaccD_k8_w500.csv
12,10,10,jaccard_similarity_with_ends,bedtools,400,0.8260998354689194,0.4174629945285763,0.451876749296875,0.4749121062371924,9.498242124743847,0.63649165625,-0.03868797308662741,0.5472963050031253,/home/jbonnie1/interval_sketch/hammock_claude/experiments/maurano_dhs_validation/results/raw_d/hammock_mnmzr_p12_jaccD_k10_w10.csv
12,10,10,jaccard_similarity_with_ends,mode_B,400,0.8102101696348593,0.4361637535440676,0.32092230796813964,0.34108977096371057,6.821795419274211,0.4892902374267578,-0.03868797308662741,0.5472963050031253,/home/jbonnie1/interval_sketch/hammock_claude/experiments/maurano_dhs_validation/results/raw_d/hammock_mnmzr_p12_jaccD_k10_w10.csv
12,10,20,jaccard_similarity_with_ends,bedtools,400,0.8301720277539766,0.4297796420200198,0.4308574621875,0.4537851623843566,9.075703247687132,0.616472125,-0.03868797308662741,0.5472963050031253,/home/jbonnie1/interval_sketch/hammock_claude/experiments/maurano_dhs_validation/results/raw_d/hammock_mnmzr_p12_jaccD_k10_w20.csv
12,10,20,jaccard_similarity_with_ends,mode_B,400,0.8138834987446294,0.4456136683125137,0.29990302085876464,0.3202083357784472,6.404166715568945,0.4692707061767578,-0.03868797308662741,0.5472963050031253,/home/jbonnie1/interval_sketch/hammock_claude/experiments/maurano_dhs_validation/results/raw_d/hammock_mnmzr_p12_jaccD_k10_w20.csv
12,10,30,jaccard_similarity_with_ends,bedtools,400,0.8284086303611784,0.42746764860314135,0.421359171171875,0.4443010965502686,8.886021931005372,0.604753375,-0.006728343145500412,0.5837580697501935,/home/jbonnie1/interval_sketch/hammock_claude/experiments/maurano_dhs_validation/results/raw_d/hammock_mnmzr_p12_jaccD_k10_w30.csv
12,10,30,jaccard_similarity_with_ends,mode_B,400,0.8124385468125735,0.44327238966335136,0.29040472984313964,0.31085337303598626,6.217067460719726,0.4575519561767578,-0.006728343145500412,0.5837580697501935,/home/jbonnie1/interval_sketch/hammock_claude/experiments/maurano_dhs_validation/results/raw_d/hammock_mnmzr_p12_jaccD_k10_w30.csv
12,10,50,jaccard_similarity_with_ends,bedtools,400,0.8240915901530218,0.3988933802863926,0.4123418371875,0.43544890658755675,8.708978131751135,0.5959643125,-0.03868797308662741,0.5472963050031253,/home/jbonnie1/interval_sketch/hammock_claude/experiments/maurano_dhs_validation/results/raw_d/hammock_mnmzr_p12_jaccD_k10_w50.csv
12,10,50,jaccard_similarity_with_ends,mode_B,400,0.8070167115170982,0.4109115219117523,0.28138739585876466,0.3021896135535488,6.043792271070975,0.4487628936767578,-0.03868797308662741,0.5472963050031253,/home/jbonnie1/interval_sketch/hammock_claude/experiments/maurano_dhs_validation/results/raw_d/hammock_mnmzr_p12_jaccD_k10_w50.csv
12,10,100,jaccard_similarity_with_ends,bedtools,400,0.8245282608690923,0.3719276245871134,0.39428153445312497,0.41750068987443323,8.350013797488664,0.582536578125,-0.006728343145500412,0.5837580697501935,/home/jbonnie1/interval_sketch/hammock_claude/experiments/maurano_dhs_validation/results/raw_d/hammock_mnmzr_p12_jaccD_k10_w100.csv
12,10,100,jaccard_similarity_with_ends,mode_B,400,0.806272225134267,0.38157529086682995,0.2633270931243896,0.28460147500882793,5.692029500176559,0.4353351593017578,-0.006728343145500412,0.5837580697501935,/home/jbonnie1/interval_sketch/hammock_claude/experiments/maurano_dhs_validation/results/raw_d/hammock_mnmzr_p12_jaccD_k10_w100.csv
12,10,200,jaccard_similarity_with_ends,bedtools,400,0.8267791027296427,0.3764683909745771,0.33034720828124997,0.35402248378387735,7.080449675677547,0.513688921875,-0.006728343145500412,0.5837580697501935,/home/jbonnie1/interval_sketch/hammock_claude/experiments/maurano_dhs_validation/results/raw_d/hammock_mnmzr_p12_jaccD_k10_w200.csv
12,10,200,jaccard_similarity_with_ends,mode_B,400,0.8107619446898626,0.3981578167719277,0.20269742488861084,0.22284254467049883,4.456850893409976,0.3664875030517578,-0.006728343145500412,0.5837580697501935,/home/jbonnie1/interval_sketch/hammock_claude/experiments/maurano_dhs_validation/results/raw_d/hammock_mnmzr_p12_jaccD_k10_w200.csv
12,10,300,jaccard_similarity_with_ends,bedtools,400,0.8277621020277561,0.42743745468108224,0.24216204609375,0.2659663556615811,5.319327113231623,0.4013199375,0.05719091673675358,0.6339820997544546,/home/jbonnie1/interval_sketch/hammock_claude/experiments/maurano_dhs_validation/results/raw_d/hammock_mnmzr_p12_jaccD_k10_w300.csv
12,10,300,jaccard_similarity_with_ends,mode_B,400,0.8152758674843447,0.4562647400147373,0.13047691345214843,0.14160173916846636,2.8320347833693273,0.2527179718017578,0.05719091673675358,0.6339820997544546,/home/jbonnie1/interval_sketch/hammock_claude/experiments/maurano_dhs_validation/results/raw_d/hammock_mnmzr_p12_jaccD_k10_w300.csv
12,10,500,jaccard_similarity_with_ends,bedtools,400,0.8296548227134738,0.4701825081926403,0.141718853203125,0.15388165901699605,3.077633180339921,0.276574546875,-0.006728343145500412,0.5837580697501935,/home/jbonnie1/interval_sketch/hammock_claude/experiments/maurano_dhs_validation/results/raw_d/hammock_mnmzr_p12_jaccD_k10_w500.csv
12,10,500,jaccard_similarity_with_ends,mode_B,400,0.8192003988168725,0.5008662021051717,0.05691678524017334,0.08930853613752088,1.7861707227504173,0.30111169815063477,-0.006728343145500412,0.5837580697501935,/home/jbonnie1/interval_sketch/hammock_claude/experiments/maurano_dhs_validation/results/raw_d/hammock_mnmzr_p12_jaccD_k10_w500.csv
14,8,8,jaccard_similarity_with_ends,bedtools,400,0.7984457690582873,0.49999137368308005,0.6433069307680608,0.668111331244173,13.362226624883458,0.8434328163540517,0.15306980656013458,0.6931433639913978,/home/jbonnie1/interval_sketch/hammock_claude/experiments/maurano_dhs_validation/results/raw_d/hammock_mnmzr_p14_jaccD_k8_w8.csv
14,8,8,jaccard_similarity_with_ends,mode_B,400,0.7846606455519374,0.4872049141580284,0.5123524894393254,0.5333222956444965,10.666445912889928,0.6962313975308094,0.15306980656013458,0.6931433639913978,/home/jbonnie1/interval_sketch/hammock_claude/experiments/maurano_dhs_validation/results/raw_d/hammock_mnmzr_p14_jaccD_k8_w8.csv
14,8,10,jaccard_similarity_with_ends,bedtools,400,0.7703648770249184,0.4536505012268337,0.6395294183709526,0.6642478653130751,13.284957306261504,0.8395634539824637,0.15306980656013458,0.6931433639913978,/home/jbonnie1/interval_sketch/hammock_claude/experiments/maurano_dhs_validation/results/raw_d/hammock_mnmzr_p14_jaccD_k8_w10.csv
14,8,10,jaccard_similarity_with_ends,mode_B,400,0.7548738739709371,0.4376468346731436,0.5085749770422172,0.5294699310035967,10.589398620071934,0.6923620351592215,0.15306980656013458,0.6931433639913978,/home/jbonnie1/interval_sketch/hammock_claude/experiments/maurano_dhs_validation/results/raw_d/hammock_mnmzr_p14_jaccD_k8_w10.csv
14,8,20,jaccard_similarity_with_ends,bedtools,400,0.605336280309344,0.29566859157874,0.6258488287867136,0.6503890907912518,13.007781815825036,0.8284602740340317,0.08915054667788058,0.6429193339871365,/home/jbonnie1/interval_sketch/hammock_claude/experiments/maurano_dhs_validation/results/raw_d/hammock_mnmzr_p14_jaccD_k8_w20.csv
14,8,20,jaccard_similarity_with_ends,mode_B,400,0.5870308109424431,0.27864180245881126,0.4948943874579782,0.5156756907769806,10.313513815539611,0.6812588552107894,0.08915054667788058,0.6429193339871365,/home/jbonnie1/interval_sketch/hammock_claude/experiments/maurano_dhs_validation/results/raw_d/hammock_mnmzr_p14_jaccD_k8_w20.csv
14,8,30,jaccard_similarity_with_ends,bedtools,400,0.5423845098583531,0.2479441316895888,0.6144039317271506,0.6388898733497177,12.777797466994354,0.8189302218530824,0.08915054667788058,0.6429193339871365,/home/jbonnie1/interval_sketch/hammock_claude/experiments/maurano_dhs_validation/results/raw_d/hammock_mnmzr_p14_jaccD_k8_w30.csv
14,8,30,jaccard_similarity_with_ends,mode_B,400,0.5225257266521535,0.22831971255724287,0.4834494903984152,0.5042524993427041,10.085049986854083,0.6717288030298402,0.08915054667788058,0.6429193339871365,/home/jbonnie1/interval_sketch/hammock_claude/experiments/maurano_dhs_validation/results/raw_d/hammock_mnmzr_p14_jaccD_k8_w30.csv
14,8,50,jaccard_similarity_with_ends,bedtools,400,0.4894600880060504,0.19180960360715144,0.5908265198826288,0.6153343967466421,12.306687934932844,0.8033774446770521,0.08915054667788058,0.6429193339871365,/home/jbonnie1/interval_sketch/hammock_claude/experiments/maurano_dhs_validation/results/raw_d/hammock_mnmzr_p14_jaccD_k8_w50.csv
14,8,50,jaccard_similarity_with_ends,mode_B,400,0.46824452643257347,0.17182137286224017,0.45987207855389345,0.480902287785328,9.61804575570656,0.6561760258538099,0.08915054667788058,0.6429193339871365,/home/jbonnie1/interval_sketch/hammock_claude/experiments/maurano_dhs_validation/results/raw_d/hammock_mnmzr_p14_jaccD_k8_w50.csv
14,8,100,jaccard_similarity_with_ends,bedtools,400,0.5020862931952155,0.13858086390350563,0.5030680604689511,0.5284742359036779,10.569484718073557,0.7355323349720396,0.05719091673675358,0.6064575692400684,/home/jbonnie1/interval_sketch/hammock_claude/experiments/maurano_dhs_validation/results/raw_d/hammock_mnmzr_p14_jaccD_k8_w100.csv
14,8,100,jaccard_similarity_with_ends,mode_B,400,0.48190383655491625,0.12088573175259819,0.3721136191402158,0.39528440839755224,7.905688167951045,0.5883309161487974,0.05719091673675358,0.6064575692400684,/home/jbonnie1/interval_sketch/hammock_claude/experiments/maurano_dhs_validation/results/raw_d/hammock_mnmzr_p14_jaccD_k8_w100.csv
14,8,200,jaccard_similarity_with_ends,bedtools,400,0.7735513285420472,0.26007953436057984,0.27182207946997294,0.2981543642023634,5.963087284047269,0.46742737245677274,0.08915054667788058,0.6704438645015228,/home/jbonnie1/interval_sketch/hammock_claude/experiments/maurano_dhs_validation/results/raw_d/hammock_mnmzr_p14_jaccD_k8_w200.csv
14,8,200,jaccard_similarity_with_ends,mode_B,400,0.7555246780955649,0.26223910640676135,0.15344476205642973,0.17247059051549926,3.4494118103099853,0.3181845979065172,0.08915054667788058,0.6704438645015228,/home/jbonnie1/interval_sketch/hammock_claude/experiments/maurano_dhs_validation/results/raw_d/hammock_mnmzr_p14_jaccD_k8_w200.csv
14,8,300,jaccard_similarity_with_ends,bedtools,400,0.8211541877584508,0.27869877412766575,0.15661738875044523,0.17156782105961324,3.4313564211922647,0.31388724757370445,0.08915054667788058,0.6704438645015228,/home/jbonnie1/interval_sketch/hammock_claude/experiments/maurano_dhs_validation/results/raw_d/hammock_mnmzr_p14_jaccD_k8_w300.csv
14,8,300,jaccard_similarity_with_ends,mode_B,400,0.8006628097956716,0.281823006431077,0.06651514176465398,0.09098913724681792,1.8197827449363586,0.2576932907104492,0.08915054667788058,0.6704438645015228,/home/jbonnie1/interval_sketch/hammock_claude/experiments/maurano_dhs_validation/results/raw_d/hammock_mnmzr_p14_jaccD_k8_w300.csv
14,8,500,jaccard_similarity_with_ends,bedtools,400,0.8272699993774328,0.2982621956694322,0.09522404312074277,0.11542304607225833,2.3084609214451666,0.2593882890625,0.08915054667788058,0.6704438645015228,/home/jbonnie1/interval_sketch/hammock_claude/experiments/maurano_dhs_validation/results/raw_d/hammock_mnmzr_p14_jaccD_k8_w500.csv
14,8,500,jaccard_similarity_with_ends,mode_B,400,0.806012983772098,0.3039841154684519,0.08686488351564024,0.12237993197235063,2.4475986394470124,0.34892749786376953,0.08915054667788058,0.6704438645015228,/home/jbonnie1/interval_sketch/hammock_claude/experiments/maurano_dhs_validation/results/raw_d/hammock_mnmzr_p14_jaccD_k8_w500.csv
14,10,10,jaccard_similarity_with_ends,bedtools,400,0.8288873087361963,0.4304428236423539,0.453417276640625,0.4763944355068188,9.527888710136375,0.63453853125,-0.03868797308662741,0.5472963050031253,/home/jbonnie1/interval_sketch/hammock_claude/experiments/maurano_dhs_validation/results/raw_d/hammock_mnmzr_p14_jaccD_k10_w10.csv
14,10,10,jaccard_similarity_with_ends,mode_B,400,0.8132829341897486,0.44802044538818686,0.32246283531188963,0.34254183901473684,6.8508367802947365,0.4873371124267578,-0.03868797308662741,0.5472963050031253,/home/jbonnie1/interval_sketch/hammock_claude/experiments/maurano_dhs_validation/results/raw_d/hammock_mnmzr_p14_jaccD_k10_w10.csv
14,10,20,jaccard_similarity_with_ends,bedtools,400,0.8276070413979797,0.4061818798472652,0.43169944216796874,0.4546855761267334,9.093711522534667,0.6134203671875,-0.03868797308662741,0.5472963050031253,/home/jbonnie1/interval_sketch/hammock_claude/experiments/maurano_dhs_validation/results/raw_d/hammock_mnmzr_p14_jaccD_k10_w20.csv
14,10,20,jaccard_similarity_with_ends,mode_B,400,0.8113979635702612,0.42229893440117816,0.3007450008392334,0.32110511271902786,6.422102254380556,0.4662189483642578,-0.03868797308662741,0.5472963050031253,/home/jbonnie1/interval_sketch/hammock_claude/experiments/maurano_dhs_validation/results/raw_d/hammock_mnmzr_p14_jaccD_k10_w20.csv
14,10,30,jaccard_similarity_with_ends,bedtools,400,0.8253995070968573,0.3822143676591226,0.4220677893359375,0.4451095783191024,8.902191566382047,0.60371577734375,-0.03868797308662741,0.5472963050031253,/home/jbonnie1/interval_sketch/hammock_claude/experiments/maurano_dhs_validation/results/raw_d/hammock_mnmzr_p14_jaccD_k10_w30.csv
14,10,30,jaccard_similarity_with_ends,mode_B,400,0.808923599602509,0.3980373874759008,0.2911133480072021,0.3116777342471484,6.233554684942968,0.4565143585205078,-0.03868797308662741,0.5472963050031253,/home/jbonnie1/interval_sketch/hammock_claude/experiments/maurano_dhs_validation/results/raw_d/hammock_mnmzr_p14_jaccD_k10_w30.csv
14,10,50,jaccard_similarity_with_ends,bedtools,400,0.8226782804626918,0.36347529302475945,0.4119237463671875,0.4350791626340714,8.701583252681427,0.5938891171875,-0.03868797308662741,0.5472963050031253,/home/jbonnie1/interval_sketch/hammock_claude/experiments/maurano_dhs_validation/results/raw_d/hammock_mnmzr_p14_jaccD_k10_w50.csv
14,10,50,jaccard_similarity_with_ends,mode_B,400,0.8055083921253421,0.37618002813997853,0.28096930503845213,0.3018359379463784,6.036718758927568,0.4466876983642578,-0.03868797308662741,0.5472963050031253,/home/jbonnie1/interval_sketch/hammock_claude/experiments/maurano_dhs_validation/results/raw_d/hammock_mnmzr_p14_jaccD_k10_w50.csv
14,10,100,jaccard_similarity_with_ends,bedtools,400,0.8246975480505627,0.353696550488161,0.39413352419921877,0.41737796062634885,8.347559212526976,0.578630328125,-0.006728343145500412,0.5837580697501935,/home/jbonnie1/interval_sketch/hammock_claude/experiments/maurano_dhs_validation/results/raw_d/hammock_mnmzr_p14_jaccD_k10_w100.csv
14,10,100,jaccard_similarity_with_ends,mode_B,400,0.8065164887988663,0.36308959212222963,0.2631790828704834,0.2844777776718203,5.689555553436406,0.4314289093017578,-0.006728343145500412,0.5837580697501935,/home/jbonnie1/interval_sketch/hammock_claude/experiments/maurano_dhs_validation/results/raw_d/hammock_mnmzr_p14_jaccD_k10_w100.csv
14,10,200,jaccard_similarity_with_ends,bedtools,400,0.8303375488897738,0.4051676900140585,0.3307988684375,0.3543518126227411,7.087036252454822,0.5074633359375,-0.006728343145500412,0.5837580697501935,/home/jbonnie1/interval_sketch/hammock_claude/experiments/maurano_dhs_validation/results/raw_d/hammock_mnmzr_p14_jaccD_k10_w200.csv
14,10,200,jaccard_similarity_with_ends,mode_B,400,0.8147767730299394,0.428561516345458,0.20297665119171143,0.22308395346908963,4.461679069381793,0.3602619171142578,-0.006728343145500412,0.5837580697501935,/home/jbonnie1/interval_sketch/hammock_claude/experiments/maurano_dhs_validation/results/raw_d/hammock_mnmzr_p14_jaccD_k10_w200.csv
14,10,300,jaccard_similarity_with_ends,bedtools,400,0.8278162831439594,0.41958904325422103,0.24337147998046876,0.26735743761938535,5.347148752387707,0.40706050390625004,0.05719091673675358,0.6339820997544546,/home/jbonnie1/interval_sketch/hammock_claude/experiments/maurano_dhs_validation/results/raw_d/hammock_mnmzr_p14_jaccD_k10_w300.csv
14,10,300,jaccard_similarity_with_ends,mode_B,400,0.8150521592458516,0.4493640169440514,0.1315508270263672,0.1428142756448308,2.8562855128966156,0.2598590850830078,0.05719091673675358,0.6339820997544546,/home/jbonnie1/interval_sketch/hammock_claude/experiments/maurano_dhs_validation/results/raw_d/hammock_mnmzr_p14_jaccD_k10_w300.csv
14,10,500,jaccard_similarity_with_ends,bedtools,400,0.8319557809624649,0.46997102306404365,0.14260627421875,0.15483291255665196,3.096658251133039,0.27699186328125003,-0.006728343145500412,0.5837580697501935,/home/jbonnie1/interval_sketch/hammock_claude/experiments/maurano_dhs_validation/results/raw_d/hammock_mnmzr_p14_jaccD_k10_w500.csv
14,10,500,jaccard_similarity_with_ends,mode_B,400,0.8214178670687505,0.5006529750734998,0.056932711601257326,0.08841806056065493,1.7683612112130986,0.28914880752563477,-0.006728343145500412,0.5837580697501935,/home/jbonnie1/interval_sketch/hammock_claude/experiments/maurano_dhs_validation/results/raw_d/hammock_mnmzr_p14_jaccD_k10_w500.csv
16,8,8,jaccard_similarity_with_ends,bedtools,400,0.8007890850316218,0.4992414493811741,0.6405226179763832,0.6652695118230979,13.305390236461959,0.8416747338074466,0.15306980656013458,0.6931433639913978,/home/jbonnie1/interval_sketch/hammock_claude/experiments/maurano_dhs_validation/results/raw_d/hammock_mnmzr_p16_jaccD_k8_w8.csv
16,8,8,jaccard_similarity_with_ends,mode_B,400,0.78712194998543,0.4874309381386842,0.5095681766476479,0.5304852669436765,10.60970533887353,0.6944733149842044,0.15306980656013458,0.6931433639913978,/home/jbonnie1/interval_sketch/hammock_claude/experiments/maurano_dhs_validation/results/raw_d/hammock_mnmzr_p16_jaccD_k8_w8.csv
16,8,10,jaccard_similarity_with_ends,bedtools,400,0.7874336631814264,0.48373870613253717,0.6352701351265817,0.6598790016081101,13.1975800321622,0.8359881211153548,0.15306980656013458,0.6931433639913978,/home/jbonnie1/interval_sketch/hammock_claude/experiments/maurano_dhs_validation/results/raw_d/hammock_mnmzr_p16_jaccD_k8_w10.csv
16,8,10,jaccard_similarity_with_ends,mode_B,400,0.7728540984038382,0.4689840113716915,0.5043156937978464,0.5251071322023612,10.502142644047224,0.6887867022921126,0.15306980656013458,0.6931433639913978,/home/jbonnie1/interval_sketch/hammock_claude/experiments/maurano_dhs_validation/results/raw_d/hammock_mnmzr_p16_jaccD_k8_w10.csv
16,8,20,jaccard_similarity_with_ends,bedtools,400,0.6329013458790764,0.30200467319513774,0.6196344089496842,0.6440649454842895,12.881298909685789,0.8231776154841492,0.08915054667788058,0.6429193339871365,/home/jbonnie1/interval_sketch/hammock_claude/experiments/maurano_dhs_validation/results/raw_d/hammock_mnmzr_p16_jaccD_k8_w20.csv
16,8,20,jaccard_similarity_with_ends,mode_B,400,0.6137609265389666,0.2830373518060811,0.48867996762094895,0.5093725561676615,10.187451123353231,0.675976196660907,0.08915054667788058,0.6429193339871365,/home/jbonnie1/interval_sketch/hammock_claude/experiments/maurano_dhs_validation/results/raw_d/hammock_mnmzr_p16_jaccD_k8_w20.csv
16,8,30,jaccard_similarity_with_ends,bedtools,400,0.5675686155524108,0.23905230903096833,0.6060299317268528,0.630418927754548,12.60837855509096,0.8132234587662764,0.08915054667788058,0.6429193339871365,/home/jbonnie1/interval_sketch/hammock_claude/experiments/maurano_dhs_validation/results/raw_d/hammock_mnmzr_p16_jaccD_k8_w30.csv
16,8,30,jaccard_similarity_with_ends,mode_B,400,0.5465010339369312,0.21859976671529888,0.47507549039811753,0.4958219761331083,9.916439522662166,0.6660220399430342,0.08915054667788058,0.6429193339871365,/home/jbonnie1/interval_sketch/hammock_claude/experiments/maurano_dhs_validation/results/raw_d/hammock_mnmzr_p16_jaccD_k8_w30.csv
16,8,50,jaccard_similarity_with_ends,bedtools,400,0.5151592353454804,0.19186278958995145,0.5792981855190694,0.6037318831514822,12.074637663029645,0.7936094257675779,0.08915054667788058,0.6429193339871365,/home/jbonnie1/interval_sketch/hammock_claude/experiments/maurano_dhs_validation/results/raw_d/hammock_mnmzr_p16_jaccD_k8_w50.csv
16,8,50,jaccard_similarity_with_ends,mode_B,400,0.4932077097393283,0.171078697956321,0.448343744190334,0.46937687766132613,9.387537553226522,0.6464080069443356,0.08915054667788058,0.6429193339871365,/home/jbonnie1/interval_sketch/hammock_claude/experiments/maurano_dhs_validation/results/raw_d/hammock_mnmzr_p16_jaccD_k8_w50.csv
16,8,100,jaccard_similarity_with_ends,bedtools,400,0.5253132674213183,0.12932448701744384,0.4816396297556599,0.5072930536237927,10.145861072475855,0.7173126194845848,0.05719091673675358,0.6064575692400684,/home/jbonnie1/interval_sketch/hammock_claude/experiments/maurano_dhs_validation/results/raw_d/hammock_mnmzr_p16_jaccD_k8_w100.csv
16,8,100,jaccard_similarity_with_ends,mode_B,400,0.5045449923587604,0.11334260971319482,0.35068518842692453,0.37446226031397434,7.489245206279486,0.5701112006613426,0.05719091673675358,0.6064575692400684,/home/jbonnie1/interval_sketch/hammock_claude/experiments/maurano_dhs_validation/results/raw_d/hammock_mnmzr_p16_jaccD_k8_w100.csv
16,8,200,jaccard_similarity_with_ends,bedtools,400,0.7873828169805913,0.2591267951107727,0.24717628834496994,0.27266319752785273,5.453263950557055,0.4384626878612717,0.08915054667788058,0.6704438645015228,/home/jbonnie1/interval_sketch/hammock_claude/experiments/maurano_dhs_validation/results/raw_d/hammock_mnmzr_p16_jaccD_k8_w200.csv
16,8,200,jaccard_similarity_with_ends,mode_B,400,0.7687533038465154,0.2639770165812164,0.132443576476714,0.1499519638408015,2.9990392768160303,0.29037842000722447,0.08915054667788058,0.6704438645015228,/home/jbonnie1/interval_sketch/hammock_claude/experiments/maurano_dhs_validation/results/raw_d/hammock_mnmzr_p16_jaccD_k8_w200.csv
16,8,300,jaccard_similarity_with_ends,bedtools,400,0.825062259401972,0.28625383025725076,0.14575370456204814,0.15975234154333406,3.1950468308666813,0.297260742936729,0.08915054667788058,0.6704438645015228,/home/jbonnie1/interval_sketch/hammock_claude/experiments/maurano_dhs_validation/results/raw_d/hammock_mnmzr_p16_jaccD_k8_w300.csv
16,8,300,jaccard_similarity_with_ends,mode_B,400,0.8043689234752557,0.2905474689360042,0.06329180806770894,0.09112885967555279,1.822577193511056,0.26864049494141645,0.08915054667788058,0.6704438645015228,/home/jbonnie1/interval_sketch/hammock_claude/experiments/maurano_dhs_validation/results/raw_d/hammock_mnmzr_p16_jaccD_k8_w300.csv
16,8,500,jaccard_similarity_with_ends,bedtools,400,0.8287968540419509,0.3166753554591245,0.0924938274830133,0.11310526981404821,2.2621053962809645,0.26472475303018606,0.025231286795626584,0.6202198344972616,/home/jbonnie1/interval_sketch/hammock_claude/experiments/maurano_dhs_validation/results/raw_d/hammock_mnmzr_p16_jaccD_k8_w500.csv
16,8,500,jaccard_similarity_with_ends,mode_B,400,0.8076302893589854,0.32422447839116064,0.08999688889668614,0.1252696723448501,2.505393446897002,0.3542639618314556,0.025231286795626584,0.6202198344972616,/home/jbonnie1/interval_sketch/hammock_claude/experiments/maurano_dhs_validation/results/raw_d/hammock_mnmzr_p16_jaccD_k8_w500.csv
16,10,10,jaccard_similarity_with_ends,bedtools,400,0.834869033259722,0.4491500663664809,0.45595641543457033,0.47883369424443095,9.576673884888619,0.636705279296875,-0.006728343145500412,0.5837580697501935,/home/jbonnie1/interval_sketch/hammock_claude/experiments/maurano_dhs_validation/results/raw_d/hammock_mnmzr_p16_jaccD_k10_w10.csv
16,10,10,jaccard_similarity_with_ends,mode_B,400,0.819381331738019,0.46870399701184884,0.325001974105835,0.34493649210686733,6.898729842137346,0.4895038604736328,-0.006728343145500412,0.5837580697501935,/home/jbonnie1/interval_sketch/hammock_claude/experiments/maurano_dhs_validation/results/raw_d/hammock_mnmzr_p16_jaccD_k10_w10.csv
16,10,20,jaccard_similarity_with_ends,bedtools,400,0.8311032750788344,0.4236423788665607,0.43590497550827034,0.45881452815123686,9.176290563024738,0.6159380673828125,-0.006728343145500412,0.5837580697501935,/home/jbonnie1/interval_sketch/hammock_claude/experiments/maurano_dhs_validation/results/raw_d/hammock_mnmzr_p16_jaccD_k10_w20.csv
16,10,20,jaccard_similarity_with_ends,mode_B,400,0.815024537044209,0.44133905770138027,0.304950534179535,0.3251649053863526,6.503298107727052,0.4687366485595703,-0.006728343145500412,0.5837580697501935,/home/jbonnie1/interval_sketch/hammock_claude/experiments/maurano_dhs_validation/results/raw_d/hammock_mnmzr_p16_jaccD_k10_w20.csv
16,10,30,jaccard_similarity_with_ends,bedtools,400,0.8275983604757943,0.39516956879483794,0.42594278382009537,0.4489300683563628,8.978601367127256,0.6058520078125,-0.006728343145500412,0.5837580697501935,/home/jbonnie1/interval_sketch/hammock_claude/experiments/maurano_dhs_validation/results/raw_d/hammock_mnmzr_p16_jaccD_k10_w30.csv
16,10,30,jaccard_similarity_with_ends,mode_B,400,0.8111041207607436,0.41229691144639086,0.29498834249136,0.31543470504096127,6.308694100819225,0.4586505889892578,-0.006728343145500412,0.5837580697501935,/home/jbonnie1/interval_sketch/hammock_claude/experiments/maurano_dhs_validation/results/raw_d/hammock_mnmzr_p16_jaccD_k10_w30.csv
16,10,50,jaccard_similarity_with_ends,bedtools,400,0.825072307808456,0.3700293744364766,0.4150124492179833,0.4380973000390919,8.761946000781839,0.5954607724609375,-0.006728343145500412,0.5837580697501935,/home/jbonnie1/interval_sketch/hammock_claude/experiments/maurano_dhs_validation/results/raw_d/hammock_mnmzr_p16_jaccD_k10_w50.csv
16,10,50,jaccard_similarity_with_ends,mode_B,400,0.8079294172612748,0.3853594392763063,0.28405800788924795,0.30479253377181087,6.095850675436217,0.4482593536376953,-0.006728343145500412,0.5837580697501935,/home/jbonnie1/interval_sketch/hammock_claude/experiments/maurano_dhs_validation/results/raw_d/hammock_mnmzr_p16_jaccD_k10_w50.csv
16,10,100,jaccard_similarity_with_ends,bedtools,400,0.8269171052348474,0.3605186142862267,0.3959446106989016,0.4191219065556416,8.382438131112831,0.5802935361328125,-0.006728343145500412,0.5837580697501935,/home/jbonnie1/interval_sketch/hammock_claude/experiments/maurano_dhs_validation/results/raw_d/hammock_mnmzr_p16_jaccD_k10_w100.csv
16,10,100,jaccard_similarity_with_ends,mode_B,400,0.8085436020633463,0.37152579700937916,0.26499016937016623,0.2861797441564541,5.723594883129081,0.4330921173095703,-0.006728343145500412,0.5837580697501935,/home/jbonnie1/interval_sketch/hammock_claude/experiments/maurano_dhs_validation/results/raw_d/hammock_mnmzr_p16_jaccD_k10_w100.csv
16,10,200,jaccard_similarity_with_ends,bedtools,400,0.832226510850303,0.42117955840167626,0.3329034616964317,0.35632343802971067,7.126468760594213,0.5115374326171875,-0.006728343145500412,0.5837580697501935,/home/jbonnie1/interval_sketch/hammock_claude/experiments/maurano_dhs_validation/results/raw_d/hammock_mnmzr_p16_jaccD_k10_w200.csv
16,10,200,jaccard_similarity_with_ends,mode_B,400,0.816666488449798,0.443835186922281,0.2044857211461852,0.22495154125293038,4.4990308250586075,0.3643360137939453,-0.006728343145500412,0.5837580697501935,/home/jbonnie1/interval_sketch/hammock_claude/experiments/maurano_dhs_validation/results/raw_d/hammock_mnmzr_p16_jaccD_k10_w200.csv
16,10,300,jaccard_similarity_with_ends,bedtools,400,0.8302183863611726,0.4302784152687072,0.24374031127523207,0.26786069543432783,5.357213908686557,0.40765559667968754,0.05719091673675358,0.6339820997544546,/home/jbonnie1/interval_sketch/hammock_claude/experiments/maurano_dhs_validation/results/raw_d/hammock_mnmzr_p16_jaccD_k10_w300.csv
16,10,300,jaccard_similarity_with_ends,mode_B,400,0.8172028327284652,0.4598635771559757,0.13184679887777112,0.143157377904498,2.8631475580899606,0.2604541778564453,0.05719091673675358,0.6339820997544546,/home/jbonnie1/interval_sketch/hammock_claude/experiments/maurano_dhs_validation/results/raw_d/hammock_mnmzr_p16_jaccD_k10_w300.csv
16,10,500,jaccard_similarity_with_ends,bedtools,400,0.834353910048301,0.4785852279613436,0.14192570737864413,0.15404604989594345,3.0809209979188688,0.27473356250000003,-0.006728343145500412,0.5837580697501935,/home/jbonnie1/interval_sketch/hammock_claude/experiments/maurano_dhs_validation/results/raw_d/hammock_mnmzr_p16_jaccD_k10_w500.csv
16,10,500,jaccard_similarity_with_ends,mode_B,400,0.8235585632730198,0.5086962408494193,0.056570010086799065,0.08803311863851014,1.7606623727702029,0.28219079971313477,-0.006728343145500412,0.5837580697501935,/home/jbonnie1/interval_sketch/hammock_claude/experiments/maurano_dhs_validation/results/raw_d/hammock_mnmzr_p16_jaccD_k10_w500.csv
18,8,8,jaccard_similarity_with_ends,bedtools,400,0.809174516120014,0.5114673307654513,0.6378542798447353,0.6625389719354352,13.250779438708703,0.8385610766338693,0.15306980656013458,0.6931433639913978,/home/jbonnie1/interval_sketch/hammock_claude/experiments/maurano_dhs_validation/results/raw_d/hammock_mnmzr_p18_jaccD_k8_w8.csv
18,8,8,jaccard_similarity_with_ends,mode_B,400,0.795486132840753,0.4995840631293904,0.506899838516,0.5277592691789255,10.55518538357851,0.691359657810627,0.15306980656013458,0.6931433639913978,/home/jbonnie1/interval_sketch/hammock_claude/experiments/maurano_dhs_validation/results/raw_d/hammock_mnmzr_p18_jaccD_k8_w8.csv
18,8,10,jaccard_similarity_with_ends,bedtools,400,0.7907108494178695,0.48108931203516514,0.6320426255632022,0.6565748784436125,13.13149756887225,0.832229013691388,0.15306980656013458,0.6931433639913978,/home/jbonnie1/interval_sketch/hammock_claude/experiments/maurano_dhs_validation/results/raw_d/hammock_mnmzr_p18_jaccD_k8_w10.csv
18,8,10,jaccard_similarity_with_ends,mode_B,400,0.7760834774326741,0.46631961504273756,0.5010881842344669,0.5218095903880431,10.436191807760862,0.6850275948681458,0.15306980656013458,0.6931433639913978,/home/jbonnie1/interval_sketch/hammock_claude/experiments/maurano_dhs_validation/results/raw_d/hammock_mnmzr_p18_jaccD_k8_w10.csv
18,8,20,jaccard_similarity_with_ends,bedtools,400,0.6378857516270112,0.3001158922389705,0.61439843543239,0.6387422996596589,12.774845993193178,0.8179642258704752,0.08915054667788058,0.6429193339871365,/home/jbonnie1/interval_sketch/hammock_claude/experiments/maurano_dhs_validation/results/raw_d/hammock_mnmzr_p18_jaccD_k8_w20.csv
18,8,20,jaccard_similarity_with_ends,mode_B,400,0.6186957979521926,0.28127458959520224,0.4834439941036547,0.5040700603142098,10.081401206284196,0.670762807047233,0.08915054667788058,0.6429193339871365,/home/jbonnie1/interval_sketch/hammock_claude/experiments/maurano_dhs_validation/results/raw_d/hammock_mnmzr_p18_jaccD_k8_w20.csv
18,8,30,jaccard_similarity_with_ends,bedtools,400,0.5718690447220138,0.24308800049809137,0.5992472449968066,0.6235532214776822,12.471064429553644,0.8069622783977533,0.08915054667788058,0.6429193339871365,/home/jbonnie1/interval_sketch/hammock_claude/experiments/maurano_dhs_validation/results/raw_d/hammock_mnmzr_p18_jaccD_k8_w30.csv
18,8,30,jaccard_similarity_with_ends,mode_B,400,0.5509625951160456,0.22310051986504056,0.46829280366807124,0.48899345854635146,9.779869170927029,0.659760859574511,0.08915054667788058,0.6429193339871365,/home/jbonnie1/interval_sketch/hammock_claude/experiments/maurano_dhs_validation/results/raw_d/hammock_mnmzr_p18_jaccD_k8_w30.csv
18,8,50,jaccard_similarity_with_ends,bedtools,400,0.5136944217241975,0.1901600363054004,0.5696115288711944,0.594060666164533,11.881213323290659,0.7860157648522692,0.08915054667788058,0.6429193339871365,/home/jbonnie1/interval_sketch/hammock_claude/experiments/maurano_dhs_validation/results/raw_d/hammock_mnmzr_p18_jaccD_k8_w50.csv
18,8,50,jaccard_similarity_with_ends,mode_B,400,0.4916869130544462,0.16943595359809768,0.4386570875424591,0.45980356324474014,9.196071264894803,0.638814346029027,0.08915054667788058,0.6429193339871365,/home/jbonnie1/interval_sketch/hammock_claude/experiments/maurano_dhs_validation/results/raw_d/hammock_mnmzr_p18_jaccD_k8_w50.csv
18,8,100,jaccard_similarity_with_ends,bedtools,400,0.5252965250924478,0.12586047174517206,0.46055108325603566,0.4869106575989656,9.738213151979313,0.6996982646722997,0.05719091673675358,0.6064575692400684,/home/jbonnie1/interval_sketch/hammock_claude/experiments/maurano_dhs_validation/results/raw_d/hammock_mnmzr_p18_jaccD_k8_w100.csv
18,8,100,jaccard_similarity_with_ends,mode_B,400,0.5043887082850871,0.10963105761982093,0.3295966419273003,0.3546906502412063,7.093813004824126,0.5524968458490574,0.05719091673675358,0.6064575692400684,/home/jbonnie1/interval_sketch/hammock_claude/experiments/maurano_dhs_validation/results/raw_d/hammock_mnmzr_p18_jaccD_k8_w100.csv
18,8,200,jaccard_similarity_with_ends,bedtools,400,0.7899885932307436,0.2547146388025218,0.20094603530495564,0.22287919934546327,4.457583986909266,0.38724919033668964,0.08915054667788058,0.6704438645015228,/home/jbonnie1/interval_sketch/hammock_claude/experiments/maurano_dhs_validation/results/raw_d/hammock_mnmzr_p18_jaccD_k8_w200.csv
18,8,200,jaccard_similarity_with_ends,mode_B,400,0.7712516127070844,0.25873673708964207,0.09310681931585006,0.11333390434112035,2.2666780868224072,0.23314971945037455,0.08915054667788058,0.6704438645015228,/home/jbonnie1/interval_sketch/hammock_claude/experiments/maurano_dhs_validation/results/raw_d/hammock_mnmzr_p18_jaccD_k8_w200.csv
18,8,300,jaccard_similarity_with_ends,bedtools,400,0.8263477748398061,0.28460808545271105,0.09377995205049573,0.11467108451363293,2.2934216902726585,0.25156524198501073,0.08915054667788058,0.6704438645015228,/home/jbonnie1/interval_sketch/hammock_claude/experiments/maurano_dhs_validation/results/raw_d/hammock_mnmzr_p18_jaccD_k8_w300.csv
18,8,300,jaccard_similarity_with_ends,mode_B,400,0.8053909174745542,0.287604031099626,0.08945552549716107,0.1240232539462278,2.4804650789245564,0.3450857367359873,0.08915054667788058,0.6704438645015228,/home/jbonnie1/interval_sketch/hammock_claude/experiments/maurano_dhs_validation/results/raw_d/hammock_mnmzr_p18_jaccD_k8_w300.csv
18,8,500,jaccard_similarity_with_ends,bedtools,400,0.8283396516687211,0.3291902170447854,0.06833498378654464,0.10645083494910858,2.1290166989821713,0.33980940246669283,0.025231286795626584,0.6202198344972616,/home/jbonnie1/interval_sketch/hammock_claude/experiments/maurano_dhs_validation/results/raw_d/hammock_mnmzr_p18_jaccD_k8_w500.csv
18,8,500,jaccard_similarity_with_ends,mode_B,400,0.8068680995745314,0.3363627839641147,0.15672895056566247,0.1840072117562379,3.680144235124758,0.42934861126796237,0.025231286795626584,0.6202198344972616,/home/jbonnie1/interval_sketch/hammock_claude/experiments/maurano_dhs_validation/results/raw_d/hammock_mnmzr_p18_jaccD_k8_w500.csv
18,10,10,jaccard_similarity_with_ends,bedtools,400,0.838358265838272,0.47946156990852384,0.4542784891668563,0.4770730313948763,9.541460627897525,0.6319261720803373,-0.006728343145500412,0.5837580697501935,/home/jbonnie1/interval_sketch/hammock_claude/experiments/maurano_dhs_validation/results/raw_d/hammock_mnmzr_p18_jaccD_k10_w10.csv
18,10,10,jaccard_similarity_with_ends,mode_B,400,0.8233829265196675,0.49927351693564415,0.32332404783812096,0.34317200913896745,6.863440182779349,0.4847247532570951,-0.006728343145500412,0.5837580697501935,/home/jbonnie1/interval_sketch/hammock_claude/experiments/maurano_dhs_validation/results/raw_d/hammock_mnmzr_p18_jaccD_k10_w10.csv
18,10,20,jaccard_similarity_with_ends,bedtools,400,0.8340578179036193,0.4512618752039365,0.4323670046197578,0.4551923693779268,9.103847387558536,0.6087800280771468,-0.006728343145500412,0.5837580697501935,/home/jbonnie1/interval_sketch/hammock_claude/experiments/maurano_dhs_validation/results/raw_d/hammock_mnmzr_p18_jaccD_k10_w20.csv
18,10,20,jaccard_similarity_with_ends,mode_B,400,0.8184658292865966,0.46895850757800217,0.30141256329102245,0.3215642118144766,6.431284236289532,0.4615786092539046,-0.006728343145500412,0.5837580697501935,/home/jbonnie1/interval_sketch/hammock_claude/experiments/maurano_dhs_validation/results/raw_d/hammock_mnmzr_p18_jaccD_k10_w20.csv
18,10,30,jaccard_similarity_with_ends,bedtools,400,0.830300655026836,0.42960615391539486,0.42163962251617326,0.4445581757261807,8.891163514523614,0.5986497033195428,-0.006728343145500412,0.5837580697501935,/home/jbonnie1/interval_sketch/hammock_claude/experiments/maurano_dhs_validation/results/raw_d/hammock_mnmzr_p18_jaccD_k10_w30.csv
18,10,30,jaccard_similarity_with_ends,mode_B,400,0.814187996343365,0.4461461142344923,0.2906851811874379,0.31110236981483835,6.222047396296767,0.4514482844963006,-0.006728343145500412,0.5837580697501935,/home/jbonnie1/interval_sketch/hammock_claude/experiments/maurano_dhs_validation/results/raw_d/hammock_mnmzr_p18_jaccD_k10_w30.csv
18,10,50,jaccard_similarity_with_ends,bedtools,400,0.827126428024371,0.39907811286928924,0.40976572356304336,0.4328093851332214,8.656187702664429,0.587093924632027,-0.006728343145500412,0.5837580697501935,/home/jbonnie1/interval_sketch/hammock_claude/experiments/maurano_dhs_validation/results/raw_d/hammock_mnmzr_p18_jaccD_k10_w50.csv
18,10,50,jaccard_similarity_with_ends,mode_B,400,0.810280533047994,0.41425887100706227,0.278811282234308,0.2995712423827213,5.991424847654426,0.4398925058087848,-0.006728343145500412,0.5837580697501935,/home/jbonnie1/interval_sketch/hammock_claude/experiments/maurano_dhs_validation/results/raw_d/hammock_mnmzr_p18_jaccD_k10_w50.csv
18,10,100,jaccard_similarity_with_ends,bedtools,400,0.8284063106034332,0.3859541606814013,0.3895633091704158,0.4127292927440193,8.254585854880386,0.5698685792065491,-0.006728343145500412,0.5837580697501935,/home/jbonnie1/interval_sketch/hammock_claude/experiments/maurano_dhs_validation/results/raw_d/hammock_mnmzr_p18_jaccD_k10_w100.csv
18,10,100,jaccard_similarity_with_ends,mode_B,400,0.8103680538956952,0.3968532819256864,0.25860886784168047,0.27989500776336323,5.597900155267265,0.4226671603833069,-0.006728343145500412,0.5837580697501935,/home/jbonnie1/interval_sketch/hammock_claude/experiments/maurano_dhs_validation/results/raw_d/hammock_mnmzr_p18_jaccD_k10_w100.csv
18,10,200,jaccard_similarity_with_ends,bedtools,400,0.8335159068143563,0.43645017196307945,0.3251303152588906,0.34861689181036387,6.972337836207278,0.4988817677974219,-0.006728343145500412,0.5837580697501935,/home/jbonnie1/interval_sketch/hammock_claude/experiments/maurano_dhs_validation/results/raw_d/hammock_mnmzr_p18_jaccD_k10_w200.csv
18,10,200,jaccard_similarity_with_ends,mode_B,400,0.8183291178065755,0.4606682744058178,0.1977058926674625,0.21751724964811323,4.350344992962264,0.35168034897417966,-0.006728343145500412,0.5837580697501935,/home/jbonnie1/interval_sketch/hammock_claude/experiments/maurano_dhs_validation/results/raw_d/hammock_mnmzr_p18_jaccD_k10_w200.csv
18,10,300,jaccard_similarity_with_ends,bedtools,400,0.8304056295588613,0.43771486008543764,0.2350702970893628,0.25844130648944835,5.168826129788967,0.39235119550806374,0.05719091673675358,0.6339820997544546,/home/jbonnie1/interval_sketch/hammock_claude/experiments/maurano_dhs_validation/results/raw_d/hammock_mnmzr_p18_jaccD_k10_w300.csv
18,10,300,jaccard_similarity_with_ends,mode_B,400,0.8177231198617879,0.4680298694430796,0.1243183024622141,0.13515622787014975,2.703124557402995,0.24514977668482152,0.05719091673675358,0.6339820997544546,/home/jbonnie1/interval_sketch/hammock_claude/experiments/maurano_dhs_validation/results/raw_d/hammock_mnmzr_p18_jaccD_k10_w300.csv
18,10,500,jaccard_similarity_with_ends,bedtools,400,0.8326492983312048,0.4763906131036991,0.1311048379879284,0.1432529648980773,2.865059297961546,0.2619738396656234,-0.006728343145500412,0.5837580697501935,/home/jbonnie1/interval_sketch/hammock_claude/experiments/maurano_dhs_validation/results/raw_d/hammock_mnmzr_p18_jaccD_k10_w500.csv
18,10,500,jaccard_similarity_with_ends,mode_B,400,0.8223002481315156,0.5059915162380403,0.057535682615469715,0.09270682692299648,1.8541365384599293,0.2959726708413515,-0.006728343145500412,0.5837580697501935,/home/jbonnie1/interval_sketch/hammock_claude/experiments/maurano_dhs_validation/results/raw_d/hammock_mnmzr_p18_jaccD_k10_w500.csv
20,8,8,jaccard_similarity_with_ends,bedtools,400,0.8133995153931132,0.5274867136486552,0.6368948701214562,0.6615481010758236,13.23096202151647,0.8373149047093494,0.15306980656013458,0.6931433639913978,/home/jbonnie1/interval_sketch/hammock_claude/experiments/maurano_dhs_validation/results/raw_d/hammock_mnmzr_p20_jaccD_k8_w8.csv
20,8,8,jaccard_similarity_with_ends,mode_B,400,0.8000260262071273,0.5150918699156499,0.5059404287927208,0.5267693132336883,10.535386264673765,0.6901134858861072,0.15306980656013458,0.6931433639913978,/home/jbonnie1/interval_sketch/hammock_claude/experiments/maurano_dhs_validation/results/raw_d/hammock_mnmzr_p20_jaccD_k8_w8.csv
20,8,10,jaccard_similarity_with_ends,bedtools,400,0.7984838256480119,0.4996020658072888,0.6307166501955153,0.6552044234377855,13.10408846875571,0.8304664604276922,0.15306980656013458,0.6931433639913978,/home/jbonnie1/interval_sketch/hammock_claude/experiments/maurano_dhs_validation/results/raw_d/hammock_mnmzr_p20_jaccD_k8_w10.csv
20,8,10,jaccard_similarity_with_ends,mode_B,400,0.784699637772221,0.48599204131614576,0.49976220886677986,0.5204392059543596,10.408784119087192,0.68326504160445,0.15306980656013458,0.6931433639913978,/home/jbonnie1/interval_sketch/hammock_claude/experiments/maurano_dhs_validation/results/raw_d/hammock_mnmzr_p20_jaccD_k8_w10.csv
20,8,20,jaccard_similarity_with_ends,bedtools,400,0.6446356788228332,0.30865066178594064,0.6126268384618335,0.636924569713221,12.73849139426442,0.8157910834455948,0.08915054667788058,0.6429193339871365,/home/jbonnie1/interval_sketch/hammock_claude/experiments/maurano_dhs_validation/results/raw_d/hammock_mnmzr_p20_jaccD_k8_w20.csv
20,8,20,jaccard_similarity_with_ends,mode_B,400,0.6255037040359253,0.2897328477611044,0.48167239713309823,0.5022577817333159,10.045155634666319,0.6685896646223526,0.08915054667788058,0.6429193339871365,/home/jbonnie1/interval_sketch/hammock_claude/experiments/maurano_dhs_validation/results/raw_d/hammock_mnmzr_p20_jaccD_k8_w20.csv
20,8,30,jaccard_similarity_with_ends,bedtools,400,0.5749105047077457,0.24979840751311755,0.5970224261208564,0.6212882422998104,12.425764845996207,0.8042169603721893,0.08915054667788058,0.6429193339871365,/home/jbonnie1/interval_sketch/hammock_claude/experiments/maurano_dhs_validation/results/raw_d/hammock_mnmzr_p20_jaccD_k8_w30.csv
20,8,30,jaccard_similarity_with_ends,mode_B,400,0.5542164144299262,0.22969991786278204,0.4660679847921211,0.4867396330850783,9.734792661701565,0.657015541548947,0.08915054667788058,0.6429193339871365,/home/jbonnie1/interval_sketch/hammock_claude/experiments/maurano_dhs_validation/results/raw_d/hammock_mnmzr_p20_jaccD_k8_w30.csv
20,8,50,jaccard_similarity_with_ends,bedtools,400,0.514269925750306,0.19404411406196667,0.5664080310239558,0.590855384183252,11.81710768366504,0.7829507870743044,0.08915054667788058,0.6429193339871365,/home/jbonnie1/interval_sketch/hammock_claude/experiments/maurano_dhs_validation/results/raw_d/hammock_mnmzr_p20_jaccD_k8_w50.csv
20,8,50,jaccard_similarity_with_ends,mode_B,400,0.49232425777468497,0.17318351104726826,0.4354535896952204,0.4566317145435637,9.132634290871275,0.6357493682510622,0.08915054667788058,0.6429193339871365,/home/jbonnie1/interval_sketch/hammock_claude/experiments/maurano_dhs_validation/results/raw_d/hammock_mnmzr_p20_jaccD_k8_w50.csv
20,8,100,jaccard_similarity_with_ends,bedtools,400,0.524028521563687,0.12583496795148277,0.45349676022882324,0.48016593890721465,9.603318778144294,0.6944363005258053,0.05719091673675358,0.6064575692400684,/home/jbonnie1/interval_sketch/hammock_claude/experiments/maurano_dhs_validation/results/raw_d/hammock_mnmzr_p20_jaccD_k8_w100.csv
20,8,100,jaccard_similarity_with_ends,mode_B,400,0.5031078304850216,0.10964756007456107,0.3225423189000879,0.3481958862293285,6.963917724586571,0.5472348817025631,0.05719091673675358,0.6064575692400684,/home/jbonnie1/interval_sketch/hammock_claude/experiments/maurano_dhs_validation/results/raw_d/hammock_mnmzr_p20_jaccD_k8_w100.csv
20,8,200,jaccard_similarity_with_ends,bedtools,400,0.7873065261170554,0.2502139693279375,0.183423308115716,0.20449138368808645,4.089827673761729,0.36876168226046274,0.08915054667788058,0.6704438645015228,/home/jbonnie1/interval_sketch/hammock_claude/experiments/maurano_dhs_validation/results/raw_d/hammock_mnmzr_p20_jaccD_k8_w200.csv
20,8,200,jaccard_similarity_with_ends,mode_B,400,0.7686469019583312,0.25408604529923823,0.08479610979027256,0.10444209810429458,2.088841962085892,0.24146803746760004,0.08915054667788058,0.6704438645015228,/home/jbonnie1/interval_sketch/hammock_claude/experiments/maurano_dhs_validation/results/raw_d/hammock_mnmzr_p20_jaccD_k8_w200.csv
20,8,300,jaccard_similarity_with_ends,bedtools,400,0.8255345258350286,0.2807600130519414,0.07810299083657592,0.10457975768023324,2.091595153604665,0.2891156823997962,0.08915054667788058,0.6704438645015228,/home/jbonnie1/interval_sketch/hammock_claude/experiments/maurano_dhs_validation/results/raw_d/hammock_mnmzr_p20_jaccD_k8_w300.csv
20,8,300,jaccard_similarity_with_ends,mode_B,400,0.8047600683845967,0.2841895231915747,0.12034159882334358,0.15219012530875675,3.043802506175135,0.38297559125332753,0.08915054667788058,0.6704438645015228,/home/jbonnie1/interval_sketch/hammock_claude/experiments/maurano_dhs_validation/results/raw_d/hammock_mnmzr_p20_jaccD_k8_w300.csv
20,8,500,jaccard_similarity_with_ends,bedtools,400,0.8285081772766065,0.30939477247240527,0.08494281900774721,0.1287822856832328,2.575645713664656,0.39181142433453797,0.025231286795626584,0.6202198344972616,/home/jbonnie1/interval_sketch/hammock_claude/experiments/maurano_dhs_validation/results/raw_d/hammock_mnmzr_p20_jaccD_k8_w500.csv
20,8,500,jaccard_similarity_with_ends,mode_B,400,0.8071326120778692,0.31483308142086136,0.20623422168683478,0.2297240468990336,4.594480937980673,0.48229354237785677,0.025231286795626584,0.6202198344972616,/home/jbonnie1/interval_sketch/hammock_claude/experiments/maurano_dhs_validation/results/raw_d/hammock_mnmzr_p20_jaccD_k8_w500.csv
20,10,10,jaccard_similarity_with_ends,bedtools,400,0.8383549449528365,0.4810428051172611,0.42225206902562157,0.4449703210700213,8.899406421400426,0.5968205974553653,-0.006728343145500412,0.5837580697501935,/home/jbonnie1/interval_sketch/hammock_claude/experiments/maurano_dhs_validation/results/raw_d/hammock_mnmzr_p20_jaccD_k10_w10.csv
20,10,10,jaccard_similarity_with_ends,mode_B,400,0.8232058928198103,0.5008532519212232,0.2912976276968862,0.3114462114540761,6.228924229081522,0.4496191786321231,-0.006728343145500412,0.5837580697501935,/home/jbonnie1/interval_sketch/hammock_claude/experiments/maurano_dhs_validation/results/raw_d/hammock_mnmzr_p20_jaccD_k10_w10.csv
20,10,20,jaccard_similarity_with_ends,bedtools,400,0.8341378496822883,0.4529481260337475,0.39608015588123446,0.4189484160979633,8.378968321959267,0.5689028068243828,-0.006728343145500412,0.5837580697501935,/home/jbonnie1/interval_sketch/hammock_claude/experiments/maurano_dhs_validation/results/raw_d/hammock_mnmzr_p20_jaccD_k10_w20.csv
20,10,20,jaccard_similarity_with_ends,mode_B,400,0.8183783825993428,0.4709493037089266,0.2651257145524991,0.28587784301053043,5.717556860210609,0.42347015415725653,-0.006728343145500412,0.5837580697501935,/home/jbonnie1/interval_sketch/hammock_claude/experiments/maurano_dhs_validation/results/raw_d/hammock_mnmzr_p20_jaccD_k10_w20.csv
20,10,30,jaccard_similarity_with_ends,bedtools,400,0.8301851398948992,0.4276918691655383,0.3833525661693328,0.40640951326480307,8.12819026529606,0.5570279907108696,-0.006728343145500412,0.5837580697501935,/home/jbonnie1/interval_sketch/hammock_claude/experiments/maurano_dhs_validation/results/raw_d/hammock_mnmzr_p20_jaccD_k10_w30.csv
20,10,30,jaccard_similarity_with_ends,mode_B,400,0.8138826253402033,0.44469089777104337,0.2523981248405974,0.2736346707285961,5.472693414571922,0.4116332118412407,-0.006728343145500412,0.5837580697501935,/home/jbonnie1/interval_sketch/hammock_claude/experiments/maurano_dhs_validation/results/raw_d/hammock_mnmzr_p20_jaccD_k10_w30.csv
20,10,50,jaccard_similarity_with_ends,bedtools,400,0.8267597431923375,0.3904518297096693,0.3695735621319386,0.39287893538294577,7.857578707658915,0.5439957777148022,-0.006728343145500412,0.5837580697501935,/home/jbonnie1/interval_sketch/hammock_claude/experiments/maurano_dhs_validation/results/raw_d/hammock_mnmzr_p20_jaccD_k10_w50.csv
20,10,50,jaccard_similarity_with_ends,mode_B,400,0.8096696006875965,0.40589512690012636,0.23881354539413246,0.26048127875364563,5.209625575072913,0.3973975396506666,-0.006728343145500412,0.5837580697501935,/home/jbonnie1/interval_sketch/hammock_claude/experiments/maurano_dhs_validation/results/raw_d/hammock_mnmzr_p20_jaccD_k10_w50.csv
20,10,100,jaccard_similarity_with_ends,bedtools,400,0.8280829660860074,0.3828847040997348,0.3465020542264586,0.3701044325613888,7.402088651227776,0.5242701005241236,-0.006728343145500412,0.5837580697501935,/home/jbonnie1/interval_sketch/hammock_claude/experiments/maurano_dhs_validation/results/raw_d/hammock_mnmzr_p20_jaccD_k10_w100.csv
20,10,100,jaccard_similarity_with_ends,mode_B,400,0.8098690389054045,0.39419188604304883,0.21718117295949363,0.23841846003112838,4.768369200622567,0.37706868170088137,-0.006728343145500412,0.5837580697501935,/home/jbonnie1/interval_sketch/hammock_claude/experiments/maurano_dhs_validation/results/raw_d/hammock_mnmzr_p20_jaccD_k10_w100.csv
20,10,200,jaccard_similarity_with_ends,bedtools,400,0.8337127303060036,0.43163295540211605,0.2738679432455417,0.2984589770171982,5.969179540343964,0.444051620530612,-0.006728343145500412,0.5837580697501935,/home/jbonnie1/interval_sketch/hammock_claude/experiments/maurano_dhs_validation/results/raw_d/hammock_mnmzr_p20_jaccD_k10_w200.csv
20,10,200,jaccard_similarity_with_ends,mode_B,400,0.8182596365814453,0.4561706053775499,0.1566447777649285,0.1704346533928503,3.4086930678570058,0.29685020170736975,-0.006728343145500412,0.5837580697501935,/home/jbonnie1/interval_sketch/hammock_claude/experiments/maurano_dhs_validation/results/raw_d/hammock_mnmzr_p20_jaccD_k10_w200.csv
20,10,300,jaccard_similarity_with_ends,bedtools,400,0.8318324810820352,0.4376878560685902,0.18580672913153579,0.20194294672238292,4.038858934447658,0.32928066572501574,0.05719091673675358,0.6339820997544546,/home/jbonnie1/interval_sketch/hammock_claude/experiments/maurano_dhs_validation/results/raw_d/hammock_mnmzr_p20_jaccD_k10_w300.csv
20,10,300,jaccard_similarity_with_ends,mode_B,400,0.8186382571092019,0.4673262647818862,0.08076586017664987,0.09593844915530571,1.9187689831061143,0.20779033393181062,0.05719091673675358,0.6339820997544546,/home/jbonnie1/interval_sketch/hammock_claude/experiments/maurano_dhs_validation/results/raw_d/hammock_mnmzr_p20_jaccD_k10_w300.csv
20,10,500,jaccard_similarity_with_ends,bedtools,400,0.8347532905448305,0.4769546970111803,0.08400484079978113,0.10490825648191071,2.0981651296382142,0.2762478955995654,-0.006728343145500412,0.5837580697501935,/home/jbonnie1/interval_sketch/hammock_claude/experiments/maurano_dhs_validation/results/raw_d/hammock_mnmzr_p20_jaccD_k10_w500.csv
20,10,500,jaccard_similarity_with_ends,mode_B,400,0.8234139974185106,0.5058384934759045,0.1052281807971066,0.13775306901535583,2.7550613803071164,0.37250842187520017,-0.006728343145500412,0.5837580697501935,/home/jbonnie1/interval_sketch/hammock_claude/experiments/maurano_dhs_validation/results/raw_d/hammock_mnmzr_p20_jaccD_k10_w500.csv
20,15,20,jaccard_similarity_with_ends,bedtools,400,0.9656219161686695,0.9379897759791768,0.11034771131235357,0.11947087902273387,2.3894175804546776,0.18609239581298828,0.6931524547803617,0.9050320102772744,/home/jbonnie1/interval_sketch/hammock_claude/experiments/maurano_dhs_validation/results/raw_d/hammock_mnmzr_p20_jaccD_k15_w20.csv
20,15,20,jaccard_similarity_with_ends,mode_B,400,0.9591827259472935,0.9533595622348823,0.03318265971084964,0.05219484849766713,1.0438969699533427,0.16789770126342773,0.6931524547803617,0.9050320102772744,/home/jbonnie1/interval_sketch/hammock_claude/experiments/maurano_dhs_validation/results/raw_d/hammock_mnmzr_p20_jaccD_k15_w20.csv
20,15,30,jaccard_similarity_with_ends,bedtools,400,0.9492915892077843,0.9233701013025687,0.08954514856090806,0.09652298854250187,1.9304597708500375,0.15953238017826252,0.6931524547803617,0.9050320102772744,/home/jbonnie1/interval_sketch/hammock_claude/experiments/maurano_dhs_validation/results/raw_d/hammock_mnmzr_p20_jaccD_k15_w30.csv
20,15,30,jaccard_similarity_with_ends,mode_B,400,0.940041038181353,0.9396385212300328,0.06087380353696329,0.0797463677312414,1.594927354624828,0.22199086941125346,0.6931524547803617,0.9050320102772744,/home/jbonnie1/interval_sketch/hammock_claude/experiments/maurano_dhs_validation/results/raw_d/hammock_mnmzr_p20_jaccD_k15_w30.csv
20,15,50,jaccard_similarity_with_ends,bedtools,400,0.9236837326284116,0.9020414286625135,0.06404434239621995,0.07845114078426033,1.5690228156852064,0.19637138738798887,0.6931524547803617,0.9050320102772744,/home/jbonnie1/interval_sketch/hammock_claude/experiments/maurano_dhs_validation/results/raw_d/hammock_mnmzr_p20_jaccD_k15_w50.csv
20,15,50,jaccard_similarity_with_ends,mode_B,400,0.9110115732098786,0.9196015407291833,0.10344195054982432,0.12142395682542999,2.4284791365086,0.2926319136636236,0.6931524547803617,0.9050320102772744,/home/jbonnie1/interval_sketch/hammock_claude/experiments/maurano_dhs_validation/results/raw_d/hammock_mnmzr_p20_jaccD_k15_w50.csv
20,15,100,jaccard_similarity_with_ends,bedtools,400,0.8886843226863127,0.8679983647567575,0.05418939567785309,0.08867725363134996,1.773545072626999,0.2828383209546818,0.6931524547803617,0.9050320102772744,/home/jbonnie1/interval_sketch/hammock_claude/experiments/maurano_dhs_validation/results/raw_d/hammock_mnmzr_p20_jaccD_k15_w100.csv
20,15,100,jaccard_similarity_with_ends,mode_B,400,0.8722850874727422,0.8884569079650597,0.15779004977676833,0.1764582769355484,3.529165538710968,0.37909884723031656,0.6931524547803617,0.9050320102772744,/home/jbonnie1/interval_sketch/hammock_claude/experiments/maurano_dhs_validation/results/raw_d/hammock_mnmzr_p20_jaccD_k15_w100.csv
20,15,200,jaccard_similarity_with_ends,bedtools,400,0.8645228595104183,0.8142543703375876,0.0751708074672313,0.11554465180650486,2.3108930361300972,0.3484760157936445,0.6931524547803617,0.9050320102772744,/home/jbonnie1/interval_sketch/hammock_claude/experiments/maurano_dhs_validation/results/raw_d/hammock_mnmzr_p20_jaccD_k15_w200.csv
20,15,200,jaccard_similarity_with_ends,mode_B,400,0.8461634017895537,0.8400552082122215,0.19958387473057812,0.21896156861679647,4.379231372335929,0.4392981464656394,0.6931524547803617,0.9050320102772744,/home/jbonnie1/interval_sketch/hammock_claude/experiments/maurano_dhs_validation/results/raw_d/hammock_mnmzr_p20_jaccD_k15_w200.csv
20,20,20,jaccard_similarity_with_ends,bedtools,400,0.9740237123753192,0.9820708330364141,0.06042045899012988,0.06582593504856522,1.3165187009713046,0.11072337622070313,0.6931524547803617,0.9050320102772744,/home/jbonnie1/interval_sketch/hammock_claude/experiments/maurano_dhs_validation/results/raw_d/hammock_mnmzr_p20_jaccD_k20_w20.csv
20,20,20,jaccard_similarity_with_ends,mode_B,400,0.966334388230806,0.9899260014927219,0.08736054100483885,0.0958977618357817,1.9179552367156343,0.2039809226989746,0.6931524547803617,0.9050320102772744,/home/jbonnie1/interval_sketch/hammock_claude/experiments/maurano_dhs_validation/results/raw_d/hammock_mnmzr_p20_jaccD_k20_w20.csv
20,20,30,jaccard_similarity_with_ends,bedtools,400,0.9578624022140846,0.9766115209637432,0.04865499251921304,0.06024899560326451,1.20497991206529,0.15886934530195745,0.6931524547803617,0.9050320102772744,/home/jbonnie1/interval_sketch/hammock_claude/experiments/maurano_dhs_validation/results/raw_d/hammock_mnmzr_p20_jaccD_k20_w30.csv
20,20,30,jaccard_similarity_with_ends,mode_B,400,0.947712439135117,0.9845687045948083,0.11133874328288752,0.12194411928860772,2.4388823857721547,0.2551298715775922,0.6931524547803617,0.9050320102772744,/home/jbonnie1/interval_sketch/hammock_claude/experiments/maurano_dhs_validation/results/raw_d/hammock_mnmzr_p20_jaccD_k20_w30.csv
20,20,50,jaccard_similarity_with_ends,bedtools,400,0.9318747362912673,0.9668105630712568,0.043823919668411926,0.0691414613717653,1.382829227435306,0.2244719566741213,0.6931524547803617,0.9050320102772744,/home/jbonnie1/interval_sketch/hammock_claude/experiments/maurano_dhs_validation/results/raw_d/hammock_mnmzr_p20_jaccD_k20_w50.csv
20,20,50,jaccard_similarity_with_ends,mode_B,400,0.9186295671583163,0.975793899342527,0.14387178897531017,0.15711932190840916,3.1423864381681836,0.32073248294975604,0.6931524547803617,0.9050320102772744,/home/jbonnie1/interval_sketch/hammock_claude/experiments/maurano_dhs_validation/results/raw_d/hammock_mnmzr_p20_jaccD_k20_w50.csv
20,20,100,jaccard_similarity_with_ends,bedtools,400,0.895270577327986,0.9446567676941944,0.06222085719219941,0.0982104909061141,1.964209818122282,0.30244095614653366,0.6931524547803617,0.9050320102772744,/home/jbonnie1/interval_sketch/hammock_claude/experiments/maurano_dhs_validation/results/raw_d/hammock_mnmzr_p20_jaccD_k20_w100.csv
20,20,100,jaccard_similarity_with_ends,mode_B,400,0.8785482748153606,0.9565940433639503,0.18495883824622125,0.20129094943913065,4.025818988782613,0.3987014824221684,0.6931524547803617,0.9050320102772744,/home/jbonnie1/interval_sketch/hammock_claude/experiments/maurano_dhs_validation/results/raw_d/hammock_mnmzr_p20_jaccD_k20_w100.csv
20,20,200,jaccard_similarity_with_ends,bedtools,400,0.8691723828970063,0.9042572582671671,0.08648903421221346,0.12427519075300356,2.485503815060071,0.35948930166119863,0.6931524547803617,0.9050320102772744,/home/jbonnie1/interval_sketch/hammock_claude/experiments/maurano_dhs_validation/results/raw_d/hammock_mnmzr_p20_jaccD_k20_w200.csv
20,20,200,jaccard_similarity_with_ends,mode_B,400,0.8505737683534207,0.9255169206419455,0.21476297458542742,0.2330037177001051,4.660074354002102,0.44990242202190384,0.6931524547803617,0.9050320102772744,/home/jbonnie1/interval_sketch/hammock_claude/experiments/maurano_dhs_validation/results/raw_d/hammock_mnmzr_p20_jaccD_k20_w200.csv
20,25,30,jaccard_similarity_with_ends,bedtools,400,0.9472313667828867,0.9723778912113176,0.04483530049551326,0.061741146715638094,1.234822934312762,0.18821909179687502,0.6931524547803617,0.9050320102772744,/home/jbonnie1/interval_sketch/hammock_claude/experiments/maurano_dhs_validation/results/raw_d/hammock_mnmzr_p20_jaccD_k25_w30.csv
20,25,30,jaccard_similarity_with_ends,mode_B,400,0.9357204232414053,0.9807341342024625,0.12602181908095417,0.13773167524748922,2.7546335049497843,0.28447961807250977,0.6931524547803617,0.9050320102772744,/home/jbonnie1/interval_sketch/hammock_claude/experiments/maurano_dhs_validation/results/raw_d/hammock_mnmzr_p20_jaccD_k25_w30.csv
20,25,50,jaccard_similarity_with_ends,bedtools,400,0.9200764273092772,0.9618058186155188,0.046783097919647736,0.07749378796637824,1.5498757593275647,0.25134660949707033,0.6931524547803617,0.9050320102772744,/home/jbonnie1/interval_sketch/hammock_claude/experiments/maurano_dhs_validation/results/raw_d/hammock_mnmzr_p20_jaccD_k25_w50.csv
20,25,50,jaccard_similarity_with_ends,mode_B,400,0.9055864523095944,0.9710651959478971,0.15814409671813048,0.17241186078115744,3.448237215623149,0.3476071357727051,0.6931524547803617,0.9050320102772744,/home/jbonnie1/interval_sketch/hammock_claude/experiments/maurano_dhs_validation/results/raw_d/hammock_mnmzr_p20_jaccD_k25_w50.csv
20,25,100,jaccard_similarity_with_ends,bedtools,400,0.8855328601141151,0.9411117403713801,0.07079802385199244,0.10755333389998237,2.1510666779996472,0.32186175641471915,0.6931524547803617,0.9050320102772744,/home/jbonnie1/interval_sketch/hammock_claude/experiments/maurano_dhs_validation/results/raw_d/hammock_mnmzr_p20_jaccD_k25_w100.csv
20,25,100,jaccard_similarity_with_ends,mode_B,400,0.86793733543087,0.9533580620117241,0.19598719505353623,0.21306033687974985,4.261206737594997,0.4175106760055011,0.6931524547803617,0.9050320102772744,/home/jbonnie1/interval_sketch/hammock_claude/experiments/maurano_dhs_validation/results/raw_d/hammock_mnmzr_p20_jaccD_k25_w100.csv
20,25,200,jaccard_similarity_with_ends,bedtools,400,0.8626897142790866,0.9049098553409818,0.09289457176115715,0.13086477762608942,2.6172955525217882,0.373458700476775,0.6931524547803617,0.9050320102772744,/home/jbonnie1/interval_sketch/hammock_claude/experiments/maurano_dhs_validation/results/raw_d/hammock_mnmzr_p20_jaccD_k25_w200.csv
20,25,200,jaccard_similarity_with_ends,mode_B,400,0.8435131413160663,0.9274402067307511,0.22182978843555237,0.24055626729274146,4.811125345854829,0.4629979092780445,0.6931524547803617,0.9050320102772744,/home/jbonnie1/interval_sketch/hammock_claude/experiments/maurano_dhs_validation/results/raw_d/hammock_mnmzr_p20_jaccD_k25_w200.csv
22,8,8,jaccard_similarity_with_ends,bedtools,400,0.8144475346769698,0.5313272849336338,0.6367760908977846,0.6614239230211988,13.228478460423977,0.8370769024859844,0.15306980656013458,0.6931433639913978,/home/jbonnie1/interval_sketch/hammock_claude/experiments/maurano_dhs_validation/results/raw_d/hammock_mnmzr_p22_jaccD_k8_w8.csv
22,8,8,jaccard_similarity_with_ends,mode_B,400,0.8010864871235287,0.5183983617563112,0.5058216495690493,0.5266452562776052,10.532905125552105,0.6898754836627422,0.15306980656013458,0.6931433639913978,/home/jbonnie1/interval_sketch/hammock_claude/experiments/maurano_dhs_validation/results/raw_d/hammock_mnmzr_p22_jaccD_k8_w8.csv
22,8,10,jaccard_similarity_with_ends,bedtools,400,0.8001393074512845,0.5020339275467225,0.6304896419439927,0.6549691092465755,13.099382184931509,0.830065344790908,0.15306980656013458,0.6931433639913978,/home/jbonnie1/interval_sketch/hammock_claude/experiments/maurano_dhs_validation/results/raw_d/hammock_mnmzr_p22_jaccD_k8_w10.csv
22,8,10,jaccard_similarity_with_ends,mode_B,400,0.7864758205016548,0.4886459360829923,0.49953520061525736,0.5202039110700285,10.40407822140057,0.6828639259676658,0.15306980656013458,0.6931433639913978,/home/jbonnie1/interval_sketch/hammock_claude/experiments/maurano_dhs_validation/results/raw_d/hammock_mnmzr_p22_jaccD_k8_w10.csv
22,8,20,jaccard_similarity_with_ends,bedtools,400,0.6451204014292391,0.31183263510447173,0.6123876899034753,0.6366788752558383,12.733577505116767,0.815323174492804,0.08915054667788058,0.6429193339871365,/home/jbonnie1/interval_sketch/hammock_claude/experiments/maurano_dhs_validation/results/raw_d/hammock_mnmzr_p22_jaccD_k8_w20.csv
22,8,20,jaccard_similarity_with_ends,mode_B,400,0.6261361499015959,0.2929958331301781,0.4814332485747399,0.5020122865527596,10.040245731055194,0.6681217556695618,0.08915054667788058,0.6429193339871365,/home/jbonnie1/interval_sketch/hammock_claude/experiments/maurano_dhs_validation/results/raw_d/hammock_mnmzr_p22_jaccD_k8_w20.csv
22,8,30,jaccard_similarity_with_ends,bedtools,400,0.5750884458420216,0.2505620211006387,0.5965860965285753,0.6208457202900769,12.416914405801537,0.8035850738608621,0.08915054667788058,0.6429193339871365,/home/jbonnie1/interval_sketch/hammock_claude/experiments/maurano_dhs_validation/results/raw_d/hammock_mnmzr_p22_jaccD_k8_w30.csv
22,8,30,jaccard_similarity_with_ends,mode_B,400,0.5544443809354953,0.23031200891132553,0.46563165519983996,0.4862994677519876,9.725989355039752,0.6563836550376199,0.08915054667788058,0.6429193339871365,/home/jbonnie1/interval_sketch/hammock_claude/experiments/maurano_dhs_validation/results/raw_d/hammock_mnmzr_p22_jaccD_k8_w30.csv
22,8,50,jaccard_similarity_with_ends,bedtools,400,0.5147115835887888,0.19537781244960187,0.5657796437629251,0.59022425870021,11.804485174004201,0.7821738089591569,0.08915054667788058,0.6429193339871365,/home/jbonnie1/interval_sketch/hammock_claude/experiments/maurano_dhs_validation/results/raw_d/hammock_mnmzr_p22_jaccD_k8_w50.csv
22,8,50,jaccard_similarity_with_ends,mode_B,400,0.4928083875024879,0.17473474179284165,0.4348252024341898,0.4560064897343608,9.120129794687216,0.6349723901359147,0.08915054667788058,0.6429193339871365,/home/jbonnie1/interval_sketch/hammock_claude/experiments/maurano_dhs_validation/results/raw_d/hammock_mnmzr_p22_jaccD_k8_w50.csv
22,8,100,jaccard_similarity_with_ends,bedtools,400,0.5242450738886859,0.1254299076987702,0.4518900043891576,0.47861981330923714,9.572396266184743,0.6929898623553034,0.05719091673675358,0.6064575692400684,/home/jbonnie1/interval_sketch/hammock_claude/experiments/maurano_dhs_validation/results/raw_d/hammock_mnmzr_p22_jaccD_k8_w100.csv
22,8,100,jaccard_similarity_with_ends,mode_B,400,0.5033565155730276,0.10920349401973543,0.32093556306042226,0.3467042718162468,6.934085436324936,0.5457884435320611,0.05719091673675358,0.6064575692400684,/home/jbonnie1/interval_sketch/hammock_claude/experiments/maurano_dhs_validation/results/raw_d/hammock_mnmzr_p22_jaccD_k8_w100.csv
22,8,200,jaccard_similarity_with_ends,bedtools,400,0.7868269010678,0.2514606547723974,0.17879083805680715,0.199695147153248,3.9939029430649593,0.36417329711411967,0.08915054667788058,0.6704438645015228,/home/jbonnie1/interval_sketch/hammock_claude/experiments/maurano_dhs_validation/results/raw_d/hammock_mnmzr_p22_jaccD_k8_w200.csv
22,8,200,jaccard_similarity_with_ends,mode_B,400,0.7682523072004329,0.25543924658792994,0.08311084103314263,0.10270853671078693,2.054170734215739,0.24832567615776102,0.08915054667788058,0.6704438645015228,/home/jbonnie1/interval_sketch/hammock_claude/experiments/maurano_dhs_validation/results/raw_d/hammock_mnmzr_p22_jaccD_k8_w200.csv
22,8,300,jaccard_similarity_with_ends,bedtools,400,0.8251854961294924,0.2809250375993429,0.07532206090302056,0.10403322954640178,2.0806645909280355,0.2998341891777147,0.08915054667788058,0.6704438645015228,/home/jbonnie1/interval_sketch/hammock_claude/experiments/maurano_dhs_validation/results/raw_d/hammock_mnmzr_p22_jaccD_k8_w300.csv
22,8,300,jaccard_similarity_with_ends,mode_B,400,0.8044784726776182,0.2843680497473999,0.13004172397509467,0.16081700661619136,3.2163401323238276,0.39419154183879757,0.08915054667788058,0.6704438645015228,/home/jbonnie1/interval_sketch/hammock_claude/experiments/maurano_dhs_validation/results/raw_d/hammock_mnmzr_p22_jaccD_k8_w300.csv
22,8,500,jaccard_similarity_with_ends,bedtools,400,0.8285519273442138,0.3051611427199796,0.0953787050079271,0.13854544953116846,2.770908990623369,0.4071035157301812,0.025231286795626584,0.6202198344972616,/home/jbonnie1/interval_sketch/hammock_claude/experiments/maurano_dhs_validation/results/raw_d/hammock_mnmzr_p22_jaccD_k8_w500.csv
22,8,500,jaccard_similarity_with_ends,mode_B,400,0.80721773946711,0.3102589010115255,0.221212905431361,0.24396231847491126,4.879246369498225,0.49907913219461253,0.025231286795626584,0.6202198344972616,/home/jbonnie1/interval_sketch/hammock_claude/experiments/maurano_dhs_validation/results/raw_d/hammock_mnmzr_p22_jaccD_k8_w500.csv
22,10,10,jaccard_similarity_with_ends,bedtools,400,0.8393154723991283,0.4834161581535253,0.39959740573554386,0.42231942138845524,8.446388427769104,0.5719016599659035,-0.006728343145500412,0.5837580697501935,/home/jbonnie1/interval_sketch/hammock_claude/experiments/maurano_dhs_validation/results/raw_d/hammock_mnmzr_p22_jaccD_k10_w10.csv
22,10,10,jaccard_similarity_with_ends,mode_B,400,0.8240256739009515,0.5039827174292175,0.2686429644068085,0.28914213661648663,5.7828427323297324,0.4250254076489899,-0.006728343145500412,0.5837580697501935,/home/jbonnie1/interval_sketch/hammock_claude/experiments/maurano_dhs_validation/results/raw_d/hammock_mnmzr_p22_jaccD_k10_w10.csv
22,10,20,jaccard_similarity_with_ends,bedtools,400,0.8345980413653659,0.451596424968214,0.3731639172398993,0.3961561184167346,7.923122368334692,0.5452649865283339,-0.006728343145500412,0.5837580697501935,/home/jbonnie1/interval_sketch/hammock_claude/experiments/maurano_dhs_validation/results/raw_d/hammock_mnmzr_p22_jaccD_k10_w20.csv
22,10,20,jaccard_similarity_with_ends,mode_B,400,0.8186339536759827,0.4702952064119537,0.24229600527508915,0.26356660500400114,5.2713321000800235,0.39987020765870496,-0.006728343145500412,0.5837580697501935,/home/jbonnie1/interval_sketch/hammock_claude/experiments/maurano_dhs_validation/results/raw_d/hammock_mnmzr_p22_jaccD_k10_w20.csv
22,10,30,jaccard_similarity_with_ends,bedtools,400,0.8306068702088866,0.4249974683734205,0.36045523965025245,0.383705966294751,7.6741193258950195,0.5335503134674163,-0.006728343145500412,0.5837580697501935,/home/jbonnie1/interval_sketch/hammock_claude/experiments/maurano_dhs_validation/results/raw_d/hammock_mnmzr_p22_jaccD_k10_w30.csv
22,10,30,jaccard_similarity_with_ends,mode_B,400,0.8140846367883807,0.442493070844288,0.2299790971438258,0.25149656557613326,5.029931311522666,0.3881555345977874,-0.006728343145500412,0.5837580697501935,/home/jbonnie1/interval_sketch/hammock_claude/experiments/maurano_dhs_validation/results/raw_d/hammock_mnmzr_p22_jaccD_k10_w30.csv
22,10,50,jaccard_similarity_with_ends,bedtools,400,0.8273341763525979,0.3884610335787448,0.34655402821784775,0.37012563743980764,7.402512748796153,0.5194340307016411,-0.006728343145500412,0.5837580697501935,/home/jbonnie1/interval_sketch/hammock_claude/experiments/maurano_dhs_validation/results/raw_d/hammock_mnmzr_p22_jaccD_k10_w50.csv
22,10,50,jaccard_similarity_with_ends,mode_B,400,0.8100639457349826,0.4045119211482707,0.2172100663321567,0.23840301428057292,4.768060285611458,0.373452877599705,-0.006728343145500412,0.5837580697501935,/home/jbonnie1/interval_sketch/hammock_claude/experiments/maurano_dhs_validation/results/raw_d/hammock_mnmzr_p22_jaccD_k10_w50.csv
22,10,100,jaccard_similarity_with_ends,bedtools,400,0.8283830819315379,0.38031782227606353,0.32264466412054243,0.3466524870445336,6.933049740890672,0.49950323383029527,-0.006728343145500412,0.5837580697501935,/home/jbonnie1/interval_sketch/hammock_claude/experiments/maurano_dhs_validation/results/raw_d/hammock_mnmzr_p22_jaccD_k10_w100.csv
22,10,100,jaccard_similarity_with_ends,mode_B,400,0.8099902091367142,0.3917420216257168,0.1965917708298699,0.21589794013976707,4.317958802795341,0.35230181500705304,-0.006728343145500412,0.5837580697501935,/home/jbonnie1/interval_sketch/hammock_claude/experiments/maurano_dhs_validation/results/raw_d/hammock_mnmzr_p22_jaccD_k10_w100.csv
22,10,200,jaccard_similarity_with_ends,bedtools,400,0.8341106165085767,0.4313494132252172,0.24731185472414424,0.27139822908881583,5.427964581776317,0.41473188652785953,-0.006728343145500412,0.5837580697501935,/home/jbonnie1/interval_sketch/hammock_claude/experiments/maurano_dhs_validation/results/raw_d/hammock_mnmzr_p22_jaccD_k10_w200.csv
22,10,200,jaccard_similarity_with_ends,mode_B,400,0.8183791823209289,0.45563652593323256,0.1348731695335281,0.14630896000828755,2.926179200165751,0.2675304677046173,-0.006728343145500412,0.5837580697501935,/home/jbonnie1/interval_sketch/hammock_claude/experiments/maurano_dhs_validation/results/raw_d/hammock_mnmzr_p22_jaccD_k10_w200.csv
22,10,300,jaccard_similarity_with_ends,bedtools,400,0.8329614000344329,0.4322420460043431,0.16012036323272363,0.1732271975729172,3.4645439514583445,0.2952603766935516,0.05719091673675358,0.6339820997544546,/home/jbonnie1/interval_sketch/hammock_claude/experiments/maurano_dhs_validation/results/raw_d/hammock_mnmzr_p22_jaccD_k10_w300.csv
22,10,300,jaccard_similarity_with_ends,mode_B,400,0.8192637361017272,0.46164942035127715,0.0637579306135056,0.0872428607027899,1.744857214055798,0.24310371439901735,0.05719091673675358,0.6339820997544546,/home/jbonnie1/interval_sketch/hammock_claude/experiments/maurano_dhs_validation/results/raw_d/hammock_mnmzr_p22_jaccD_k10_w300.csv
22,10,500,jaccard_similarity_with_ends,bedtools,400,0.8365846474113187,0.47534945823191194,0.06837064796166678,0.1015097944774485,2.03019588954897,0.316329499280863,-0.006728343145500412,0.5837580697501935,/home/jbonnie1/interval_sketch/hammock_claude/experiments/maurano_dhs_validation/results/raw_d/hammock_mnmzr_p22_jaccD_k10_w500.csv
22,10,500,jaccard_similarity_with_ends,mode_B,400,0.8244313733683892,0.5041267388524042,0.14061310682543374,0.16846200863730248,3.3692401727460495,0.41259002555649776,-0.006728343145500412,0.5837580697501935,/home/jbonnie1/interval_sketch/hammock_claude/experiments/maurano_dhs_validation/results/raw_d/hammock_mnmzr_p22_jaccD_k10_w500.csv
22,15,20,jaccard_similarity_with_ends,bedtools,400,0.9630194520481603,0.9247338041533677,0.1012486739595843,0.10914692014375305,2.182938402875061,0.17518327925887198,0.6931524547803617,0.9050320102772744,/home/jbonnie1/interval_sketch/hammock_claude/experiments/maurano_dhs_validation/results/raw_d/hammock_mnmzr_p22_jaccD_k15_w20.csv
22,15,20,jaccard_similarity_with_ends,mode_B,400,0.956691502824048,0.9405851620428538,0.041849077542204634,0.060133648118980414,1.2026729623796082,0.18047689511446086,0.6931524547803617,0.9050320102772744,/home/jbonnie1/interval_sketch/hammock_claude/experiments/maurano_dhs_validation/results/raw_d/hammock_mnmzr_p22_jaccD_k15_w20.csv
22,15,30,jaccard_similarity_with_ends,bedtools,400,0.9451988507818937,0.9023669770878416,0.07399742639424566,0.08204550707630306,1.6409101415260614,0.1489698990317092,0.6931524547803617,0.9050320102772744,/home/jbonnie1/interval_sketch/hammock_claude/experiments/maurano_dhs_validation/results/raw_d/hammock_mnmzr_p22_jaccD_k15_w30.csv
22,15,30,jaccard_similarity_with_ends,mode_B,400,0.9360564083268142,0.9194080119417761,0.0816241335621131,0.09770974264209974,1.9541948528419946,0.24523042530734396,0.6931524547803617,0.9050320102772744,/home/jbonnie1/interval_sketch/hammock_claude/experiments/maurano_dhs_validation/results/raw_d/hammock_mnmzr_p22_jaccD_k15_w30.csv
22,15,50,jaccard_similarity_with_ends,bedtools,400,0.9187895603091618,0.8747388674065265,0.048909974509212216,0.07394701650018586,1.4789403300037172,0.234639111295199,0.6931524547803617,0.9050320102772744,/home/jbonnie1/interval_sketch/hammock_claude/experiments/maurano_dhs_validation/results/raw_d/hammock_mnmzr_p22_jaccD_k15_w50.csv
22,15,50,jaccard_similarity_with_ends,mode_B,400,0.9061690320365301,0.8924730053595472,0.13860972147602973,0.15409481807925166,3.081896361585033,0.33089963757083374,0.6931524547803617,0.9050320102772744,/home/jbonnie1/interval_sketch/hammock_claude/experiments/maurano_dhs_validation/results/raw_d/hammock_mnmzr_p22_jaccD_k15_w50.csv
22,15,100,jaccard_similarity_with_ends,bedtools,400,0.8846515133519588,0.8315489429052572,0.08200677208949714,0.11800880820602816,2.3601761641205634,0.3390730420577651,0.6931524547803617,0.9050320102772744,/home/jbonnie1/interval_sketch/hammock_claude/experiments/maurano_dhs_validation/results/raw_d/hammock_mnmzr_p22_jaccD_k15_w100.csv
22,15,100,jaccard_similarity_with_ends,mode_B,400,0.8682606343903274,0.8512483731955127,0.21142411316646972,0.22799567081422661,4.559913416284532,0.43533356833339987,0.6931524547803617,0.9050320102772744,/home/jbonnie1/interval_sketch/hammock_claude/experiments/maurano_dhs_validation/results/raw_d/hammock_mnmzr_p22_jaccD_k15_w100.csv
22,15,200,jaccard_similarity_with_ends,bedtools,400,0.8624822026010235,0.7807363845371998,0.14024723693219934,0.1703442655634224,3.4068853112684474,0.41731187952703624,0.5090439276485788,0.851941337741426,/home/jbonnie1/interval_sketch/hammock_claude/experiments/maurano_dhs_validation/results/raw_d/hammock_mnmzr_p22_jaccD_k15_w200.csv
22,15,200,jaccard_similarity_with_ends,mode_B,400,0.8440585595136126,0.8032352312406469,0.27120167826093466,0.28873301403100965,5.774660280620193,0.5134499516159192,0.5090439276485788,0.851941337741426,/home/jbonnie1/interval_sketch/hammock_claude/experiments/maurano_dhs_validation/results/raw_d/hammock_mnmzr_p22_jaccD_k15_w200.csv
22,20,20,jaccard_similarity_with_ends,bedtools,400,0.9725868247546066,0.9784282912083172,0.05803974369488815,0.06384259886431906,1.2768519772863813,0.1137565117726077,0.6931524547803617,0.9050320102772744,/home/jbonnie1/interval_sketch/hammock_claude/experiments/maurano_dhs_validation/results/raw_d/hammock_mnmzr_p22_jaccD_k20_w20.csv
22,20,20,jaccard_similarity_with_ends,mode_B,400,0.9649206404306784,0.9864979915762467,0.09094544372642098,0.09955675238426882,1.9911350476853764,0.21001703804824245,0.6931524547803617,0.9050320102772744,/home/jbonnie1/interval_sketch/hammock_claude/experiments/maurano_dhs_validation/results/raw_d/hammock_mnmzr_p22_jaccD_k20_w20.csv
22,20,30,jaccard_similarity_with_ends,bedtools,400,0.9549916747056595,0.9651213117951294,0.044726398872869624,0.058599904392310796,1.171998087846216,0.1713644425278344,0.6931524547803617,0.9050320102772744,/home/jbonnie1/interval_sketch/hammock_claude/experiments/maurano_dhs_validation/results/raw_d/hammock_mnmzr_p22_jaccD_k20_w30.csv
22,20,30,jaccard_similarity_with_ends,mode_B,400,0.94491983865668006,0.9742156645801061,0.12059841916055572,0.13116199455471578,2.6232398910943155,0.26762496880346914,0.6931524547803617,0.9050320102772744,/home/jbonnie1/interval_sketch/hammock_claude/experiments/maurano_dhs_validation/results/raw_d/hammock_mnmzr_p22_jaccD_k20_w30.csv
22,20,50,jaccard_similarity_with_ends,bedtools,400,0.9275676420400051,0.9387068826487939,0.04563528960581075,0.07659995138555903,1.5319990277111804,0.24829039655206797,0.6931524547803617,0.9050320102772744,/home/jbonnie1/interval_sketch/hammock_claude/experiments/maurano_dhs_validation/results/raw_d/hammock_mnmzr_p22_jaccD_k20_w50.csv
22,20,50,jaccard_similarity_with_ends,mode_B,400,0.9144312897775079,0.9497680279941639,0.16393179931718774,0.176850853937712,3.53701707875424,0.3445509228277027,0.6931524547803617,0.9050320102772744,/home/jbonnie1/interval_sketch/hammock_claude/experiments/maurano_dhs_validation/results/raw_d/hammock_mnmzr_p22_jaccD_k20_w50.csv
22,20,100,jaccard_similarity_with_ends,bedtools,400,0.8910066085662848,0.8961770563371301,0.09127352395264184,0.1238875955433413,2.477751910866826,0.3419756159746144,0.6931524547803617,0.9050320102772744,/home/jbonnie1/interval_sketch/hammock_claude/experiments/maurano_dhs_validation/results/raw_d/hammock_mnmzr_p22_jaccD_k20_w100.csv
22,20,100,jaccard_similarity_with_ends,mode_B,400,0.8744019621630517,0.9100811245672793,0.22181360416786625,0.23740191257663257,4.748038251532652,0.43823614225024915,0.6931524547803617,0.9050320102772744,/home/jbonnie1/interval_sketch/hammock_claude/experiments/maurano_dhs_validation/results/raw_d/hammock_mnmzr_p22_jaccD_k20_w100.csv
22,20,200,jaccard_similarity_with_ends,bedtools,400,0.866769862867777,0.8290360691152808,0.14170257380056928,0.17074701141250193,3.4149402282500385,0.41429754707598665,0.5090439276485788,0.851941337741426,/home/jbonnie1/interval_sketch/hammock_claude/experiments/maurano_dhs_validation/results/raw_d/hammock_mnmzr_p22_jaccD_k20_w200.csv
22,20,200,jaccard_similarity_with_ends,mode_B,400,0.8483276873468882,0.8478893735443147,0.2726570151293046,0.2897587970358494,5.795175940716988,0.5099211687560784,0.5090439276485788,0.851941337741426,/home/jbonnie1/interval_sketch/hammock_claude/experiments/maurano_dhs_validation/results/raw_d/hammock_mnmzr_p22_jaccD_k20_w200.csv
22,25,30,jaccard_similarity_with_ends,bedtools,400,0.9451384479267684,0.9624194098872206,0.0425423956525954,0.06213954958736799,1.2427909917473599,0.1967936673004559,0.6931524547803617,0.9050320102772744,/home/jbonnie1/interval_sketch/hammock_claude/experiments/maurano_dhs_validation/results/raw_d/hammock_mnmzr_p22_jaccD_k25_w30.csv
22,25,30,jaccard_similarity_with_ends,mode_B,400,0.933717647813793,0.9716547836490677,0.1326852301638856,0.14435585795287909,2.887117159057582,0.29305419357609064,0.6931524547803617,0.9050320102772744,/home/jbonnie1/interval_sketch/hammock_claude/experiments/maurano_dhs_validation/results/raw_d/hammock_mnmzr_p22_jaccD_k25_w30.csv
22,25,50,jaccard_similarity_with_ends,bedtools,400,0.9169739665044425,0.9358879633345458,0.051472555048875775,0.08462108501496712,1.6924217002993425,0.26860039777006384,0.6931524547803617,0.9050320102772744,/home/jbonnie1/interval_sketch/hammock_claude/experiments/maurano_dhs_validation/results/raw_d/hammock_mnmzr_p22_jaccD_k25_w50.csv
22,25,50,jaccard_similarity_with_ends,mode_B,400,0.9026468510950045,0.9472401519726058,0.17278501620729958,0.18679960709011703,3.735992141802341,0.3648609240456986,0.6931524547803617,0.9050320102772744,/home/jbonnie1/interval_sketch/hammock_claude/experiments/maurano_dhs_validation/results/raw_d/hammock_mnmzr_p22_jaccD_k25_w50.csv
22,25,100,jaccard_similarity_with_ends,bedtools,400,0.8824460809101216,0.8897801047905876,0.09363965565569961,0.1276538237718008,2.553076475436016,0.35146927308379206,0.6931524547803617,0.9050320102772744,/home/jbonnie1/interval_sketch/hammock_claude/experiments/maurano_dhs_validation/results/raw_d/hammock_mnmzr_p22_jaccD_k25_w100.csv
22,25,100,jaccard_similarity_with_ends,mode_B,400,0.865055616384986,0.9044432859387832,0.22397887233215513,0.24045380699420507,4.809076139884101,0.4477297993594268,0.6931524547803617,0.9050320102772744,/home/jbonnie1/interval_sketch/hammock_claude/experiments/maurano_dhs_validation/results/raw_d/hammock_mnmzr_p22_jaccD_k25_w100.csv
22,25,200,jaccard_similarity_with_ends,bedtools,400,0.8613767388799449,0.8077283995994403,0.13836620997340704,0.16893077035153203,3.3786154070306402,0.41519085755861385,0.5090439276485788,0.851941337741426,/home/jbonnie1/interval_sketch/hammock_claude/experiments/maurano_dhs_validation/results/raw_d/hammock_mnmzr_p22_jaccD_k25_w200.csv
22,25,200,jaccard_similarity_with_ends,mode_B,400,0.8425402213780161,0.8278238888034594,0.2693206513021424,0.28699804722169164,5.739960944433832,0.5101852326270196,0.5090439276485788,0.851941337741426,/home/jbonnie1/interval_sketch/hammock_claude/experiments/maurano_dhs_validation/results/raw_d/hammock_mnmzr_p22_jaccD_k25_w200.csv
23,8,8,jaccard_similarity_with_ends,bedtools,400,0.815361345455044,0.5308292108451131,0.6367111559645906,0.6613571437884669,13.227142875769339,0.8370563134328358,0.15306980656013458,0.6931433639913978,/home/jbonnie1/interval_sketch/hammock_claude/experiments/maurano_dhs_validation/results/raw_d/hammock_mnmzr_p23_jaccD_k8_w8.csv
23,8,8,jaccard_similarity_with_ends,mode_B,400,0.8019813314397015,0.5177487651288128,0.5057567146358553,0.5265785823860016,10.531571647720034,0.6898548946095936,0.15306980656013458,0.6931433639913978,/home/jbonnie1/interval_sketch/hammock_claude/experiments/maurano_dhs_validation/results/raw_d/hammock_mnmzr_p23_jaccD_k8_w8.csv
23,8,10,jaccard_similarity_with_ends,bedtools,400,0.8005326722794716,0.5022259561109714,0.6304285221676745,0.6549068332958579,13.098136665917158,0.8300179994709846,0.15306980656013458,0.6931433639913978,/home/jbonnie1/interval_sketch/hammock_claude/experiments/maurano_dhs_validation/results/raw_d/hammock_mnmzr_p23_jaccD_k8_w10.csv
23,8,10,jaccard_similarity_with_ends,mode_B,400,0.7868602362679371,0.48886796911040514,0.4994740808389391,0.5201417520681432,10.402835041362863,0.6828165806477424,0.15306980656013458,0.6931433639913978,/home/jbonnie1/interval_sketch/hammock_claude/experiments/maurano_dhs_validation/results/raw_d/hammock_mnmzr_p23_jaccD_k8_w10.csv
23,8,20,jaccard_similarity_with_ends,bedtools,400,0.6452872695397178,0.3100293668683216,0.6123182378371979,0.6366095581895191,12.732191163790382,0.8152808422844129,0.08915054667788058,0.6429193339871365,/home/jbonnie1/interval_sketch/hammock_claude/experiments/maurano_dhs_validation/results/raw_d/hammock_mnmzr_p23_jaccD_k8_w20.csv
23,8,20,jaccard_similarity_with_ends,mode_B,400,0.6262766140595717,0.29124657292772294,0.48136379650846245,0.5019433032451961,10.038866064903921,0.6680794234611707,0.08915054667788058,0.6429193339871365,/home/jbonnie1/interval_sketch/hammock_claude/experiments/maurano_dhs_validation/results/raw_d/hammock_mnmzr_p23_jaccD_k8_w20.csv
23,8,30,jaccard_similarity_with_ends,bedtools,400,0.5751199712072305,0.25035198985849144,0.5964711802196264,0.6207305566774813,12.414611133549627,0.8035288857954036,0.08915054667788058,0.6429193339871365,/home/jbonnie1/interval_sketch/hammock_claude/experiments/maurano_dhs_validation/results/raw_d/hammock_mnmzr_p23_jaccD_k8_w30.csv
23,8,30,jaccard_similarity_with_ends,mode_B,400,0.5544587021003963,0.2301724881576134,0.46551673889089107,0.4861850763200469,9.723701526400939,0.6563274669721614,0.08915054667788058,0.6429193339871365,/home/jbonnie1/interval_sketch/hammock_claude/experiments/maurano_dhs_validation/results/raw_d/hammock_mnmzr_p23_jaccD_k8_w30.csv
23,8,50,jaccard_similarity_with_ends,bedtools,400,0.514728443674514,0.19441616940519899,0.5656454246673542,0.590091627942082,11.80183255884164,0.7821626645946442,0.08915054667788058,0.6429193339871365,/home/jbonnie1/interval_sketch/hammock_claude/experiments/maurano_dhs_validation/results/raw_d/hammock_mnmzr_p23_jaccD_k8_w50.csv
23,8,50,jaccard_similarity_with_ends,mode_B,400,0.492799486326487,0.17373409294632575,0.4346909833386189,0.45587541699863954,9.11750833997279,0.634961245771402,0.08915054667788058,0.6429193339871365,/home/jbonnie1/interval_sketch/hammock_claude/experiments/maurano_dhs_validation/results/raw_d/hammock_mnmzr_p23_jaccD_k8_w50.csv
23,8,100,jaccard_similarity_with_ends,bedtools,400,0.523966178171047,0.1253638978798096,0.45157180795863555,0.47832268704624864,9.566453740924972,0.6928680979047713,0.05719091673675358,0.6064575692400684,/home/jbonnie1/interval_sketch/hammock_claude/experiments/maurano_dhs_validation/results/raw_d/hammock_mnmzr_p23_jaccD_k8_w100.csv
23,8,100,jaccard_similarity_with_ends,mode_B,400,0.5030699952224243,0.10916148777130598,0.3206173666299002,0.3464210511896496,6.928421023792993,0.5456666790815291,0.05719091673675358,0.6064575692400684,/home/jbonnie1/interval_sketch/hammock_claude/experiments/maurano_dhs_validation/results/raw_d/hammock_mnmzr_p23_jaccD_k8_w100.csv
23,8,200,jaccard_similarity_with_ends,bedtools,400,0.7865782786102249,0.25157617195557835,0.17792577746743926,0.19881498038931053,3.9762996077862107,0.36325066121474087,0.08915054667788058,0.6704438645015228,/home/jbonnie1/interval_sketch/hammock_claude/experiments/maurano_dhs_validation/results/raw_d/hammock_mnmzr_p23_jaccD_k8_w200.csv
23,8,200,jaccard_similarity_with_ends,mode_B,400,0.7680053407721135,0.25552325908478885,0.08288918520821273,0.10245109476657212,2.049021895331442,0.2497036551551181,0.08915054667788058,0.6704438645015228,/home/jbonnie1/interval_sketch/hammock_claude/experiments/maurano_dhs_validation/results/raw_d/hammock_mnmzr_p23_jaccD_k8_w200.csv
23,8,300,jaccard_similarity_with_ends,bedtools,400,0.8251251781514964,0.280772014837207,0.0749141858593439,0.10404713437108114,2.0809426874216226,0.3018936961814741,0.08915054667788058,0.6704438645015228,/home/jbonnie1/interval_sketch/hammock_claude/experiments/maurano_dhs_validation/results/raw_d/hammock_mnmzr_p23_jaccD_k8_w300.csv
23,8,300,jaccard_similarity_with_ends,mode_B,400,0.8044163881033259,0.2841910234147329,0.13182831789527133,0.16241408117135595,3.248281623427119,0.39611515009890136,0.08915054667788058,0.6704438645015228,/home/jbonnie1/interval_sketch/hammock_claude/experiments/maurano_dhs_validation/results/raw_d/hammock_mnmzr_p23_jaccD_k8_w300.csv
23,8,500,jaccard_similarity_with_ends,bedtools,400,0.8285075944809749,0.30335337381435484,0.09748619162545638,0.14039725745508733,2.8079451491017466,0.40996241786537,0.025231286795626584,0.6202198344972616,/home/jbonnie1/interval_sketch/hammock_claude/experiments/maurano_dhs_validation/results/raw_d/hammock_mnmzr_p23_jaccD_k8_w500.csv
23,8,500,jaccard_similarity_with_ends,mode_B,400,0.8071642682627298,0.30826360421112636,0.22387300909255606,0.24651354979828735,4.930270995965747,0.5020813165833743,0.025231286795626584,0.6202198344972616,/home/jbonnie1/interval_sketch/hammock_claude/experiments/maurano_dhs_validation/results/raw_d/hammock_mnmzr_p23_jaccD_k8_w500.csv
23,10,10,jaccard_similarity_with_ends,bedtools,400,0.8399164784086663,0.48662363526574576,0.39504854249605564,0.41776903086958905,8.35538061739178,0.5667082632784589,-0.006728343145500412,0.5837580697501935,/home/jbonnie1/interval_sketch/hammock_claude/experiments/maurano_dhs_validation/results/raw_d/hammock_mnmzr_p23_jaccD_k10_w10.csv
23,10,10,jaccard_similarity_with_ends,mode_B,400,0.8246121313179463,0.507283208377246,0.2640941011673203,0.2846689062333822,5.693378124667644,0.420111258837529,-0.006728343145500412,0.5837580697501935,/home/jbonnie1/interval_sketch/hammock_claude/experiments/maurano_dhs_validation/results/raw_d/hammock_mnmzr_p23_jaccD_k10_w10.csv
23,10,20,jaccard_similarity_with_ends,bedtools,400,0.8350696148982569,0.454476853431948,0.3685744979043596,0.3915911478628805,7.83182295725761,0.5403799550726942,-0.006728343145500412,0.5837580697501935,/home/jbonnie1/interval_sketch/hammock_claude/experiments/maurano_dhs_validation/results/raw_d/hammock_mnmzr_p23_jaccD_k10_w20.csv
23,10,20,jaccard_similarity_with_ends,mode_B,400,0.8190796782931907,0.4732146406778007,0.23776668452201377,0.25910977559549375,5.1821955119098755,0.3949851762030653,-0.006728343145500412,0.5837580697501935,/home/jbonnie1/interval_sketch/hammock_claude/experiments/maurano_dhs_validation/results/raw_d/hammock_mnmzr_p23_jaccD_k10_w20.csv
23,10,30,jaccard_similarity_with_ends,bedtools,400,0.8309707358369476,0.42549554246194116,0.3558974532752414,0.3791901077323839,7.583802154647677,0.52878782583204,-0.006728343145500412,0.5837580697501935,/home/jbonnie1/interval_sketch/hammock_claude/experiments/maurano_dhs_validation/results/raw_d/hammock_mnmzr_p23_jaccD_k10_w30.csv
23,10,30,jaccard_similarity_with_ends,mode_B,400,0.8144099355540223,0.44305415430545286,0.22565082622830404,0.24710893455232016,4.942178691046403,0.38339304696241105,-0.006728343145500412,0.5837580697501935,/home/jbonnie1/interval_sketch/hammock_claude/experiments/maurano_dhs_validation/results/raw_d/hammock_mnmzr_p23_jaccD_k10_w30.csv
23,10,50,jaccard_similarity_with_ends,bedtools,400,0.8277590427735504,0.39086139063185643,0.34197366102166676,0.3656007833502391,7.312015667004781,0.5142929509867404,-0.006728343145500412,0.5837580697501935,/home/jbonnie1/interval_sketch/hammock_claude/experiments/maurano_dhs_validation/results/raw_d/hammock_mnmzr_p23_jaccD_k10_w50.csv
23,10,50,jaccard_similarity_with_ends,mode_B,400,0.8104602488939121,0.4068972759698004,0.21318781494158337,0.23403156748204212,4.6806313496408425,0.3686971979242587,-0.006728343145500412,0.5837580697501935,/home/jbonnie1/interval_sketch/hammock_claude/experiments/maurano_dhs_validation/results/raw_d/hammock_mnmzr_p23_jaccD_k10_w50.csv
23,10,100,jaccard_similarity_with_ends,bedtools,400,0.8287684163744986,0.38111894144253955,0.3179014734614979,0.34199421133375774,6.839884226675155,0.49429872993226553,-0.006728343145500412,0.5837580697501935,/home/jbonnie1/interval_sketch/hammock_claude/experiments/maurano_dhs_validation/results/raw_d/hammock_mnmzr_p23_jaccD_k10_w100.csv
23,10,100,jaccard_similarity_with_ends,mode_B,400,0.8103458329427075,0.39256564413956574,0.19267136211834754,0.21145459294329116,4.229091858865823,0.3470973111090233,-0.006728343145500412,0.5837580697501935,/home/jbonnie1/interval_sketch/hammock_claude/experiments/maurano_dhs_validation/results/raw_d/hammock_mnmzr_p23_jaccD_k10_w100.csv
23,10,200,jaccard_similarity_with_ends,bedtools,400,0.8343037809959187,0.4322930535917217,0.2423902409169922,0.2661384530644004,5.322769061288009,0.4086566379603003,-0.006728343145500412,0.5837580697501935,/home/jbonnie1/interval_sketch/hammock_claude/experiments/maurano_dhs_validation/results/raw_d/hammock_mnmzr_p23_jaccD_k10_w200.csv
23,10,200,jaccard_similarity_with_ends,mode_B,400,0.8185283508172289,0.45657416540710427,0.1306061807810383,0.14178343382917066,2.8356686765834134,0.26145521913705805,-0.006728343145500412,0.5837580697501935,/home/jbonnie1/interval_sketch/hammock_claude/experiments/maurano_dhs_validation/results/raw_d/hammock_mnmzr_p23_jaccD_k10_w200.csv
23,10,300,jaccard_similarity_with_ends,bedtools,400,0.8331159438980302,0.4309233498482899,0.1551495771974639,0.16791088406458526,3.358217681291705,0.2889083037905326,0.05719091673675358,0.6339820997544546,/home/jbonnie1/interval_sketch/hammock_claude/experiments/maurano_dhs_validation/results/raw_d/hammock_mnmzr_p23_jaccD_k10_w300.csv
23,10,300,jaccard_similarity_with_ends,mode_B,400,0.8193381637491051,0.46032922397206577,0.06182091555012198,0.08702591536365259,1.7405183072730517,0.24986100238181708,0.05719091673675358,0.6339820997544546,/home/jbonnie1/interval_sketch/hammock_claude/experiments/maurano_dhs_validation/results/raw_d/hammock_mnmzr_p23_jaccD_k10_w300.csv
23,10,500,jaccard_similarity_with_ends,bedtools,400,0.8368761964979895,0.47520093613925063,0.06690373619040693,0.10241965890434462,2.0483931780868927,0.3237190395826941,-0.006728343145500412,0.5837580697501935,/home/jbonnie1/interval_sketch/hammock_claude/experiments/maurano_dhs_validation/results/raw_d/hammock_mnmzr_p23_jaccD_k10_w500.csv
23,10,500,jaccard_similarity_with_ends,mode_B,400,0.8245754222435657,0.5039857178755339,0.14755089206193073,0.1745824638721523,3.491649277443046,0.41997956585832885,-0.006728343145500412,0.5837580697501935,/home/jbonnie1/interval_sketch/hammock_claude/experiments/maurano_dhs_validation/results/raw_d/hammock_mnmzr_p23_jaccD_k10_w500.csv
23,15,20,jaccard_similarity_with_ends,bedtools,400,0.9598674943493057,0.9134971326984888,0.07588950179517949,0.08234230466764836,1.6468460933529672,0.14154665237415612,0.6931524547803617,0.9050320102772744,/home/jbonnie1/interval_sketch/hammock_claude/experiments/maurano_dhs_validation/results/raw_d/hammock_mnmzr_p23_jaccD_k15_w20.csv
23,15,20,jaccard_similarity_with_ends,mode_B,400,0.9531489211125385,0.9290589475184432,0.07310320044997981,0.0864325211380848,1.7286504227616961,0.21360485623830217,0.6931524547803617,0.9050320102772744,/home/jbonnie1/interval_sketch/hammock_claude/experiments/maurano_dhs_validation/results/raw_d/hammock_mnmzr_p23_jaccD_k15_w20.csv
23,15,30,jaccard_similarity_with_ends,bedtools,400,0.9429166921201567,0.9007752403169971,0.04903650391826945,0.0644770837685311,1.289541675370622,0.18776736373053582,0.6931524547803617,0.9050320102772744,/home/jbonnie1/interval_sketch/hammock_claude/experiments/maurano_dhs_validation/results/raw_d/hammock_mnmzr_p23_jaccD_k15_w30.csv
23,15,30,jaccard_similarity_with_ends,mode_B,400,0.9332394288520922,0.9165320841475169,0.1202540497709798,0.13290005162839671,2.658001032567934,0.28402789000617057,0.6931524547803617,0.9050320102772744,/home/jbonnie1/interval_sketch/hammock_claude/experiments/maurano_dhs_validation/results/raw_d/hammock_mnmzr_p23_jaccD_k15_w30.csv
23,15,50,jaccard_similarity_with_ends,bedtools,400,0.9172382230217124,0.8801576734539261,0.05500172628875966,0.08839677394510745,1.767935478902149,0.2768559658704939,0.6931524547803617,0.9050320102772744,/home/jbonnie1/interval_sketch/hammock_claude/experiments/maurano_dhs_validation/results/raw_d/hammock_mnmzr_p23_jaccD_k15_w50.csv
23,15,50,jaccard_similarity_with_ends,mode_B,400,0.9040562262334482,0.896846155865685,0.1802827641683315,0.19394962482284753,3.8789924964569504,0.37311649214612863,0.6931524547803617,0.9050320102772744,/home/jbonnie1/interval_sketch/hammock_claude/experiments/maurano_dhs_validation/results/raw_d/hammock_mnmzr_p23_jaccD_k15_w50.csv
23,15,100,jaccard_similarity_with_ends,bedtools,400,0.8835567081755679,0.8485914779823498,0.12131996792694304,0.14998461765480883,2.9996923530961763,0.3814920279949357,0.6931524547803617,0.9050320102772744,/home/jbonnie1/interval_sketch/hammock_claude/experiments/maurano_dhs_validation/results/raw_d/hammock_mnmzr_p23_jaccD_k15_w100.csv
23,15,100,jaccard_similarity_with_ends,mode_B,400,0.866708618963012,0.8668011866765181,0.2522744092556784,0.26802594697067145,5.360518939413429,0.47775255427057045,0.6931524547803617,0.9050320102772744,/home/jbonnie1/interval_sketch/hammock_claude/experiments/maurano_dhs_validation/results/raw_d/hammock_mnmzr_p23_jaccD_k15_w100.csv
23,15,200,jaccard_similarity_with_ends,bedtools,400,0.8613431303392745,0.8148469584850746,0.17608836091293015,0.20228165109564264,4.045633021912853,0.45611326004329467,0.5090439276485788,0.851941337741426,/home/jbonnie1/interval_sketch/hammock_claude/experiments/maurano_dhs_validation/results/raw_d/hammock_mnmzr_p23_jaccD_k15_w200.csv
23,15,200,jaccard_similarity_with_ends,mode_B,400,0.8424523439830095,0.8358065762282139,0.3070428022416655,0.32428901939080357,6.485780387816072,0.5520003583210679,0.5090439276485788,0.851941337741426,/home/jbonnie1/interval_sketch/hammock_claude/experiments/maurano_dhs_validation/results/raw_d/hammock_mnmzr_p23_jaccD_k15_w200.csv
23,20,20,jaccard_similarity_with_ends,bedtools,400,0.9686110643754462,0.9645392252097499,0.04191370053212576,0.05185964740996333,1.0371929481992666,0.14206694040863915,0.6931524547803617,0.9050320102772744,/home/jbonnie1/interval_sketch/hammock_claude/experiments/maurano_dhs_validation/results/raw_d/hammock_mnmzr_p23_jaccD_k20_w20.csv
23,20,20,jaccard_similarity_with_ends,mode_B,400,0.9608343445732587,0.9734430496536359,0.11556536991195296,0.12372837748738041,2.4745675497476083,0.2383274666842739,0.6931524547803617,0.9050320102772744,/home/jbonnie1/interval_sketch/hammock_claude/experiments/maurano_dhs_validation/results/raw_d/hammock_mnmzr_p23_jaccD_k20_w20.csv
23,20,30,jaccard_similarity_with_ends,bedtools,400,0.9509623898401576,0.9506981663522448,0.03659433921519524,0.0625360804108998,1.2507216082179957,0.2082859333380222,0.6931524547803617,0.9050320102772744,/home/jbonnie1/interval_sketch/hammock_claude/experiments/maurano_dhs_validation/results/raw_d/hammock_mnmzr_p23_jaccD_k20_w30.csv
23,20,30,jaccard_similarity_with_ends,mode_B,400,0.9405913393852022,0.9601060657772843,0.1548109261376349,0.16469080505640749,3.29381610112815,0.30454645961365695,0.6931524547803617,0.9050320102772744,/home/jbonnie1/interval_sketch/hammock_claude/experiments/maurano_dhs_validation/results/raw_d/hammock_mnmzr_p23_jaccD_k20_w30.csv
23,20,50,jaccard_similarity_with_ends,bedtools,400,0.9243037648100487,0.933678134622525,0.0747869073966843,0.10245997053105611,2.049199410621122,0.29170025568836816,0.6931524547803617,0.9050320102772744,/home/jbonnie1/interval_sketch/hammock_claude/experiments/maurano_dhs_validation/results/raw_d/hammock_mnmzr_p23_jaccD_k20_w50.csv
23,20,50,jaccard_similarity_with_ends,mode_B,400,0.9107317665646539,0.9439906686119559,0.2054575421495616,0.21765862867253094,4.353172573450618,0.3879607819640029,0.6931524547803617,0.9050320102772744,/home/jbonnie1/interval_sketch/hammock_claude/experiments/maurano_dhs_validation/results/raw_d/hammock_mnmzr_p23_jaccD_k20_w50.csv
23,20,100,jaccard_similarity_with_ends,bedtools,400,0.8888670846105442,0.9045077955345856,0.1351985213628335,0.16070559955402533,3.2141119910805065,0.3883789464741668,0.6931524547803617,0.9050320102772744,/home/jbonnie1/interval_sketch/hammock_claude/experiments/maurano_dhs_validation/results/raw_d/hammock_mnmzr_p23_jaccD_k20_w100.csv
23,20,100,jaccard_similarity_with_ends,mode_B,400,0.8718324616606324,0.9167331140507149,0.26615296269156885,0.2812130049058986,5.624260098117973,0.48463947274980157,0.6931524547803617,0.9050320102772744,/home/jbonnie1/interval_sketch/hammock_claude/experiments/maurano_dhs_validation/results/raw_d/hammock_mnmzr_p23_jaccD_k20_w100.csv
23,20,200,jaccard_similarity_with_ends,bedtools,400,0.8650690709039932,0.8650069197793171,0.182951229023638,0.207912542889042,4.15825085778084,0.45845783014726704,0.6931524547803617,0.9050320102772744,/home/jbonnie1/interval_sketch/hammock_claude/experiments/maurano_dhs_validation/results/raw_d/hammock_mnmzr_p23_jaccD_k20_w200.csv
23,20,200,jaccard_similarity_with_ends,mode_B,400,0.8461196210847592,0.8810818109193742,0.3139056703523734,0.3307865101731745,6.61573020346349,0.5540194098032348,0.6931524547803617,0.9050320102772744,/home/jbonnie1/interval_sketch/hammock_claude/experiments/maurano_dhs_validation/results/raw_d/hammock_mnmzr_p23_jaccD_k20_w200.csv
23,25,30,jaccard_similarity_with_ends,bedtools,400,0.9408458941328809,0.9439336601319446,0.04230498754003554,0.07105164871893187,1.4210329743786374,0.23168896547585732,0.6931524547803617,0.9050320102772744,/home/jbonnie1/interval_sketch/hammock_claude/experiments/maurano_dhs_validation/results/raw_d/hammock_mnmzr_p23_jaccD_k25_w30.csv
23,25,30,jaccard_similarity_with_ends,mode_B,400,0.9292391636144944,0.9541291767150363,0.1641299373140381,0.17519303056542673,3.5038606113085344,0.3279494917514921,0.6931524547803617,0.9050320102772744,/home/jbonnie1/interval_sketch/hammock_claude/experiments/maurano_dhs_validation/results/raw_d/hammock_mnmzr_p23_jaccD_k25_w30.csv
23,25,50,jaccard_similarity_with_ends,bedtools,400,0.9134371776878202,0.9224054578118495,0.08170532592356741,0.11082883704781891,2.2165767409563784,0.31086680593048405,0.6931524547803617,0.9050320102772744,/home/jbonnie1/interval_sketch/hammock_claude/experiments/maurano_dhs_validation/results/raw_d/hammock_mnmzr_p23_jaccD_k25_w50.csv
23,25,50,jaccard_similarity_with_ends,mode_B,400,0.898809073677261,0.933724641540429,0.21241785135745267,0.22572321363985753,4.514464272797151,0.4071273322061188,0.6931524547803617,0.9050320102772744,/home/jbonnie1/interval_sketch/hammock_claude/experiments/maurano_dhs_validation/results/raw_d/hammock_mnmzr_p23_jaccD_k25_w50.csv
23,25,100,jaccard_similarity_with_ends,bedtools,400,0.8801548690571518,0.8903216853506958,0.13754608648158403,0.16450320515074382,3.2900641030148763,0.3984178942173158,0.6931524547803617,0.9050320102772744,/home/jbonnie1/interval_sketch/hammock_claude/experiments/maurano_dhs_validation/results/raw_d/hammock_mnmzr_p23_jaccD_k25_w100.csv
23,25,100,jaccard_similarity_with_ends,mode_B,400,0.8624329348712305,0.9034081319596289,0.2685005278103194,0.28437537586026373,5.687507517205275,0.4946784204929506,0.6931524547803617,0.9050320102772744,/home/jbonnie1/interval_sketch/hammock_claude/experiments/maurano_dhs_validation/results/raw_d/hammock_mnmzr_p23_jaccD_k25_w100.csv
23,25,200,jaccard_similarity_with_ends,bedtools,400,0.8595302584871818,0.8386615008982585,0.18212502503350939,0.20807772231057825,4.161554446211565,0.46237634358825097,0.5090439276485788,0.851941337741426,/home/jbonnie1/interval_sketch/hammock_claude/experiments/maurano_dhs_validation/results/raw_d/hammock_mnmzr_p23_jaccD_k25_w200.csv
23,25,200,jaccard_similarity_with_ends,mode_B,400,0.8402227648833115,0.8562066107333465,0.31307946636224476,0.33045624219713293,6.609124843942658,0.5571452312286668,0.5090439276485788,0.851941337741426,/home/jbonnie1/interval_sketch/hammock_claude/experiments/maurano_dhs_validation/results/raw_d/hammock_mnmzr_p23_jaccD_k25_w200.csv
24,5,5,jaccard_similarity_with_ends,bedtools,400,0.049091987250254515,-0.08424778276416263,0.6594893862095713,0.6846880926639461,13.693761853278923,0.864519,0.15306980656013458,0.6931433639913978,/home/jbonnie1/interval_sketch/hammock_claude/experiments/maurano_dhs_validation/results/raw_d/hammock_mnmzr_p24_jaccD_k5_w5.csv
24,5,5,jaccard_similarity_with_ends,mode_B,400,0.04683188702538019,-0.06704466730080946,0.528534944880836,0.5498737313637082,10.997474627274164,0.7173175811767578,0.15306980656013458,0.6931433639913978,/home/jbonnie1/interval_sketch/hammock_claude/experiments/maurano_dhs_validation/results/raw_d/hammock_mnmzr_p24_jaccD_k5_w5.csv
24,5,20,jaccard_similarity_with_ends,bedtools,400,0.6239944492639489,0.18268674316058667,0.15367090322508528,0.19311892450686488,3.8623784901372975,0.511118132032147,0.08915054667788058,0.6429193339871365,/home/jbonnie1/interval_sketch/hammock_claude/experiments/maurano_dhs_validation/results/raw_d/hammock_mnmzr_p24_jaccD_k5_w20.csv
24,5,20,jaccard_similarity_with_ends,mode_B,400,0.5993706968940796,0.1595330403646556,0.1150644827227288,0.1455934112335889,2.911868224671778,0.44165867167023726,0.08915054667788058,0.6429193339871365,/home/jbonnie1/interval_sketch/hammock_claude/experiments/maurano_dhs_validation/results/raw_d/hammock_mnmzr_p24_jaccD_k5_w20.csv
24,8,8,jaccard_similarity_with_ends,bedtools,400,0.8150939107672314,0.5306686869671863,0.6366774924309722,0.661322235712633,13.226444714252661,0.8369990502811481,0.15306980656013458,0.6931433639913978,/home/jbonnie1/interval_sketch/hammock_claude/experiments/maurano_dhs_validation/results/raw_d/hammock_mnmzr_p24_jaccD_k8_w8.csv
24,8,8,jaccard_similarity_with_ends,mode_B,400,0.8016967259578198,0.5176062439287843,0.5057230511022368,0.5265437775924798,10.530875551849595,0.6897976314579058,0.15306980656013458,0.6931433639913978,/home/jbonnie1/interval_sketch/hammock_claude/experiments/maurano_dhs_validation/results/raw_d/hammock_mnmzr_p24_jaccD_k8_w8.csv
24,8,10,jaccard_similarity_with_ends,bedtools,400,0.8006477354043325,0.5026265156942095,0.630407237427717,0.6548838312960563,13.097676625921126,0.82998525710618,0.15306980656013458,0.6931433639913978,/home/jbonnie1/interval_sketch/hammock_claude/experiments/maurano_dhs_validation/results/raw_d/hammock_mnmzr_p24_jaccD_k8_w10.csv
24,8,10,jaccard_similarity_with_ends,mode_B,400,0.7869883347758106,0.4891005036999253,0.4994527960989816,0.5201187451599426,10.40237490319885,0.6827838382829378,0.15306980656013458,0.6931433639913978,/home/jbonnie1/interval_sketch/hammock_claude/experiments/maurano_dhs_validation/results/raw_d/hammock_mnmzr_p24_jaccD_k8_w10.csv
24,8,20,jaccard_similarity_with_ends,bedtools,400,0.6452751751333585,0.3108604904979615,0.6122929311304519,0.6365835616084216,12.73167123216843,0.8152712926720892,0.08915054667788058,0.6429193339871365,/home/jbonnie1/interval_sketch/hammock_claude/experiments/maurano_dhs_validation/results/raw_d/hammock_mnmzr_p24_jaccD_k8_w20.csv
24,8,20,jaccard_similarity_with_ends,mode_B,400,0.6262623184341404,0.2920971994584194,0.48133848980171656,0.5019174346602893,10.038348693205785,0.668069873848847,0.08915054667788058,0.6429193339871365,/home/jbonnie1/interval_sketch/hammock_claude/experiments/maurano_dhs_validation/results/raw_d/hammock_mnmzr_p24_jaccD_k8_w20.csv
24,8,30,jaccard_similarity_with_ends,bedtools,400,0.5752373384085693,0.25005794611948523,0.5964364024897164,0.6206946183531775,12.413892367063552,0.8034915861387149,0.08915054667788058,0.6429193339871365,/home/jbonnie1/interval_sketch/hammock_claude/experiments/maurano_dhs_validation/results/raw_d/hammock_mnmzr_p24_jaccD_k8_w30.csv
24,8,30,jaccard_similarity_with_ends,mode_B,400,0.5545747224423321,0.2298604417407089,0.465481961160981,0.48614932547143164,9.722986509428633,0.6562901673154726,0.08915054667788058,0.6429193339871365,/home/jbonnie1/interval_sketch/hammock_claude/experiments/maurano_dhs_validation/results/raw_d/hammock_mnmzr_p24_jaccD_k8_w30.csv
24,8,50,jaccard_similarity_with_ends,bedtools,400,0.5145309166187959,0.19414912968304032,0.5655918343200799,0.5900392046387164,11.800784092774329,0.782166828362114,0.08915054667788058,0.6429193339871365,/home/jbonnie1/interval_sketch/hammock_claude/experiments/maurano_dhs_validation/results/raw_d/hammock_mnmzr_p24_jaccD_k8_w50.csv
24,8,50,jaccard_similarity_with_ends,mode_B,400,0.4925927186638144,0.17344755032311054,0.4346373929913445,0.4558240419190213,9.116480838380426,0.6349654095388718,0.08915054667788058,0.6429193339871365,/home/jbonnie1/interval_sketch/hammock_claude/experiments/maurano_dhs_validation/results/raw_d/hammock_mnmzr_p24_jaccD_k8_w50.csv
24,8,100,jaccard_similarity_with_ends,bedtools,400,0.5240520846033626,0.12517036909240248,0.4514063237822569,0.47816190191796126,9.563238038359225,0.6926918604642581,0.05719091673675358,0.6064575692400684,/home/jbonnie1/interval_sketch/hammock_claude/experiments/maurano_dhs_validation/results/raw_d/hammock_mnmzr_p24_jaccD_k8_w100.csv
24,8,100,jaccard_similarity_with_ends,mode_B,400,0.5031547883670372,0.10894545563652593,0.3204518824535216,0.3462654511553871,6.925309023107742,0.5454904416410159,0.05719091673675358,0.6064575692400684,/home/jbonnie1/interval_sketch/hammock_claude/experiments/maurano_dhs_validation/results/raw_d/hammock_mnmzr_p24_jaccD_k8_w100.csv
24,8,200,jaccard_similarity_with_ends,bedtools,400,0.7864575108590564,0.2507270456480401,0.17757969846689922,0.19846446231160406,3.9692892462320812,0.36292679221977014,0.08915054667788058,0.6704438645015228,/home/jbonnie1/interval_sketch/hammock_claude/experiments/maurano_dhs_validation/results/raw_d/hammock_mnmzr_p24_jaccD_k8_w200.csv
24,8,200,jaccard_similarity_with_ends,mode_B,400,0.7678851079349661,0.2546981363477817,0.0828041839617629,0.1023551928447704,2.0471038568954083,0.25028532259734065,0.08915054667788058,0.6704438645015228,/home/jbonnie1/interval_sketch/hammock_claude/experiments/maurano_dhs_validation/results/raw_d/hammock_mnmzr_p24_jaccD_k8_w200.csv
24,8,300,jaccard_similarity_with_ends,bedtools,400,0.8250894733288446,0.28051847712347205,0.07475722126587114,0.10406756451913159,2.081351290382632,0.3026580803199727,0.08915054667788058,0.6704438645015228,/home/jbonnie1/interval_sketch/hammock_claude/experiments/maurano_dhs_validation/results/raw_d/hammock_mnmzr_p24_jaccD_k8_w300.csv
24,8,300,jaccard_similarity_with_ends,mode_B,400,0.8043815229544096,0.2838474723115063,0.13265355882611216,0.1631534338344285,3.2630686766885697,0.39707066506625016,0.08915054667788058,0.6704438645015228,/home/jbonnie1/interval_sketch/hammock_claude/experiments/maurano_dhs_validation/results/raw_d/hammock_mnmzr_p24_jaccD_k8_w300.csv
24,8,500,jaccard_similarity_with_ends,bedtools,400,0.8284765021902418,0.3031418423490494,0.09849865246175903,0.1412930473459389,2.825860946918778,0.4112229770160746,0.025231286795626584,0.6202198344972616,/home/jbonnie1/interval_sketch/hammock_claude/experiments/maurano_dhs_validation/results/raw_d/hammock_mnmzr_p24_jaccD_k8_w500.csv
24,8,500,jaccard_similarity_with_ends,mode_B,400,0.8071329613425104,0.30786754529736293,0.22514215080115776,0.24773263698855466,4.954652739771093,0.5035622511448334,0.025231286795626584,0.6202198344972616,/home/jbonnie1/interval_sketch/hammock_claude/experiments/maurano_dhs_validation/results/raw_d/hammock_mnmzr_p24_jaccD_k8_w500.csv
24,10,10,jaccard_similarity_with_ends,bedtools,400,0.8401191442824265,0.4878523180323072,0.3927453362241244,0.4154676975566246,8.309353951132492,0.564236088191829,-0.006728343145500412,0.5837580697501935,/home/jbonnie1/interval_sketch/hammock_claude/experiments/maurano_dhs_validation/results/raw_d/hammock_mnmzr_p24_jaccD_k10_w10.csv
24,10,10,jaccard_similarity_with_ends,mode_B,400,0.8248179743184785,0.5085628987311862,0.2617908948953891,0.28240826151999293,5.648165230399859,0.41767674653098485,-0.006728343145500412,0.5837580697501935,/home/jbonnie1/interval_sketch/hammock_claude/experiments/maurano_dhs_validation/results/raw_d/hammock_mnmzr_p24_jaccD_k10_w10.csv
24,10,20,jaccard_similarity_with_ends,bedtools,400,0.8351878201122339,0.4546613808804059,0.36628299545297455,0.389315643637781,7.7863128727556195,0.5380359007440693,-0.006728343145500412,0.5837580697501935,/home/jbonnie1/interval_sketch/hammock_claude/experiments/maurano_dhs_validation/results/raw_d/hammock_mnmzr_p24_jaccD_k10_w20.csv
24,10,20,jaccard_similarity_with_ends,mode_B,400,0.8191860590107618,0.4733691636630948,0.23552863005746183,0.25689124181668316,5.137824836333663,0.39264112187444034,-0.006728343145500412,0.5837580697501935,/home/jbonnie1/interval_sketch/hammock_claude/experiments/maurano_dhs_validation/results/raw_d/hammock_mnmzr_p24_jaccD_k10_w20.csv
24,10,30,jaccard_similarity_with_ends,bedtools,400,0.8310605889868408,0.42523150318609887,0.3535719792397705,0.37688951646974045,7.5377903293948085,0.5264073192524378,-0.006728343145500412,0.5837580697501935,/home/jbonnie1/interval_sketch/hammock_claude/experiments/maurano_dhs_validation/results/raw_d/hammock_mnmzr_p24_jaccD_k10_w30.csv
24,10,30,jaccard_similarity_with_ends,mode_B,400,0.8144845946657171,0.442839622393831,0.22347544969773195,0.244877082861847,4.89754165723694,0.38101254038280885,-0.006728343145500412,0.5837580697501935,/home/jbonnie1/interval_sketch/hammock_claude/experiments/maurano_dhs_validation/results/raw_d/hammock_mnmzr_p24_jaccD_k10_w30.csv
24,10,50,jaccard_similarity_with_ends,bedtools,400,0.8278317571603929,0.39172401894781844,0.3396342121561744,0.36329553544378784,7.265910708875757,0.5119152113287608,-0.006728343145500412,0.5837580697501935,/home/jbonnie1/interval_sketch/hammock_claude/experiments/maurano_dhs_validation/results/raw_d/hammock_mnmzr_p24_jaccD_k10_w50.csv
24,10,50,jaccard_similarity_with_ends,mode_B,400,0.8105209159492877,0.40784691722893773,0.2111379530734488,0.23180938679291033,4.636187735858207,0.36632377139451755,-0.006728343145500412,0.5837580697501935,/home/jbonnie1/interval_sketch/hammock_claude/experiments/maurano_dhs_validation/results/raw_d/hammock_mnmzr_p24_jaccD_k10_w50.csv
24,10,100,jaccard_similarity_with_ends,bedtools,400,0.8288236283725265,0.3822726130511913,0.3154736813082758,0.33961709520936206,6.792341904187241,0.4918727117492391,-0.006728343145500412,0.5837580697501935,/home/jbonnie1/interval_sketch/hammock_claude/experiments/maurano_dhs_validation/results/raw_d/hammock_mnmzr_p24_jaccD_k10_w100.csv
24,10,100,jaccard_similarity_with_ends,mode_B,400,0.8103920454792827,0.3936833103924208,0.19067295039837381,0.20919424069994316,4.183884813998864,0.34467129292599685,-0.006728343145500412,0.5837580697501935,/home/jbonnie1/interval_sketch/hammock_claude/experiments/maurano_dhs_validation/results/raw_d/hammock_mnmzr_p24_jaccD_k10_w100.csv
24,10,200,jaccard_similarity_with_ends,bedtools,400,0.8343456268811215,0.4330311633855536,0.23989360438911334,0.2634028372676253,5.2680567453525065,0.4058098805308954,-0.006728343145500412,0.5837580697501935,/home/jbonnie1/interval_sketch/hammock_claude/experiments/maurano_dhs_validation/results/raw_d/hammock_mnmzr_p24_jaccD_k10_w200.csv
24,10,200,jaccard_similarity_with_ends,mode_B,400,0.8185539252628937,0.45724026448934274,0.1283877785882995,0.13945916657567836,2.7891833315135672,0.25860846170765317,-0.006728343145500412,0.5837580697501935,/home/jbonnie1/interval_sketch/hammock_claude/experiments/maurano_dhs_validation/results/raw_d/hammock_mnmzr_p24_jaccD_k10_w200.csv
24,10,300,jaccard_similarity_with_ends,bedtools,400,0.8331667826791043,0.4310253650230471,0.15256228282586534,0.1651767921303271,3.303535842606542,0.2854648888886338,0.05719091673675358,0.6339820997544546,/home/jbonnie1/interval_sketch/hammock_claude/experiments/maurano_dhs_validation/results/raw_d/hammock_mnmzr_p24_jaccD_k10_w300.csv
24,10,300,jaccard_similarity_with_ends,mode_B,400,0.8193493616994567,0.4603367250878568,0.0609333788624265,0.08711756027765859,1.7423512055531718,0.2532947285439599,0.05719091673675358,0.6339820997544546,/home/jbonnie1/interval_sketch/hammock_claude/experiments/maurano_dhs_validation/results/raw_d/hammock_mnmzr_p24_jaccD_k10_w300.csv
24,10,500,jaccard_similarity_with_ends,bedtools,400,0.8369844212511163,0.473886740652672,0.06622816715928377,0.10309582104651574,2.0619164209303147,0.3276309941815531,-0.006728343145500412,0.5837580697501935,/home/jbonnie1/interval_sketch/hammock_claude/experiments/maurano_dhs_validation/results/raw_d/hammock_mnmzr_p24_jaccD_k10_w500.csv
24,10,500,jaccard_similarity_with_ends,mode_B,400,0.8246026267361546,0.5026865246205373,0.15116418009556182,0.17780458365672658,3.5560916731345316,0.42389152045718786,-0.006728343145500412,0.5837580697501935,/home/jbonnie1/interval_sketch/hammock_claude/experiments/maurano_dhs_validation/results/raw_d/hammock_mnmzr_p24_jaccD_k10_w500.csv
24,15,20,jaccard_similarity_with_ends,bedtools,400,0.9599180578357486,0.9236311401320946,0.04836532397229814,0.05856078023507281,1.1712156047014561,0.15196030184121356,0.6931524547803617,0.9050320102772744,/home/jbonnie1/interval_sketch/hammock_claude/experiments/maurano_dhs_validation/results/raw_d/hammock_mnmzr_p24_jaccD_k15_w20.csv
24,15,20,jaccard_similarity_with_ends,mode_B,400,0.9523922262148238,0.9372276626148139,0.11090119641620372,0.12087762372572122,2.417552474514425,0.2482208281168483,0.6931524547803617,0.9050320102772744,/home/jbonnie1/interval_sketch/hammock_claude/experiments/maurano_dhs_validation/results/raw_d/hammock_mnmzr_p24_jaccD_k15_w20.csv
24,15,30,jaccard_similarity_with_ends,bedtools,400,0.9428845784648139,0.9128445356246742,0.039609785938880315,0.0668176663831901,1.3363533276638022,0.2213811891537773,0.6931524547803617,0.9050320102772744,/home/jbonnie1/interval_sketch/hammock_claude/experiments/maurano_dhs_validation/results/raw_d/hammock_mnmzr_p24_jaccD_k15_w30.csv
24,15,30,jaccard_similarity_with_ends,mode_B,400,0.9325076562373847,0.9268116132274675,0.155981908669225,0.1669652216102099,3.339304432204198,0.31764171542941205,0.6931524547803617,0.9050320102772744,/home/jbonnie1/interval_sketch/hammock_claude/experiments/maurano_dhs_validation/results/raw_d/hammock_mnmzr_p24_jaccD_k15_w30.csv
24,15,50,jaccard_similarity_with_ends,bedtools,400,0.9169616429819716,0.8952919246737951,0.08165400265870186,0.10976683206059401,2.19533664121188,0.3081921215532188,0.6931524547803617,0.9050320102772744,/home/jbonnie1/interval_sketch/hammock_claude/experiments/maurano_dhs_validation/results/raw_d/hammock_mnmzr_p24_jaccD_k15_w50.csv
24,15,50,jaccard_similarity_with_ends,mode_B,400,0.9032511270461898,0.9101501348325562,0.21232211170932314,0.2252197394128434,4.504394788256867,0.40445264782885354,0.6931524547803617,0.9050320102772744,/home/jbonnie1/interval_sketch/hammock_claude/experiments/maurano_dhs_validation/results/raw_d/hammock_mnmzr_p24_jaccD_k15_w50.csv
24,15,100,jaccard_similarity_with_ends,bedtools,400,0.8830886126402632,0.8625255506756629,0.14860794553174403,0.17366431870416416,3.473286374083283,0.4094606750821342,0.6931524547803617,0.9050320102772744,/home/jbonnie1/interval_sketch/hammock_claude/experiments/maurano_dhs_validation/results/raw_d/hammock_mnmzr_p24_jaccD_k15_w100.csv
24,15,100,jaccard_similarity_with_ends,mode_B,400,0.865897164347966,0.8796280946790834,0.2795623868604794,0.2950356788929771,5.900713577859541,0.505721201357769,0.6931524547803617,0.9050320102772744,/home/jbonnie1/interval_sketch/hammock_claude/experiments/maurano_dhs_validation/results/raw_d/hammock_mnmzr_p24_jaccD_k15_w100.csv
24,15,200,jaccard_similarity_with_ends,bedtools,400,0.8606093802530275,0.837818375483353,0.19780835830964533,0.2223730820769253,4.447461641538506,0.48146885770079667,0.6931524547803617,0.9050320102772744,/home/jbonnie1/interval_sketch/hammock_claude/experiments/maurano_dhs_validation/results/raw_d/hammock_mnmzr_p24_jaccD_k15_w200.csv
24,15,200,jaccard_similarity_with_ends,mode_B,400,0.8414143564411487,0.8574127901525351,0.3287627996383807,0.34596740084270466,6.9193480168540935,0.5753683884760026,0.6931524547803617,0.9050320102772744,/home/jbonnie1/interval_sketch/hammock_claude/experiments/maurano_dhs_validation/results/raw_d/hammock_mnmzr_p24_jaccD_k15_w200.csv
24,20,20,jaccard_similarity_with_ends,bedtools,400,0.9667443127902102,0.9667640561533527,0.03202833187673987,0.05429017280697945,1.085803456139589,0.18127864906705843,0.6931524547803617,0.9050320102772744,/home/jbonnie1/interval_sketch/hammock_claude/experiments/maurano_dhs_validation/results/raw_d/hammock_mnmzr_p24_jaccD_k20_w20.csv
24,20,20,jaccard_similarity_with_ends,mode_B,400,0.9581912021773834,0.9737175904915855,0.15633548494871413,0.16391565572055145,3.278313114411029,0.2775391753426932,0.6931524547803617,0.9050320102772744,/home/jbonnie1/interval_sketch/hammock_claude/experiments/maurano_dhs_validation/results/raw_d/hammock_mnmzr_p24_jaccD_k20_w20.csv
24,20,30,jaccard_similarity_with_ends,bedtools,400,0.9493919982373128,0.9601405709099227,0.06474013285684653,0.0867590122716973,1.735180245433946,0.2477142726504507,0.6931524547803617,0.9050320102772744,/home/jbonnie1/interval_sketch/hammock_claude/experiments/maurano_dhs_validation/results/raw_d/hammock_mnmzr_p24_jaccD_k20_w30.csv
24,20,30,jaccard_similarity_with_ends,mode_B,400,0.9382518725900125,0.9669335813702288,0.19563052836764763,0.20505885984796743,4.101177196959348,0.34397479892608546,0.6931524547803617,0.9050320102772744,/home/jbonnie1/interval_sketch/hammock_claude/experiments/maurano_dhs_validation/results/raw_d/hammock_mnmzr_p24_jaccD_k20_w30.csv
24,20,50,jaccard_similarity_with_ends,bedtools,400,0.9229063697409805,0.9475867035221488,0.11272806050798714,0.13370462933449972,2.6740925866899943,0.3296170712756654,0.6931524547803617,0.9050320102772744,/home/jbonnie1/interval_sketch/hammock_claude/experiments/maurano_dhs_validation/results/raw_d/hammock_mnmzr_p24_jaccD_k20_w50.csv
24,20,50,jaccard_similarity_with_ends,mode_B,400,0.9087008571418095,0.9549467983362524,0.2436825018367225,0.2556041454521883,5.112082909043766,0.42587759755130017,0.6931524547803617,0.9050320102772744,/home/jbonnie1/interval_sketch/hammock_claude/experiments/maurano_dhs_validation/results/raw_d/hammock_mnmzr_p24_jaccD_k20_w50.csv
24,20,100,jaccard_similarity_with_ends,bedtools,400,0.8877003633600813,0.9245087706796385,0.16864551250522603,0.19089870910633014,3.817974182126603,0.4230857479521763,0.6931524547803617,0.9050320102772744,/home/jbonnie1/interval_sketch/hammock_claude/experiments/maurano_dhs_validation/results/raw_d/hammock_mnmzr_p24_jaccD_k20_w100.csv
24,20,100,jaccard_similarity_with_ends,mode_B,400,0.8702357613390157,0.9340816946520794,0.2995999538339614,0.31454803568002443,6.290960713600489,0.519346274227811,0.6931524547803617,0.9050320102772744,/home/jbonnie1/interval_sketch/hammock_claude/experiments/maurano_dhs_validation/results/raw_d/hammock_mnmzr_p24_jaccD_k20_w100.csv
24,20,200,jaccard_similarity_with_ends,bedtools,400,0.8637509075095112,0.9003881827421828,0.209929641990295,0.23320947535798497,4.6641895071596995,0.48813243931994915,0.6931524547803617,0.9050320102772744,/home/jbonnie1/interval_sketch/hammock_claude/experiments/maurano_dhs_validation/results/raw_d/hammock_mnmzr_p24_jaccD_k20_w200.csv
24,20,200,jaccard_similarity_with_ends,mode_B,400,0.8444043729445472,0.9131775851657933,0.34088408331903036,0.35780818236258166,7.156163647251633,0.5833574378741069,0.6931524547803617,0.9050320102772744,/home/jbonnie1/interval_sketch/hammock_claude/experiments/maurano_dhs_validation/results/raw_d/hammock_mnmzr_p24_jaccD_k20_w200.csv
24,25,30,jaccard_similarity_with_ends,bedtools,400,0.9388486273282253,0.951346262756585,0.07532917809531216,0.09845349264055177,1.9690698528110353,0.27320101819863796,0.6931524547803617,0.9050320102772744,/home/jbonnie1/interval_sketch/hammock_claude/experiments/maurano_dhs_validation/results/raw_d/hammock_mnmzr_p24_jaccD_k25_w30.csv
24,25,30,jaccard_similarity_with_ends,mode_B,400,0.926561236343531,0.9589658961770563,0.2062448018601447,0.2167818129278036,4.335636258556073,0.3694615444742727,0.6931524547803617,0.9050320102772744,/home/jbonnie1/interval_sketch/hammock_claude/experiments/maurano_dhs_validation/results/raw_d/hammock_mnmzr_p24_jaccD_k25_w30.csv
24,25,50,jaccard_similarity_with_ends,bedtools,400,0.9117978810126484,0.9365495617473097,0.12211410849742824,0.14442245113416308,2.888449022683261,0.3516256028999512,0.6931524547803617,0.9050320102772744,/home/jbonnie1/interval_sketch/hammock_claude/experiments/maurano_dhs_validation/results/raw_d/hammock_mnmzr_p24_jaccD_k25_w50.csv
24,25,50,jaccard_similarity_with_ends,mode_B,400,0.8965950377463932,0.9451488408900823,0.2530685498261636,0.2660219733376927,5.320439466753853,0.44788612917558596,0.6931524547803617,0.9050320102772744,/home/jbonnie1/interval_sketch/hammock_claude/experiments/maurano_dhs_validation/results/raw_d/hammock_mnmzr_p24_jaccD_k25_w50.csv
24,25,100,jaccard_similarity_with_ends,bedtools,400,0.8789122687241994,0.911572346386525,0.17440376968187213,0.19771582606810834,3.9543165213621667,0.4366863444098344,0.6931524547803617,0.9050320102772744,/home/jbonnie1/interval_sketch/hammock_claude/experiments/maurano_dhs_validation/results/raw_d/hammock_mnmzr_p24_jaccD_k25_w100.csv
24,25,100,jaccard_similarity_with_ends,mode_B,400,0.8607776025719931,0.9223499495549962,0.30535821101060745,0.3210627917332472,6.421255834664944,0.5329468706854692,0.6931524547803617,0.9050320102772744,/home/jbonnie1/interval_sketch/hammock_claude/experiments/maurano_dhs_validation/results/raw_d/hammock_mnmzr_p24_jaccD_k25_w100.csv
24,25,200,jaccard_similarity_with_ends,bedtools,400,0.8580773094224619,0.8822849898922464,0.21268971820155505,0.2366656574401737,4.733313148803474,0.4975731616339746,0.6931524547803617,0.9050320102772744,/home/jbonnie1/interval_sketch/hammock_claude/experiments/maurano_dhs_validation/results/raw_d/hammock_mnmzr_p24_jaccD_k25_w200.csv
24,25,200,jaccard_similarity_with_ends,mode_B,400,0.8383472508762654,0.896538610118255,0.34364415953029037,0.36104214533756346,7.220842906751269,0.5901871461050994,0.6931524547803617,0.9050320102772744,/home/jbonnie1/interval_sketch/hammock_claude/experiments/maurano_dhs_validation/results/raw_d/hammock_mnmzr_p24_jaccD_k25_w200.csv
